{"type":"FeatureCollection","meta":{"layer":"zone_planned","title":"정비예정구역·정비계획 수립중","theme_code":"D316","source":"VWorld 국토정보플랫폼 SHP AL_D316_00_20260809.shp (정비예정구역/정비계획을수립중인지역)","source_crs":"EPSG:5186","collected_at":"2026-09-04T11:48:38+09:00","base_date":"2026-08-06","count":105,"count_source":105,"category_counts":{"정비예정구역":85,"정비계획을 수립 중인 지역":20},"sido_counts":{"경기도":68,"서울특별시":35,"충청남도":2}},"features":[{"type":"Feature","properties":{"layer":"zone_planned","id":"zone_planned_0001","name":"(2026년8월6일~2029년8월5일)","category":"정비계획을 수립 중인 지역","color":"#14b8a6","sido":"서울특별시","sigungu":"송파구","sgg_code":"11710","type_code":"UDJ200","mgmt_no":"32300001171020260097UDJ2000001001"},"geometry":{"type":"Polygon","coordinates":[[[127.10336480529965,37.516815408646885],[127.10430667689148,37.517181937783654],[127.10486168856458,37.51739787268689],[127.1047915631527,37.51690959431208],[127.10467144132916,37.51650262935404],[127.1044282083414,37.51598008368691],[127.10413879802682,37.51554226221332],[127.10336480529965,37.516815408646885]]]}},{"type":"Feature","properties":{"layer":"zone_planned","id":"zone_planned_0002","name":"정비예정구역 (경기도 41460)","category":"정비예정구역","color":"#0ea5e9","sido":"경기도","sgg_code":"41460","type_code":"UDJ100","mgmt_no":"40500004146020210138UDJ1000021000"},"geometry":{"type":"Polygon","coordinates":[[[127.11047056189472,37.230954896499625],[127.1105128964834,37.23059381995549],[127.10994366485687,37.230646855067434],[127.10938247189819,37.23054519863496],[127.1092789090304,37.23113529369631],[127.1090238369945,37.23112205497529],[127.10902320274442,37.23117535204541],[127.10893000977751,37.231205936797544],[127.10890751698867,37.23134848364228],[127.10900006977269,37.2316129899539],[127.11052662785357,37.23136529548509],[127.11054707743273,37.23134758024273],[127.1104299408553,37.23132458536944],[127.11036351777015,37.23134402779812],[127.11047056189472,37.230954896499625]]]}},{"type":"Feature","properties":{"layer":"zone_planned","id":"zone_planned_0003","name":"역촌역세권(역촌동) 장기전세주택 건립사업","category":"정비계획을 수립 중인 지역","color":"#14b8a6","sido":"서울특별시","sigungu":"은평구","sgg_code":"11380","type_code":"UDJ200","mgmt_no":"31100001138020250019UDJ2000001001"},"geometry":{"type":"Polygon","coordinates":[[[126.91821245922596,37.606124019160305],[126.91868159504493,37.6063679569199],[126.9190659620981,37.6066773530342],[126.9202902767232,37.60816374110902],[126.92065820392715,37.607981544929245],[126.92070344160483,37.60803986944327],[126.92078116506845,37.60800973974519],[126.92083866582198,37.60793382629226],[126.92092135819877,37.607916674037526],[126.92095103109507,37.60781082892151],[126.92104832150486,37.60780413793225],[126.92110230540678,37.607733447645316],[126.92090480476888,37.607556179856815],[126.92084231270012,37.607598122915284],[126.92077578658561,37.607537351236665],[126.92049411689868,37.60755004224308],[126.92037118528475,37.607286961141696],[126.9205197082911,37.60723985170921],[126.92048671491865,37.60716991285634],[126.92069983155913,37.6070220366463],[126.91967304147634,37.606106192516656],[126.91928606255568,37.606009428332385],[126.91909806801462,37.605907936700255],[126.91899966175845,37.60579911938439],[126.91890919245758,37.605518057752114],[126.91834023525341,37.60547574445224],[126.91830233699844,37.60543994874075],[126.91821245922596,37.606124019160305]]]}},{"type":"Feature","properties":{"layer":"zone_planned","id":"zone_planned_0004","name":"갈현동 12-248일대 행위제한","category":"정비예정구역","color":"#0ea5e9","subtype":"행위제한[건축물의 건축, 토지의 분할](자세한사항은 은평구 주거재생과로 문의)","sido":"서울특별시","sigungu":"은평구","sgg_code":"11380","type_code":"UDJ100","notice_date":"20220811","mgmt_no":"31100001138020220137UDJ1000001001"},"geometry":{"type":"Polygon","coordinates":[[[126.91351678426163,37.62949094236186],[126.91395822606886,37.6299012159874],[126.91440537897577,37.629596115235245],[126.91444283593182,37.629630650360355],[126.91482230097388,37.62937162814632],[126.91502543642366,37.629552873912175],[126.91694540721693,37.62823352102388],[126.91703625415617,37.62803843409758],[126.91628533954845,37.627611641004144],[126.91351678426163,37.62949094236186]]]}},{"type":"Feature","properties":{"layer":"zone_planned","id":"zone_planned_0005","name":"(행위제한[건축물의 건축, 토지의 분할](자세한사항은 은평구 정비사업신속추진단으로 문의)","category":"정비예정구역","color":"#0ea5e9","sido":"서울특별시","sigungu":"은평구","sgg_code":"11380","type_code":"UDJ100","mgmt_no":"31100001138020230088UDJ1000001001"},"geometry":{"type":"Polygon","coordinates":[[[126.91502543642366,37.629552873912175],[126.91529862155471,37.629798770688794],[126.91588035583851,37.629390240161634],[126.91620530218346,37.6297062415032],[126.91622745478597,37.62969159859692],[126.91649139258654,37.629506728087314],[126.91692350341192,37.62890873480942],[126.91703737407695,37.628670381392574],[126.91706633317673,37.62866695137391],[126.91714430112268,37.62814020488097],[126.91703625415617,37.62803843409758],[126.91694540721693,37.62823352102388],[126.91502543642366,37.629552873912175]]]}},{"type":"Feature","properties":{"layer":"zone_planned","id":"zone_planned_0006","name":"정비예정구역 (경기도 41460)","category":"정비예정구역","color":"#0ea5e9","sido":"경기도","sgg_code":"41460","type_code":"UDJ100","mgmt_no":"40500004146020210138UDJ1000022000"},"geometry":{"type":"Polygon","coordinates":[[[127.10764402853853,37.27883437164866],[127.1076259791513,37.278105542728476],[127.10749112633633,37.27810782600591],[127.1070620352128,37.27798765121552],[127.10705854263205,37.27782817158039],[127.10699089057589,37.27782904280631],[127.10699449187202,37.27798572914599],[127.10690795734604,37.2781109596273],[127.10670725640004,37.27811420165006],[127.10672482199696,37.27858281299933],[127.10693071211301,37.27858037725461],[127.10693630889774,37.2789552017281],[127.10727007816972,37.27896103104283],[127.10764402853853,37.27883437164866]]]}},{"type":"Feature","properties":{"layer":"zone_planned","id":"zone_planned_0007","name":"행위제한(건축물의 건축, 토지의 분할)(자세한 사항은 서대문구 신통개발과로 문의)","category":"정비예정구역","color":"#0ea5e9","sido":"서울특별시","sigungu":"서대문구","sgg_code":"11410","type_code":"UDJ100","notice_date":"20240619","mgmt_no":"31200001141020240085UDJ1000001001"},"geometry":{"type":"Polygon","coordinates":[[[126.96350906586527,37.55999193463957],[126.96376817521562,37.560402373407435],[126.96386369777552,37.56040494469888],[126.96385870310411,37.56043426130142],[126.96390177253168,37.560447925019986],[126.96390063769643,37.560544015177946],[126.96386488718478,37.56053786804491],[126.96385442722118,37.56065450679451],[126.96408678165497,37.56068658382592],[126.96402952535244,37.560818857928695],[126.96415697923565,37.56102033251254],[126.96430697013007,37.561058563805176],[126.96427680027148,37.56116387994313],[126.96431929529663,37.56117286719223],[126.96430797468528,37.56124617712377],[126.96443348383528,37.56126393006002],[126.96443138138375,37.56130411352156],[126.96449000211557,37.561318610817466],[126.96464630545444,37.56129573856413],[126.96473294068545,37.56082251193876],[126.9648917825769,37.56065187789285],[126.96494785806425,37.56063966884821],[126.96368310377753,37.55989824257958],[126.96356492821344,37.55990850296293],[126.96350906586527,37.55999193463957]]]}},{"type":"Feature","properties":{"layer":"zone_planned","id":"zone_planned_0008","name":"정비예정구역 (경기도 41460)","category":"정비예정구역","color":"#0ea5e9","sido":"경기도","sgg_code":"41460","type_code":"UDJ100","mgmt_no":"40500004146020210138UDJ1000023000"},"geometry":{"type":"Polygon","coordinates":[[[127.214640618008,37.231549580618605],[127.21450500472933,37.23233247544315],[127.21481167298656,37.23216061815035],[127.21524406858634,37.23201806927159],[127.21520295654553,37.23177713373679],[127.21507549904828,37.231781985962],[127.21505171203718,37.231530648171386],[127.21480699538738,37.23150814870285],[127.214640618008,37.231549580618605]]]}},{"type":"Feature","properties":{"layer":"zone_planned","id":"zone_planned_0009","name":"정비예정구역 (경기도 41460)","category":"정비예정구역","color":"#0ea5e9","sido":"경기도","sgg_code":"41460","type_code":"UDJ100","mgmt_no":"40500004146020210138UDJ1000024000"},"geometry":{"type":"Polygon","coordinates":[[[127.21443114766775,37.23235993673272],[127.21456482150863,37.231568305412246],[127.21427358630027,37.23164147066087],[127.2141827886971,37.23143868385833],[127.21401550545596,37.23153082696211],[127.21386083495656,37.2324198615137],[127.21410503755067,37.232475053519245],[127.21443114766775,37.23235993673272]]]}},{"type":"Feature","properties":{"layer":"zone_planned","id":"zone_planned_0010","name":"행위제한:건축물건축, 토지분할, 집합건축물대장으로 전환 및 전유부분 분할, 고시일로부터 3년 제한","category":"정비예정구역","color":"#0ea5e9","sido":"서울특별시","sigungu":"서대문구","sgg_code":"11410","type_code":"UDJ100","notice_date":"20250917","mgmt_no":"31200001141020250127UDJ1000001002"},"geometry":{"type":"Polygon","coordinates":[[[126.94951797984902,37.594305639195035],[126.94976920420486,37.594406344483744],[126.95022723950889,37.59445146747596],[126.95013461638588,37.5945829078038],[126.9498381141107,37.59468863497848],[126.9500067583134,37.59490693604997],[126.9506086984036,37.59505949955161],[126.95115464908802,37.594823153369376],[126.95122444751883,37.59470209086943],[126.95151612889997,37.5945385960781],[126.95207098339266,37.59331088744028],[126.9508514402396,37.59306377084438],[126.95021108214496,37.59362569042024],[126.94995935183552,37.59380175018039],[126.94952055071903,37.59425606817945],[126.94951797984902,37.594305639195035]]]}},{"type":"Feature","properties":{"layer":"zone_planned","id":"zone_planned_0011","name":"정비예정구역 (경기도 41460)","category":"정비예정구역","color":"#0ea5e9","sido":"경기도","sgg_code":"41460","type_code":"UDJ100","mgmt_no":"40500004146020210138UDJ1000002000"},"geometry":{"type":"Polygon","coordinates":[[[127.20896618857385,37.189357254215395],[127.20871314230367,37.189761260083],[127.20980873437784,37.18953537098627],[127.21043849303248,37.18923882890118],[127.2100162563745,37.189165593051285],[127.20990974188092,37.189102158962086],[127.20976909150095,37.189156849117225],[127.20975316714272,37.18907966675933],[127.2098292586794,37.18902384749286],[127.2097930589313,37.18896586625927],[127.2096069565529,37.18900109300379],[127.20962288858638,37.18877949786599],[127.20950282912713,37.188725187915935],[127.20938447297821,37.18886766306277],[127.20929101646688,37.18907104981397],[127.20913453172244,37.18926086985563],[127.20896618857385,37.189357254215395]]]}},{"type":"Feature","properties":{"layer":"zone_planned","id":"zone_planned_0012","name":"행위제한","category":"정비예정구역","color":"#0ea5e9","subtype":"행위제한(2025. 3. 10. ~ 2028. 3. 8. 또는 정비구역 지정 시까지)","sido":"서울특별시","sigungu":"마포구","sgg_code":"11440","type_code":"UDJ100","notice_date":"20250331","mgmt_no":"31300001144020250033UDJ1000001001"},"geometry":{"type":"Polygon","coordinates":[[[126.90179242504776,37.55660349182274],[126.90371812608387,37.557003520135936],[126.9037856118472,37.55680445730067],[126.90413590551424,37.55687700608648],[126.9042025988875,37.55667713146364],[126.90440218578684,37.55671757002494],[126.90443773810838,37.55661831019665],[126.90447292600483,37.55662545694027],[126.90461500909613,37.55621138865061],[126.90473386833708,37.55620799930364],[126.90542751490138,37.55409670849521],[126.90539825530317,37.55405659062202],[126.90360119300037,37.55368260876549],[126.90262385096378,37.55432271357853],[126.9025036334828,37.5544482018336],[126.90179242504776,37.55660349182274]]]}},{"type":"Feature","properties":{"layer":"zone_planned","id":"zone_planned_0013","name":"만안도서관 주변 재개발","category":"정비예정구역","color":"#0ea5e9","subtype":"행위제한지역","sido":"경기도","sgg_code":"41170","type_code":"UDJ100","mgmt_no":"38300004117020250106UDJ1000001003"},"geometry":{"type":"Polygon","coordinates":[[[126.92745555508529,37.38544690913189],[126.9281057951708,37.386165478399924],[126.92850795792009,37.38637945734553],[126.92991405403639,37.38468299176141],[126.92990012149653,37.384634229335234],[126.92842732392393,37.383854147466735],[126.92834333675808,37.38386752969067],[126.92809289478345,37.38416723273082],[126.92774795663165,37.384946658470724],[126.92745555508529,37.38544690913189]]]}},{"type":"Feature","properties":{"layer":"zone_planned","id":"zone_planned_0014","name":"행위제한: 고시일로부터 3년","category":"정비계획을 수립 중인 지역","color":"#14b8a6","sido":"서울특별시","sigungu":"마포구","sgg_code":"11440","type_code":"UDJ200","notice_date":"20231026","mgmt_no":"31300001144020230193UDJ2000193001"},"geometry":{"type":"Polygon","coordinates":[[[126.94922197555964,37.54963138150145],[126.94937429500061,37.54995457126047],[126.94953403755447,37.55055736857975],[126.9500708367353,37.551033588124334],[126.95040194473023,37.551420103792985],[126.95044989879713,37.55157792405926],[126.95077134955335,37.55152621062359],[126.95080987536954,37.5513700494377],[126.95073532267155,37.55131819241089],[126.95072804733447,37.55126631924324],[126.95056651383781,37.55108374496078],[126.95046116466038,37.55098876205597],[126.95033666277406,37.55093472979896],[126.95043671528472,37.55058237758035],[126.9503347441108,37.55043069665897],[126.95016531292376,37.55029988931766],[126.9501196622901,37.55020103075161],[126.95019153600525,37.5500151875806],[126.95042447519134,37.5496143836448],[126.95052844787148,37.54948446963855],[126.95068939573919,37.54942435282344],[126.95080807023011,37.54932394334161],[126.95087591752585,37.54919801390427],[126.95085572942021,37.54913088140797],[126.95052506952078,37.54896180324968],[126.94953803782761,37.54887082329186],[126.9494801929414,37.549109578481875],[126.94922197555964,37.54963138150145]]]}},{"type":"Feature","properties":{"layer":"zone_planned","id":"zone_planned_0015","name":"정비계획을 수립 중인 지역 (서울특별시 11710)","category":"정비계획을 수립 중인 지역","color":"#14b8a6","sido":"서울특별시","sigungu":"송파구","sgg_code":"11710","type_code":"UDJ200","notice_date":"20231012","mgmt_no":"32300001171020230129UDJ2000001005"},"geometry":{"type":"Polygon","coordinates":[[[127.12873519827116,37.512293406627784],[127.12875895378811,37.51242844038902],[127.12883727214285,37.512589904636165],[127.13107433299825,37.51593773581415],[127.13121277182013,37.51599668921378],[127.13151194301616,37.51644622750418],[127.13151616703644,37.51659903171766],[127.13278138040076,37.518492966609024],[127.13423581281755,37.5178429851086],[127.13477208699511,37.51866625149386],[127.13490478063794,37.518606996432204],[127.13593804547911,37.520152203104125],[127.14014592279966,37.518297506363965],[127.13993095695423,37.517966912974366],[127.14032699085179,37.517792195735986],[127.14004033248736,37.51735095440507],[127.13971740499629,37.516929846982165],[127.1395829507213,37.516950727111244],[127.13942871566815,37.5164876153776],[127.13846588012339,37.5167278598191],[127.13809826365696,37.51561258255135],[127.13864937588984,37.51550517604302],[127.13776627143326,37.51455042159178],[127.13508873681009,37.51246650239595],[127.13492752735112,37.51276662621451],[127.1338320738808,37.512444220480916],[127.13374532300078,37.51238151818029],[127.13382058770263,37.51215258085112],[127.13379484505778,37.51211440743711],[127.1340537353901,37.511340341573415],[127.1343222840185,37.511424283127674],[127.13420501815152,37.51118276766402],[127.1341065752207,37.51083977874279],[127.1339580000319,37.50996886193175],[127.13401634833937,37.50968624394896],[127.12907614549184,37.51172000526032],[127.12890254317543,37.51186245992746],[127.12881328064783,37.5119830193682],[127.12875536735032,37.51211471733097],[127.12873519827116,37.512293406627784]]]}},{"type":"Feature","properties":{"layer":"zone_planned","id":"zone_planned_0016","name":"극동아파트 재건축","category":"정비예정구역","color":"#0ea5e9","subtype":"행위제한지역","sido":"경기도","sgg_code":"41170","type_code":"UDJ100","mgmt_no":"38300004117020250106UDJ1000001016"},"geometry":{"type":"Polygon","coordinates":[[[126.90199773095664,37.400112093847824],[126.90328544607705,37.40054259365935],[126.90330039534963,37.400225323115464],[126.90359961298013,37.399445392432305],[126.90270250531823,37.39895562093709],[126.90199773095664,37.400112093847824]]]}},{"type":"Feature","properties":{"layer":"zone_planned","id":"zone_planned_0017","name":"불광역세권(녹번동) 도시정비형 재개발","category":"정비계획을 수립 중인 지역","color":"#14b8a6","sido":"서울특별시","sigungu":"은평구","sgg_code":"11380","type_code":"UDJ200","mgmt_no":"31100001138020250070UDJ2000001003"},"geometry":{"type":"Polygon","coordinates":[[[126.92634735446916,37.60624172513131],[126.92636122910271,37.60629642358702],[126.9264041563952,37.60629068462931],[126.92636553850515,37.60640310262215],[126.92665957455243,37.60681503832994],[126.92677707566,37.60709396675856],[126.92676206221856,37.607520401060256],[126.92667115930224,37.608025154634205],[126.92656507658504,37.60832943899869],[126.92640792628598,37.60862341956929],[126.92647955171158,37.60868680415429],[126.92658540363071,37.608500548363644],[126.92727730157453,37.60877101889951],[126.9273530090164,37.60863645080401],[126.9273926313394,37.60865278346779],[126.92745243533292,37.60853208944646],[126.92757605235971,37.608587667442144],[126.92761087294346,37.608535162010774],[126.92776370531442,37.608594812520096],[126.92782558109197,37.608669362370556],[126.92810192447918,37.60854795610736],[126.92808191458306,37.60851148993208],[126.92810424449003,37.60849204261612],[126.92805480996746,37.60843416881906],[126.92798742309145,37.608435748621254],[126.92793959376263,37.60847301946172],[126.928003305466,37.608178167791614],[126.9280110703919,37.608228447418774],[126.92817985588833,37.608188188433786],[126.9283022207898,37.60836575784295],[126.92852254629993,37.6081993928647],[126.92864135534661,37.60819180794202],[126.92858259420368,37.60800063733596],[126.92907477418635,37.607897408635516],[126.92910959489531,37.60800691733126],[126.9295172900542,37.6080311328781],[126.92951278369284,37.60807701713914],[126.92960410709638,37.608080226257826],[126.92960816101085,37.60810428494567],[126.9304941569293,37.60819771269578],[126.93053116237778,37.607988887345556],[126.93071948158926,37.608008731970436],[126.93065850479235,37.608368907950336],[126.93113143852825,37.60854659428766],[126.93142208346956,37.60850586269226],[126.93243785896196,37.60739122613774],[126.93238191363486,37.60739047259283],[126.93157667805134,37.60668669150787],[126.93144264541797,37.6065069561561],[126.93137129374925,37.606246259616164],[126.93130107716763,37.606152002149386],[126.93087376853326,37.60605283731882],[126.9302347189668,37.60574071320713],[126.92924532958517,37.60535926626072],[126.92877224624638,37.605139568388886],[126.92795309470564,37.60578087541367],[126.92696391532368,37.60609660759154],[126.92634735446916,37.60624172513131]]]}},{"type":"Feature","properties":{"layer":"zone_planned","id":"zone_planned_0018","name":"무림아파트 재건축","category":"정비예정구역","color":"#0ea5e9","subtype":"행위제한지역","sido":"경기도","sgg_code":"41170","type_code":"UDJ100","mgmt_no":"38300004117020250106UDJ1000001019"},"geometry":{"type":"Polygon","coordinates":[[[126.9086259305511,37.41570917533384],[126.9087454631238,37.41573958821459],[126.9094708775735,37.416121373064826],[126.90931368601692,37.416429027036564],[126.90964879133567,37.41653929234834],[126.9102016160312,37.415873611941024],[126.91019040719375,37.41582956184834],[126.90906691620421,37.41523608451508],[126.90901145249411,37.41524511432044],[126.9086259305511,37.41570917533384]]]}},{"type":"Feature","properties":{"layer":"zone_planned","id":"zone_planned_0019","name":"정비예정구역 (서울특별시 11740)","category":"정비예정구역","color":"#0ea5e9","sido":"서울특별시","sigungu":"강동구","sgg_code":"11740","type_code":"UDJ100","notice_date":"20180905","mgmt_no":"32400001174020180133UDJ1000001001"},"geometry":{"type":"Polygon","coordinates":[[[127.13107074393723,37.54215484626642],[127.13114211804941,37.542277681233905],[127.13129711131765,37.542184573712674],[127.13136510663996,37.54223798183758],[127.13144303398141,37.542126713752566],[127.1316882775158,37.54214474282791],[127.13169053249709,37.54216613889539],[127.13279837409793,37.54207665140586],[127.1328911764725,37.54213183305621],[127.13302773902905,37.54202181413048],[127.1331633930762,37.54196807200118],[127.13228990996926,37.54010498039084],[127.13189224701114,37.54024134372027],[127.13150609724111,37.54051880639938],[127.131900532397,37.54088631867161],[127.13180016395164,37.54095550848855],[127.13208354050825,37.54121005009041],[127.13202225878133,37.541216983385084],[127.1320765523626,37.541400869867275],[127.13200812171314,37.54150007261938],[127.13192730938542,37.54148076353227],[127.13184230892466,37.54161657376033],[127.13181936475186,37.541715798273565],[127.13170956309926,37.541852843092016],[127.13107074393723,37.54215484626642]]]}},{"type":"Feature","properties":{"layer":"zone_planned","id":"zone_planned_0020","name":"뉴골든아파트 재건축","category":"정비예정구역","color":"#0ea5e9","subtype":"행위제한지역","sido":"경기도","sgg_code":"41170","type_code":"UDJ100","mgmt_no":"38300004117020250106UDJ1000001018"},"geometry":{"type":"Polygon","coordinates":[[[126.90997095033117,37.38927921211193],[126.91015649658286,37.38971343778393],[126.91018641205986,37.390121224394825],[126.9102401643844,37.39012058112061],[126.91023791882445,37.39075265060765],[126.91006626787005,37.39121308993205],[126.91007017907728,37.39130277099326],[126.91009593923918,37.39131978405441],[126.91034158615763,37.391114046675554],[126.91041308372256,37.39101674708459],[126.91060589951167,37.39089784432209],[126.91067580610577,37.390780324563956],[126.91070822475389,37.390107804632976],[126.91056033372733,37.38935604593744],[126.91025435344017,37.38927724167444],[126.90997095033117,37.38927921211193]]]}},{"type":"Feature","properties":{"layer":"zone_planned","id":"zone_planned_0021","name":"정비예정구역 (경기도 41110)","category":"정비예정구역","color":"#0ea5e9","sido":"경기도","sgg_code":"41110","type_code":"UDJ100","mgmt_no":"37400004111020170150UDJ1000001001"},"geometry":{"type":"Polygon","coordinates":[[[126.99997782805924,37.26826847448382],[126.99926718413535,37.26947812867483],[126.99931570359597,37.2696556603407],[127.00042833571155,37.27029290504368],[127.00049194584452,37.27030635804508],[127.00113207465024,37.270189227386375],[127.00068353939136,37.269647766694455],[127.00122948862021,37.269360005962604],[127.00057003156437,37.26856760603283],[127.00034976924887,37.268493980569026],[127.00026328508251,37.26849997156913],[127.00025070527481,37.26837046577372],[126.99997782805924,37.26826847448382]]]}},{"type":"Feature","properties":{"layer":"zone_planned","id":"zone_planned_0022","name":"정비예정구역 (충청남도 44130)","category":"정비예정구역","color":"#0ea5e9","sido":"충청남도","sgg_code":"44130","type_code":"UDJ100","mgmt_no":"44900004413020200354UDJ1000041000"},"geometry":{"type":"Polygon","coordinates":[[[127.14327679253292,36.823651973287646],[127.14330462961944,36.82361283228291],[127.14295772138598,36.82221023002436],[127.1429111605954,36.82218514466106],[127.1402918544549,36.82260381886535],[127.1402581839305,36.822640803335325],[127.14060695622624,36.82404665519506],[127.14065362932011,36.8240716512107],[127.14327679253292,36.823651973287646]]]}},{"type":"Feature","properties":{"layer":"zone_planned","id":"zone_planned_0023","name":"박달신안아파트 재건축","category":"정비예정구역","color":"#0ea5e9","sido":"경기도","sgg_code":"41170","type_code":"UDJ100","mgmt_no":"38300004117020250106UDJ1000001020"},"geometry":{"type":"Polygon","coordinates":[[[126.89905713077584,37.40157271151882],[126.89962294603154,37.40164371372652],[126.89963264588675,37.401569920070344],[126.89995047927165,37.40163983281262],[126.89995120914193,37.40158439408029],[126.90005750344595,37.40157163687456],[126.90005395670566,37.40139600828059],[126.90008456930114,37.40139172769801],[126.90014176137208,37.401392398440194],[126.90014372695671,37.40156816983846],[126.9004011236483,37.40156436268246],[126.90067074053198,37.40150994645001],[126.90067639283475,37.40156501220474],[126.90109040948715,37.40148104768926],[126.90022645805203,37.401063078488576],[126.90030378131013,37.4007992648462],[126.90040701351795,37.40070263835586],[126.90033754125542,37.400545478198474],[126.90026342994763,37.40046205298228],[126.90009020961843,37.400449677783186],[126.89994196417801,37.400392462315054],[126.89938887558507,37.40037091123621],[126.8993272792162,37.4003789040758],[126.89922438876717,37.401112528516556],[126.89905713077584,37.40157271151882]]]}},{"type":"Feature","properties":{"layer":"zone_planned","id":"zone_planned_0024","name":"행위제한 구역(도시및주거환경정비법 제19조제7항) 문의-도시개발과","category":"정비계획을 수립 중인 지역","color":"#14b8a6","sido":"서울특별시","sigungu":"종로구","sgg_code":"11110","type_code":"UDJ200","mgmt_no":"30000001111020260011UDJ2000001001"},"geometry":{"type":"Polygon","coordinates":[[[126.9603183840157,37.57355468653133],[126.96072075367537,37.5739265736454],[126.96074828916056,37.57391712279072],[126.96118389392502,37.57427687446862],[126.96151614136569,37.5744621944539],[126.961492028636,37.574484981258436],[126.96181797193191,37.57475655876585],[126.96174863114229,37.574999720877805],[126.96181324424813,37.57519651821927],[126.96196354645733,37.57542532029215],[126.96194304546887,37.575724783505514],[126.96197378342055,37.57636077350147],[126.96200592966187,37.57645350483169],[126.96215151402453,37.57663992261365],[126.96221192760224,37.57662534675573],[126.96225288261631,37.57660828668249],[126.96262706819758,37.57595599687059],[126.9627635301454,37.57600898374335],[126.96280420016137,37.57592926874612],[126.962957813219,37.575980891517425],[126.9629305785551,37.57606458431181],[126.96309727619405,37.57612035571683],[126.9631262635531,37.57599605597013],[126.96310862077993,37.575940963885074],[126.96338226128272,37.57550905633327],[126.96346719484838,37.57522469616705],[126.96352823690316,37.574660986168915],[126.96357899651737,37.574460028279205],[126.96353922887428,37.574192656529654],[126.96354871694997,37.574032932552186],[126.96397058790336,37.57361416242055],[126.96400738823903,37.573525787255974],[126.96411195857614,37.573465120913596],[126.96446594731184,37.57302694720169],[126.96460853905043,37.57294547051993],[126.9649683275928,37.57290495692875],[126.96524944825805,37.57280607915858],[126.96534212538563,37.57268624922353],[126.96545663194625,37.572438467630064],[126.96557448999215,37.572022490566575],[126.96504808765728,37.57174387889497],[126.9650150320245,37.57195689820076],[126.9646675401439,37.57239036350409],[126.96463474908805,37.57238545189189],[126.96433950594897,37.57259036098385],[126.96418533725482,37.57248467154316],[126.96404044550371,37.572435602903475],[126.96387731541256,37.5726835568372],[126.96374225190156,37.572606533323075],[126.96349299522295,37.57257213468917],[126.96347043148593,37.572645395726],[126.96350706665973,37.572659489962035],[126.96337771797555,37.57285298937301],[126.96316874224095,37.57282994649483],[126.96293999753584,37.57274999942731],[126.96299726976682,37.572630285896395],[126.96296493241806,37.57260165096691],[126.96196648864584,37.57262326875242],[126.96203438109204,37.57269510018346],[126.96220659728841,37.572638161183],[126.96218281872649,37.572672787223276],[126.962058291065,37.57271192060453],[126.96223644765226,37.572875365090525],[126.96241556978487,37.57318544533144],[126.96264101505511,37.57314647099044],[126.96263332652705,37.57356458067974],[126.96259387156752,37.573682588014435],[126.96243269941813,37.57378700424973],[126.96147114876631,37.57392457810645],[126.9613611807641,37.57336493749698],[126.96126395147995,37.57341109800947],[126.96114577879032,37.573229076218354],[126.96109878597954,37.57323605180145],[126.96105163047008,37.57308343540426],[126.9609443267059,37.57300426484686],[126.9603183840157,37.57355468653133]]]}},{"type":"Feature","properties":{"layer":"zone_planned","id":"zone_planned_0025","name":"건축물의 건축등 행위제한\r\n","category":"정비예정구역","color":"#0ea5e9","sido":"서울특별시","sigungu":"중구","sgg_code":"11140","type_code":"UDJ100","mgmt_no":"30100001114020220086UDJ1000001002"},"geometry":{"type":"Polygon","coordinates":[[[126.9615588611011,37.55861602926952],[126.96174703838493,37.55881234637178],[126.9617469691615,37.55885741385071],[126.96194008882854,37.55893401781062],[126.96234228159753,37.5590119073424],[126.96270860652932,37.55905114027504],[126.96271640722831,37.559024023051144],[126.96401196388042,37.55900416040948],[126.96404974568267,37.559043275354455],[126.9641597584195,37.55903556170223],[126.96412197872485,37.55899212204288],[126.96412643052054,37.5589163502242],[126.9642338620188,37.55886439709352],[126.96428269127422,37.558764492748764],[126.96426521070326,37.55841274085827],[126.96431806275099,37.55818823087826],[126.964105069857,37.55795102307427],[126.96421435827489,37.55780383591819],[126.96420972620928,37.55756047710062],[126.96405037157903,37.55734112570847],[126.96401887387346,37.557185064259336],[126.96394722964172,37.55719387118586],[126.96396417642022,37.55725262111861],[126.9637598768821,37.55728904605635],[126.96377795219801,37.55735392310693],[126.96371343067473,37.55737687770876],[126.96370495276844,37.55735660272179],[126.96364213272658,37.55737189941559],[126.96364778009392,37.55739442597391],[126.96316222411694,37.55746004150649],[126.96304447949426,37.557541993277106],[126.96303177973037,37.558028974133],[126.96305489242305,37.55820107070903],[126.96285675887921,37.558126223851474],[126.96284049872331,37.558054139345025],[126.96207864097168,37.55846158518738],[126.96157159633896,37.55841996921069],[126.96160779709024,37.55844971411267],[126.9615588611011,37.55861602926952]]]}},{"type":"Feature","properties":{"layer":"zone_planned","id":"zone_planned_0026","name":"건축물의 건축등 행위제한\r\n","category":"정비예정구역","color":"#0ea5e9","sido":"서울특별시","sigungu":"중구","sgg_code":"11140","type_code":"UDJ100","mgmt_no":"30100001114020220086UDJ1000001001"},"geometry":{"type":"Polygon","coordinates":[[[127.01024650891571,37.56428943871482],[127.01027416006798,37.5643849504976],[127.01032420304635,37.564414418121615],[127.01035369400678,37.564369447564495],[127.01067295097613,37.56422313868945],[127.0107650191983,37.564247142869014],[127.01097339138605,37.56422523233708],[127.01099514913761,37.56425253055595],[127.01124450405305,37.56421701131693],[127.01134059886022,37.56447678548212],[127.01135015514419,37.56467474995288],[127.01177304094718,37.564748613084646],[127.0121745258531,37.56475604673013],[127.01218459013884,37.56469071512289],[127.01249453701406,37.564671585753835],[127.01350103481343,37.564737079884196],[127.01347752687934,37.56488432185634],[127.01368553416418,37.56490934809289],[127.01367851158678,37.56473931421149],[127.01399217047144,37.56465034488589],[127.01411850682295,37.56477135228833],[127.01422343564792,37.56473358060347],[127.0142250284469,37.56478179234287],[127.01437981197004,37.56478709141789],[127.01437321165824,37.56490990591835],[127.01463732205211,37.564912399637144],[127.01462535502388,37.56482959108699],[127.01477426099937,37.56481632992808],[127.01476274874429,37.56468180458181],[127.0146971820736,37.564501596133084],[127.01462770691063,37.564428344464076],[127.01445120590192,37.5639773379016],[127.014968971236,37.563594089453254],[127.0148272270547,37.56345046985026],[127.01478390957504,37.56344056384588],[127.01476093481783,37.56338622777778],[127.01457385084164,37.563378139710885],[127.01423982319643,37.56285880103187],[127.01418735452297,37.56281123444889],[127.01414553485102,37.562821059709805],[127.01394913765462,37.56240607594567],[127.0137658926373,37.562464190876376],[127.0125139202709,37.56317038322189],[127.01129019577864,37.56377344168861],[127.01126125209805,37.563756018954045],[127.0111950254623,37.56347731246934],[127.01106951931503,37.56324448910619],[127.01086096676767,37.5633408305292],[127.01084911193671,37.56330533249905],[127.01074511034358,37.563333541628396],[127.01043721946404,37.563276703869164],[127.01032188788228,37.563784834276895],[127.0103018826191,37.56431674358133],[127.01024650891571,37.56428943871482]]]}},{"type":"Feature","properties":{"layer":"zone_planned","id":"zone_planned_0027","name":"관양초등학교 주변 재개발","category":"정비예정구역","color":"#0ea5e9","sido":"경기도","sgg_code":"41170","type_code":"UDJ100","mgmt_no":"38300004117020250106UDJ1000001001"},"geometry":{"type":"Polygon","coordinates":[[[126.95837561568219,37.40616321259593],[126.96045918424277,37.407979135088986],[126.96126485768333,37.407980313090476],[126.96258528882572,37.40767927627803],[126.96288158664645,37.40717985189169],[126.96291747296654,37.407021015024014],[126.96285852735548,37.40699441588581],[126.96278501636641,37.4070459477944],[126.96193916307845,37.406276635079514],[126.96188280371165,37.40627373296171],[126.96027387855207,37.4074012420398],[126.95868607743789,37.406019163352724],[126.9586303872907,37.406011853972856],[126.95838478988858,37.40611879599647],[126.95837561568219,37.40616321259593]]]}},{"type":"Feature","properties":{"layer":"zone_planned","id":"zone_planned_0028","name":"행위허가제한","category":"정비계획을 수립 중인 지역","color":"#14b8a6","sido":"서울특별시","sigungu":"용산구","sgg_code":"11170","type_code":"UDJ200","mgmt_no":"30200001117020260068UDJ2000005022"},"geometry":{"type":"Polygon","coordinates":[[[126.98862487967689,37.53882436259734],[126.98931256508044,37.53924889335524],[126.98945117877717,37.53913238220979],[126.98995154747651,37.538869765855765],[126.99005999448127,37.53867899120307],[126.99009477806439,37.53866477690607],[126.99061922651515,37.538661465764996],[126.99060563496266,37.538912192783954],[126.9908529739019,37.53892178392187],[126.99088052718054,37.5386696255546],[126.99101949041382,37.53869818144147],[126.99109244306959,37.53873126334975],[126.99099387515852,37.53893081549941],[126.99104345001088,37.53897634707113],[126.99091390255606,37.53909042822279],[126.99093127549466,37.53913675882816],[126.99133032180268,37.539160886470754],[126.99147232135432,37.539252376426234],[126.99179100040428,37.539356152413994],[126.99198172341326,37.53935181617351],[126.99205561464542,37.53930813298039],[126.99204802384044,37.539475789093515],[126.99208954312407,37.5395245541395],[126.9920260471225,37.539859051585886],[126.99229683273869,37.539969318495935],[126.99247305478126,37.539844751874014],[126.9929618338557,37.53975733795117],[126.99315253599357,37.5396445112933],[126.99355038151953,37.53928863768143],[126.9936654576035,37.53913726059061],[126.99379596782376,37.539083245671065],[126.99386583188658,37.53901793725369],[126.99414131695531,37.53897118424745],[126.9941938557705,37.53892602074979],[126.99423381124211,37.53877779188794],[126.99419112693609,37.53871496301959],[126.99420043030985,37.53857175078817],[126.99394790679192,37.5383697142568],[126.99288106642462,37.53840010362527],[126.9919303057487,37.53778571528984],[126.99171216964632,37.53771787964054],[126.9911939164779,37.537396072860744],[126.99069518920062,37.537203296794324],[126.990628375783,37.53721277810942],[126.9905619893594,37.53747438430101],[126.99068805248146,37.53749745233879],[126.99066177493664,37.5376114165284],[126.99053481820471,37.53758546520242],[126.99050563272061,37.53769829383395],[126.99043122354108,37.537805991569606],[126.99017435823531,37.53796714580245],[126.98988953638317,37.53803611613928],[126.98975022717997,37.537987682981644],[126.98939443549318,37.5380120999421],[126.98882432285698,37.53796588217531],[126.98871165154259,37.53823357302057],[126.98862487967689,37.53882436259734]]]}},{"type":"Feature","properties":{"layer":"zone_planned","id":"zone_planned_0029","name":"행위허가제한","category":"정비계획을 수립 중인 지역","color":"#14b8a6","sido":"서울특별시","sigungu":"용산구","sgg_code":"11170","type_code":"UDJ200","mgmt_no":"30200001117020260050UDJ2000004017"},"geometry":{"type":"Polygon","coordinates":[[[126.95467772110125,37.53425243694176],[126.95476789643784,37.534266645297166],[126.9547594295675,37.53436361586458],[126.95507782780804,37.534403205002434],[126.95522141677938,37.5344545369095],[126.95521387441832,37.53453937148836],[126.95515122683203,37.53463319437791],[126.95504606197875,37.53461548456456],[126.95501193572242,37.53463845547188],[126.95517919854545,37.53477421081344],[126.95487882640637,37.534963832759956],[126.95488985379444,37.535115492303895],[126.95551888474421,37.535157103576076],[126.95632529458467,37.53365159366588],[126.95591121777976,37.533647668341544],[126.95588147795331,37.533603075694984],[126.95532425626831,37.533582748891845],[126.95480436880447,37.53345689185131],[126.95479261875639,37.53381141913588],[126.95472664829666,37.533936090513215],[126.95477535331409,37.5339569677978],[126.9547028566646,37.53409629573873],[126.95467772110125,37.53425243694176]]]}},{"type":"Feature","properties":{"layer":"zone_planned","id":"zone_planned_0030","name":"2026년2월12일~2029년2월11일","category":"정비계획을 수립 중인 지역","color":"#14b8a6","sido":"서울특별시","sigungu":"송파구","sgg_code":"11710","type_code":"UDJ200","mgmt_no":"32300001171020260028UDJ2000001001"},"geometry":{"type":"MultiPolygon","coordinates":[[[[127.12772269117016,37.5096902523408],[127.12865874956233,37.51116670282323],[127.1306647478875,37.51035543183206],[127.13021226011581,37.509655400754944],[127.12989926696405,37.50970007036599],[127.12982386884097,37.50959230297638],[127.12966667040112,37.50966716624165],[127.12895112365491,37.50976741035274],[127.1286269795172,37.50990678337465],[127.12828840599038,37.50940637321786],[127.12773935790588,37.50964716688949],[127.12772269117016,37.5096902523408]]],[[[127.12756593365746,37.508077995733395],[127.12804498162508,37.50885423305022],[127.12809827629945,37.508868231506035],[127.12947321098908,37.50830426686428],[127.12949043089876,37.50826135174696],[127.12898265134692,37.507475897986815],[127.12756593365746,37.508077995733395]]],[[[127.12163005164746,37.50792965932991],[127.1226136758563,37.50946278258434],[127.1229361333422,37.50939361543187],[127.12291481463025,37.509289572208594],[127.12324317904078,37.509236796288725],[127.1238317244434,37.50921204164607],[127.12398400938784,37.50938046037471],[127.12462531584939,37.50911327892104],[127.1236367780623,37.5075717080579],[127.12358291993193,37.50755788836661],[127.12308538355255,37.50776139606719],[127.12302120677404,37.507661451417896],[127.12294333194382,37.507693066388114],[127.12284037443985,37.507670647244986],[127.12264630159632,37.507395051186755],[127.12245892483037,37.507693833610574],[127.12258070619171,37.507746777597504],[127.12251730849208,37.507778737848135],[127.12255957923529,37.507830952373254],[127.12250990079548,37.507954169562716],[127.12229165557464,37.508048592133086],[127.12209368713152,37.50774114891999],[127.12163005164746,37.50792965932991]]]]}},{"type":"Feature","properties":{"layer":"zone_planned","id":"zone_planned_0031","name":"정비계획 수립중인 지역/건축물의 건축 토지분할 행위제한(기간: 고시일로부터 3년)","category":"정비예정구역","color":"#0ea5e9","sido":"서울특별시","sigungu":"중랑구","sgg_code":"11260","type_code":"UDJ100","notice_date":"20250109","mgmt_no":"30600001126020250002UDJ1000001001"},"geometry":{"type":"MultiPolygon","coordinates":[[[[127.09113503944711,37.578305652147854],[127.09190094732838,37.57906928492291],[127.09217418528561,37.57889086031796],[127.09239426098124,37.57892778472375],[127.09225584294772,37.579358013053294],[127.09220603408127,37.579369746127966],[127.09240788017757,37.57957067301751],[127.0926221056697,37.57940365424614],[127.09280764357271,37.579561498861956],[127.0930895270553,37.57938966969745],[127.09400584921255,37.578593528607996],[127.09450455375982,37.578322994103345],[127.09481532395735,37.578109737702384],[127.09472748604529,37.578045485661484],[127.09409265571514,37.57776975171977],[127.09376247599357,37.577171115384935],[127.09353580165201,37.57726952684904],[127.09326838300639,37.57707184227881],[127.0927328892347,37.577489819472426],[127.09197955457617,37.577222013229054],[127.09205814307329,37.5774755807126],[127.09199950145322,37.57756827412044],[127.09194539727562,37.57762188823547],[127.09173679668264,37.577672133673424],[127.09113503944711,37.578305652147854]]],[[[127.07622783744908,37.584522829904074],[127.07623932896955,37.58456819626487],[127.07679403430066,37.58486172732362],[127.07964288191165,37.58477899488331],[127.0795744656069,37.583131281534854],[127.0793419076986,37.58313792217135],[127.07933535074856,37.582983866932786],[127.07812955624112,37.58299820643257],[127.07774856370004,37.58279397433393],[127.07768734943319,37.58280551042554],[127.07622783744908,37.584522829904074]],[[127.07781219579233,37.58469696818667],[127.0777867176,37.5842042987007],[127.07786358891985,37.58420205060687],[127.07786121847022,37.5841535520834],[127.07818034103974,37.584143533543305],[127.0781971253196,37.584491285066974],[127.07787754810836,37.584501015631155],[127.07788727801345,37.58469395539595],[127.07781219579233,37.58469696818667]]]]}},{"type":"Feature","properties":{"layer":"zone_planned","id":"zone_planned_0032","name":"정비계획을 수립 중인 지역 (서울특별시 11710)","category":"정비계획을 수립 중인 지역","color":"#14b8a6","sido":"서울특별시","sigungu":"송파구","sgg_code":"11710","type_code":"UDJ200","notice_date":"20231012","mgmt_no":"32300001171020230129UDJ2000001006"},"geometry":{"type":"Polygon","coordinates":[[[127.10993287409988,37.48901766037891],[127.11061589247532,37.48921642297448],[127.11093712951224,37.48851758055859],[127.11240420800904,37.4889615771341],[127.1118170888263,37.49023541982714],[127.11184204893412,37.490292429813216],[127.11392123238015,37.49095720987591],[127.11490360203618,37.49123918509688],[127.11520373793614,37.490589906578116],[127.11883080526265,37.49164585536471],[127.11965951832669,37.49035433855987],[127.12052807510395,37.48866553366318],[127.11269861866278,37.48596646565305],[127.11216581612422,37.48594714379863],[127.10993287409988,37.48901766037891]]]}},{"type":"Feature","properties":{"layer":"zone_planned","id":"zone_planned_0033","name":"정비계획을 수립 중인 지역 (서울특별시 11710)","category":"정비계획을 수립 중인 지역","color":"#14b8a6","sido":"서울특별시","sigungu":"송파구","sgg_code":"11710","type_code":"UDJ200","notice_date":"20231012","mgmt_no":"32300001171020230129UDJ2000001007"},"geometry":{"type":"Polygon","coordinates":[[[127.115761811492,37.52663358201855],[127.1163446901487,37.52747085125516],[127.11655205263709,37.527379189563675],[127.11662178167468,37.5274794923728],[127.11669009976842,37.527449287521335],[127.11690848260413,37.527762872583615],[127.11733601781086,37.52757492121421],[127.116918739051,37.52689334017379],[127.11762374191186,37.52658211258119],[127.11743671902343,37.526276048336285],[127.11773839791202,37.526159145192715],[127.11770864902327,37.52611053878979],[127.11740711732217,37.52622742369392],[127.11725389354964,37.52597655692385],[127.115761811492,37.52663358201855]]]}},{"type":"Feature","properties":{"layer":"zone_planned","id":"zone_planned_0034","name":"\r\n","category":"정비계획을 수립 중인 지역","color":"#14b8a6","sido":"서울특별시","sigungu":"송파구","sgg_code":"11710","type_code":"UDJ200","notice_date":"20231012","mgmt_no":"32300001171020230129UDJ2000001003"},"geometry":{"type":"Polygon","coordinates":[[[127.07411914134592,37.50962759947447],[127.07415019931395,37.509580728532306],[127.07423715922792,37.50956382638607],[127.07529788107935,37.509720302542995],[127.07543348648585,37.50971472168708],[127.07560104310691,37.50965145682774],[127.07613445026232,37.50920927210842],[127.0762372293634,37.50917803264086],[127.07746785706404,37.50936096114744],[127.0778724520978,37.509719927869],[127.07856979037727,37.50987361764963],[127.07925373167674,37.50694341474255],[127.07917050362049,37.50673750144959],[127.07704839238944,37.50511720768283],[127.07706784162903,37.50523735230997],[127.07602606798234,37.50610648565795],[127.07498185392576,37.5059525194411],[127.07411914134592,37.50962759947447]]]}},{"type":"Feature","properties":{"layer":"zone_planned","id":"zone_planned_0035","name":"정비예정구역 입안(면목)","category":"정비예정구역","color":"#0ea5e9","subtype":"정비계획 입안 제안된 지역/건축물의 건축, 토지분할 행위제한(자세한 사항은 주택개발추진단으로 문의)","sido":"서울특별시","sigungu":"중랑구","sgg_code":"11260","type_code":"UDJ100","notice_date":"20230908","mgmt_no":"30600001126020230083UDJ1000001010"},"geometry":{"type":"Polygon","coordinates":[[[127.08389429869054,37.585622950000186],[127.08399127367494,37.586026559763575],[127.08429890775744,37.58646285378601],[127.08471350707484,37.587613715013426],[127.08611640677826,37.5879337389322],[127.08601065696571,37.58715163349332],[127.08732459316722,37.58703526953755],[127.08736507825733,37.58700355245546],[127.08757167371168,37.58571735372084],[127.08753278048414,37.5856854241161],[127.08583153637211,37.585831295628196],[127.08564555265505,37.58447314771872],[127.08560306325704,37.58444356259582],[127.08412452359704,37.584574150171115],[127.084084693517,37.584604433129876],[127.08389429869054,37.585622950000186]]]}},{"type":"Feature","properties":{"layer":"zone_planned","id":"zone_planned_0036","name":"정비예정구역 입안(사가정)","category":"정비예정구역","color":"#0ea5e9","subtype":"정비계획 입안 제안된 지역/건축물의 건축, 토지분할 행위제한(자세한 사항은 주택개발추진단으로 문의)","sido":"서울특별시","sigungu":"중랑구","sgg_code":"11260","type_code":"UDJ100","notice_date":"20230908","mgmt_no":"30600001126020230083UDJ1000001011"},"geometry":{"type":"Polygon","coordinates":[[[127.08422511482,37.5812259985152],[127.08439701758864,37.58200453707845],[127.08434564595696,37.582539794789604],[127.084865971607,37.582496343431046],[127.08493256889597,37.58298809949881],[127.08432919279474,37.583037718119805],[127.08429636686105,37.58307396977965],[127.08437473401251,37.583482854207084],[127.08426507069312,37.583878698091596],[127.08430400839829,37.58391200726076],[127.08551286167818,37.58380676514113],[127.08554960838501,37.58377388905298],[127.08549349565718,37.583347654635375],[127.0877474773028,37.583153921585925],[127.08778583330961,37.58312361143253],[127.08793359471396,37.582285919931614],[127.08794001934888,37.58182049294159],[127.08789445120374,37.58179092890323],[127.08661248876346,37.58189742844207],[127.08655653617338,37.58147670831431],[127.08651320885902,37.58144580866723],[127.08524865692858,37.58155757866142],[127.08519101770085,37.58114007557475],[127.0851474584303,37.581113671509165],[127.08425742805532,37.58118751277795],[127.08422511482,37.5812259985152]]]}},{"type":"Feature","properties":{"layer":"zone_planned","id":"zone_planned_0037","name":"금곡7구역","category":"정비예정구역","color":"#0ea5e9","sido":"경기도","sgg_code":"41360","type_code":"UDJ100","mgmt_no":"39900004136020220185UDJ1000010000"},"geometry":{"type":"Polygon","coordinates":[[[127.21411633212125,37.635949183205774],[127.21418022126568,37.635520716892366],[127.21414919646507,37.63549112167145],[127.21180109193813,37.63527203166446],[127.21176547966375,37.63541529631996],[127.21184032164874,37.63562445075136],[127.21216818794676,37.63573880344273],[127.21243158367916,37.635890679015034],[127.21225054369803,37.63613282452841],[127.21245660702819,37.63624220425284],[127.2126965177152,37.63623745944473],[127.2133807739664,37.636146324402596],[127.21393018746227,37.636027993483324],[127.21411633212125,37.635949183205774]]]}},{"type":"Feature","properties":{"layer":"zone_planned","id":"zone_planned_0038","name":"구산역세권(역촌동)","category":"정비계획을 수립 중인 지역","color":"#14b8a6","sido":"서울특별시","sigungu":"은평구","sgg_code":"11380","type_code":"UDJ200","mgmt_no":"31100001138020240046UDJ2000001001"},"geometry":{"type":"Polygon","coordinates":[[[126.91673771635494,37.60891914847314],[126.91679942559405,37.60893135603967],[126.91762112317512,37.6097994081754],[126.91775631887043,37.609826533653674],[126.91897411237724,37.60903813173537],[126.9192294596329,37.60855997883013],[126.9193849433257,37.608365294867625],[126.92007434299407,37.60823251740762],[126.91895567528637,37.60686540099281],[126.91831058793177,37.606979552875785],[126.91809790661375,37.60697687999052],[126.91799436165118,37.60761506240112],[126.91745720957111,37.60862206885672],[126.91736142911483,37.608694619728794],[126.91673771635494,37.60891914847314]]]}},{"type":"Feature","properties":{"layer":"zone_planned","id":"zone_planned_0039","name":"행위제한[건축물의 건축, 토지의 분할](자세한 사항은 은평구 정비사업신속추진단으로 문의)","category":"정비예정구역","color":"#0ea5e9","sido":"서울특별시","sigungu":"은평구","sgg_code":"11380","type_code":"UDJ100","mgmt_no":"31100001138020230088UDJ1000001002"},"geometry":{"type":"Polygon","coordinates":[[[126.91444283593182,37.629630650360355],[126.91484178815809,37.629389184515354],[126.91482230097388,37.62937162814632],[126.91444283593182,37.629630650360355]]]}},{"type":"Feature","properties":{"layer":"zone_planned","id":"zone_planned_0040","name":"구산역세권(대조)","category":"정비계획을 수립 중인 지역","color":"#14b8a6","sido":"서울특별시","sigungu":"은평구","sgg_code":"11380","type_code":"UDJ200","mgmt_no":"31100001138020240046UDJ2000156002"},"geometry":{"type":"Polygon","coordinates":[[[126.91760531334128,37.61207716808838],[126.9176630457968,37.6124057969781],[126.91769831097237,37.61236861150625],[126.91817273962977,37.61231812316087],[126.91839826411527,37.61367805192838],[126.91844659808481,37.61370349362555],[126.91916124455314,37.613626239846205],[126.91893784260967,37.61223947377191],[126.91976880217614,37.61215184623558],[126.91985415812367,37.612292728699195],[126.9200339216164,37.61227231058164],[126.92023895952866,37.61348427161538],[126.9202076635142,37.613517496257806],[126.92032547627349,37.61350767558862],[126.92137021606669,37.61397897211999],[126.92166437546213,37.613557323205406],[126.92179208490232,37.613178186612835],[126.92187811661164,37.61300868005339],[126.92196907530716,37.61299810982243],[126.92196736331205,37.612914713853584],[126.9220324758512,37.612808586106155],[126.92197399469357,37.612526539590924],[126.92179761471544,37.61202970961407],[126.9217598648319,37.61163820772549],[126.92180649072665,37.611141528189066],[126.9217041890279,37.611064425135545],[126.92167639832489,37.61099854459443],[126.92148524569156,37.61002454419616],[126.92131896688872,37.60972710738577],[126.92111535763433,37.609495776955704],[126.92098299332532,37.60957308103094],[126.92091512340214,37.609496451256],[126.92080102378631,37.609545116382954],[126.9207360100816,37.60944569362175],[126.92043309490346,37.609617753586846],[126.9205430428437,37.609742615032744],[126.91996988269834,37.61003413842483],[126.9194996767526,37.610317081188256],[126.91933289631775,37.6101733487054],[126.91908583186971,37.61032553237627],[126.91942569156552,37.61065291565523],[126.9192302972208,37.61078089914413],[126.91918289167994,37.610736627891065],[126.91909448445872,37.610797742822086],[126.91906495633786,37.61076898088728],[126.91876830264566,37.610964826820314],[126.91884723691521,37.61104141150234],[126.91860896719237,37.611194915743624],[126.91863317883616,37.6112177275795],[126.91852217556425,37.61128927758868],[126.91862713201257,37.611390225227616],[126.91802812494416,37.611452367131804],[126.91814117426149,37.61212556117445],[126.9177054424863,37.612170130407115],[126.91768902116493,37.61206821776467],[126.91760531334128,37.61207716808838]]]}},{"type":"Feature","properties":{"layer":"zone_planned","id":"zone_planned_0041","name":"정비계획을 수립 중인 지역 (서울특별시 11380)","category":"정비계획을 수립 중인 지역","color":"#14b8a6","sido":"서울특별시","sigungu":"은평구","sgg_code":"11380","type_code":"UDJ200","mgmt_no":"61100001138020250734UDJ2000001001"},"geometry":{"type":"Polygon","coordinates":[[[126.90117868084882,37.59254775458601],[126.90122624440485,37.59271087313656],[126.9013107693538,37.592837803486475],[126.90145838536237,37.59294820916464],[126.90240433399583,37.59258230670772],[126.9028153769478,37.59247903795524],[126.90471155436747,37.59246359770911],[126.90471020390171,37.59234356748712],[126.90448985965139,37.59234518853743],[126.90448944100717,37.59223157408428],[126.90433974968172,37.59223451428851],[126.90426190865661,37.592118880931594],[126.90418676396473,37.59230658410504],[126.9038264964097,37.59214056846217],[126.90376555899331,37.59215646543414],[126.9037645031938,37.59209799068322],[126.90347699184032,37.592031349693166],[126.90347868398457,37.59194981202403],[126.9035959141698,37.591660332986066],[126.90343307861184,37.59159399346329],[126.90350462605699,37.59133554246987],[126.90390109120726,37.591030707597376],[126.90367353666154,37.590834645183186],[126.90323285033416,37.59067075039694],[126.90311879466567,37.59095716842267],[126.90279995956767,37.59086410081433],[126.9024862319122,37.591659650475194],[126.90205974857321,37.591550371905214],[126.9021997671643,37.59161700046089],[126.90196162633583,37.59189015847832],[126.90158446698646,37.59205832382522],[126.90138398037539,37.592197626276224],[126.90120276879797,37.59240118493709],[126.90117868084882,37.59254775458601]]]}},{"type":"Feature","properties":{"layer":"zone_planned","id":"zone_planned_0042","name":"정비예정구역 (경기도 41460)","category":"정비예정구역","color":"#0ea5e9","sido":"경기도","sgg_code":"41460","type_code":"UDJ100","mgmt_no":"40500004146020210138UDJ1000012000"},"geometry":{"type":"Polygon","coordinates":[[[127.09027680135223,37.32743934488809],[127.09064181233938,37.32725454059052],[127.09183933466404,37.326272145885724],[127.09054214986615,37.32550410393722],[127.08990881551992,37.32614565821342],[127.08979463693642,37.32634108571331],[127.08975375304466,37.3264996966362],[127.0897675784224,37.32713013358638],[127.09027680135223,37.32743934488809]]]}},{"type":"Feature","properties":{"layer":"zone_planned","id":"zone_planned_0043","name":"녹번동 35-78 일대","category":"정비계획을 수립 중인 지역","color":"#14b8a6","sido":"서울특별시","sigungu":"은평구","sgg_code":"11380","type_code":"UDJ200","mgmt_no":"31100001138020250612UDJ2000001001"},"geometry":{"type":"Polygon","coordinates":[[[126.93311639354323,37.60377738474585],[126.9340404329924,37.60392697522125],[126.93466357615955,37.60398120860171],[126.93470379810887,37.60370598118892],[126.9346682071211,37.60374163994773],[126.93448918882456,37.60371613070501],[126.93458931570669,37.603443369978145],[126.93434337441819,37.6034133176308],[126.93436032445669,37.603328184412774],[126.93430679911899,37.60328427608677],[126.93452234541373,37.60311186044579],[126.93471490347163,37.603064577899964],[126.934807717467,37.603078604638895],[126.93492865268846,37.60237823990132],[126.9346122688414,37.602395639151865],[126.93450842342529,37.60235902736535],[126.93395820266906,37.602326854941396],[126.93395700194624,37.602352279989944],[126.93376173630742,37.6023148223151],[126.93374113819951,37.602338839700934],[126.93318208402737,37.602381953722],[126.93337472039602,37.6029802095529],[126.9334992281105,37.60324633256125],[126.9336269209479,37.603236044781184],[126.93356941328472,37.603337822732136],[126.93349897350622,37.603339403926974],[126.9333463096388,37.60359825826546],[126.93327630168713,37.60362272453582],[126.93311639354323,37.60377738474585]]]}},{"type":"Feature","properties":{"layer":"zone_planned","id":"zone_planned_0044","name":"새절2역세권 도시정비형재개발사업","category":"정비계획을 수립 중인 지역","color":"#14b8a6","sido":"서울특별시","sigungu":"은평구","sgg_code":"11380","type_code":"UDJ200","mgmt_no":"31100001138020250070UDJ2000001002"},"geometry":{"type":"Polygon","coordinates":[[[126.90878577644378,37.590371206147815],[126.90881054796222,37.59048249719478],[126.90918608114232,37.59110703862844],[126.90925462934722,37.59102370611838],[126.91053750073341,37.5905437563579],[126.91068668494674,37.590489271586065],[126.91089265131886,37.59048159133051],[126.91100372669038,37.590387073179286],[126.91091621215396,37.590006340056334],[126.9116589928431,37.58951325834725],[126.9117081211687,37.589522305582754],[126.91163435651823,37.58938043444594],[126.91155206892091,37.589076559707806],[126.91150770854041,37.58905733491488],[126.91149598744022,37.58900299659561],[126.91113677171603,37.58907173753431],[126.9109033006731,37.589168954992516],[126.9106354079444,37.589360208294],[126.91044241460644,37.589595396746674],[126.91036565651164,37.589514699370476],[126.91037360354615,37.589571467541404],[126.91009030980217,37.58983653437917],[126.90942125445557,37.590232321355735],[126.90908753604108,37.59035963992556],[126.90878577644378,37.590371206147815]]]}},{"type":"Feature","properties":{"layer":"zone_planned","id":"zone_planned_0045","name":"정비예정구역 (경기도 41460)","category":"정비예정구역","color":"#0ea5e9","sido":"경기도","sgg_code":"41460","type_code":"UDJ100","mgmt_no":"40500004146020210138UDJ1000013000"},"geometry":{"type":"Polygon","coordinates":[[[127.09027680135223,37.32743934488809],[127.09137945050175,37.32807391539008],[127.09143575040176,37.32807180026132],[127.092370217277,37.32741973549829],[127.09191853354632,37.32711454387429],[127.09221167873986,37.326845633870334],[127.0916473769867,37.3264296112524],[127.09064181233938,37.32725454059052],[127.09027680135223,37.32743934488809]]]}},{"type":"Feature","properties":{"layer":"zone_planned","id":"zone_planned_0046","name":"역촌역세권(녹번동) 도시정비형 재개발","category":"정비계획을 수립 중인 지역","color":"#14b8a6","sido":"서울특별시","sigungu":"은평구","sgg_code":"11380","type_code":"UDJ200","mgmt_no":"31100001138020250070UDJ2000001004"},"geometry":{"type":"Polygon","coordinates":[[[126.9233724495558,37.605985715885225],[126.923856586134,37.60609712655772],[126.92358794047435,37.606516816182314],[126.9242379986283,37.606796890458355],[126.92399298223167,37.60714577923575],[126.92422694901838,37.607264051436],[126.92424442207465,37.60723270870277],[126.92440403130081,37.60730480156234],[126.9244146135216,37.60726744475128],[126.92504926406029,37.607595427693035],[126.92513262178323,37.60748006587926],[126.92551717555855,37.60768235935492],[126.92550679976145,37.607706544038905],[126.9256869070109,37.60778135130464],[126.92560678469209,37.608012203449846],[126.92579914005488,37.608115867859105],[126.926070048766,37.60833065524434],[126.92609404781426,37.60834103187563],[126.92616834094353,37.60822926747896],[126.92656507658504,37.60832943899869],[126.92667115930224,37.608025154634205],[126.92676206221856,37.607520401060256],[126.92677707566,37.60709396675856],[126.92665957455243,37.60681503832994],[126.9263655271893,37.60640309360513],[126.9264041563952,37.60629068462931],[126.92636119511884,37.6062964325752],[126.92634735446916,37.60624172513131],[126.92696391532368,37.60609660759154],[126.92795309470564,37.60578087541367],[126.92877225757114,37.60513956839587],[126.9285509633347,37.60493940468727],[126.92783742709233,37.604088415914966],[126.9268312915152,37.602820731635674],[126.92660689960499,37.60253705015527],[126.92665510967046,37.60245572199901],[126.9266249041821,37.602425249617866],[126.92626258013381,37.602820100091634],[126.92665903031292,37.60306361754124],[126.92703691214098,37.603499013217636],[126.92689576706596,37.6036880583327],[126.9267339646933,37.60422836525906],[126.92674517641092,37.604556149792685],[126.9268556911958,37.604921478036495],[126.92643584464275,37.604960044035046],[126.92637088577925,37.60480260106529],[126.9262140429397,37.60483190015406],[126.92601720473856,37.60481273664087],[126.92607164132912,37.604959811781235],[126.92569925737227,37.60509760365029],[126.92531270320302,37.60451529302186],[126.9252687032898,37.60452988754942],[126.92520246592994,37.60440731112246],[126.9249499619399,37.6042619092041],[126.92399183256165,37.605307234217854],[126.92415470137537,37.6053988808937],[126.92386556937281,37.60573511780457],[126.9237927823931,37.605813365250974],[126.92375135770327,37.60579000252262],[126.92360532263837,37.60595379487859],[126.92343265391487,37.6059195335385],[126.9233724495558,37.605985715885225]]]}},{"type":"Feature","properties":{"layer":"zone_planned","id":"zone_planned_0047","name":"응암동 675 일대 재개발사업","category":"정비계획을 수립 중인 지역","color":"#14b8a6","sido":"서울특별시","sigungu":"은평구","sgg_code":"11380","type_code":"UDJ200","mgmt_no":"31100001138020250070UDJ2000001001"},"geometry":{"type":"Polygon","coordinates":[[[126.91917716885368,37.588698215275855],[126.91988713778031,37.589677808552416],[126.91993886055486,37.58969676498867],[126.9199879262181,37.589660489204114],[126.9200536984913,37.58970172763526],[126.92078740128984,37.58945164983398],[126.920904367754,37.58934090864548],[126.92081100569402,37.58887746836293],[126.92071524053408,37.58864810220135],[126.9206099831409,37.588506845771406],[126.92058125240902,37.58837663375622],[126.92065492523334,37.58814719437431],[126.92081128482093,37.58793731782449],[126.92117209058736,37.58780851587627],[126.92129239553496,37.58780177724368],[126.92183005794796,37.58787914861847],[126.9218720076025,37.58793125386307],[126.92192943257501,37.58791093033392],[126.9223733936337,37.58799952536139],[126.92237181078563,37.58805086242447],[126.92256714445811,37.58805825517023],[126.92273136870016,37.58598867589155],[126.9226314358017,37.585951578655504],[126.91970290605504,37.58827519001228],[126.91983086117315,37.588231148386186],[126.91997776211109,37.58839108467771],[126.92003981287189,37.58838653250106],[126.92013319135994,37.588517960517],[126.92002191233529,37.58856316724345],[126.92005248217922,37.58860493998427],[126.91993580518435,37.588657837314145],[126.91998454957309,37.58870787565275],[126.91968992330995,37.588830205722715],[126.91969859908012,37.58884824945307],[126.91944063609391,37.58892692456014],[126.91923813261756,37.58865284814841],[126.91917716885368,37.588698215275855]]]}},{"type":"Feature","properties":{"layer":"zone_planned","id":"zone_planned_0048","name":"대흥아파트 주변 재개발","category":"정비예정구역","color":"#0ea5e9","subtype":"행위제한지역","sido":"경기도","sgg_code":"41170","type_code":"UDJ100","mgmt_no":"38300004117020250106UDJ1000001002"},"geometry":{"type":"Polygon","coordinates":[[[126.90624245192214,37.405947443535865],[126.90625122166163,37.40602375737989],[126.90708175299834,37.40662981407602],[126.90727915383312,37.40674602200196],[126.90735946567105,37.406741580915664],[126.90728863000784,37.40685441237545],[126.90764412491048,37.40692625355564],[126.90774791261728,37.40689062876955],[126.90846463165849,37.40570010104992],[126.90843903438277,37.40565730081099],[126.90683128834408,37.405060589959355],[126.90678768233927,37.40506767303753],[126.90624245192214,37.405947443535865]]]}},{"type":"Feature","properties":{"layer":"zone_planned","id":"zone_planned_0049","name":"행위제한","category":"정비예정구역","color":"#0ea5e9","subtype":"행위제한 건축물의 건축, 토지의 분할 자세한 사항은 서대문구 도시계획과로 문의 도시 및 주거환경정비법","sido":"서울특별시","sigungu":"서대문구","sgg_code":"11410","type_code":"UDJ100","notice_date":"20230419","mgmt_no":"31200001141020230044UDJ1000001001"},"geometry":{"type":"Polygon","coordinates":[[[126.94005459293226,37.58672748551696],[126.94015340234554,37.58677956882337],[126.94027531383445,37.58701893381796],[126.94027007770549,37.58716365635721],[126.94039770219962,37.587188364452764],[126.94044718018492,37.58725686493631],[126.94076187174315,37.587388363936114],[126.94079320185273,37.587553242322784],[126.94069009587591,37.587561757605805],[126.94066003850243,37.587530495948215],[126.9405346703269,37.58757040795835],[126.94051502120281,37.58763236756372],[126.94062579735318,37.58770112487578],[126.94062107486825,37.58779983436942],[126.94071666359316,37.58780485708171],[126.94072020342628,37.58776800861372],[126.940811268929,37.587766055294786],[126.94078133165667,37.58758681593234],[126.94081926515521,37.58752556845383],[126.9407776542926,37.587388885619795],[126.94112387415994,37.587218101322925],[126.9412643398549,37.587409362162774],[126.9415186744001,37.58749977042474],[126.94149131328602,37.58759300847804],[126.94155919798406,37.587652778294036],[126.94165117234687,37.587604351975],[126.94176599699476,37.58772288969958],[126.94184076702332,37.587809602292616],[126.94173801134862,37.58788946767841],[126.94219071931691,37.588113861164146],[126.94232775915818,37.58806158272696],[126.94233580012758,37.58820178003554],[126.9423524786971,37.588157640128344],[126.94248679677126,37.58811094625015],[126.9425678609173,37.588257937424984],[126.94267137926012,37.58821555268047],[126.94270552968973,37.58826971890204],[126.94267166111867,37.588288983102785],[126.94288631884127,37.58844788853131],[126.94322838466738,37.588159517479156],[126.94372948082652,37.58830783174323],[126.94403925364009,37.588576755832925],[126.94402328738812,37.588638069096675],[126.94420298548992,37.58850199963092],[126.94413262077578,37.58849804615962],[126.94381497926699,37.5882288031203],[126.94323326736715,37.58803971590422],[126.9432123262001,37.58798994415584],[126.94395727537717,37.58734833081661],[126.9440505873371,37.587398416998624],[126.94432063976681,37.58771145129923],[126.9444465790076,37.587514412742316],[126.94453038334655,37.587531635017584],[126.94469282053778,37.58736904045055],[126.94461368651099,37.58731488014834],[126.94478021681142,37.5872033823001],[126.94483905240794,37.58719515754028],[126.94491306115765,37.587244594072374],[126.94502310449016,37.587193975380956],[126.94506669800751,37.587249127522284],[126.94538542694673,37.586915050030086],[126.94540306779116,37.586702344801104],[126.94528441902749,37.586469266505546],[126.94526256781737,37.58607792210918],[126.94541821362283,37.58602738783122],[126.94558587728903,37.58610559183721],[126.94562860140171,37.5860966923177],[126.94574771534651,37.58594969882476],[126.94561793396205,37.58593312237536],[126.9455936285676,37.58568745718251],[126.94580881572966,37.58562039947573],[126.9454617232213,37.58546919395542],[126.9450573640145,37.58536644206493],[126.94457155481466,37.58519253473611],[126.94456134658752,37.585231884859034],[126.94452656276391,37.58522150673723],[126.94449544255966,37.58530626543616],[126.94449119980123,37.585495407272475],[126.94451071757511,37.586120277129716],[126.94461466736485,37.586130454360244],[126.94457369979924,37.586419398631044],[126.94449924092149,37.58641225391438],[126.94442470351198,37.586567250433085],[126.94396833637583,37.58651091545804],[126.9439583894836,37.58593082919692],[126.94366059512149,37.58566183857037],[126.94357959800598,37.58554607627046],[126.94338257404029,37.58575254833923],[126.94326266538343,37.585954895600636],[126.94316194912594,37.58579151521689],[126.9431099611339,37.58577463206747],[126.94288706841222,37.5861064355858],[126.9426887218634,37.586046988996024],[126.94262870931911,37.58621348820024],[126.9422521103545,37.58616898025396],[126.94226794758943,37.58611447858896],[126.94239164691396,37.58609035816481],[126.9423669470562,37.58601314936233],[126.9422368220144,37.5859738732017],[126.9420743688614,37.586167881778955],[126.94199355840142,37.58614713641378],[126.94191894084507,37.58611245587631],[126.94150130646929,37.58572269422946],[126.94107683507043,37.58588281702158],[126.94032783221253,37.58590401875253],[126.94030569043619,37.58636953740248],[126.94027248378227,37.586341238248785],[126.94005459293226,37.58672748551696]]]}},{"type":"Feature","properties":{"layer":"zone_planned","id":"zone_planned_0050","name":"행위제한(건축물의 건축, 토지의 분할)(자세한 사항은 서대문구 도시계획과로 문의)","category":"정비예정구역","color":"#0ea5e9","sido":"서울특별시","sigungu":"서대문구","sgg_code":"11410","type_code":"UDJ100","notice_date":"20240131","mgmt_no":"31200001141020240016UDJ1000001001"},"geometry":{"type":"Polygon","coordinates":[[[126.94590876738557,37.58869110339439],[126.9465461391585,37.58888166293864],[126.94695765589083,37.588685024684104],[126.947383048325,37.588649145099986],[126.94751043752565,37.588551834002054],[126.94779122832875,37.58850603893126],[126.94819194976982,37.58856316289398],[126.94839659115691,37.58833593663747],[126.94855939833663,37.58802526003497],[126.94856840673519,37.58793507546569],[126.94871339454632,37.58768394575428],[126.94915190775373,37.58718841904228],[126.94930880852789,37.58705892686254],[126.94926049775502,37.587009891886765],[126.94925951499062,37.58695808479836],[126.9493556773726,37.58690289693293],[126.94938674413528,37.58683912089821],[126.94926864194021,37.5866968932002],[126.94927365294924,37.58665490950206],[126.94918436815108,37.58658990890983],[126.94924803185349,37.586540833416365],[126.94921125810436,37.58650856185178],[126.94935831192942,37.58637239793526],[126.94941477219966,37.58626178186519],[126.94925982612736,37.586189093949585],[126.94930798116404,37.58613613731634],[126.94920170399386,37.586085635080025],[126.94931026571795,37.58594512941755],[126.94907622401634,37.585810688745674],[126.9487163393156,37.5854384213127],[126.94828969054778,37.58518229575198],[126.9468792224916,37.58655292413258],[126.94735303061005,37.58676177465272],[126.94719261881305,37.587060494685765],[126.94680620783105,37.5876040337668],[126.94670266914584,37.58769394910058],[126.94590876738557,37.58869110339439]]]}},{"type":"Feature","properties":{"layer":"zone_planned","id":"zone_planned_0051","name":"행위제한: 2025. 12. 24.~2028. 12. 23. 또는 정비구역 지정 시까지","category":"정비계획을 수립 중인 지역","color":"#14b8a6","sido":"서울특별시","sigungu":"마포구","sgg_code":"11440","type_code":"UDJ200","notice_date":"20260102","mgmt_no":"31300001144020260005UDJ2000005001"},"geometry":{"type":"Polygon","coordinates":[[[126.94334645148265,37.549297347894694],[126.943988303913,37.55003028514362],[126.94495161140149,37.550243915965815],[126.94501350726169,37.55008583070281],[126.9449829156236,37.549745610884585],[126.94512162122611,37.54954936929069],[126.94557868881508,37.54951880884151],[126.9458549788376,37.54954730259814],[126.94582208482448,37.549452529861945],[126.9458824553856,37.54942488888576],[126.9456991928005,37.549190004131944],[126.94561536512668,37.54900354942157],[126.94564074207295,37.54896535940948],[126.94588215147068,37.54892024364049],[126.94596772455824,37.54873783322272],[126.94595989742001,37.5486108798869],[126.9461345070782,37.548457162714726],[126.94627814903885,37.54825018221703],[126.94645379961092,37.54821773846998],[126.9465175770943,37.5481257769871],[126.9466203264423,37.54812735648375],[126.94662911801481,37.548020773305794],[126.94665016466861,37.54802258506917],[126.9466480514266,37.54812673867561],[126.94681572969766,37.548163486812044],[126.9468659191864,37.54808269113634],[126.94693595351691,37.54809984236165],[126.94689800373254,37.548155686271635],[126.9469946274547,37.54817780520929],[126.94703107027553,37.54817115469479],[126.94703993279438,37.548121784463824],[126.94717004095554,37.548159505849256],[126.94730398451644,37.5480578455067],[126.94742569037399,37.54804089060387],[126.94733025144755,37.54741382897896],[126.94705380242793,37.546945096179726],[126.94672365970949,37.54655814782229],[126.94632709883803,37.54616792392536],[126.94633481769476,37.54610454277738],[126.94600427766447,37.54624815907466],[126.94607002139767,37.54629583439392],[126.94601225088734,37.54637626579645],[126.94593773870545,37.54634197505291],[126.94589429745058,37.54643288266161],[126.9457810969118,37.54633696379067],[126.94518674473066,37.54658958107082],[126.94527059799262,37.5466164795964],[126.94540888876705,37.546829089268066],[126.94529673458993,37.54684669535798],[126.94510772275773,37.546954021417626],[126.94525219004628,37.546973795022126],[126.94528619545254,37.54701773455089],[126.94534353164919,37.547005066870376],[126.94535356543399,37.54703986793102],[126.94544617859285,37.54703552411422],[126.94540090632307,37.54736373376819],[126.9453926699605,37.548085964477785],[126.94529048244246,37.54808979012791],[126.94512271283224,37.54802528925154],[126.94475395926878,37.54800399333574],[126.9448054829891,37.54788259149926],[126.94487170953607,37.547891281812376],[126.944905037999,37.547813091752396],[126.94489604946295,37.54772803386526],[126.94485190515051,37.54772843615628],[126.94485055253568,37.547586871753346],[126.94489649634363,37.547586037849754],[126.94487822937162,37.54720094538837],[126.94471550056673,37.547207264264586],[126.94471251634997,37.547113559725446],[126.94474128319138,37.547081588365494],[126.94453336796185,37.547135097205654],[126.94406210790225,37.54706900638595],[126.94377153095111,37.547193291559324],[126.94370552053277,37.54724272368744],[126.94373296667297,37.54745636216949],[126.9438437863178,37.54755693994741],[126.94410409869761,37.54791367914881],[126.94428391161183,37.54838726435542],[126.94448525841807,37.54871651186406],[126.94462511332642,37.54916623695868],[126.94334645148265,37.549297347894694]]]}},{"type":"Feature","properties":{"layer":"zone_planned","id":"zone_planned_0052","name":"정비예정구역 (서울특별시 11530)","category":"정비예정구역","color":"#0ea5e9","sido":"서울특별시","sigungu":"구로구","sgg_code":"11530","type_code":"UDJ100","mgmt_no":"31600001153020250149UDJ1000009018"},"geometry":{"type":"Polygon","coordinates":[[[126.84275842852655,37.49866891498926],[126.84282077092635,37.49913490480607],[126.84278367095861,37.499298656389826],[126.84292935806893,37.49944472360534],[126.84293966151671,37.49949231012488],[126.84302370873749,37.49953495000938],[126.84313145731747,37.49965348563278],[126.84319408376972,37.49966501224905],[126.84337415493701,37.49980932298639],[126.84364776498273,37.49973211300631],[126.84409643958625,37.49970649266951],[126.84403662049134,37.50056596485715],[126.84630791482932,37.50138266167795],[126.84643623790727,37.50132841894848],[126.8468108797127,37.50046460104691],[126.84614706264887,37.50025440108719],[126.84603036149785,37.500251184160035],[126.84661898005892,37.49905128756382],[126.84658922266378,37.49900403624892],[126.84581292922694,37.49876235911913],[126.84574304977343,37.49864955214579],[126.84596461074557,37.49814708713317],[126.84596806738148,37.4980616770602],[126.84564852814222,37.49831407599237],[126.84536817216325,37.49821297419056],[126.84528113972067,37.49813771588449],[126.84526305479118,37.49807921718808],[126.84501497368603,37.49795698377052],[126.84491007480666,37.4977732213396],[126.84480352465933,37.4976764029465],[126.8448199475532,37.49766417115431],[126.84468815938203,37.49746893017353],[126.84477570434971,37.497406517074594],[126.84409345626294,37.497087188173225],[126.8434737374662,37.497471096050106],[126.84313116385277,37.49775769530776],[126.84314368619275,37.498521668388925],[126.84308700784392,37.49858565335716],[126.84310560900934,37.498613158740106],[126.84285080870477,37.49862092579824],[126.84275842852655,37.49866891498926]]]}},{"type":"Feature","properties":{"layer":"zone_planned","id":"zone_planned_0053","name":"안양8동 행정복지센터","category":"정비예정구역","color":"#0ea5e9","subtype":"행위제한지역","sido":"경기도","sgg_code":"41170","type_code":"UDJ100","mgmt_no":"38300004117020250106UDJ1000001010"},"geometry":{"type":"Polygon","coordinates":[[[126.92850457395573,37.383673721592835],[126.92852375996584,37.383741597991225],[126.92998527767554,37.38452005002243],[126.93005742711678,37.384511588041825],[126.9303780759856,37.38412473175151],[126.93072609551893,37.38431060399028],[126.93064870745458,37.38440268656564],[126.93080140452302,37.38448440102796],[126.93127432325286,37.38391869139257],[126.93190689637945,37.38425469397749],[126.93207807582408,37.38404556958933],[126.93176971632973,37.38380364545217],[126.93212432198764,37.383375402687406],[126.93229615090884,37.38337818840322],[126.9336602448352,37.383804934396],[126.93379512992136,37.38364383788353],[126.93376058635266,37.38355960910155],[126.93148027952807,37.382922064052906],[126.92990740041415,37.38208533922487],[126.929812474323,37.38209876993481],[126.92850457395573,37.383673721592835]]]}},{"type":"Feature","properties":{"layer":"zone_planned","id":"zone_planned_0054","name":"우주타운 주변 재개발","category":"정비예정구역","color":"#0ea5e9","sido":"경기도","sgg_code":"41170","type_code":"UDJ100","mgmt_no":"38300004117020250106UDJ1000001012"},"geometry":{"type":"Polygon","coordinates":[[[126.91012577626155,37.41267261951118],[126.91050927378802,37.412881067058045],[126.91030475628914,37.41316701675499],[126.91194416880198,37.41403319625475],[126.91248110084761,37.41355378603127],[126.91288920578353,37.412933196403074],[126.91283234292979,37.412262413492165],[126.91278973673161,37.412232792296656],[126.91225975566579,37.41226136095105],[126.91196137809374,37.41214019250572],[126.9115826547093,37.41259624055828],[126.91132526423301,37.412460189935274],[126.91168197534424,37.41203082295968],[126.91173742507016,37.412021791884435],[126.91099294045172,37.411628401056674],[126.91012577626155,37.41267261951118]]]}},{"type":"Feature","properties":{"layer":"zone_planned","id":"zone_planned_0055","name":"부림마을 재개발","category":"정비예정구역","color":"#0ea5e9","subtype":"행위제한지역","sido":"경기도","sgg_code":"41170","type_code":"UDJ100","mgmt_no":"38300004117020250106UDJ1000001005"},"geometry":{"type":"Polygon","coordinates":[[[126.96626897561654,37.40346188777451],[126.96630498834674,37.403496587524],[126.96687489873473,37.40352675058276],[126.96684285279996,37.40392734080363],[126.96688010881832,37.403961139726384],[126.96888063320914,37.40406527122273],[126.96887757943063,37.40410118477612],[126.9693294601893,37.40412428447335],[126.96933242312407,37.40408901060321],[126.97086877332104,37.40416894218783],[126.97079923853698,37.40459905893874],[126.97097576812808,37.4046082048951],[126.97101531201149,37.40457595882193],[126.9709711438404,37.404174852291426],[126.97139135200506,37.40417978951328],[126.97182600233464,37.40407907603131],[126.97341648556954,37.403170702396025],[126.97340419463653,37.40311753967215],[126.97032700621858,37.40243938607807],[126.96904818882146,37.40290720859657],[126.96822272410004,37.4030879927189],[126.96733271978135,37.40311936438201],[126.96680259124918,37.40306370751767],[126.96638700088361,37.40297934002186],[126.96633977920249,37.40300419396062],[126.96626897561654,37.40346188777451]]]}},{"type":"Feature","properties":{"layer":"zone_planned","id":"zone_planned_0056","name":"삼봉지구 재개발","category":"정비예정구역","color":"#0ea5e9","subtype":"행위제한지역","sido":"경기도","sgg_code":"41170","type_code":"UDJ100","mgmt_no":"38300004117020250106UDJ1000001006"},"geometry":{"type":"Polygon","coordinates":[[[126.8968608985399,37.401110451408194],[126.89702891018915,37.40123897638774],[126.89723470266931,37.4011543186124],[126.89752888036956,37.40178155690782],[126.89782579090141,37.40165024263579],[126.8981453465106,37.40156714262271],[126.89866945715761,37.401551624645776],[126.89860733183414,37.401466632056746],[126.89862326520948,37.401204117615514],[126.89880689193197,37.40065971365528],[126.89883756082659,37.40066366870817],[126.89883080631336,37.400357930895716],[126.89875653688324,37.39984572118386],[126.89830153841754,37.40019539578422],[126.89769804958867,37.40040963312228],[126.8973619846707,37.400600316452625],[126.89729456978556,37.400740067336805],[126.89697833911615,37.400667274632696],[126.89692914537483,37.40080358152067],[126.89724532188411,37.40087508585786],[126.89723474558095,37.40101738261296],[126.89717309365093,37.40109749140384],[126.8970747617687,37.40106957228952],[126.89696784871767,37.40098316972786],[126.8968608985399,37.401110451408194]]]}},{"type":"Feature","properties":{"layer":"zone_planned","id":"zone_planned_0057","name":"안양9동 행정복지센터","category":"정비예정구역","color":"#0ea5e9","subtype":"행위제한지역","sido":"경기도","sgg_code":"41170","type_code":"UDJ100","mgmt_no":"38300004117020250106UDJ1000001011"},"geometry":{"type":"Polygon","coordinates":[[[126.90776285739744,37.39094944234302],[126.90779409409792,37.39100247382374],[126.90871909824348,37.39106354423481],[126.90946785271962,37.391104476836745],[126.90952391192644,37.39106481271738],[126.90978515487589,37.3902006446919],[126.90978337925277,37.38997116372332],[126.90973525819108,37.389733988157744],[126.90947746306709,37.38927502681082],[126.90945030659512,37.38929243131238],[126.90925145918926,37.38895371078089],[126.90908483108485,37.38858648892971],[126.90873687987451,37.38801512577106],[126.9086632264459,37.38799320031916],[126.90827393317598,37.38813975958872],[126.90813836311071,37.38824724290058],[126.90803689544542,37.388426915350976],[126.90798133509685,37.38881135277009],[126.90811330324956,37.38954213554256],[126.90806738170369,37.39026674985875],[126.90797802021662,37.39059801856405],[126.90776285739744,37.39094944234302]]]}},{"type":"Feature","properties":{"layer":"zone_planned","id":"zone_planned_0058","name":"중촌마을 재개발","category":"정비예정구역","color":"#0ea5e9","subtype":"행위제한지역","sido":"경기도","sgg_code":"41170","type_code":"UDJ100","mgmt_no":"38300004117020250106UDJ1000001014"},"geometry":{"type":"Polygon","coordinates":[[[126.9601177376464,37.40448524766506],[126.96278278368753,37.40690708294113],[126.96283903052263,37.40691016479558],[126.9630495645525,37.406804049085295],[126.96327607515632,37.40681894421481],[126.96337420076219,37.406871504964286],[126.96375079377059,37.4072769014712],[126.96402270924489,37.407409707204245],[126.96475639141904,37.40723121262576],[126.96832871843468,37.40578313378166],[126.97028747795768,37.40515791357474],[126.97027699615874,37.40510448071793],[126.96640931314094,37.404903307733],[126.96543988709917,37.40481414901824],[126.96427561544358,37.404645568909764],[126.96068103689801,37.40399051686043],[126.96011877893265,37.40444019736121],[126.9601177376464,37.40448524766506]]]}},{"type":"Feature","properties":{"layer":"zone_planned","id":"zone_planned_0059","name":"인덕원중학교 A블럭","category":"정비예정구역","color":"#0ea5e9","subtype":"행위제한지역","sido":"경기도","sgg_code":"41170","type_code":"UDJ100","mgmt_no":"38300004117020250106UDJ1000001015"},"geometry":{"type":"Polygon","coordinates":[[[126.97205115670737,37.40133905967184],[126.97206977521382,37.401381592164235],[126.97281726799088,37.40159649653552],[126.9731319248398,37.40212455755411],[126.97279524282118,37.402252203976126],[126.97289683656412,37.40242324101147],[126.97235141669024,37.40262938583707],[126.97235726881053,37.40268326789818],[126.97450085770336,37.403153655619796],[126.97480477174,37.40297480137],[126.9733801556151,37.400652810705395],[126.97259678224287,37.40042844945356],[126.97254572647263,37.400447628556314],[126.97228959676909,37.40098862442873],[126.97205115670737,37.40133905967184]]]}},{"type":"Feature","properties":{"layer":"zone_planned","id":"zone_planned_0060","name":"금호타운아파트 재건축","category":"정비예정구역","color":"#0ea5e9","subtype":"행위제한지역","sido":"경기도","sgg_code":"41170","type_code":"UDJ100","mgmt_no":"38300004117020250106UDJ1000001017"},"geometry":{"type":"Polygon","coordinates":[[[126.90014590901592,37.399151454821826],[126.90043294096361,37.39946060410476],[126.9006624279608,37.39961368406715],[126.9007310199124,37.39944132454473],[126.90083311594081,37.399440852885476],[126.90119019830027,37.39972275922102],[126.90114280759428,37.3998343546115],[126.90199773095664,37.400112093847824],[126.90286526260479,37.398693859106054],[126.9012229628487,37.3980520639605],[126.90049965048537,37.398646288728976],[126.90041471105597,37.39879772163284],[126.90035401848787,37.398798120235725],[126.90014590901592,37.399151454821826]]]}},{"type":"Feature","properties":{"layer":"zone_planned","id":"zone_planned_0061","name":"박달우성아파트 재건축","category":"정비예정구역","color":"#0ea5e9","subtype":"행위제한지역","sido":"경기도","sgg_code":"41170","type_code":"UDJ100","mgmt_no":"38300004117020250106UDJ1000001021"},"geometry":{"type":"Polygon","coordinates":[[[126.90676641265593,37.39950724987671],[126.90692498050791,37.40007951157761],[126.90694811741044,37.40045136043068],[126.9071472277364,37.4007043439331],[126.90719168107724,37.400839171042826],[126.90714540529562,37.40104089810494],[126.90715498031528,37.401267916122364],[126.90747436448453,37.40160173477649],[126.90743737512157,37.40195514592265],[126.90733370094284,37.402076853387086],[126.90719838851697,37.40213786128207],[126.90725972340947,37.402131720224425],[126.90725606501739,37.4024736609131],[126.90783148016365,37.40247483899525],[126.90782818703188,37.401826845531836],[126.90790200578596,37.40157217846048],[126.9080672483389,37.40122719393106],[126.90813867301549,37.40114415887799],[126.90854842345325,37.40088466543254],[126.90942558072942,37.40042241995088],[126.90917454778534,37.40000200939524],[126.9091693096996,37.39939264964617],[126.9067986212356,37.399454350125026],[126.90676641265593,37.39950724987671]]]}},{"type":"Feature","properties":{"layer":"zone_planned","id":"zone_planned_0062","name":"삼천리 태하 양수아파트 재건축","category":"정비예정구역","color":"#0ea5e9","sido":"경기도","sgg_code":"41170","type_code":"UDJ100","mgmt_no":"38300004117020250106UDJ1000001022"},"geometry":{"type":"Polygon","coordinates":[[[126.96427007545559,37.362416811528675],[126.9643414617121,37.36255469001479],[126.96436601005583,37.36290537462746],[126.96439274003164,37.36295250635146],[126.9643455062269,37.36305151359059],[126.96437281455393,37.36307044358194],[126.96467154746054,37.36297890328719],[126.96482188512968,37.36302445150932],[126.9646477005782,37.36349896443511],[126.96450680120735,37.36370206433297],[126.96452544846116,37.363727424857515],[126.96530817047052,37.36389934728283],[126.96538452486435,37.36397091158364],[126.96546765281494,37.363970936942614],[126.9658304453399,37.3636024938626],[126.96575065748277,37.363558409907],[126.96582329084487,37.36345454427451],[126.9656920340157,37.363398461177084],[126.96574886386695,37.36329414029106],[126.96573895092884,37.363250347735836],[126.96564950180716,37.36334627925004],[126.96562427146776,37.3632296796483],[126.96558848902036,37.36322651521814],[126.96562229810401,37.36286972166238],[126.96550853131055,37.36283022242508],[126.96548153653501,37.36286337173355],[126.96550262430479,37.36267164114434],[126.96559090630342,37.36241794080381],[126.96533141644481,37.36236443124549],[126.96536489026818,37.36223766798502],[126.96529524749276,37.36222683444528],[126.96527217631707,37.36231692936566],[126.96506517465993,37.36226830079816],[126.96508891530182,37.36219487499123],[126.96500166631266,37.36217736830919],[126.9649719336025,37.362269893869104],[126.96469629606652,37.362229803123434],[126.96470593249828,37.36214483994818],[126.96463323712169,37.36214418659334],[126.96462551051158,37.36224771136746],[126.96452876589483,37.36225795278725],[126.96445615963606,37.362305413811846],[126.9643131547494,37.36227239160188],[126.96427007545559,37.362416811528675]]]}},{"type":"Feature","properties":{"layer":"zone_planned","id":"zone_planned_0063","name":"만안초등학교 재개발","category":"정비예정구역","color":"#0ea5e9","sido":"경기도","sgg_code":"41170","type_code":"UDJ100","mgmt_no":"38300004117020250106UDJ1000001004"},"geometry":{"type":"Polygon","coordinates":[[[126.9136617798768,37.40841560232016],[126.91369367801889,37.40850199707622],[126.91542230448418,37.40910257677126],[126.91553060966814,37.40907676949136],[126.91700125485873,37.407306330910046],[126.9153213851131,37.40641787301207],[126.9136617798768,37.40841560232016]]]}},{"type":"Feature","properties":{"layer":"zone_planned","id":"zone_planned_0064","name":"성결대학교 재개발","category":"정비예정구역","color":"#0ea5e9","subtype":"행위제한지역","sido":"경기도","sgg_code":"41170","type_code":"UDJ100","mgmt_no":"38300004117020250198UDJ1000001007"},"geometry":{"type":"Polygon","coordinates":[[[126.92726476246594,37.38425358272063],[126.92776598492105,37.384386111455946],[126.92782700384872,37.38436328169491],[126.92794366874699,37.38409607683963],[126.92973911673658,37.38194375057106],[126.92925494823497,37.38171402987536],[126.92779131459214,37.38079586449474],[126.927469491293,37.38102303505772],[126.92742548106646,37.3811013418992],[126.9283144387268,37.381675311495215],[126.92771331881525,37.381946044849485],[126.92774932991438,37.38201140904367],[126.92752806823479,37.38216160546947],[126.92758927507018,37.38238269916161],[126.92781866117049,37.38251530977479],[126.92740318545692,37.38294457376667],[126.92777020038191,37.383044680854724],[126.9281995357855,37.38304908343631],[126.92815409355873,37.38310171967382],[126.92823627046657,37.38310285183654],[126.92726476246594,37.38425358272063]]]}},{"type":"Feature","properties":{"layer":"zone_planned","id":"zone_planned_0065","name":"정우 오승아파트 재건축","category":"정비예정구역","color":"#0ea5e9","subtype":"행위제한지역","sido":"경기도","sgg_code":"41170","type_code":"UDJ100","mgmt_no":"38300004117020250106UDJ1000001023"},"geometry":{"type":"Polygon","coordinates":[[[126.91082365521046,37.39776633824222],[126.91153342197528,37.39831961655308],[126.91171205906663,37.3984749430058],[126.91166628692338,37.398502659470005],[126.91185787245348,37.398663068244325],[126.9120453841985,37.39866943626812],[126.91251174475252,37.39861073573011],[126.91246049837515,37.39866458679771],[126.91254070592437,37.39866438587857],[126.91255922729354,37.398702755979194],[126.91260741342305,37.39866771574117],[126.91295766417247,37.398666356726466],[126.91305464784851,37.39799875986551],[126.91314037431593,37.39773170029756],[126.91181678139087,37.397719450080054],[126.9110192067974,37.39763080432865],[126.91082365521046,37.39776633824222]]]}},{"type":"Feature","properties":{"layer":"zone_planned","id":"zone_planned_0066","name":"정비예정구역 (경기도 41460)","category":"정비예정구역","color":"#0ea5e9","sido":"경기도","sgg_code":"41460","type_code":"UDJ100","mgmt_no":"40500004146020210138UDJ1000014000"},"geometry":{"type":"Polygon","coordinates":[[[127.09165809452374,37.3242562399338],[127.09257364430992,37.32479786613367],[127.09179986904918,37.32563217779317],[127.09257960780734,37.326093355706355],[127.0928384333075,37.325812937390836],[127.09293922555652,37.32575086902173],[127.09358983223328,37.32504882625963],[127.09364791892816,37.32494110851681],[127.09390268042625,37.32466528621656],[127.09388654641064,37.32457312391313],[127.0935367592818,37.32436444865361],[127.09345813933078,37.32428747209187],[127.0923406049189,37.323627613137944],[127.0922290381509,37.323640943795695],[127.09165809452374,37.3242562399338]]]}},{"type":"Feature","properties":{"layer":"zone_planned","id":"zone_planned_0067","name":"푸른마을삼성아파트 재건축","category":"정비예정구역","color":"#0ea5e9","sido":"경기도","sgg_code":"41170","type_code":"UDJ100","mgmt_no":"38300004117020250106UDJ1000001024"},"geometry":{"type":"Polygon","coordinates":[[[126.95020154122292,37.3804088478394],[126.95031204400695,37.38046034379974],[126.95032744811263,37.38055513745665],[126.9505108125538,37.38055503646607],[126.95099722524796,37.38072292447978],[126.95109185013784,37.380544022882184],[126.95208669307108,37.38054246057099],[126.95240910154219,37.37994152638517],[126.9524334430207,37.379839901758125],[126.95239104167807,37.37976005403813],[126.95221668970832,37.37962140506106],[126.95216707308353,37.37952560624653],[126.95212605669539,37.37957280242625],[126.95195895730988,37.37956687592258],[126.9519024151793,37.379529550108856],[126.95190991964894,37.379449723134904],[126.95180677840781,37.37936462381156],[126.9516861916596,37.379537928777395],[126.95212053627198,37.379726603748324],[126.95217761616794,37.37980519626539],[126.95216142333874,37.379876910472554],[126.95193915144097,37.38015297925663],[126.95174446647032,37.380199480077856],[126.95106272271332,37.38003367440617],[126.9509229425014,37.380033254293096],[126.95063599332006,37.38010602348852],[126.95036342542932,37.38011626762265],[126.95036717174348,37.38025259312388],[126.95020154122292,37.3804088478394]]]}},{"type":"Feature","properties":{"layer":"zone_planned","id":"zone_planned_0068","name":"정비예정구역 (경기도 41170)","category":"정비예정구역","color":"#0ea5e9","sido":"경기도","sgg_code":"41170","type_code":"UDJ100","mgmt_no":"38300004117020250268UDJ1000001001"},"geometry":{"type":"Polygon","coordinates":[[[126.91476891142952,37.41664578492715],[126.9148640804939,37.41680481111939],[126.91499520618439,37.41692466054975],[126.91544036000269,37.41717321405133],[126.91602367295458,37.41757019931366],[126.91629962740132,37.41783545797885],[126.91629662907194,37.41791942104168],[126.91616458016298,37.41806228020863],[126.91615102618867,37.41820993712501],[126.91608298461405,37.418311513013855],[126.91623167750319,37.41842454407352],[126.91623298912272,37.418463324533356],[126.91630037283397,37.41851360448201],[126.91652181574632,37.41885739144196],[126.91646144294299,37.41880053027586],[126.9163880575665,37.41882257925973],[126.91636796748871,37.418866588187974],[126.91657132472251,37.419131235232],[126.91684373404564,37.419271015239325],[126.91726806228924,37.4196634833359],[126.91758416383061,37.41925277512288],[126.91709637424853,37.41870700988442],[126.91716864984151,37.41866694845915],[126.91722004936062,37.41852594986603],[126.9174682014878,37.41852630673086],[126.91764865275954,37.41809129158909],[126.91759647963515,37.41803565317604],[126.91759063233621,37.417981173895534],[126.91763997759568,37.417837515661795],[126.91757389995239,37.41779085045253],[126.91763561851904,37.41773498651437],[126.91762624859835,37.41769907457313],[126.91673910572851,37.41708442971529],[126.91580093801265,37.4165018712279],[126.91569716210293,37.416310934722766],[126.91476891142952,37.41664578492715]]]}},{"type":"Feature","properties":{"layer":"zone_planned","id":"zone_planned_0069","name":"정비예정구역 (경기도 41170)","category":"정비예정구역","color":"#0ea5e9","sido":"경기도","sgg_code":"41170","type_code":"UDJ100","mgmt_no":"38300004117020250269UDJ1000001002"},"geometry":{"type":"Polygon","coordinates":[[[126.91240635117276,37.39297378375708],[126.91251438581769,37.393033872702254],[126.91250676560381,37.3931082457454],[126.91338709601192,37.393657271680965],[126.91356836708579,37.39367840928022],[126.91416883284315,37.393628884022164],[126.91421088978646,37.39358794593426],[126.91421830979708,37.393207615027656],[126.91427391315645,37.393014793823355],[126.914118731725,37.39277797361611],[126.91401294983918,37.3924500250619],[126.91407172872539,37.39178850725859],[126.91484468948302,37.39061643203092],[126.91403868878734,37.3902801293166],[126.91405445743143,37.39009154946003],[126.91400791886129,37.39001627124214],[126.9141297799247,37.389573629414144],[126.91397896117074,37.389611910146506],[126.9138399961738,37.389798209274346],[126.91386975909487,37.38981097169276],[126.91362055182894,37.39009912067147],[126.91335516374878,37.38999887439282],[126.91284343685129,37.39081727144578],[126.91254746964972,37.391460500143175],[126.91312397004867,37.391658389892704],[126.91302392514885,37.39165218817303],[126.9129404132566,37.39208695552586],[126.91282169503422,37.39230635380789],[126.9128098278406,37.39241059234152],[126.91276046695442,37.392420646674736],[126.91276048460169,37.392501467731115],[126.91260017686545,37.39255594881966],[126.91240635117276,37.39297378375708]]]}},{"type":"Feature","properties":{"layer":"zone_planned","id":"zone_planned_0070","name":"수촌마을 B블럭","category":"정비예정구역","color":"#0ea5e9","subtype":"행위제한지역","sido":"경기도","sgg_code":"41170","type_code":"UDJ100","notice_date":"20250530","mgmt_no":"38300004117020250106UDJ1000001009"},"geometry":{"type":"Polygon","coordinates":[[[126.95317217330172,37.40380045493849],[126.9533265533332,37.40581600358986],[126.9560592420215,37.405678500799404],[126.95609653484513,37.40564472713528],[126.95602777757347,37.404777421403516],[126.95708671773099,37.40472399746865],[126.95710073097851,37.40490177265754],[126.95714318099063,37.404931522032456],[126.9573678365821,37.40492016324944],[126.95740196723423,37.40488422555647],[126.95718783652376,37.40409323595985],[126.95597905146315,37.40416384859794],[126.95596370557092,37.403971854749365],[126.95592374259337,37.40394003357445],[126.95317217330172,37.40380045493849]]]}},{"type":"Feature","properties":{"layer":"zone_planned","id":"zone_planned_0071","name":"정비예정구역 (경기도 41460)","category":"정비예정구역","color":"#0ea5e9","sido":"경기도","sgg_code":"41460","type_code":"UDJ100","mgmt_no":"40500004146020210138UDJ1000015000"},"geometry":{"type":"Polygon","coordinates":[[[127.09009027834131,37.32559959132305],[127.09006992026244,37.325557618782234],[127.08906816694392,37.32539356671274],[127.0884083375043,37.325376122690614],[127.08809523744384,37.325468707295194],[127.08793245628279,37.32559136573172],[127.08717677558249,37.32641572258608],[127.0871936885083,37.32710139045879],[127.08723434245019,37.327132626584486],[127.08945264172263,37.32710378782153],[127.08953120815042,37.32703912590955],[127.08952341648481,37.32654987507449],[127.08959178723389,37.32625717122966],[127.08968434115029,37.3260941068428],[127.09000491524036,37.32573571000774],[127.09009027834131,37.32559959132305]]]}},{"type":"Feature","properties":{"layer":"zone_planned","id":"zone_planned_0072","name":"수촌마을 주변 A블럭","category":"정비예정구역","color":"#0ea5e9","subtype":"행위제한지역","sido":"경기도","sgg_code":"41170","type_code":"UDJ100","notice_date":"20250530","mgmt_no":"38300004117020250106UDJ1000001008"},"geometry":{"type":"Polygon","coordinates":[[[126.95330691175641,37.406609517798685],[126.95373949902404,37.40691866874283],[126.95381967265969,37.406914430306756],[126.95384307140266,37.40740244636622],[126.95395309548928,37.407688192843636],[126.95388383840002,37.407717988491534],[126.95384571221602,37.40778033222637],[126.95376226125713,37.40805288196168],[126.95356909361665,37.40833642459473],[126.95352452047396,37.4084647287473],[126.95357779525092,37.40870178878126],[126.95459228695955,37.408652567929714],[126.95461239637527,37.40857352105265],[126.95468752046615,37.40855489986383],[126.95473392739265,37.40858059709524],[126.95627527153152,37.40837135097957],[126.95631030749944,37.40833604467874],[126.95610875344984,37.40579817436893],[126.95606641630546,37.40576842467037],[126.953392989613,37.405902969402014],[126.9534411910633,37.4063694975439],[126.95337928009604,37.40632319632726],[126.95330691175641,37.406609517798685]]]}},{"type":"Feature","properties":{"layer":"zone_planned","id":"zone_planned_0073","name":"인덕원중학교 주변 B블럭","category":"정비예정구역","color":"#0ea5e9","subtype":"행위제한지역","sido":"경기도","sgg_code":"41170","type_code":"UDJ100","notice_date":"20250530","mgmt_no":"38300004117020250106UDJ1000001013"},"geometry":{"type":"Polygon","coordinates":[[[126.97260360024634,37.40031996903136],[126.97262764056755,37.40036070074064],[126.97345504944644,37.40061228287003],[126.9736147850405,37.4008101833339],[126.97419753605834,37.401789802575955],[126.97501435759311,37.401472849588934],[126.97510899896626,37.401384111882734],[126.97515003563511,37.40127185470814],[126.97538913422582,37.39865662424698],[126.97533290247411,37.39862642783197],[126.97516859166927,37.39869071475158],[126.97491200152692,37.39827205506388],[126.9748585881246,37.39825744660379],[126.97355375931498,37.39878540998795],[126.9733272722541,37.39894770998111],[126.97311901206886,37.39920026850808],[126.97260360024634,37.40031996903136]]]}},{"type":"Feature","properties":{"layer":"zone_planned","id":"zone_planned_0074","name":"오남1구역","category":"정비예정구역","color":"#0ea5e9","sido":"경기도","sgg_code":"41360","type_code":"UDJ100","mgmt_no":"39900004136020250486UDJ1000001002"},"geometry":{"type":"Polygon","coordinates":[[[127.20910582446704,37.68828778660973],[127.20918079014949,37.68847995731676],[127.20930187551812,37.68859441028872],[127.20973394496734,37.68858635044331],[127.20974455877813,37.689008813737125],[127.20955995512796,37.68901860869358],[127.20926154929164,37.689180092667186],[127.20921844378029,37.68933854978506],[127.209082950329,37.689335013265804],[127.20904381607362,37.689368616168544],[127.20907529853022,37.68941675355511],[127.20875484510596,37.6894706093433],[127.20812717359996,37.689486405379476],[127.20802981294685,37.68967677928604],[127.20799216270865,37.68986967941403],[127.20785956361804,37.69000269615887],[127.20784282428501,37.69026282591731],[127.20777814421749,37.690439366614704],[127.20765954222743,37.69063252528644],[127.20773336678724,37.690728349317475],[127.20794577664496,37.69085001383656],[127.20841245904862,37.690873468148524],[127.20867466795308,37.69085316855686],[127.20907483814618,37.690752754857364],[127.20958124294316,37.690713598445605],[127.20973158394673,37.690645535281924],[127.21037399183933,37.69054457213972],[127.21061640814764,37.69062288719556],[127.21122104848763,37.6902037464815],[127.21140602357792,37.69025237603797],[127.21198892259493,37.69031880172641],[127.21218236190919,37.69044954719784],[127.21222571629724,37.69039308717354],[127.21306584414398,37.690370662733486],[127.21318213359852,37.690310368531605],[127.2129171692731,37.689910021121996],[127.21218057329483,37.688442319564835],[127.21200306333508,37.68820151936271],[127.21157514962061,37.68773252638464],[127.21025377945573,37.687790182846854],[127.21002341686325,37.687830710449056],[127.20910582446704,37.68828778660973]]]}},{"type":"Feature","properties":{"layer":"zone_planned","id":"zone_planned_0075","name":"퇴계원5구역","category":"정비예정구역","color":"#0ea5e9","sido":"경기도","sgg_code":"41360","type_code":"UDJ100","mgmt_no":"39900004136020250486UDJ1000001003"},"geometry":{"type":"Polygon","coordinates":[[[127.14037534768212,37.652863889380335],[127.14023289330324,37.65462471424185],[127.14055722088573,37.654787760189166],[127.14050549976116,37.6548543580852],[127.14051391950161,37.6549029106801],[127.14057015041138,37.654902898475704],[127.14061273277281,37.65481544476207],[127.14119480369894,37.6550870314882],[127.14132636525132,37.65502289747152],[127.14133656238307,37.654943275300404],[127.14140279126636,37.654872281105526],[127.14135229919471,37.65482039078566],[127.14136674038772,37.65470762574365],[127.14177036742933,37.65437895768495],[127.14142637617613,37.65394937609441],[127.14081436056505,37.653415876486264],[127.14121060247543,37.6530974720837],[127.14132485221992,37.653043143130375],[127.14124023287039,37.65298705860145],[127.14097116647423,37.653060373911245],[127.14037534768212,37.652863889380335]]]}},{"type":"Feature","properties":{"layer":"zone_planned","id":"zone_planned_0076","name":"기흥7","category":"정비예정구역","color":"#0ea5e9","sido":"경기도","sgg_code":"41460","type_code":"UDJ100","mgmt_no":"40500004146020240474UDJ1000016000"},"geometry":{"type":"Polygon","coordinates":[[[127.11359423860287,37.279536197962],[127.11365741942045,37.279484689188926],[127.11362917755949,37.27815695475777],[127.11358887699123,37.27812545678443],[127.11141562893457,37.27813163905587],[127.1113780143473,37.27816321010446],[127.11134729530205,37.278362006355266],[127.11137520841541,37.279491064018444],[127.1114396664835,37.279541461984536],[127.11359423860287,37.279536197962]]]}},{"type":"Feature","properties":{"layer":"zone_planned","id":"zone_planned_0077","name":"목감1 정비예정구역","category":"정비예정구역","color":"#0ea5e9","sido":"경기도","sgg_code":"41390","type_code":"UDJ100","mgmt_no":"40100004139020230056UDJ1000001002"},"geometry":{"type":"Polygon","coordinates":[[[126.85737466699598,37.38400756404372],[126.8576796124412,37.38458200847122],[126.85765483962611,37.38459343926052],[126.8584510744399,37.38510899316871],[126.85867220999067,37.38536434698809],[126.85916064694503,37.385820822748684],[126.85941639616622,37.38613599918519],[126.85952624526472,37.386505655576016],[126.8595011207831,37.38709852957082],[126.85939645769922,37.387504635605495],[126.85965001218683,37.38745992530222],[126.8596978876452,37.38788685671558],[126.86071648930654,37.38827578061186],[126.86071840555923,37.388241364113725],[126.86078737900819,37.38825260077519],[126.86080380568859,37.388212047607276],[126.86101006786876,37.38828380641052],[126.86102981724204,37.38825378101606],[126.86120441670978,37.38827710833963],[126.86143030965036,37.388382821928964],[126.86147635933798,37.3883339243118],[126.86144318992604,37.38828177031366],[126.86062115198149,37.387267151698836],[126.86056282677573,37.38724435859381],[126.86022753651169,37.386552140889684],[126.85995662588662,37.38570399740305],[126.85983549435235,37.38447070432008],[126.85975545717456,37.38405246501357],[126.85958302669378,37.383668560619],[126.85930146150086,37.38325790876204],[126.85924000392663,37.38323944511227],[126.85739790952441,37.38396965960318],[126.85737466699598,37.38400756404372]]]}},{"type":"Feature","properties":{"layer":"zone_planned","id":"zone_planned_0078","name":"은행1","category":"정비예정구역","color":"#0ea5e9","sido":"경기도","sgg_code":"41390","type_code":"UDJ100","notice_date":"20210507","mgmt_no":"40100004139020210167UDJ1000001001"},"geometry":{"type":"Polygon","coordinates":[[[126.79557386510561,37.434122187206114],[126.7959329407249,37.43514839269451],[126.79757845564096,37.43478373112966],[126.79761324214205,37.434634962761955],[126.79767708435664,37.43452559147277],[126.79772348388809,37.434523427963896],[126.79802347732306,37.43413334907934],[126.79819376906956,37.43357572030889],[126.79622985521041,37.4339454873746],[126.7956055273796,37.43407584048539],[126.79557386510561,37.434122187206114]]]}},{"type":"Feature","properties":{"layer":"zone_planned","id":"zone_planned_0079","name":"목감2","category":"정비예정구역","color":"#0ea5e9","subtype":"「빈집 및 소규모주택 정비에 관한 특례법」에 따른 ‘소규모주택정비사업’에 대한 해당 행위는 제외","sido":"경기도","sgg_code":"41390","type_code":"UDJ100","notice_date":"20210507","mgmt_no":"40100004139020210167UDJ1000001002"},"geometry":{"type":"Polygon","coordinates":[[[126.85926005842546,37.38295190999572],[126.85970214081452,37.38354785024404],[126.86001287867626,37.38414883958517],[126.85998571763866,37.38429576275977],[126.86016486420104,37.385867870888035],[126.86037478204064,37.38648563255173],[126.86054770261221,37.386860625159024],[126.86105245333164,37.387523733281846],[126.86106397545856,37.38747297475426],[126.86188091008098,37.38652480350229],[126.86155855221133,37.38646386521856],[126.86123067490787,37.38623834903301],[126.86086727516764,37.3858378575275],[126.86062464165009,37.38538393442063],[126.86063245954466,37.38521275076513],[126.86085380677521,37.384935744678636],[126.86101193581926,37.38449889496706],[126.86092192686262,37.384398468908884],[126.86080664093286,37.38405397258208],[126.8608113813541,37.38369846440027],[126.86084953625162,37.383510341628416],[126.86058828081444,37.38320666756549],[126.86051641722247,37.38301675587219],[126.85996469273921,37.382968234872884],[126.85926005842546,37.38295190999572]]]}},{"type":"Feature","properties":{"layer":"zone_planned","id":"zone_planned_0080","name":"행위제한(건축물의 건축, 토지의 분할)","category":"정비예정구역","color":"#0ea5e9","sido":"경기도","sgg_code":"41460","type_code":"UDJ100","mgmt_no":"40500004146020230319UDJ1000001003"},"geometry":{"type":"Polygon","coordinates":[[[127.113889442689,37.276959776435575],[127.11433194138625,37.276012009845104],[127.11310283725635,37.2754100234445],[127.1118900296772,37.276457800058225],[127.113889442689,37.276959776435575]]]}},{"type":"Feature","properties":{"layer":"zone_planned","id":"zone_planned_0081","name":"행위제한(건축물의 건축, 토지의 분할)","category":"정비예정구역","color":"#0ea5e9","sido":"경기도","sgg_code":"41460","type_code":"UDJ100","mgmt_no":"40500004146020230319UDJ1000001004"},"geometry":{"type":"MultiPolygon","coordinates":[[[[127.09298297663982,37.331128151383936],[127.09313656858022,37.331426181522154],[127.09356865816683,37.33183085658586],[127.09365300878943,37.33197405379363],[127.09370128554107,37.332144670186445],[127.09494926579876,37.33215080936847],[127.09495707722877,37.33062275598259],[127.09523134845125,37.33041773619875],[127.09469391829089,37.329959449046825],[127.09290716228071,37.329553489384416],[127.09286307876528,37.32958163539523],[127.09298297663982,37.331128151383936]]],[[[127.09388654641064,37.32457312391313],[127.0935367592818,37.32436444865361],[127.09345813933078,37.32428747209187],[127.0923406049189,37.323627613137944],[127.0922290381509,37.323640943795695],[127.09165809452374,37.3242562399338],[127.09257364430992,37.32479786613367],[127.09179986904918,37.32563217779317],[127.09257960780734,37.326093355706355],[127.0928384333075,37.325812937390836],[127.09293922555652,37.32575086902173],[127.09358983223328,37.32504882625963],[127.09364791892816,37.32494110851681],[127.09390268042625,37.32466528621656],[127.09388654641064,37.32457312391313]]],[[[127.09027680135223,37.32743934488809],[127.09137945050175,37.32807391539008],[127.09143575040176,37.32807180026132],[127.092370217277,37.32741973549829],[127.09191853354632,37.32711454387429],[127.09221167873986,37.326845633870334],[127.0916473769867,37.3264296112524],[127.09064181233938,37.32725454059052],[127.09027680135223,37.32743934488809]]]]}},{"type":"Feature","properties":{"layer":"zone_planned","id":"zone_planned_0082","name":"정비예정구역 (경기도 41460)","category":"정비예정구역","color":"#0ea5e9","sido":"경기도","sgg_code":"41460","type_code":"UDJ100","mgmt_no":"40500004146020210138UDJ1000003000"},"geometry":{"type":"Polygon","coordinates":[[[127.20085628415981,37.240166452419366],[127.20060706053243,37.24050948469038],[127.20064972535152,37.240759179944405],[127.20242601476006,37.24076790757098],[127.20242671709228,37.24001039538435],[127.20227948370632,37.24001332295618],[127.20227626331952,37.240069219796325],[127.20204513152983,37.24007023593603],[127.20203759564627,37.240211008826755],[127.20160935802288,37.24021582069196],[127.20085628415981,37.240166452419366]]]}},{"type":"Feature","properties":{"layer":"zone_planned","id":"zone_planned_0083","name":"정비예정구역 (경기도 41460)","category":"정비예정구역","color":"#0ea5e9","sido":"경기도","sgg_code":"41460","type_code":"UDJ100","mgmt_no":"40500004146020210138UDJ1000030000"},"geometry":{"type":"Polygon","coordinates":[[[127.2023896371476,37.239048164395236],[127.2016263323485,37.23907623127217],[127.20162627494497,37.239410354889166],[127.20170668740708,37.23943256471018],[127.20168467395487,37.23958893189522],[127.20173119220891,37.2396216510163],[127.20171006129961,37.23985604653665],[127.20221303872034,37.23987070307703],[127.20284923540079,37.239858415532886],[127.20288126200182,37.2396472025994],[127.2031638457194,37.23961076692958],[127.20316544476981,37.23948427656846],[127.20319633587721,37.23948447587827],[127.20321492853738,37.239412135739684],[127.20318601817773,37.23938570384111],[127.20318324940713,37.239269438729465],[127.20305999838274,37.23905336504129],[127.20429309461845,37.23906364358193],[127.20429927064711,37.237334118165236],[127.20427177192293,37.237303278460566],[127.2035715127215,37.2371465085294],[127.20303917472457,37.237044138641686],[127.2024717155045,37.23698089186161],[127.20243026396244,37.23701142067793],[127.2023896371476,37.239048164395236]]]}},{"type":"Feature","properties":{"layer":"zone_planned","id":"zone_planned_0084","name":"정비예정구역 (경기도 41460)","category":"정비예정구역","color":"#0ea5e9","sido":"경기도","sgg_code":"41460","type_code":"UDJ100","mgmt_no":"40500004146020210138UDJ1000026000"},"geometry":{"type":"Polygon","coordinates":[[[127.21706113946712,37.26512899142407],[127.21758173341775,37.26445814235681],[127.21721153135658,37.26429039904945],[127.2171144124887,37.26442088456228],[127.21633020961028,37.26406830354345],[127.21640745153107,37.263960506965596],[127.21604021192363,37.263792386826154],[127.21583731792236,37.26405506559158],[127.21584475900235,37.26444252340096],[127.21702701019312,37.26498121202931],[127.21695825323056,37.265076477256635],[127.21706113946712,37.26512899142407]]]}},{"type":"Feature","properties":{"layer":"zone_planned","id":"zone_planned_0085","name":"정비예정구역 (경기도 41460)","category":"정비예정구역","color":"#0ea5e9","sido":"경기도","sgg_code":"41460","type_code":"UDJ100","mgmt_no":"40500004146020210138UDJ1000025000"},"geometry":{"type":"Polygon","coordinates":[[[127.2122274865351,37.22970901252956],[127.21220789345209,37.2292956240269],[127.2116935344726,37.22864422814461],[127.21161622910085,37.228698734933246],[127.21154488349768,37.22916446514537],[127.21071138043325,37.230971370646905],[127.21074177967871,37.23102283795917],[127.21189994248354,37.23119711439926],[127.2121514534166,37.23026632397471],[127.2122274865351,37.22970901252956]]]}},{"type":"Feature","properties":{"layer":"zone_planned","id":"zone_planned_0086","name":"정비예정구역 (경기도 41460)","category":"정비예정구역","color":"#0ea5e9","sido":"경기도","sgg_code":"41460","type_code":"UDJ100","mgmt_no":"40500004146020210138UDJ1000001000"},"geometry":{"type":"Polygon","coordinates":[[[127.21706113946712,37.26512899142407],[127.21695825323056,37.265076477256635],[127.21702701019312,37.26498121202931],[127.21582698011892,37.264434437490934],[127.21577844129295,37.26455082230256],[127.21563267560761,37.26524347777292],[127.2158011678842,37.26535282662323],[127.21666524509972,37.26554808874089],[127.21692272426746,37.26555959215925],[127.21695964804263,37.26541968725386],[127.21706758422874,37.265361049787614],[127.21709248140115,37.26529553539027],[127.21700880217963,37.26519447467023],[127.21706113946712,37.26512899142407]]]}},{"type":"Feature","properties":{"layer":"zone_planned","id":"zone_planned_0087","name":"행위제한(건축물의 건축, 토지의 분할)","category":"정비예정구역","color":"#0ea5e9","sido":"경기도","sgg_code":"41460","type_code":"UDJ100","mgmt_no":"40500004146020230319UDJ1000001002"},"geometry":{"type":"Polygon","coordinates":[[[127.20085628415981,37.240166452419366],[127.20060706053243,37.24050948469038],[127.20064972535152,37.240759179944405],[127.20242601476006,37.24076790757098],[127.20242671709228,37.24001039538435],[127.20227948370632,37.24001332295618],[127.20227626331952,37.240069219796325],[127.20204513152983,37.24007023593603],[127.20203759564627,37.240211008826755],[127.20160935802288,37.24021582069196],[127.20085628415981,37.240166452419366]]]}},{"type":"Feature","properties":{"layer":"zone_planned","id":"zone_planned_0088","name":"기흥5","category":"정비예정구역","color":"#0ea5e9","sido":"경기도","sgg_code":"41460","type_code":"UDJ100","mgmt_no":"40500004146020240474UDJ1000019000"},"geometry":{"type":"Polygon","coordinates":[[[127.11442302651113,37.276074724987254],[127.11394714662875,37.27709379529103],[127.1141910332724,37.277093112893915],[127.1141925315451,37.277417483176876],[127.11498993041697,37.27741527986048],[127.11499649763537,37.27683266592577],[127.11572556163969,37.27683061324818],[127.11573083650931,37.27636657636327],[127.11509286807755,37.27628456546319],[127.11442302651113,37.276074724987254]]]}},{"type":"Feature","properties":{"layer":"zone_planned","id":"zone_planned_0089","name":"기흥4구역 드림랜드아파트","category":"정비예정구역","color":"#0ea5e9","subtype":"행위제한(건축물의 건축, 토지의 분할)","sido":"경기도","sgg_code":"41460","type_code":"UDJ100","mgmt_no":"40500004146020230737UDJ1000027000"},"geometry":{"type":"Polygon","coordinates":[[[127.11032363133015,37.279712734078316],[127.10975381661731,37.27971125616527],[127.10967889465176,37.279746897396564],[127.10961749819516,37.280677557460834],[127.11097688322464,37.28070035680853],[127.11102021321098,37.2806667532911],[127.11102128528879,37.280301536976495],[127.11056898737723,37.28011503540405],[127.11034200249141,37.279793026188436],[127.11032363133015,37.279712734078316]]]}},{"type":"Feature","properties":{"layer":"zone_planned","id":"zone_planned_0090","name":"정비예정구역 (경기도 41460)","category":"정비예정구역","color":"#0ea5e9","sido":"경기도","sgg_code":"41460","type_code":"UDJ100","mgmt_no":"40500004146020210138UDJ1000031000"},"geometry":{"type":"Polygon","coordinates":[[[127.21356016964123,37.23463179087888],[127.21698828927597,37.2337346661404],[127.2169454584176,37.23345432301386],[127.21375078337837,37.23338043029029],[127.21368100220904,37.233439293991786],[127.21347966098058,37.23459475817442],[127.21356016964123,37.23463179087888]]]}},{"type":"Feature","properties":{"layer":"zone_planned","id":"zone_planned_0091","name":"행위제한(건축물의 건축, 토지의 분할)","category":"정비예정구역","color":"#0ea5e9","sido":"경기도","sgg_code":"41460","type_code":"UDJ100","mgmt_no":"40500004146020230319UDJ1000001001"},"geometry":{"type":"Polygon","coordinates":[[[127.11380266635852,37.27835600858328],[127.11382655686138,37.279485069460726],[127.11389101668924,37.279535556192606],[127.11563188087032,37.27953127781432],[127.11569585068561,37.279480488019395],[127.1157169138236,37.27759965284575],[127.11565335551947,37.27754853549917],[127.11479247455122,37.27755098425368],[127.1147529457764,37.27758318893093],[127.11476651839688,37.2782885942257],[127.11472698909115,37.2783207087878],[127.1138420831862,37.27832380433321],[127.11380266635852,37.27835600858328]]]}},{"type":"Feature","properties":{"layer":"zone_planned","id":"zone_planned_0092","name":"정비예정구역 (경기도 41460)","category":"정비예정구역","color":"#0ea5e9","sido":"경기도","sgg_code":"41460","type_code":"UDJ100","mgmt_no":"40500004146020210138UDJ1000017000"},"geometry":{"type":"Polygon","coordinates":[[[127.1157169138236,37.27759965284575],[127.11565335551947,37.27754853549917],[127.11479247455122,37.27755098425368],[127.1147529457764,37.27758318893093],[127.11476651839688,37.2782885942257],[127.11472698909115,37.2783207087878],[127.1138420831862,37.27832380433321],[127.11380266635852,37.27835600858328],[127.11382655686138,37.279485069460726],[127.11389101668924,37.279535556192606],[127.11563188087032,37.27953127781432],[127.11569585068561,37.279480488019395],[127.1157169138236,37.27759965284575]]]}},{"type":"Feature","properties":{"layer":"zone_planned","id":"zone_planned_0093","name":"정비예정구역 (경기도 41460)","category":"정비예정구역","color":"#0ea5e9","sido":"경기도","sgg_code":"41460","type_code":"UDJ100","mgmt_no":"40500004146020210138UDJ1000018000"},"geometry":{"type":"Polygon","coordinates":[[[127.113889442689,37.276959776435575],[127.11433194138625,37.276012009845104],[127.11310283725635,37.2754100234445],[127.1118900296772,37.276457800058225],[127.113889442689,37.276959776435575]]]}},{"type":"Feature","properties":{"layer":"zone_planned","id":"zone_planned_0094","name":"정비예정구역 (경기도 41460)","category":"정비예정구역","color":"#0ea5e9","sido":"경기도","sgg_code":"41460","type_code":"UDJ100","mgmt_no":"40500004146020210138UDJ1000020000"},"geometry":{"type":"Polygon","coordinates":[[[127.113889442689,37.276959776435575],[127.1118900296772,37.276457800058225],[127.11151967983818,37.276798735117644],[127.11158576397821,37.276883280653465],[127.11362037891482,37.277394149018306],[127.11370128994594,37.27736253623123],[127.113889442689,37.276959776435575]]]}},{"type":"Feature","properties":{"layer":"zone_planned","id":"zone_planned_0095","name":"정비예정구역 (경기도 41460)","category":"정비예정구역","color":"#0ea5e9","sido":"경기도","sgg_code":"41460","type_code":"UDJ100","mgmt_no":"40500004146020210138UDJ1000029000"},"geometry":{"type":"Polygon","coordinates":[[[127.21640251487345,37.24001884512096],[127.21715379429858,37.237817146734365],[127.21722199692428,37.2376903006354],[127.2175486640567,37.236662342304975],[127.21763697181994,37.23617704454755],[127.2176110090034,37.236051298065235],[127.21756023015341,37.236031775120345],[127.21667407896776,37.236316962914124],[127.21633065285103,37.23728460682943],[127.21627193912568,37.23771774288123],[127.21614327891876,37.23811278365596],[127.21581831946482,37.23855461009714],[127.2151552986475,37.23895283206404],[127.21514550648159,37.23899719877942],[127.21519977623768,37.23905919134218],[127.21549945201895,37.239215313571144],[127.21533341695367,37.23945561371535],[127.21524643744746,37.23965551263062],[127.21524279457873,37.23981821046008],[127.21635408501486,37.24004951418511],[127.21640251487345,37.24001884512096]]]}},{"type":"Feature","properties":{"layer":"zone_planned","id":"zone_planned_0096","name":"정비예정구역 (경기도 41460)","category":"정비예정구역","color":"#0ea5e9","sido":"경기도","sgg_code":"41460","type_code":"UDJ100","mgmt_no":"40500004146020210138UDJ1000028000"},"geometry":{"type":"Polygon","coordinates":[[[127.11792256521183,37.296731005392],[127.117202809617,37.295564652490306],[127.1164644177645,37.295077148935945],[127.11636903692451,37.29510564198664],[127.11630047909266,37.29532213583954],[127.11622354307957,37.295369045951475],[127.11624228590632,37.295434911079205],[127.11618975858451,37.295446558234424],[127.11616879413816,37.2963542668028],[127.11620889674653,37.296389395133765],[127.11688777998077,37.29639442083205],[127.1169018005578,37.2964840956471],[127.11682324068927,37.29655384882212],[127.11682189651097,37.29663378046196],[127.11684800110824,37.296970460743985],[127.11688551780225,37.297010483951375],[127.1180993613764,37.29707952978942],[127.11792256521183,37.296731005392]]]}},{"type":"Feature","properties":{"layer":"zone_planned","id":"zone_planned_0097","name":"정비예정구역 (경기도 41460)","category":"정비예정구역","color":"#0ea5e9","sido":"경기도","sgg_code":"41460","type_code":"UDJ100","mgmt_no":"40500004146020210138UDJ1000004000"},"geometry":{"type":"Polygon","coordinates":[[[127.08708687698356,37.32713453537185],[127.08712610477976,37.32710216019634],[127.08710872194222,37.32639955338033],[127.08717070068816,37.326332021744456],[127.08557557220328,37.32636109747498],[127.08558395348703,37.326592384682954],[127.08555341979127,37.3266307900443],[127.08557642055275,37.327122643315874],[127.08561729919458,37.32715360953014],[127.08708687698356,37.32713453537185]]]}},{"type":"Feature","properties":{"layer":"zone_planned","id":"zone_planned_0098","name":"정비예정구역 (경기도 41460)","category":"정비예정구역","color":"#0ea5e9","sido":"경기도","sgg_code":"41460","type_code":"UDJ100","mgmt_no":"40500004146020210138UDJ1000005000"},"geometry":{"type":"Polygon","coordinates":[[[127.09941343675138,37.32607627583984],[127.09917047759863,37.32595700066679],[127.09913348565956,37.325881705485806],[127.09918553562683,37.325822825589526],[127.09890513522129,37.32562861546692],[127.09921307070566,37.32530399253214],[127.09814729565524,37.32467369945246],[127.09803572826338,37.3246869454807],[127.09660648057249,37.32622885588041],[127.0966148860244,37.326273449869674],[127.0968343870609,37.326403110973175],[127.09929584311148,37.32640344519234],[127.0993394704729,37.32637484663675],[127.09941343675138,37.32607627583984]]]}},{"type":"Feature","properties":{"layer":"zone_planned","id":"zone_planned_0099","name":"정비예정구역 (경기도 41460)","category":"정비예정구역","color":"#0ea5e9","sido":"경기도","sgg_code":"41460","type_code":"UDJ100","mgmt_no":"40500004146020210138UDJ1000006000"},"geometry":{"type":"Polygon","coordinates":[[[127.09422346271064,37.3248649728571],[127.09398391213735,37.32512357436878],[127.09386960186457,37.32520151223058],[127.09320513680473,37.32591843416739],[127.09314693611954,37.32602633196901],[127.09289262818395,37.326310081253396],[127.09456919180768,37.32772662765266],[127.09531729951058,37.32730895250605],[127.09606503431658,37.32651022939861],[127.09561293711533,37.32624298532363],[127.09602183583789,37.32580124721154],[127.09479834897476,37.325079325490265],[127.09468164103995,37.325042205092146],[127.09433896630554,37.32484064472322],[127.09422346271064,37.3248649728571]]]}},{"type":"Feature","properties":{"layer":"zone_planned","id":"zone_planned_0100","name":"정비예정구역 (경기도 41460)","category":"정비예정구역","color":"#0ea5e9","sido":"경기도","sgg_code":"41460","type_code":"UDJ100","mgmt_no":"40500004146020210138UDJ1000007000"},"geometry":{"type":"Polygon","coordinates":[[[127.09245833680194,37.323393706572766],[127.09247502924416,37.32348280517422],[127.09359911134123,37.324146622292346],[127.09372518587323,37.32418707026036],[127.09407553417097,37.32439358206936],[127.09418301922598,37.32436331359024],[127.09494385336583,37.32358792347911],[127.09432380136576,37.32305986980426],[127.0937449813602,37.32349038189369],[127.09296526763241,37.32284729434181],[127.09245833680194,37.323393706572766]]]}},{"type":"Feature","properties":{"layer":"zone_planned","id":"zone_planned_0101","name":"정비예정구역 (경기도 41460)","category":"정비예정구역","color":"#0ea5e9","sido":"경기도","sgg_code":"41460","type_code":"UDJ100","mgmt_no":"40500004146020210138UDJ1000008000"},"geometry":{"type":"Polygon","coordinates":[[[127.09286307876528,37.32958163539523],[127.092998047602,37.33118084966051],[127.09313656858022,37.331426181522154],[127.09356865816683,37.33183085658586],[127.09365300878943,37.33197405379363],[127.09370128554107,37.332144670186445],[127.09494926579876,37.33215080936847],[127.09495707722877,37.33062275598259],[127.09523134845125,37.33041773619875],[127.09469391829089,37.329959449046825],[127.09290716228071,37.329553489384416],[127.09286307876528,37.32958163539523]]]}},{"type":"Feature","properties":{"layer":"zone_planned","id":"zone_planned_0102","name":"정비예정구역 (경기도 41460)","category":"정비예정구역","color":"#0ea5e9","sido":"경기도","sgg_code":"41460","type_code":"UDJ100","mgmt_no":"40500004146020210138UDJ1000009000"},"geometry":{"type":"Polygon","coordinates":[[[127.09507465971268,37.33308687439832],[127.09690602911738,37.33309379162196],[127.09703778977509,37.333066834803624],[127.09745472676869,37.333067398489135],[127.09746089536112,37.330908449272165],[127.09633720060319,37.32994183501515],[127.09551575539976,37.33056068338787],[127.09551521123777,37.33102957694397],[127.0954834663937,37.331180073234435],[127.09538113083127,37.33136621599665],[127.0951155605188,37.33167475690856],[127.09504807084188,37.33184564448665],[127.09503490112657,37.333054919474456],[127.09507465971268,37.33308687439832]]]}},{"type":"Feature","properties":{"layer":"zone_planned","id":"zone_planned_0103","name":"정비예정구역 (경기도 41460)","category":"정비예정구역","color":"#0ea5e9","sido":"경기도","sgg_code":"41460","type_code":"UDJ100","mgmt_no":"40500004146020210138UDJ1000010000"},"geometry":{"type":"Polygon","coordinates":[[[127.08985164942855,37.32964735409468],[127.09121240036794,37.32935142499731],[127.0918196077798,37.32902127818933],[127.09227012187235,37.3292829514901],[127.09260241539731,37.329097986085564],[127.09259862853274,37.32904545925872],[127.09254437391378,37.32896648114042],[127.09106334730215,37.328114250646884],[127.0910069324988,37.32811465373812],[127.08968796425563,37.32890512191674],[127.08966713934917,37.32894703508526],[127.08980066897304,37.32956801187087],[127.08985164942855,37.32964735409468]]]}},{"type":"Feature","properties":{"layer":"zone_planned","id":"zone_planned_0104","name":"정비예정구역 (경기도 41460)","category":"정비예정구역","color":"#0ea5e9","sido":"경기도","sgg_code":"41460","type_code":"UDJ100","mgmt_no":"40500004146020210138UDJ1000011000"},"geometry":{"type":"Polygon","coordinates":[[[127.09152069838257,37.32815517057944],[127.09264787006354,37.328803946708724],[127.09276070155119,37.328803859752625],[127.09406170293295,37.32801922804391],[127.09297019198826,37.327096976647184],[127.09151804965173,37.32811021145248],[127.09152069838257,37.32815517057944]]]}},{"type":"Feature","properties":{"layer":"zone_planned","id":"zone_planned_0105","name":"정비예정구역 (충청남도 44130)","category":"정비예정구역","color":"#0ea5e9","sido":"충청남도","sgg_code":"44130","type_code":"UDJ100","mgmt_no":"44900004413020200354UDJ1000042000"},"geometry":{"type":"Polygon","coordinates":[[[127.15249441950452,36.80927957293783],[127.15245411484885,36.80887680368423],[127.15169293582147,36.808500466206574],[127.15102522901107,36.808109048019375],[127.15121368120961,36.80962080006575],[127.15125658720078,36.80964765300199],[127.15174876376926,36.80956044517227],[127.15190506831,36.809501243330836],[127.15247723174514,36.80938952040263],[127.15249441950452,36.80927957293783]]]}}]}