{"type":"FeatureCollection","meta":{"layer":"auction","title":"서울 아파트 경매물건","source":"법원경매정보 searchControllerMain.on (서울 5개 법원, 건물)","collected_at":"2026-09-02T17:12:37+09:00","bid_window":["2026-09-02","2026-11-01"],"count":115,"priced":85,"geocode_failed":0,"in_zone":20,"region_counts":{"성북구":18,"강서구":14,"구로구":11,"금천구":9,"영등포구":8,"서초구":7,"송파구":7,"강동구":7,"강남구":6,"관악구":5,"성동구":5,"양천구":4,"중구":3,"중랑구":2,"동대문구":2,"동작구":2,"광진구":2,"도봉구":1,"종로구":1,"강북구":1}},"features":[{"type":"Feature","geometry":{"type":"Point","coordinates":[127.00339268196798,37.59934030495664]},"properties":{"layer":"auction","id":"B0002102008013002509213","name":"2008타경25092(1)","category":"아파트","color":"#1abc9c","court":"서울중앙지방법원","court_code":"B000210","case_no":"2008타경25092","item_no":1,"dup_case_no":"2015타경19958","dept":"경매2계","dept_tel":"530-1814(제4별관 민사집행과)","usage":"아파트","address":"서울특별시 성북구 정릉동 508-123 1층102호","jibun_address":"서울특별시 성북구 정릉동 508-123","sido":"서울특별시","sigungu":"성북구","dong":"정릉동","lot_no":"508-123","floor_unit":"1층102호","structure":"철근콘크리트조","area_m2":67.87,"area_pyeong":20.5,"appraisal":194000000,"min_bid":124160000,"min_bid_rate":64,"discount_pct":36.0,"fail_count":3,"round_no":3,"sale_date":"2026-09-03","sale_time":"10:00","sale_place":"경매법정(제4별관211호)","decision_date":"2026-09-10","view_count":19,"related_items":4,"special_conditions":"조건코드 0004302, 조건코드 0004303","special_cond_codes":"0004302,0004303","status_code":"01","progress_code":"0002100001","coord_source":"tm128","geocode_failed":false,"collected_at":"2026-09-02T17:12:37+09:00","pnu":"1129013300105080123"}},{"type":"Feature","geometry":{"type":"Point","coordinates":[127.00339268196798,37.59934030495664]},"properties":{"layer":"auction","id":"B0002102008013002509224","name":"2008타경25092(2)","category":"아파트","color":"#1abc9c","court":"서울중앙지방법원","court_code":"B000210","case_no":"2008타경25092","item_no":2,"dup_case_no":"2015타경19958","dept":"경매2계","dept_tel":"530-1814(제4별관 민사집행과)","usage":"아파트","address":"서울특별시 성북구 정릉동 508-123 1층103호","jibun_address":"서울특별시 성북구 정릉동 508-123","sido":"서울특별시","sigungu":"성북구","dong":"정릉동","lot_no":"508-123","floor_unit":"1층103호","structure":"철근콘크리트조","area_m2":68.7,"area_pyeong":20.8,"appraisal":197000000,"min_bid":126080000,"min_bid_rate":64,"discount_pct":36.0,"fail_count":3,"round_no":3,"sale_date":"2026-09-03","sale_time":"10:00","sale_place":"경매법정(제4별관211호)","decision_date":"2026-09-10","view_count":15,"related_items":0,"special_conditions":"조건코드 0004302, 조건코드 0004303","special_cond_codes":"0004302,0004303","status_code":"01","progress_code":"0002100001","coord_source":"tm128","geocode_failed":false,"collected_at":"2026-09-02T17:12:37+09:00","pnu":"1129013300105080123"}},{"type":"Feature","geometry":{"type":"Point","coordinates":[127.00339268196798,37.59934030495664]},"properties":{"layer":"auction","id":"B0002102008013002509235","name":"2008타경25092(3)","category":"아파트","color":"#1abc9c","court":"서울중앙지방법원","court_code":"B000210","case_no":"2008타경25092","item_no":3,"dup_case_no":"2015타경19958","dept":"경매2계","dept_tel":"530-1814(제4별관 민사집행과)","usage":"아파트","address":"서울특별시 성북구 정릉동 508-123 1층104호","jibun_address":"서울특별시 성북구 정릉동 508-123","sido":"서울특별시","sigungu":"성북구","dong":"정릉동","lot_no":"508-123","floor_unit":"1층104호","structure":"철근콘크리트조","area_m2":68.7,"area_pyeong":20.8,"appraisal":197000000,"min_bid":126080000,"min_bid_rate":64,"discount_pct":36.0,"fail_count":3,"round_no":3,"sale_date":"2026-09-03","sale_time":"10:00","sale_place":"경매법정(제4별관211호)","decision_date":"2026-09-10","view_count":11,"related_items":1,"special_conditions":"조건코드 0004302, 조건코드 0004303","special_cond_codes":"0004302,0004303","status_code":"01","progress_code":"0002100001","coord_source":"tm128","geocode_failed":false,"collected_at":"2026-09-02T17:12:37+09:00","pnu":"1129013300105080123"}},{"type":"Feature","geometry":{"type":"Point","coordinates":[127.00339268196798,37.59934030495664]},"properties":{"layer":"auction","id":"B0002102008013002509246","name":"2008타경25092(4)","category":"아파트","color":"#1abc9c","court":"서울중앙지방법원","court_code":"B000210","case_no":"2008타경25092","item_no":4,"dup_case_no":"2015타경19958","dept":"경매2계","dept_tel":"530-1814(제4별관 민사집행과)","usage":"아파트","address":"서울특별시 성북구 정릉동 508-123 2층202호","jibun_address":"서울특별시 성북구 정릉동 508-123","sido":"서울특별시","sigungu":"성북구","dong":"정릉동","lot_no":"508-123","floor_unit":"2층202호","structure":"철근콘크리트조","area_m2":67.87,"area_pyeong":20.5,"appraisal":216000000,"min_bid":138240000,"min_bid_rate":64,"discount_pct":36.0,"fail_count":3,"round_no":3,"sale_date":"2026-09-03","sale_time":"10:00","sale_place":"경매법정(제4별관211호)","decision_date":"2026-09-10","view_count":12,"related_items":2,"special_conditions":"조건코드 0004302, 조건코드 0004303","special_cond_codes":"0004302,0004303","status_code":"01","progress_code":"0002100001","coord_source":"tm128","geocode_failed":false,"collected_at":"2026-09-02T17:12:37+09:00","pnu":"1129013300105080123"}},{"type":"Feature","geometry":{"type":"Point","coordinates":[127.00339268196798,37.59934030495664]},"properties":{"layer":"auction","id":"B0002102008013002509257","name":"2008타경25092(5)","category":"아파트","color":"#1abc9c","court":"서울중앙지방법원","court_code":"B000210","case_no":"2008타경25092","item_no":5,"dup_case_no":"2015타경19958","dept":"경매2계","dept_tel":"530-1814(제4별관 민사집행과)","usage":"아파트","address":"서울특별시 성북구 정릉동 508-123 2층203호","jibun_address":"서울특별시 성북구 정릉동 508-123","sido":"서울특별시","sigungu":"성북구","dong":"정릉동","lot_no":"508-123","floor_unit":"2층203호","structure":"철근콘크리트조","area_m2":68.7,"area_pyeong":20.8,"appraisal":218000000,"min_bid":139520000,"min_bid_rate":64,"discount_pct":36.0,"fail_count":3,"round_no":3,"sale_date":"2026-09-03","sale_time":"10:00","sale_place":"경매법정(제4별관211호)","decision_date":"2026-09-10","view_count":12,"related_items":0,"special_conditions":"조건코드 0004302, 조건코드 0004303","special_cond_codes":"0004302,0004303","status_code":"01","progress_code":"0002100001","coord_source":"tm128","geocode_failed":false,"collected_at":"2026-09-02T17:12:37+09:00","pnu":"1129013300105080123"}},{"type":"Feature","geometry":{"type":"Point","coordinates":[127.00339268196798,37.59934030495664]},"properties":{"layer":"auction","id":"B0002102008013002509268","name":"2008타경25092(6)","category":"아파트","color":"#1abc9c","court":"서울중앙지방법원","court_code":"B000210","case_no":"2008타경25092","item_no":6,"dup_case_no":"2015타경19958","dept":"경매2계","dept_tel":"530-1814(제4별관 민사집행과)","usage":"아파트","address":"서울특별시 성북구 정릉동 508-123 2층204호","jibun_address":"서울특별시 성북구 정릉동 508-123","sido":"서울특별시","sigungu":"성북구","dong":"정릉동","lot_no":"508-123","floor_unit":"2층204호","structure":"철근콘크리트조","area_m2":68.7,"area_pyeong":20.8,"appraisal":218000000,"min_bid":139520000,"min_bid_rate":64,"discount_pct":36.0,"fail_count":3,"round_no":3,"sale_date":"2026-09-03","sale_time":"10:00","sale_place":"경매법정(제4별관211호)","decision_date":"2026-09-10","view_count":10,"related_items":2,"special_conditions":"조건코드 0004302, 조건코드 0004303","special_cond_codes":"0004302,0004303","status_code":"01","progress_code":"0002100001","coord_source":"tm128","geocode_failed":false,"collected_at":"2026-09-02T17:12:37+09:00","pnu":"1129013300105080123"}},{"type":"Feature","geometry":{"type":"Point","coordinates":[127.00339268196798,37.59934030495664]},"properties":{"layer":"auction","id":"B0002102008013002509279","name":"2008타경25092(7)","category":"아파트","color":"#1abc9c","court":"서울중앙지방법원","court_code":"B000210","case_no":"2008타경25092","item_no":7,"dup_case_no":"2015타경19958","dept":"경매2계","dept_tel":"530-1814(제4별관 민사집행과)","usage":"아파트","address":"서울특별시 성북구 정릉동 508-123 3층302호","jibun_address":"서울특별시 성북구 정릉동 508-123","sido":"서울특별시","sigungu":"성북구","dong":"정릉동","lot_no":"508-123","floor_unit":"3층302호","structure":"철근콘크리트조","area_m2":67.87,"area_pyeong":20.5,"appraisal":216000000,"min_bid":138240000,"min_bid_rate":64,"discount_pct":36.0,"fail_count":3,"round_no":3,"sale_date":"2026-09-03","sale_time":"10:00","sale_place":"경매법정(제4별관211호)","decision_date":"2026-09-10","view_count":12,"related_items":0,"special_conditions":"조건코드 0004302, 조건코드 0004303","special_cond_codes":"0004302,0004303","status_code":"01","progress_code":"0002100001","coord_source":"tm128","geocode_failed":false,"collected_at":"2026-09-02T17:12:37+09:00","pnu":"1129013300105080123"}},{"type":"Feature","geometry":{"type":"Point","coordinates":[127.00339268196798,37.59934030495664]},"properties":{"layer":"auction","id":"B00021020080130025092811","name":"2008타경25092(8)","category":"아파트","color":"#1abc9c","court":"서울중앙지방법원","court_code":"B000210","case_no":"2008타경25092","item_no":8,"dup_case_no":"2015타경19958","dept":"경매2계","dept_tel":"530-1814(제4별관 민사집행과)","usage":"아파트","address":"서울특별시 성북구 정릉동 508-123 3층304호","jibun_address":"서울특별시 성북구 정릉동 508-123","sido":"서울특별시","sigungu":"성북구","dong":"정릉동","lot_no":"508-123","floor_unit":"3층304호","structure":"철근콘크리트조","area_m2":68.7,"area_pyeong":20.8,"appraisal":218000000,"min_bid":139520000,"min_bid_rate":64,"discount_pct":36.0,"fail_count":3,"round_no":3,"sale_date":"2026-09-03","sale_time":"10:00","sale_place":"경매법정(제4별관211호)","decision_date":"2026-09-10","view_count":10,"related_items":0,"special_conditions":"조건코드 0004302, 조건코드 0004303","special_cond_codes":"0004302,0004303","status_code":"01","progress_code":"0002100001","coord_source":"tm128","geocode_failed":false,"collected_at":"2026-09-02T17:12:37+09:00","pnu":"1129013300105080123"}},{"type":"Feature","geometry":{"type":"Point","coordinates":[127.00339268196798,37.59934030495664]},"properties":{"layer":"auction","id":"B00021020080130025092912","name":"2008타경25092(9)","category":"아파트","color":"#1abc9c","court":"서울중앙지방법원","court_code":"B000210","case_no":"2008타경25092","item_no":9,"dup_case_no":"2015타경19958","dept":"경매2계","dept_tel":"530-1814(제4별관 민사집행과)","usage":"아파트","address":"서울특별시 성북구 정릉동 508-123 4층401호","jibun_address":"서울특별시 성북구 정릉동 508-123","sido":"서울특별시","sigungu":"성북구","dong":"정릉동","lot_no":"508-123","floor_unit":"4층401호","structure":"철근콘크리트조","area_m2":82.71,"area_pyeong":25.0,"appraisal":263000000,"min_bid":168320000,"min_bid_rate":64,"discount_pct":36.0,"fail_count":3,"round_no":3,"sale_date":"2026-09-03","sale_time":"10:00","sale_place":"경매법정(제4별관211호)","decision_date":"2026-09-10","view_count":9,"related_items":3,"special_conditions":"조건코드 0004302, 조건코드 0004303","special_cond_codes":"0004302,0004303","status_code":"01","progress_code":"0002100001","coord_source":"tm128","geocode_failed":false,"collected_at":"2026-09-02T17:12:37+09:00","pnu":"1129013300105080123"}},{"type":"Feature","geometry":{"type":"Point","coordinates":[127.00339268196798,37.59934030495664]},"properties":{"layer":"auction","id":"B000210200801300250921013","name":"2008타경25092(10)","category":"아파트","color":"#1abc9c","court":"서울중앙지방법원","court_code":"B000210","case_no":"2008타경25092","item_no":10,"dup_case_no":"2015타경19958","dept":"경매2계","dept_tel":"530-1814(제4별관 민사집행과)","usage":"아파트","address":"서울특별시 성북구 정릉동 508-123 4층402호","jibun_address":"서울특별시 성북구 정릉동 508-123","sido":"서울특별시","sigungu":"성북구","dong":"정릉동","lot_no":"508-123","floor_unit":"4층402호","structure":"철근콘크리트조","area_m2":67.87,"area_pyeong":20.5,"appraisal":216000000,"min_bid":138240000,"min_bid_rate":64,"discount_pct":36.0,"fail_count":3,"round_no":3,"sale_date":"2026-09-03","sale_time":"10:00","sale_place":"경매법정(제4별관211호)","decision_date":"2026-09-10","view_count":9,"related_items":1,"special_conditions":"조건코드 0004302, 조건코드 0004303","special_cond_codes":"0004302,0004303","status_code":"01","progress_code":"0002100001","coord_source":"tm128","geocode_failed":false,"collected_at":"2026-09-02T17:12:37+09:00","pnu":"1129013300105080123"}},{"type":"Feature","geometry":{"type":"Point","coordinates":[127.00339268196798,37.59934030495664]},"properties":{"layer":"auction","id":"B000210200801300250921114","name":"2008타경25092(11)","category":"아파트","color":"#1abc9c","court":"서울중앙지방법원","court_code":"B000210","case_no":"2008타경25092","item_no":11,"dup_case_no":"2015타경19958","dept":"경매2계","dept_tel":"530-1814(제4별관 민사집행과)","usage":"아파트","address":"서울특별시 성북구 정릉동 508-123 4층403호","jibun_address":"서울특별시 성북구 정릉동 508-123","sido":"서울특별시","sigungu":"성북구","dong":"정릉동","lot_no":"508-123","floor_unit":"4층403호","structure":"철근콘크리트조","area_m2":68.7,"area_pyeong":20.8,"appraisal":218000000,"min_bid":139520000,"min_bid_rate":64,"discount_pct":36.0,"fail_count":3,"round_no":3,"sale_date":"2026-09-03","sale_time":"10:00","sale_place":"경매법정(제4별관211호)","decision_date":"2026-09-10","view_count":10,"related_items":0,"special_conditions":"조건코드 0004302, 조건코드 0004303","special_cond_codes":"0004302,0004303","status_code":"01","progress_code":"0002100001","coord_source":"tm128","geocode_failed":false,"collected_at":"2026-09-02T17:12:37+09:00","pnu":"1129013300105080123"}},{"type":"Feature","geometry":{"type":"Point","coordinates":[127.00339268196798,37.59934030495664]},"properties":{"layer":"auction","id":"B000210200801300250921215","name":"2008타경25092(12)","category":"아파트","color":"#1abc9c","court":"서울중앙지방법원","court_code":"B000210","case_no":"2008타경25092","item_no":12,"dup_case_no":"2015타경19958","dept":"경매2계","dept_tel":"530-1814(제4별관 민사집행과)","usage":"아파트","address":"서울특별시 성북구 정릉동 508-123 4층404호","jibun_address":"서울특별시 성북구 정릉동 508-123","sido":"서울특별시","sigungu":"성북구","dong":"정릉동","lot_no":"508-123","floor_unit":"4층404호","structure":"철근콘크리트조","area_m2":68.7,"area_pyeong":20.8,"appraisal":218000000,"min_bid":139520000,"min_bid_rate":64,"discount_pct":36.0,"fail_count":3,"round_no":3,"sale_date":"2026-09-03","sale_time":"10:00","sale_place":"경매법정(제4별관211호)","decision_date":"2026-09-10","view_count":10,"related_items":0,"special_conditions":"조건코드 0004302, 조건코드 0004303","special_cond_codes":"0004302,0004303","status_code":"01","progress_code":"0002100001","coord_source":"tm128","geocode_failed":false,"collected_at":"2026-09-02T17:12:37+09:00","pnu":"1129013300105080123"}},{"type":"Feature","geometry":{"type":"Point","coordinates":[127.00339268196798,37.59934030495664]},"properties":{"layer":"auction","id":"B000210200801300250921316","name":"2008타경25092(13)","category":"아파트","color":"#1abc9c","court":"서울중앙지방법원","court_code":"B000210","case_no":"2008타경25092","item_no":13,"dup_case_no":"2015타경19958","dept":"경매2계","dept_tel":"530-1814(제4별관 민사집행과)","usage":"아파트","address":"서울특별시 성북구 정릉동 508-123 5층501호","jibun_address":"서울특별시 성북구 정릉동 508-123","sido":"서울특별시","sigungu":"성북구","dong":"정릉동","lot_no":"508-123","floor_unit":"5층501호","structure":"철근콘크리트조","area_m2":69.19,"area_pyeong":20.9,"appraisal":213000000,"min_bid":136320000,"min_bid_rate":64,"discount_pct":36.0,"fail_count":3,"round_no":3,"sale_date":"2026-09-03","sale_time":"10:00","sale_place":"경매법정(제4별관211호)","decision_date":"2026-09-10","view_count":11,"related_items":1,"special_conditions":"조건코드 0004302, 조건코드 0004303","special_cond_codes":"0004302,0004303","status_code":"01","progress_code":"0002100001","coord_source":"tm128","geocode_failed":false,"collected_at":"2026-09-02T17:12:37+09:00","pnu":"1129013300105080123"}},{"type":"Feature","geometry":{"type":"Point","coordinates":[127.00339268196798,37.59934030495664]},"properties":{"layer":"auction","id":"B000210200801300250921417","name":"2008타경25092(14)","category":"아파트","color":"#1abc9c","court":"서울중앙지방법원","court_code":"B000210","case_no":"2008타경25092","item_no":14,"dup_case_no":"2015타경19958","dept":"경매2계","dept_tel":"530-1814(제4별관 민사집행과)","usage":"아파트","address":"서울특별시 성북구 정릉동 508-123 5층502호","jibun_address":"서울특별시 성북구 정릉동 508-123","sido":"서울특별시","sigungu":"성북구","dong":"정릉동","lot_no":"508-123","floor_unit":"5층502호","structure":"철근콘크리트조","area_m2":72.3,"area_pyeong":21.9,"appraisal":223000000,"min_bid":142720000,"min_bid_rate":64,"discount_pct":36.0,"fail_count":3,"round_no":3,"sale_date":"2026-09-03","sale_time":"10:00","sale_place":"경매법정(제4별관211호)","decision_date":"2026-09-10","view_count":11,"related_items":2,"special_conditions":"조건코드 0004302, 조건코드 0004303","special_cond_codes":"0004302,0004303","status_code":"01","progress_code":"0002100001","coord_source":"tm128","geocode_failed":false,"collected_at":"2026-09-02T17:12:37+09:00","pnu":"1129013300105080123"}},{"type":"Feature","geometry":{"type":"Point","coordinates":[127.00339268196798,37.59934030495664]},"properties":{"layer":"auction","id":"B000210200801300250921518","name":"2008타경25092(15)","category":"아파트","color":"#1abc9c","court":"서울중앙지방법원","court_code":"B000210","case_no":"2008타경25092","item_no":15,"dup_case_no":"2015타경19958","dept":"경매2계","dept_tel":"530-1814(제4별관 민사집행과)","usage":"아파트","address":"서울특별시 성북구 정릉동 508-123 5층503호","jibun_address":"서울특별시 성북구 정릉동 508-123","sido":"서울특별시","sigungu":"성북구","dong":"정릉동","lot_no":"508-123","floor_unit":"5층503호","structure":"철근콘크리트조","area_m2":69.42,"area_pyeong":21.0,"appraisal":214000000,"min_bid":136960000,"min_bid_rate":64,"discount_pct":36.0,"fail_count":3,"round_no":3,"sale_date":"2026-09-03","sale_time":"10:00","sale_place":"경매법정(제4별관211호)","decision_date":"2026-09-10","view_count":13,"related_items":1,"special_conditions":"조건코드 0004302, 조건코드 0004303","special_cond_codes":"0004302,0004303","status_code":"01","progress_code":"0002100001","coord_source":"tm128","geocode_failed":false,"collected_at":"2026-09-02T17:12:37+09:00","pnu":"1129013300105080123"}},{"type":"Feature","geometry":{"type":"Point","coordinates":[127.00899959514572,37.601811248063136]},"properties":{"layer":"auction","id":"B0002102011013002849711","name":"2011타경28497(1)","category":"아파트","color":"#1abc9c","court":"서울중앙지방법원","court_code":"B000210","case_no":"2011타경28497","item_no":1,"dup_case_no":"2015타경14083<br/>2021타경102844","dept":"경매1계","dept_tel":"530-1820 (제4별관 민사집행과)","usage":"아파트","address":"서울특별시 성북구 정릉동 1032 정릉2차 대주피오레 203동 4층 401호","jibun_address":"서울특별시 성북구 정릉동 1032","sido":"서울특별시","sigungu":"성북구","dong":"정릉동","lot_no":"1032","building_name":"정릉2차 대주피오레","floor_unit":"203동 4층 401호","structure":"철근콘크리트구조","area_m2":84.99,"area_pyeong":25.7,"appraisal":711000000,"min_bid":711000000,"min_bid_rate":100,"discount_pct":0.0,"fail_count":1,"round_no":1,"sale_date":"2026-09-08","sale_time":"10:00","sale_place":"경매법정(제4별관211호)","decision_date":"2026-09-15","view_count":55,"related_items":5,"status_code":"01","progress_code":"0002100001","coord_source":"tm128","geocode_failed":false,"collected_at":"2026-09-02T17:12:37+09:00","pnu":"1129013300110320000","price_unit":372000000,"price_unit_area":84.99,"price_complex":"정릉2차대주피오레","price_complex_type":"아파트","price_complex_units":169,"price_by_area":[{"area":84.98,"units":82,"avg":373939024},{"area":84.99,"units":50,"avg":370760000},{"area":59.96,"units":37,"avg":323675675}],"price_base":"2026.01","price_ratio":191.1,"bld_name":"정릉2차 대주피오레 203동","bld_use":"공동주택","bld_struct":"철근콘크리트구조","bld_approval":"2008-05-30","bld_age":18,"bld_floors":"지상 8층","bld_height_m":21.7,"bld_total_area":3358.3712,"bld_land_area":0.0,"bld_bcr":0.0,"bld_far":0.0,"bld_violation":false,"bld_count":11}},{"type":"Feature","geometry":{"type":"Point","coordinates":[127.02248128619432,37.566746836289]},"properties":{"layer":"auction","id":"B0002102023013011164411","name":"2023타경111644(1)","category":"아파트","color":"#1abc9c","court":"서울중앙지방법원","court_code":"B000210","case_no":"2023타경111644","item_no":1,"dept":"경매2계","dept_tel":"530-1814(제4별관 민사집행과)","usage":"아파트","address":"서울특별시 중구 난계로11길 30 13층102-1303호 (황학동,황학동코아루)","jibun_address":"서울특별시 중구 황학동 882","sido":"서울특별시","sigungu":"중구","dong":"황학동","lot_no":"882","building_name":"황학동코아루","floor_unit":"13층102-1303호","area_m2":84.96,"area_pyeong":25.7,"appraisal":416500000,"min_bid":333200000,"min_bid_rate":80,"discount_pct":20.0,"fail_count":1,"round_no":2,"sale_date":"2026-09-03","sale_time":"10:00","sale_place":"경매법정(제4별관211호)","decision_date":"2026-09-10","view_count":10,"related_items":6,"special_conditions":"특별매각조건","special_cond_codes":"0004306","note":"- 지분매각(공유자 우선매수 1회에 한함)\n-특별매각조건 매수신청보증금 최저매각가격의 20%","status_code":"01","progress_code":"0002100001","coord_source":"tm128","geocode_failed":false,"collected_at":"2026-09-02T17:12:37+09:00","pnu":"1114016500108820000","price_complex":"황학동코아루","price_complex_type":"아파트","price_complex_units":112,"price_by_area":[{"area":84.94,"units":36,"avg":597750000},{"area":84.95,"units":30,"avg":594733333},{"area":84.96,"units":29,"avg":596379310},{"area":136.91,"units":9,"avg":786444444},{"area":146.02,"units":1,"avg":871000000},{"area":78.57,"units":1,"avg":575000000}],"price_base":"2026.01","bld_name":"황학동 코아루","bld_use":"공동주택","bld_struct":"철근콘크리트구조","bld_approval":"2010-10-29","bld_age":16,"bld_floors":"지상 20층 / 지하 3층","bld_height_m":56.6,"bld_total_area":24468.11,"bld_land_area":3574.0,"bld_bcr":39.51,"bld_far":453.39,"bld_violation":false,"bld_count":2}},{"type":"Feature","geometry":{"type":"Point","coordinates":[127.0044676181501,37.51165963318612]},"properties":{"layer":"auction","id":"B0002102024013011135111","name":"2024타경111351(1)","category":"아파트","color":"#1abc9c","court":"서울중앙지방법원","court_code":"B000210","case_no":"2024타경111351","item_no":1,"dup_case_no":"2025타경104576","dept":"경매8계","dept_tel":"530-1818(제4별관 민사집행과)","usage":"아파트","address":"서울특별시 서초구 신반포로23길 41 112동 9층907호 (잠원동,신반포아파트)","jibun_address":"서울특별시 서초구 잠원동 73","sido":"서울특별시","sigungu":"서초구","dong":"잠원동","lot_no":"73","building_name":"신반포아파트","floor_unit":"112동 9층907호","structure":"철근콩크리트조","area_m2":68.91,"area_pyeong":20.8,"appraisal":2320000000,"min_bid":2320000000,"min_bid_rate":100,"discount_pct":0.0,"fail_count":0,"round_no":0,"sale_date":"2026-09-09","sale_time":"10:00","sale_place":"제4별관제211호법정(2층)","decision_date":"2026-09-16","view_count":0,"related_items":29,"status_code":"01","progress_code":"0002100001","coord_source":"tm128","geocode_failed":false,"zone_name":"신반포2차","zone_category":"정비사업","zone_subtype":"신속통합기획","zone_stage":"기획완료","zone_id":"redev_2213","collected_at":"2026-09-02T17:12:37+09:00","pnu":"1165010600100730000","price_unit":2885000000,"price_unit_area":68.91,"price_complex":"신반포2","price_complex_type":"아파트","price_complex_units":1572,"price_by_area":[{"area":107.31,"units":360,"avg":3961250000},{"area":68.91,"units":336,"avg":2814750000},{"area":79.42,"units":288,"avg":2959250000},{"area":92.2,"units":192,"avg":3388416666},{"area":93.71,"units":144,"avg":3415000000},{"area":150.58,"units":96,"avg":5152166666}],"price_base":"2026.01","price_ratio":80.4,"bld_name":"신반포아파트 112동","bld_use":"공동주택","bld_struct":"철근콘크리트구조","bld_approval":"1978-06-30","bld_age":48,"bld_floors":"지상 12층 / 지하 1층","bld_height_m":0.0,"bld_total_area":12462.65,"bld_land_area":0.0,"bld_bcr":0.0,"bld_far":0.0,"bld_violation":false,"bld_count":15}},{"type":"Feature","geometry":{"type":"Point","coordinates":[127.05954662264139,37.516750814906864]},"properties":{"layer":"auction","id":"B0002102025013000281211","name":"2025타경2812(1)","category":"아파트","color":"#1abc9c","court":"서울중앙지방법원","court_code":"B000210","case_no":"2025타경2812","item_no":1,"dept":"경매12계","dept_tel":"02-3485-3244","usage":"아파트","address":"서울특별시 강남구 삼성동 90 삼성브르넨 16층1601호","jibun_address":"서울특별시 강남구 삼성동 90","sido":"서울특별시","sigungu":"강남구","dong":"삼성동","lot_no":"90","building_name":"삼성브르넨","floor_unit":"16층1601호","structure":"철근콘크리트구조","area_m2":41.5,"area_pyeong":12.6,"area_list":[22.37,41.5],"appraisal":3274000000,"min_bid":3274000000,"min_bid_rate":100,"discount_pct":0.0,"fail_count":0,"round_no":0,"sale_date":"2026-09-10","sale_time":"10:00","sale_place":"제4별관제211호법정(2층)","decision_date":"2026-09-17","view_count":0,"related_items":3,"status_code":"01","progress_code":"0002100001","coord_source":"tm128","geocode_failed":false,"collected_at":"2026-09-02T17:12:37+09:00","pnu":"1168010500100900000","price_complex":"브르넨삼성","price_complex_type":"아파트","price_complex_units":22,"price_by_area":[{"area":40.07,"units":6,"avg":1432333333},{"area":63.87,"units":6,"avg":2006333333},{"area":49.86,"units":6,"avg":1634333333},{"area":39.86,"units":1,"avg":1295000000},{"area":120.72,"units":1,"avg":3307000000},{"area":96.26,"units":1,"avg":3375000000}],"price_base":"2026.01","bld_use":"제2종근린생활시설","bld_struct":"철골콘크리트구조","bld_approval":"2005-03-25","bld_age":21,"bld_floors":"지상 4층","bld_height_m":12.76,"bld_total_area":859.75,"bld_land_area":518.4,"bld_bcr":57.54,"bld_far":165.85,"bld_violation":false,"bld_count":1}},{"type":"Feature","geometry":{"type":"Point","coordinates":[126.99007268397186,37.491155791596064]},"properties":{"layer":"auction","id":"B0002102025013000295911","name":"2025타경2959(1)","category":"아파트","color":"#1abc9c","court":"서울중앙지방법원","court_code":"B000210","case_no":"2025타경2959","item_no":1,"dept":"경매1계","dept_tel":"530-1820 (제4별관 민사집행과)","usage":"아파트","address":"서울특별시 서초구 방배동 815-22 설록아파트 4층401호","jibun_address":"서울특별시 서초구 방배동 815-22","sido":"서울특별시","sigungu":"서초구","dong":"방배동","lot_no":"815-22","building_name":"설록아파트","floor_unit":"4층401호","area_m2":150.09,"area_pyeong":45.4,"appraisal":2190000000,"min_bid":1752000000,"min_bid_rate":80,"discount_pct":20.0,"fail_count":1,"round_no":1,"sale_date":"2026-09-08","sale_time":"10:00","sale_place":"경매법정(제4별관211호)","decision_date":"2026-09-15","view_count":0,"related_items":22,"status_code":"01","progress_code":"0002100001","coord_source":"tm128","geocode_failed":false,"collected_at":"2026-09-02T17:12:37+09:00","pnu":"1165010100108150022","price_unit":950000000,"price_unit_area":150.09,"price_complex":"설록","price_complex_type":"아파트","price_complex_units":18,"price_by_area":[{"area":121.78,"units":7,"avg":792285714},{"area":150.09,"units":3,"avg":935666666},{"area":70.83,"units":1,"avg":535000000},{"area":98.51,"units":1,"avg":651000000},{"area":84.74,"units":1,"avg":575000000},{"area":123.51,"units":1,"avg":755000000}],"price_base":"2026.01","price_ratio":184.4,"bld_name":"설록아파트","bld_use":"공동주택","bld_struct":"철근콘크리트구조","bld_approval":"2005-05-27","bld_age":21,"bld_floors":"지상 6층 / 지하 1층","bld_height_m":19.68,"bld_total_area":3124.24,"bld_land_area":962.5,"bld_bcr":49.38,"bld_far":246.63,"bld_violation":false,"bld_count":1}},{"type":"Feature","geometry":{"type":"Point","coordinates":[126.93935119783518,37.468230643812426]},"properties":{"layer":"auction","id":"B0002102025013000386011","name":"2025타경3860(1)","category":"아파트","color":"#1abc9c","court":"서울중앙지방법원","court_code":"B000210","case_no":"2025타경3860","item_no":1,"dept":"경매4계","dept_tel":"530-1816(제4별관 민사집행과)","usage":"아파트","address":"서울특별시 관악구 신림동 244 관악아파트 3동 3층306호","jibun_address":"서울특별시 관악구 신림동 244","sido":"서울특별시","sigungu":"관악구","dong":"신림동","lot_no":"244","building_name":"관악아파트","floor_unit":"3동 3층306호","structure":"철근콘크리트조","area_m2":56.39,"area_pyeong":17.1,"appraisal":255000000,"min_bid":255000000,"min_bid_rate":100,"discount_pct":0.0,"fail_count":0,"round_no":0,"sale_date":"2026-09-22","sale_time":"10:00","sale_place":"제4별관2층211호경매법정","decision_date":"2026-09-29","view_count":0,"related_items":0,"note":"지분경매","status_code":"01","progress_code":"0002100001","coord_source":"tm128","geocode_failed":false,"zone_name":"관악아파트 소규모재건축사업","zone_category":"소규모 정비사업","zone_subtype":"소규모재건축사업","zone_stage":"조합설립인가","zone_id":"redev_1398","collected_at":"2026-09-02T17:12:37+09:00","pnu":"1162010200102440000","price_unit":280000000,"price_unit_area":56.39,"price_complex":"관악","price_complex_type":"아파트","price_complex_units":119,"price_by_area":[{"area":56.39,"units":88,"avg":266079545},{"area":57.43,"units":30,"avg":266000000},{"area":62.69,"units":1,"avg":259000000}],"price_base":"2026.01","price_ratio":91.1,"bld_name":"제3동","bld_use":"공동주택","bld_struct":"철근콘크리트구조","bld_approval":"1983-12-20","bld_age":43,"bld_floors":"지상 5층 / 지하 1층","bld_height_m":0.0,"bld_total_area":2030.04,"bld_land_area":0.0,"bld_bcr":0.0,"bld_far":0.0,"bld_violation":false,"bld_count":6}},{"type":"Feature","geometry":{"type":"Point","coordinates":[126.95069357365333,37.48982188793573]},"properties":{"layer":"auction","id":"B0002102025013000402311","name":"2025타경4023(1)","category":"아파트","color":"#1abc9c","court":"서울중앙지방법원","court_code":"B000210","case_no":"2025타경4023","item_no":1,"dept":"경매4계","dept_tel":"530-1816(제4별관 민사집행과)","usage":"아파트","address":"서울특별시 관악구 봉천동 1712 관악드림타운 110동 12층1202호","jibun_address":"서울특별시 관악구 봉천동 1712","sido":"서울특별시","sigungu":"관악구","dong":"봉천동","lot_no":"1712","building_name":"관악드림타운","floor_unit":"110동 12층1202호","area_m2":114.75,"area_pyeong":34.7,"appraisal":1202000000,"min_bid":1202000000,"min_bid_rate":100,"discount_pct":0.0,"fail_count":0,"round_no":0,"sale_date":"2026-09-22","sale_time":"10:00","sale_place":"제4별관2층211호경매법정","decision_date":"2026-09-29","view_count":0,"related_items":0,"status_code":"01","progress_code":"0002100001","coord_source":"tm128","geocode_failed":false,"collected_at":"2026-09-02T17:12:37+09:00","pnu":"1162010100117120000","price_unit":752000000,"price_unit_area":114.75,"price_complex":"관악드림(동아)","price_complex_type":"아파트","price_complex_units":2184,"price_by_area":[{"area":84.96,"units":1468,"avg":653358310},{"area":114.75,"units":784,"avg":725696428},{"area":60.0,"units":396,"avg":576777777},{"area":59.85,"units":324,"avg":556950617},{"area":59.83,"units":324,"avg":573185185},{"area":102.0,"units":248,"avg":707129032}],"price_base":"2026.01","price_ratio":159.8,"bld_name":"관악드림타운 110동","bld_use":"공동주택","bld_struct":"철근콘크리트구조","bld_approval":"2003-09-06","bld_age":23,"bld_floors":"지상 22층 / 지하 1층","bld_height_m":63.16,"bld_total_area":17536.02,"bld_land_area":0.0,"bld_bcr":0.0,"bld_far":0.0,"bld_violation":false,"bld_count":104}},{"type":"Feature","geometry":{"type":"Point","coordinates":[126.99343815429526,37.49401378431587]},"properties":{"layer":"auction","id":"B0002102025013010260011","name":"2025타경102600(1)","category":"아파트","color":"#1abc9c","court":"서울중앙지방법원","court_code":"B000210","case_no":"2025타경102600","item_no":1,"dup_case_no":"2025타경3594","dept":"경매2계","dept_tel":"530-1814(제4별관 민사집행과)","usage":"아파트","address":"서울특별시 서초구 방배동 797-22 방배5차상지리츠빌 2층202호","jibun_address":"서울특별시 서초구 방배동 797-22","sido":"서울특별시","sigungu":"서초구","dong":"방배동","lot_no":"797-22","building_name":"방배5차상지리츠빌","floor_unit":"2층202호","area_m2":136.06,"area_pyeong":41.2,"appraisal":1940000000,"min_bid":1552000000,"min_bid_rate":80,"discount_pct":20.0,"fail_count":1,"round_no":1,"sale_date":"2026-09-03","sale_time":"10:00","sale_place":"경매법정(제4별관211호)","decision_date":"2026-09-10","view_count":0,"related_items":21,"status_code":"01","progress_code":"0002100001","coord_source":"tm128","geocode_failed":false,"collected_at":"2026-09-02T17:12:37+09:00","pnu":"1165010100107970022","price_unit":1271000000,"price_unit_area":136.06,"price_complex":"방배5차상지리츠빌","price_complex_type":"아파트","price_complex_units":17,"price_by_area":[{"area":136.06,"units":5,"avg":1283600000},{"area":140.64,"units":5,"avg":1424000000},{"area":133.54,"units":3,"avg":1246333333},{"area":123.21,"units":1,"avg":1159000000},{"area":138.19,"units":1,"avg":1241000000},{"area":182.56,"units":1,"avg":1828000000}],"price_base":"2026.01","price_ratio":122.1,"bld_name":"방배5차 상지리츠빌","bld_use":"공동주택","bld_struct":"철근콘크리트구조","bld_approval":"2004-03-08","bld_age":22,"bld_floors":"지상 6층 / 지하 2층","bld_height_m":18.8,"bld_total_area":3937.12,"bld_land_area":1062.1,"bld_bcr":45.28,"bld_far":241.45,"bld_violation":false,"bld_count":1}},{"type":"Feature","geometry":{"type":"Point","coordinates":[126.97579461179318,37.553827083501055]},"properties":{"layer":"auction","id":"B0002102025013010264511","name":"2025타경102645(1)","category":"아파트","color":"#1abc9c","court":"서울중앙지방법원","court_code":"B000210","case_no":"2025타경102645","item_no":1,"dup_case_no":"2025타경2218","dept":"경매1계","dept_tel":"530-1820 (제4별관 민사집행과)","usage":"아파트","address":"서울특별시 중구 남대문로5가 827 남산트라팰리스 3층303호","jibun_address":"서울특별시 중구 남대문로5가 827","sido":"서울특별시","sigungu":"중구","dong":"남대문로5가","lot_no":"827","building_name":"남산트라팰리스","floor_unit":"3층303호","area_m2":142.23,"area_pyeong":43.0,"appraisal":2200000000,"min_bid":1760000000,"min_bid_rate":80,"discount_pct":20.0,"fail_count":1,"round_no":1,"sale_date":"2026-09-08","sale_time":"10:00","sale_place":"경매법정(제4별관211호)","decision_date":"2026-09-15","view_count":0,"related_items":44,"status_code":"01","progress_code":"0002100001","coord_source":"tm128","geocode_failed":false,"zone_name":"서울역 일대","zone_category":"기타사업","zone_subtype":"도시재생활성화지역","zone_stage":"사업완료","zone_id":"redev_1474","collected_at":"2026-09-02T17:12:37+09:00","pnu":"1114011800108270000","price_unit":1211000000,"price_unit_area":142.23,"price_complex":"남산트라팰리스","price_complex_type":"아파트","price_complex_units":136,"price_by_area":[{"area":148.47,"units":34,"avg":1524970588},{"area":142.23,"units":34,"avg":1590647058},{"area":126.78,"units":33,"avg":1422575757},{"area":116.11,"units":33,"avg":1357969696},{"area":190.28,"units":1,"avg":1934000000},{"area":206.36,"units":1,"avg":2067000000}],"price_base":"2026.01","price_ratio":145.3,"bld_name":"남산트라팰리스","bld_use":"업무시설","bld_struct":"철골철근콘크리트구조","bld_approval":"2010-05-19","bld_age":16,"bld_floors":"지상 37층 / 지하 6층","bld_height_m":119.7,"bld_total_area":79442.23,"bld_land_area":5346.1,"bld_bcr":47.7,"bld_far":999.0,"bld_violation":false,"bld_count":2}},{"type":"Feature","geometry":{"type":"Point","coordinates":[126.92809266643621,37.484807640682945]},"properties":{"layer":"auction","id":"B0002102025013010284411","name":"2025타경102844(1)","category":"아파트","color":"#1abc9c","court":"서울중앙지방법원","court_code":"B000210","case_no":"2025타경102844","item_no":1,"dept":"경매8계","dept_tel":"530-1818(제4별관 민사집행과)","usage":"아파트","address":"서울특별시 관악구 신림동 1433-55 프라비다트라움 10층1005호","jibun_address":"서울특별시 관악구 신림동 1433-55","sido":"서울특별시","sigungu":"관악구","dong":"신림동","lot_no":"1433-55","building_name":"프라비다트라움","floor_unit":"10층1005호","area_m2":14.05,"area_pyeong":4.3,"appraisal":140000000,"min_bid":112000000,"min_bid_rate":80,"discount_pct":20.0,"fail_count":3,"round_no":3,"sale_date":"2026-09-09","sale_time":"10:00","sale_place":"제4별관제211호법정(2층)","decision_date":"2026-09-16","view_count":0,"related_items":6,"note":"임차보증금반환채권승계인 주택도시보증공사의 매수인에 대한 대항력 포기조건 매각","status_code":"01","progress_code":"0002100001","coord_source":"tm128","geocode_failed":false,"collected_at":"2026-09-02T17:12:37+09:00","pnu":"1162010200114330055","price_unit":90200000,"price_unit_area":14.05,"price_complex":"프라비다트라움","price_complex_type":"아파트","price_complex_units":130,"price_by_area":[{"area":14.06,"units":83,"avg":87754216},{"area":14.05,"units":47,"avg":87582978}],"price_base":"2026.01","price_ratio":124.2,"bld_floors":"지상 0층","bld_height_m":0.0,"bld_total_area":0.0,"bld_land_area":0.0,"bld_bcr":0.0,"bld_far":0.0,"bld_violation":false,"bld_count":2}},{"type":"Feature","geometry":{"type":"Point","coordinates":[126.93849306878124,37.48096383025497]},"properties":{"layer":"auction","id":"B0002102025013010302411","name":"2025타경103024(1)","category":"아파트","color":"#1abc9c","court":"서울중앙지방법원","court_code":"B000210","case_no":"2025타경103024","item_no":1,"dept":"경매2계","dept_tel":"530-1814(제4별관 민사집행과)","usage":"아파트","address":"서울특별시 관악구 봉천동 1531-34 대경아파트 3층305호","jibun_address":"서울특별시 관악구 봉천동 1531-34","sido":"서울특별시","sigungu":"관악구","dong":"봉천동","lot_no":"1531-34","building_name":"대경아파트","floor_unit":"3층305호","area_m2":71.4,"area_pyeong":21.6,"appraisal":495000000,"min_bid":396000000,"min_bid_rate":80,"discount_pct":20.0,"fail_count":1,"round_no":1,"sale_date":"2026-09-03","sale_time":"10:00","sale_place":"경매법정(제4별관211호)","decision_date":"2026-09-10","view_count":0,"related_items":9,"status_code":"01","progress_code":"0002100001","coord_source":"tm128","geocode_failed":false,"zone_name":"청룡동 1535","zone_category":"소규모 정비사업","zone_subtype":"모아타운","zone_stage":"위원회심의","zone_id":"redev_1882","collected_at":"2026-09-02T17:12:37+09:00","pnu":"1162010100115310034","price_unit":266000000,"price_unit_area":71.4,"price_complex":"대경","price_complex_type":"아파트","price_complex_units":19,"price_by_area":[{"area":76.78,"units":12,"avg":280750000},{"area":71.4,"units":3,"avg":256333333},{"area":53.48,"units":1,"avg":211000000},{"area":66.6,"units":1,"avg":248000000},{"area":70.14,"units":1,"avg":248000000},{"area":66.0,"units":1,"avg":240000000}],"price_base":"2026.01","price_ratio":148.9,"bld_name":"대경아파트","bld_use":"공동주택","bld_struct":"철근콘크리트구조","bld_approval":"2004-10-18","bld_age":22,"bld_floors":"지상 5층 / 지하 1층","bld_height_m":14.4,"bld_total_area":2048.95,"bld_land_area":636.0,"bld_bcr":56.53,"bld_far":240.66,"bld_violation":false,"bld_count":1}},{"type":"Feature","geometry":{"type":"Point","coordinates":[127.04076733940751,37.483197858940045]},"properties":{"layer":"auction","id":"B0002102025013010314811","name":"2025타경103148(1)","category":"아파트","color":"#1abc9c","court":"서울중앙지방법원","court_code":"B000210","case_no":"2025타경103148","item_no":1,"dup_case_no":"2025타경1888<br/>2026타경101184","dept":"경매8계","dept_tel":"530-1818(제4별관 민사집행과)","usage":"아파트","address":"서울특별시 서초구 양재동 7-45 4층401호","jibun_address":"서울특별시 서초구 양재동 7-45","sido":"서울특별시","sigungu":"서초구","dong":"양재동","lot_no":"7-45","floor_unit":"4층401호","area_m2":107.84,"area_pyeong":32.6,"appraisal":1060650000,"min_bid":678816000,"min_bid_rate":64,"discount_pct":36.0,"fail_count":2,"round_no":2,"sale_date":"2026-09-09","sale_time":"10:00","sale_place":"제4별관제211호법정(2층)","decision_date":"2026-09-16","view_count":0,"related_items":26,"note":"제시외 건물 포함","status_code":"01","progress_code":"0002100001","coord_source":"tm128","geocode_failed":false,"collected_at":"2026-09-02T17:12:37+09:00","pnu":"1165010200100070045","price_unit":503000000,"price_unit_area":107.84,"price_complex":"대흥","price_complex_type":"아파트","price_complex_units":16,"price_by_area":[{"area":56.65,"units":12,"avg":365500000},{"area":93.26,"units":1,"avg":473000000},{"area":98.42,"units":1,"avg":475000000},{"area":107.84,"units":1,"avg":503000000},{"area":45.6,"units":1,"avg":287000000}],"price_base":"2026.01","price_ratio":135.0,"bld_use":"공동주택","bld_struct":"철근콘크리트구조","bld_approval":"2002-09-16","bld_age":24,"bld_floors":"지상 5층 / 지하 1층","bld_height_m":13.8,"bld_total_area":1400.79,"bld_land_area":474.5,"bld_bcr":57.21,"bld_far":237.53,"bld_violation":true,"bld_count":1}},{"type":"Feature","geometry":{"type":"Point","coordinates":[126.98084861673208,37.559186914713905]},"properties":{"layer":"auction","id":"B0002102025013010315511","name":"2025타경103155(1)","category":"아파트","color":"#1abc9c","court":"서울중앙지방법원","court_code":"B000210","case_no":"2025타경103155","item_no":1,"dept":"경매2계","dept_tel":"530-1814(제4별관 민사집행과)","usage":"아파트","address":"서울특별시 중구 회현동1가 206 리더스뷰남산 5층윌로우502호","jibun_address":"서울특별시 중구 회현동1가 206","sido":"서울특별시","sigungu":"중구","dong":"회현동1가","lot_no":"206","building_name":"리더스뷰남산","floor_unit":"5층윌로우502호","area_m2":176.26,"area_pyeong":53.3,"appraisal":2486000000,"min_bid":2486000000,"min_bid_rate":100,"discount_pct":0.0,"fail_count":0,"round_no":0,"sale_date":"2026-09-03","sale_time":"10:00","sale_place":"경매법정(제4별관211호)","decision_date":"2026-09-10","view_count":0,"related_items":8,"status_code":"01","progress_code":"0002100001","coord_source":"tm128","geocode_failed":false,"zone_name":"서울역 일대","zone_category":"기타사업","zone_subtype":"도시재생활성화지역","zone_stage":"사업완료","zone_id":"redev_1474","collected_at":"2026-09-02T17:12:37+09:00","pnu":"1114012100102060000","price_complex":"SK리더스뷰남산","price_complex_type":"아파트","price_complex_units":233,"price_by_area":[{"area":137.53,"units":50,"avg":1347620000},{"area":205.62,"units":48,"avg":1796041666},{"area":122.7,"units":25,"avg":1240080000},{"area":137.57,"units":25,"avg":1333040000},{"area":176.26,"units":25,"avg":1530160000},{"area":115.04,"units":24,"avg":1190208333}],"price_base":"2026.01","bld_name":"리더스뷰남산","bld_use":"공동주택","bld_struct":"철근콘크리트구조","bld_approval":"2010-01-11","bld_age":16,"bld_floors":"지상 30층 / 지하 7층","bld_height_m":106.82,"bld_total_area":79290.01,"bld_land_area":5088.9,"bld_bcr":52.81,"bld_far":970.68,"bld_violation":false,"bld_count":1}},{"type":"Feature","geometry":{"type":"Point","coordinates":[126.99730453307325,37.506805530332976]},"properties":{"layer":"auction","id":"B0002102025013010326211","name":"2025타경103262(1)","category":"아파트","color":"#1abc9c","court":"서울중앙지방법원","court_code":"B000210","case_no":"2025타경103262","item_no":1,"dept":"경매12계","dept_tel":"02-3485-3244","usage":"아파트","address":"서울특별시 서초구 반포동 1 래미안원베일리 105동 24층2405호","jibun_address":"서울특별시 서초구 반포동 1","sido":"서울특별시","sigungu":"서초구","dong":"반포동","lot_no":"1","building_name":"래미안원베일리","floor_unit":"105동 24층2405호","area_m2":116.97,"area_pyeong":35.4,"appraisal":8800000000,"min_bid":8800000000,"min_bid_rate":100,"discount_pct":0.0,"fail_count":0,"round_no":0,"sale_date":"2026-09-10","sale_time":"10:00","sale_place":"제4별관제211호법정(2층)","decision_date":"2026-09-17","view_count":0,"related_items":18,"status_code":"01","progress_code":"0002100001","coord_source":"tm128","geocode_failed":false,"collected_at":"2026-09-02T17:12:37+09:00","pnu":"1165010700100010000","price_unit":6075000000,"price_unit_area":116.97,"price_complex":"래미안원베일리","price_complex_type":"아파트","price_complex_units":2842,"price_by_area":[{"area":59.96,"units":594,"avg":3144414141},{"area":84.98,"units":472,"avg":4507900423},{"area":84.95,"units":281,"avg":4427943060},{"area":133.91,"units":225,"avg":6500786666},{"area":116.93,"units":169,"avg":5801520710},{"area":116.95,"units":159,"avg":5878232704}],"price_base":"2026.01","price_ratio":144.9}},{"type":"Feature","geometry":{"type":"Point","coordinates":[127.06233911847876,37.49242642580771]},"properties":{"layer":"auction","id":"B0002102025013010332511","name":"2025타경103325(1)","category":"아파트","color":"#1abc9c","court":"서울중앙지방법원","court_code":"B000210","case_no":"2025타경103325","item_no":1,"dept":"경매8계","dept_tel":"530-1818(제4별관 민사집행과)","usage":"아파트","address":"서울특별시 강남구 대치동 506 선경아파트 2동 14층1403호","jibun_address":"서울특별시 강남구 대치동 506","sido":"서울특별시","sigungu":"강남구","dong":"대치동","lot_no":"506","building_name":"선경아파트","floor_unit":"2동 14층1403호","structure":"철근콩크리트조","area_m2":174.0,"area_pyeong":52.6,"appraisal":5710000000,"min_bid":4568000000,"min_bid_rate":80,"discount_pct":20.0,"fail_count":1,"round_no":1,"sale_date":"2026-09-09","sale_time":"10:00","sale_place":"제4별관제211호법정(2층)","decision_date":"2026-09-16","view_count":0,"related_items":35,"status_code":"01","progress_code":"0002100001","coord_source":"tm128","geocode_failed":false,"zone_name":"대치선경","zone_category":"정비사업","zone_subtype":"신속통합기획","zone_stage":"대상지선정(추진중)","zone_id":"redev_0992","collected_at":"2026-09-02T17:12:37+09:00","pnu":"1168010600105060000","price_complex":"선경1차(1동-7동)","price_complex_type":"아파트","price_complex_units":644,"price_by_area":[{"area":136.68,"units":252,"avg":3760357142},{"area":127.75,"units":180,"avg":3591166666},{"area":117.7,"units":168,"avg":3351285714},{"area":84.35,"units":140,"avg":2931142857},{"area":84.55,"units":120,"avg":2862266666},{"area":160.76,"units":90,"avg":4136866666}],"price_base":"2026.01","bld_name":"선경아파트2동","bld_use":"공동주택","bld_struct":"철근콘크리트구조","bld_approval":"1983-12-12","bld_age":43,"bld_floors":"지상 15층 / 지하 1층","bld_height_m":0.0,"bld_total_area":15669.36,"bld_land_area":0.0,"bld_bcr":0.0,"bld_far":0.0,"bld_violation":false,"bld_count":21}},{"type":"Feature","geometry":{"type":"Point","coordinates":[126.99358664015858,37.49305993064744]},"properties":{"layer":"auction","id":"B0002102025013010333611","name":"2025타경103336(1)","category":"아파트","color":"#1abc9c","court":"서울중앙지방법원","court_code":"B000210","case_no":"2025타경103336","item_no":1,"dup_case_no":"2025타경3693","dept":"경매21계","dept_tel":"530-1822(제4별관 민사집행과)","usage":"아파트","address":"서울특별시 서초구 방배동 805-1 라빌레뜨 1층101호","jibun_address":"서울특별시 서초구 방배동 805-1","sido":"서울특별시","sigungu":"서초구","dong":"방배동","lot_no":"805-1","building_name":"라빌레뜨","floor_unit":"1층101호","area_m2":203.63,"area_pyeong":61.6,"appraisal":2860000000,"min_bid":2860000000,"min_bid_rate":100,"discount_pct":0.0,"fail_count":0,"round_no":0,"sale_date":"2026-09-15","sale_time":"10:00","sale_place":"경매법정(4별관211호)","decision_date":"2026-09-22","view_count":0,"related_items":4,"status_code":"01","progress_code":"0002100001","coord_source":"tm128","geocode_failed":false,"collected_at":"2026-09-02T17:12:37+09:00","pnu":"1165010100108050001","price_unit":2026000000,"price_unit_area":203.63,"price_complex":"라빌레뜨","price_complex_type":"아파트","price_complex_units":11,"price_by_area":[{"area":203.63,"units":3,"avg":2061333333},{"area":207.12,"units":3,"avg":2111000000},{"area":179.83,"units":1,"avg":1899000000},{"area":169.64,"units":1,"avg":1791000000},{"area":202.86,"units":1,"avg":2087000000},{"area":241.16,"units":1,"avg":2392000000}],"price_base":"2026.01","price_ratio":141.2,"bld_name":"장원빌라 라빌레뜨","bld_use":"공동주택","bld_struct":"철근콘크리트구조","bld_approval":"2003-10-15","bld_age":23,"bld_floors":"지상 6층 / 지하 2층","bld_height_m":16.96,"bld_total_area":3573.73,"bld_land_area":950.7,"bld_bcr":50.84,"bld_far":256.85,"bld_violation":false,"bld_count":1}},{"type":"Feature","geometry":{"type":"Point","coordinates":[127.00466365296002,37.57530224236812]},"properties":{"layer":"auction","id":"B0002102025013010339011","name":"2025타경103390(1)","category":"아파트","color":"#1abc9c","court":"서울중앙지방법원","court_code":"B000210","case_no":"2025타경103390","item_no":1,"dup_case_no":"2026타경100782","dept":"경매2계","dept_tel":"530-1814(제4별관 민사집행과)","usage":"아파트","address":"서울특별시 종로구 충신동 60 힐스테이트창경궁101동 14층1407호","jibun_address":"서울특별시 종로구 충신동 60","sido":"서울특별시","sigungu":"종로구","dong":"충신동","lot_no":"60","building_name":"힐스테이트창경궁101동","floor_unit":"14층1407호","area_m2":84.97,"area_pyeong":25.7,"appraisal":1210000000,"min_bid":1210000000,"min_bid_rate":100,"discount_pct":0.0,"fail_count":0,"round_no":0,"sale_date":"2026-09-03","sale_time":"10:00","sale_place":"경매법정(제4별관211호)","decision_date":"2026-09-10","view_count":0,"related_items":27,"status_code":"01","progress_code":"0002100001","coord_source":"tm128","geocode_failed":false,"zone_name":"충신동 91-6","zone_category":"정비사업","zone_subtype":"신속통합기획","zone_stage":"대상지선정(추진중)","zone_id":"redev_1217","collected_at":"2026-09-02T17:12:37+09:00","pnu":"1111016700100600000","price_unit":913000000,"price_unit_area":84.97,"price_complex":"힐스테이트창경궁","price_complex_type":"아파트","price_complex_units":181,"price_by_area":[{"area":84.95,"units":51,"avg":885549019},{"area":76.82,"units":39,"avg":786512820},{"area":84.97,"units":39,"avg":882820512},{"area":63.09,"units":26,"avg":731076923},{"area":84.96,"units":13,"avg":886076923},{"area":76.83,"units":12,"avg":800916666}],"price_base":"2026.01","price_ratio":132.5,"bld_name":"예일빌딩","bld_use":"업무시설","bld_struct":"철근콘크리트구조","bld_approval":"1984-01-21","bld_age":42,"bld_floors":"지상 9층 / 지하 1층","bld_height_m":43.05,"bld_total_area":8080.04,"bld_land_area":3453.9,"bld_bcr":25.71,"bld_far":189.74,"bld_violation":false,"bld_count":2}},{"type":"Feature","geometry":{"type":"Point","coordinates":[127.0583172051758,37.50113474330009]},"properties":{"layer":"auction","id":"B0002102025013010354211","name":"2025타경103542(1)","category":"아파트","color":"#1abc9c","court":"서울중앙지방법원","court_code":"B000210","case_no":"2025타경103542","item_no":1,"dept":"경매21계","dept_tel":"530-1822(제4별관 민사집행과)","usage":"아파트","address":"서울특별시 강남구 대치동 915-13 스카이써밋아파트 3층302호","jibun_address":"서울특별시 강남구 대치동 915-13","sido":"서울특별시","sigungu":"강남구","dong":"대치동","lot_no":"915-13","building_name":"스카이써밋아파트","floor_unit":"3층302호","area_m2":120.0,"area_pyeong":36.3,"appraisal":1660000000,"min_bid":1660000000,"min_bid_rate":100,"discount_pct":0.0,"fail_count":0,"round_no":0,"sale_date":"2026-09-15","sale_time":"10:00","sale_place":"경매법정(4별관211호)","decision_date":"2026-09-22","view_count":0,"related_items":4,"status_code":"01","progress_code":"0002100001","coord_source":"tm128","geocode_failed":false,"collected_at":"2026-09-02T17:12:37+09:00","pnu":"1168010600109150013","price_unit":930000000,"price_unit_area":120.0,"price_complex":"스카이써밋아파트","price_complex_type":"아파트","price_complex_units":10,"price_by_area":[{"area":120.0,"units":6,"avg":909000000},{"area":83.72,"units":2,"avg":664000000},{"area":111.09,"units":1,"avg":889000000},{"area":109.86,"units":1,"avg":866000000}],"price_base":"2026.01","price_ratio":178.5,"bld_name":"도성아파트","bld_use":"공동주택","bld_struct":"철근콘크리트구조","bld_approval":"2004-04-09","bld_age":22,"bld_floors":"지상 6층","bld_height_m":18.15,"bld_total_area":1457.7,"bld_land_area":486.8,"bld_bcr":55.2,"bld_far":299.45,"bld_violation":false,"bld_count":1}},{"type":"Feature","geometry":{"type":"Point","coordinates":[126.92101129043061,37.45903626099256]},"properties":{"layer":"auction","id":"B0002102025013010355511","name":"2025타경103555(1)","category":"아파트","color":"#1abc9c","court":"서울중앙지방법원","court_code":"B000210","case_no":"2025타경103555","item_no":1,"dup_case_no":"2026타경101347","dept":"경매12계","dept_tel":"02-3485-3244","usage":"아파트","address":"서울특별시 관악구 신림동 1735 관악산휴먼시아 229동 7층704호","jibun_address":"서울특별시 관악구 신림동 1735","sido":"서울특별시","sigungu":"관악구","dong":"신림동","lot_no":"1735","building_name":"관악산휴먼시아","floor_unit":"229동 7층704호","area_m2":84.96,"area_pyeong":25.7,"appraisal":730000000,"min_bid":730000000,"min_bid_rate":100,"discount_pct":0.0,"fail_count":0,"round_no":0,"sale_date":"2026-09-10","sale_time":"10:00","sale_place":"제4별관제211호법정(2층)","decision_date":"2026-09-17","view_count":0,"related_items":5,"status_code":"01","progress_code":"0002100001","coord_source":"tm128","geocode_failed":false,"collected_at":"2026-09-02T17:12:37+09:00","pnu":"1162010200117350000","price_unit":413000000,"price_unit_area":84.96,"price_complex":"관악산휴먼시아2단지","price_complex_type":"아파트","price_complex_units":2265,"price_by_area":[{"area":84.97,"units":876,"avg":431984018},{"area":114.7,"units":499,"avg":478438877},{"area":59.96,"units":329,"avg":366550151},{"area":59.99,"units":316,"avg":366009493},{"area":84.96,"units":114,"avg":421596491},{"area":84.98,"units":100,"avg":420140000}],"price_base":"2026.01","price_ratio":176.8,"bld_name":"관악산휴먼시아 229동","bld_use":"공동주택","bld_struct":"철근콘크리트구조","bld_approval":"2008-03-13","bld_age":18,"bld_floors":"지상 20층 / 지하 3층","bld_height_m":55.6,"bld_total_area":8994.72,"bld_land_area":0.0,"bld_bcr":0.0,"bld_far":0.0,"bld_violation":false,"bld_count":41}},{"type":"Feature","geometry":{"type":"Point","coordinates":[126.92470645160637,37.50729410450686]},"properties":{"layer":"auction","id":"B0002102025013010382011","name":"2025타경103820(1)","category":"아파트","color":"#1abc9c","court":"서울중앙지방법원","court_code":"B000210","case_no":"2025타경103820","item_no":1,"dept":"경매8계","dept_tel":"530-1818(제4별관 민사집행과)","usage":"아파트","address":"서울특별시 동작구 대방동 501 대림아파트 108동 1층106호","jibun_address":"서울특별시 동작구 대방동 501","sido":"서울특별시","sigungu":"동작구","dong":"대방동","lot_no":"501","building_name":"대림아파트","floor_unit":"108동 1층106호","structure":"철근콘크리트 벽식조","area_m2":84.92,"area_pyeong":25.7,"appraisal":1446000000,"min_bid":1446000000,"min_bid_rate":100,"discount_pct":0.0,"fail_count":0,"round_no":0,"sale_date":"2026-09-09","sale_time":"10:00","sale_place":"제4별관제211호법정(2층)","decision_date":"2026-09-16","view_count":0,"related_items":11,"status_code":"01","progress_code":"0002100001","coord_source":"tm128","geocode_failed":false,"collected_at":"2026-09-02T17:12:37+09:00","pnu":"1159010800105010000","price_unit":917000000,"price_unit_area":84.92,"price_complex":"대림아파트","price_complex_type":"아파트","price_complex_units":1628,"price_by_area":[{"area":84.92,"units":570,"avg":1034789473},{"area":59.84,"units":570,"avg":790673684},{"area":134.25,"units":298,"avg":1218322147},{"area":164.79,"units":190,"avg":1331000000}],"price_base":"2026.01","price_ratio":157.7,"bld_name":"대림아파트 108동","bld_use":"공동주택","bld_struct":"철근콘크리트구조","bld_approval":"1993-11-20","bld_age":33,"bld_floors":"지상 19층 / 지하 1층","bld_height_m":57.4,"bld_total_area":12194.37,"bld_land_area":3460.66,"bld_bcr":19.25,"bld_far":271.5,"bld_violation":false,"bld_count":58}},{"type":"Feature","geometry":{"type":"Point","coordinates":[127.10981668832757,37.47486200455627]},"properties":{"layer":"auction","id":"B0002102025013010402511","name":"2025타경104025(1)","category":"아파트","color":"#1abc9c","court":"서울중앙지방법원","court_code":"B000210","case_no":"2025타경104025","item_no":1,"dup_case_no":"2025타경3556","dept":"경매12계","dept_tel":"02-3485-3244","usage":"아파트","address":"서울특별시 강남구 자곡동 687 래미안포레 315동 1층104호","jibun_address":"서울특별시 강남구 자곡동 687","sido":"서울특별시","sigungu":"강남구","dong":"자곡동","lot_no":"687","building_name":"래미안포레","floor_unit":"315동 1층104호","area_m2":84.89,"area_pyeong":25.7,"appraisal":1730000000,"min_bid":1730000000,"min_bid_rate":100,"discount_pct":0.0,"fail_count":0,"round_no":0,"sale_date":"2026-09-10","sale_time":"10:00","sale_place":"제4별관제211호법정(2층)","decision_date":"2026-09-17","view_count":0,"related_items":17,"status_code":"01","progress_code":"0002100001","coord_source":"tm128","geocode_failed":false,"zone_name":"세곡2","zone_category":"국토부사업","zone_subtype":"공공주택지구조성사업","zone_stage":"지구계획승인(변경)","zone_id":"redev_0001","collected_at":"2026-09-02T17:12:37+09:00","pnu":"1168011200106870000","price_unit":1136000000,"price_unit_area":84.89,"price_complex":"래미안포레(3단지)","price_complex_type":"아파트","price_complex_units":1070,"price_by_area":[{"area":59.97,"units":254,"avg":935543307},{"area":49.94,"units":212,"avg":497646226},{"area":59.92,"units":186,"avg":933575268},{"area":84.85,"units":140,"avg":1205800000},{"area":84.99,"units":106,"avg":1213424528},{"area":101.51,"units":50,"avg":1269640000}],"price_base":"2026.01","price_ratio":152.3}},{"type":"Feature","geometry":{"type":"Point","coordinates":[127.04412310957792,37.51714978967467]},"properties":{"layer":"auction","id":"B0002102025013010424611","name":"2025타경104246(1)","category":"아파트","color":"#1abc9c","court":"서울중앙지방법원","court_code":"B000210","case_no":"2025타경104246","item_no":1,"dept":"경매8계","dept_tel":"530-1818(제4별관 민사집행과)","usage":"아파트","address":"서울특별시 강남구 삼성동 3-8 우정에쉐르아파트 101동 10층1004호","jibun_address":"서울특별시 강남구 삼성동 3-8","sido":"서울특별시","sigungu":"강남구","dong":"삼성동","lot_no":"3-8","building_name":"우정에쉐르아파트","floor_unit":"101동 10층1004호","structure":"철근콘크리트조","area_m2":93.8173,"area_pyeong":28.4,"appraisal":2340000000,"min_bid":2340000000,"min_bid_rate":100,"discount_pct":0.0,"fail_count":0,"round_no":0,"sale_date":"2026-09-09","sale_time":"10:00","sale_place":"제4별관제211호법정(2층)","decision_date":"2026-09-16","view_count":0,"related_items":15,"status_code":"01","progress_code":"0002100001","coord_source":"tm128","geocode_failed":false,"collected_at":"2026-09-02T17:12:37+09:00","pnu":"1168010500100030008","price_unit":1027000000,"price_unit_area":93.82,"price_complex":"우정에쉐르","price_complex_type":"아파트","price_complex_units":40,"price_by_area":[{"area":131.05,"units":32,"avg":1327250000},{"area":93.82,"units":4,"avg":1027000000},{"area":121.22,"units":4,"avg":1276000000}],"price_base":"2026.01","price_ratio":227.8,"bld_name":"우정에쉐르 101동","bld_use":"공동주택","bld_struct":"철근콘크리트구조","bld_approval":"2003-06-03","bld_age":23,"bld_floors":"지상 10층 / 지하 3층","bld_height_m":26.8,"bld_total_area":10070.1264,"bld_land_area":1963.1,"bld_bcr":35.65,"bld_far":299.14,"bld_violation":false,"bld_count":2}},{"type":"Feature","geometry":{"type":"Point","coordinates":[126.92312427399492,37.49853054142341]},"properties":{"layer":"auction","id":"B0002102025013010429711","name":"2025타경104297(1)","category":"아파트","color":"#1abc9c","court":"서울중앙지방법원","court_code":"B000210","case_no":"2025타경104297","item_no":1,"dup_case_no":"2025타경104483","dept":"경매8계","dept_tel":"530-1818(제4별관 민사집행과)","usage":"아파트","address":"서울특별시 동작구 대방동 509 보라매코오롱하늘채아파트 101동 4층406호","jibun_address":"서울특별시 동작구 대방동 509","sido":"서울특별시","sigungu":"동작구","dong":"대방동","lot_no":"509","building_name":"보라매코오롱하늘채아파트","floor_unit":"101동 4층406호","area_m2":84.7,"area_pyeong":25.6,"appraisal":1041000000,"min_bid":1041000000,"min_bid_rate":100,"discount_pct":0.0,"fail_count":0,"round_no":0,"sale_date":"2026-09-09","sale_time":"10:00","sale_place":"제4별관제211호법정(2층)","decision_date":"2026-09-16","view_count":0,"related_items":14,"status_code":"01","progress_code":"0002100001","coord_source":"tm128","geocode_failed":false,"collected_at":"2026-09-02T17:12:37+09:00","pnu":"1159010800105090000","price_unit":611000000,"price_unit_area":84.7,"price_complex":"보라매코오롱하늘채","price_complex_type":"아파트","price_complex_units":200,"price_by_area":[{"area":84.7,"units":186,"avg":646413978},{"area":84.67,"units":14,"avg":583642857}],"price_base":"2026.01","price_ratio":170.4,"bld_name":"보라매코오롱하늘채아파트 101동","bld_use":"공동주택","bld_struct":"철근콘크리트구조","bld_approval":"2005-09-16","bld_age":21,"bld_floors":"지상 19층","bld_height_m":51.1,"bld_total_area":13933.355,"bld_land_area":0.0,"bld_bcr":0.0,"bld_far":0.0,"bld_violation":false,"bld_count":7}},{"type":"Feature","geometry":{"type":"Point","coordinates":[127.02306220113068,37.523050799288775]},"properties":{"layer":"auction","id":"B0002102025013010442811","name":"2025타경104428(1)","category":"아파트","color":"#1abc9c","court":"서울중앙지방법원","court_code":"B000210","case_no":"2025타경104428","item_no":1,"dept":"경매1계","dept_tel":"530-1820 (제4별관 민사집행과)","usage":"아파트","address":"서울특별시 강남구 신사동 547-8 유로미아파트 비동 7층701호","jibun_address":"서울특별시 강남구 신사동 547-8","sido":"서울특별시","sigungu":"강남구","dong":"신사동","lot_no":"547-8","building_name":"유로미아파트","floor_unit":"비동 7층701호","area_m2":189.43,"area_pyeong":57.3,"appraisal":3890312500,"min_bid":3890312500,"min_bid_rate":100,"discount_pct":0.0,"fail_count":0,"round_no":0,"sale_date":"2026-09-08","sale_time":"10:00","sale_place":"경매법정(제4별관211호)","decision_date":"2026-09-15","view_count":0,"related_items":10,"note":"제시외 건물 포함","status_code":"01","progress_code":"0002100001","coord_source":"tm128","geocode_failed":false,"collected_at":"2026-09-02T17:12:37+09:00","pnu":"1168010700105470008","price_unit":1727000000,"price_unit_area":189.43,"price_complex":"유로미아파트B동","price_complex_type":"아파트","price_complex_units":19,"price_by_area":[{"area":116.86,"units":11,"avg":1044727272},{"area":117.29,"units":6,"avg":1086000000},{"area":189.43,"units":1,"avg":1727000000},{"area":102.01,"units":1,"avg":1009000000}],"price_base":"2026.01","price_ratio":225.3,"bld_name":"유로미아파트 B동","bld_use":"공동주택","bld_struct":"철근콘크리트구조","bld_approval":"2004-09-10","bld_age":22,"bld_floors":"지상 7층 / 지하 1층","bld_height_m":21.1,"bld_total_area":3484.56,"bld_land_area":1021.2,"bld_bcr":41.73,"bld_far":256.66,"bld_violation":false,"bld_count":1}},{"type":"Feature","geometry":{"type":"Point","coordinates":[127.01887882220115,37.49863367478818]},"properties":{"layer":"auction","id":"B0002102025013010472711","name":"2025타경104727(1)","category":"아파트","color":"#1abc9c","court":"서울중앙지방법원","court_code":"B000210","case_no":"2025타경104727","item_no":1,"dept":"경매4계","dept_tel":"530-1816(제4별관 민사집행과)","usage":"아파트","address":"서울특별시 서초구 서초동 1682 서초래미안아파트 102동 6층604호","jibun_address":"서울특별시 서초구 서초동 1682","sido":"서울특별시","sigungu":"서초구","dong":"서초동","lot_no":"1682","building_name":"서초래미안아파트","floor_unit":"102동 6층604호","structure":"철근콘크리트조","area_m2":84.97,"area_pyeong":25.7,"appraisal":1405000000,"min_bid":1405000000,"min_bid_rate":100,"discount_pct":0.0,"fail_count":0,"round_no":0,"sale_date":"2026-09-22","sale_time":"10:00","sale_place":"제4별관2층211호경매법정","decision_date":"2026-09-29","view_count":0,"related_items":0,"special_conditions":"지분매각","special_cond_codes":"0004310","note":"지분매각","status_code":"01","progress_code":"0002100001","coord_source":"tm128","geocode_failed":false,"collected_at":"2026-09-02T17:12:37+09:00","pnu":"1165010800116820000","price_unit":1840000000,"price_unit_area":84.97,"price_complex":"서초래미안","price_complex_type":"아파트","price_complex_units":1129,"price_by_area":[{"area":111.32,"units":418,"avg":2227997607},{"area":84.95,"units":234,"avg":1986572649},{"area":126.31,"units":177,"avg":2310892655},{"area":84.97,"units":108,"avg":1880888888},{"area":96.87,"units":84,"avg":2063809523},{"area":127.66,"units":54,"avg":2184444444}],"price_base":"2026.01","price_ratio":76.4,"bld_name":"서초 래미안아파트 102동","bld_use":"공동주택","bld_struct":"철근콘크리트구조","bld_approval":"2003-05-10","bld_age":23,"bld_floors":"지상 27층","bld_height_m":72.6,"bld_total_area":14130.89,"bld_land_area":0.0,"bld_bcr":0.0,"bld_far":0.0,"bld_violation":false,"bld_count":27}},{"type":"Feature","geometry":{"type":"Point","coordinates":[127.11809401626958,37.533483910071254]},"properties":{"layer":"auction","id":"B0002112024013000156311","name":"2024타경1563(1)","category":"아파트","color":"#1abc9c","court":"서울동부지방법원","court_code":"B000211","case_no":"2024타경1563","item_no":1,"dept":"경매4계","dept_tel":"(02)2204-2408","usage":"아파트","address":"서울특별시 송파구 풍성로 52 101,상가동 1층109호 (풍납동,대아아파트)","jibun_address":"서울특별시 송파구 풍납동 163","sido":"서울특별시","sigungu":"송파구","dong":"풍납동","lot_no":"163","building_name":"대아아파트","floor_unit":"101,상가동 1층109호","structure":"철근콘크리트조","area_m2":84.99,"area_pyeong":25.7,"appraisal":864000000,"min_bid":691200000,"min_bid_rate":80,"discount_pct":20.0,"fail_count":1,"round_no":2,"sale_date":"2026-09-14","sale_time":"10:00","sale_place":"입찰법정[제101호]","decision_date":"2026-09-21","view_count":0,"related_items":30,"status_code":"01","progress_code":"0002100001","coord_source":"tm128","geocode_failed":false,"collected_at":"2026-09-02T17:12:37+09:00","pnu":"1171010300101630000","price_unit":491000000,"price_unit_area":84.99,"price_complex":"대아(제101상가동)","price_complex_type":"아파트","price_complex_units":140,"price_by_area":[{"area":84.99,"units":59,"avg":533033898},{"area":60.0,"units":58,"avg":457758620},{"area":99.98,"units":11,"avg":617909090},{"area":114.18,"units":8,"avg":675000000},{"area":80.85,"units":4,"avg":526250000}],"price_base":"2026.01","price_ratio":140.8,"bld_name":"대아아파트 제101동,상가동","bld_use":"공동주택","bld_struct":"철근콘크리트구조","bld_approval":"1998-03-12","bld_age":28,"bld_floors":"지상 13층 / 지하 2층","bld_height_m":43.3,"bld_total_area":24332.39,"bld_land_area":5474.0,"bld_bcr":44.9,"bld_far":282.55,"bld_violation":false,"bld_count":5}},{"type":"Feature","geometry":{"type":"Point","coordinates":[127.09221546662242,37.53924408731494]},"properties":{"layer":"auction","id":"B0002112024013005957911","name":"2024타경59579(1)","category":"아파트","color":"#1abc9c","court":"서울동부지방법원","court_code":"B000211","case_no":"2024타경59579","item_no":1,"dept":"경매1계","dept_tel":"02-2204-2405(구내:2405)","usage":"아파트","address":"서울특별시 광진구 아차산로 451 9층 901호 (구의동,세림리오빌아파트)","jibun_address":"서울특별시 광진구 구의동 659","sido":"서울특별시","sigungu":"광진구","dong":"구의동","lot_no":"659","building_name":"세림리오빌아파트","floor_unit":"9층 901호","area_m2":117.84,"area_pyeong":35.6,"appraisal":1200000000,"min_bid":960000000,"min_bid_rate":80,"discount_pct":20.0,"fail_count":1,"round_no":2,"sale_date":"2026-09-07","sale_time":"10:00","sale_place":"입찰법정(제101호)","decision_date":"2026-09-14","view_count":0,"related_items":11,"note":"매수신청보증금은 최저매각가격의 20%\n일괄매각\n물건 2. 토지 지분은 물건 1.의 대지권에 해당하는 토지 지분임.","status_code":"01","progress_code":"0002100001","coord_source":"tm128","geocode_failed":false,"collected_at":"2026-09-02T17:12:37+09:00","pnu":"1121010300106590000"}},{"type":"Feature","geometry":{"type":"Point","coordinates":[127.09198852190038,37.53929640834654]},"properties":{"layer":"auction","id":"B0002112024013005957912","name":"2024타경59579(1)","category":"아파트","color":"#1abc9c","court":"서울동부지방법원","court_code":"B000211","case_no":"2024타경59579","item_no":1,"dept":"경매1계","dept_tel":"02-2204-2405(구내:2405)","usage":"아파트","address":"서울특별시 광진구 구의동 659","jibun_address":"서울특별시 광진구 구의동 659","sido":"서울특별시","sigungu":"광진구","dong":"구의동","lot_no":"659","area_m2":2778.2,"area_pyeong":840.4,"appraisal":1200000000,"min_bid":960000000,"min_bid_rate":80,"discount_pct":20.0,"fail_count":1,"round_no":2,"sale_date":"2026-09-07","sale_time":"10:00","sale_place":"입찰법정(제101호)","decision_date":"2026-09-14","view_count":0,"related_items":11,"note":"매수신청보증금은 최저매각가격의 20%\n일괄매각\n물건 2. 토지 지분은 물건 1.의 대지권에 해당하는 토지 지분임.","status_code":"01","progress_code":"0002100001","coord_source":"tm128","geocode_failed":false,"collected_at":"2026-09-02T17:12:37+09:00","pnu":"1121010300106590000"}},{"type":"Feature","geometry":{"type":"Point","coordinates":[127.13805509607049,37.53627115422236]},"properties":{"layer":"auction","id":"B0002112024013006197811","name":"2024타경61978(1)","category":"아파트","color":"#1abc9c","court":"서울동부지방법원","court_code":"B000211","case_no":"2024타경61978","item_no":1,"dept":"경매4계","dept_tel":"(02)2204-2408","usage":"아파트","address":"서울특별시 강동구 천호대로177길 40 11층1108호 (길동,경지아리움)","jibun_address":"서울특별시 강동구 길동 413-11","sido":"서울특별시","sigungu":"강동구","dong":"길동","lot_no":"413-11","building_name":"경지아리움","floor_unit":"11층1108호","area_m2":13.45,"area_pyeong":4.1,"appraisal":197000000,"min_bid":26441000,"min_bid_rate":13,"discount_pct":86.6,"fail_count":9,"round_no":9,"sale_date":"2026-09-14","sale_time":"10:00","sale_place":"입찰법정[제101호]","decision_date":"2026-09-21","view_count":0,"related_items":11,"status_code":"01","progress_code":"0002100001","coord_source":"tm128","geocode_failed":false,"collected_at":"2026-09-02T17:12:37+09:00","pnu":"1174010500104130011","price_unit":122000000,"price_unit_area":13.45,"price_complex":"경지Arium","price_complex_type":"아파트","price_complex_units":124,"price_by_area":[{"area":14.12,"units":68,"avg":119573529},{"area":19.39,"units":14,"avg":173428571},{"area":14.33,"units":14,"avg":119642857},{"area":13.98,"units":12,"avg":119250000},{"area":13.45,"units":12,"avg":119250000},{"area":22.81,"units":2,"avg":191000000}],"price_base":"2026.01","price_ratio":21.7,"bld_name":"경지 Arium","bld_use":"공동주택","bld_struct":"철근콘크리트구조","bld_approval":"2019-06-19","bld_age":7,"bld_floors":"지상 16층 / 지하 1층","bld_height_m":68.1,"bld_total_area":4334.04,"bld_land_area":688.2,"bld_bcr":59.97,"bld_far":552.12,"bld_violation":false,"bld_count":1}},{"type":"Feature","geometry":{"type":"Point","coordinates":[127.01373768013723,37.542174771264094]},"properties":{"layer":"auction","id":"B0002112025013000034511","name":"2025타경345(1)","category":"아파트","color":"#1abc9c","court":"서울동부지방법원","court_code":"B000211","case_no":"2025타경345","item_no":1,"dept":"경매1계","dept_tel":"02-2204-2405(구내:2405)","usage":"아파트","address":"서울특별시 성동구 옥수동 250 옥수삼성아파트 108동 1층101호","jibun_address":"서울특별시 성동구 옥수동 250","sido":"서울특별시","sigungu":"성동구","dong":"옥수동","lot_no":"250","building_name":"옥수삼성아파트","floor_unit":"108동 1층101호","structure":"철근콘크리트벽식조","area_m2":114.666,"area_pyeong":34.7,"appraisal":1810000000,"min_bid":1810000000,"min_bid_rate":100,"discount_pct":0.0,"fail_count":0,"round_no":0,"sale_date":"2026-09-07","sale_time":"10:00","sale_place":"입찰법정(제101호)","decision_date":"2026-09-14","view_count":0,"related_items":27,"note":"매각물건 상세내역은 중복사건(2024타경3330)의 현황조사서 및 감정평가서를 참조할 것.","status_code":"01","progress_code":"0002100001","coord_source":"tm128","geocode_failed":false,"collected_at":"2026-09-02T17:12:37+09:00","pnu":"1120011300102500000","price_unit":1420000000,"price_unit_area":114.67,"price_complex":"옥수삼성","price_complex_type":"아파트","price_complex_units":1114,"price_by_area":[{"area":84.82,"units":429,"avg":1365282051},{"area":59.7,"units":412,"avg":1126320388},{"area":114.67,"units":273,"avg":1634527472}],"price_base":"2026.01","price_ratio":127.5,"bld_name":"옥수삼성아파트 108동","bld_use":"공동주택","bld_struct":"철근콘크리트구조","bld_approval":"1999-04-20","bld_age":27,"bld_floors":"지상 20층 / 지하 2층","bld_height_m":63.91,"bld_total_area":14552.24,"bld_land_area":0.0,"bld_bcr":0.0,"bld_far":0.0,"bld_violation":false,"bld_count":34}},{"type":"Feature","geometry":{"type":"Point","coordinates":[127.09392448814627,37.5111082050017]},"properties":{"layer":"auction","id":"B0002112025013000038511","name":"2025타경385(1)","category":"아파트","color":"#1abc9c","court":"서울동부지방법원","court_code":"B000211","case_no":"2025타경385","item_no":1,"dept":"경매4계","dept_tel":"(02)2204-2408","usage":"아파트","address":"서울특별시 송파구 잠실동 40 갤러리아팰리스 에이동 38층3810호","jibun_address":"서울특별시 송파구 잠실동 40","sido":"서울특별시","sigungu":"송파구","dong":"잠실동","lot_no":"40","building_name":"갤러리아팰리스","floor_unit":"에이동 38층3810호","structure":"철근콘크리트조","area_m2":138.561,"area_pyeong":41.9,"appraisal":2990000000,"min_bid":2990000000,"min_bid_rate":100,"discount_pct":0.0,"fail_count":0,"round_no":0,"sale_date":"2026-09-14","sale_time":"10:00","sale_place":"입찰법정[제101호]","decision_date":"2026-09-21","view_count":0,"related_items":22,"status_code":"01","progress_code":"0002100001","coord_source":"tm128","geocode_failed":false,"collected_at":"2026-09-02T17:12:37+09:00","pnu":"1171010100100400000","price_complex":"갤러리아팰리스","price_complex_type":"아파트","price_complex_units":741,"price_by_area":[{"area":123.29,"units":89,"avg":1833112359},{"area":152.0,"units":85,"avg":2001400000},{"area":163.94,"units":84,"avg":2363047619},{"area":176.03,"units":78,"avg":2482435897},{"area":138.56,"units":54,"avg":1966296296},{"area":162.42,"units":54,"avg":2441370370}],"price_base":"2026.01","bld_name":"갤러리아팰리스","bld_use":"공동주택","bld_struct":"철근콘크리트구조","bld_approval":"2005-01-11","bld_age":21,"bld_floors":"지상 46층 / 지하 5층","bld_height_m":149.4,"bld_total_area":265791.63,"bld_land_area":23620.1,"bld_bcr":35.49,"bld_far":799.94,"bld_violation":false,"bld_count":7}},{"type":"Feature","geometry":{"type":"Point","coordinates":[127.102535354109,37.49761289682301]},"properties":{"layer":"auction","id":"B0002112025013000042411","name":"2025타경424(1)","category":"아파트","color":"#1abc9c","court":"서울동부지방법원","court_code":"B000211","case_no":"2025타경424","item_no":1,"dup_case_no":"2025타경51343","dept":"경매1계","dept_tel":"02-2204-2405(구내:2405)","usage":"아파트","address":"서울특별시 송파구 가락동 913 헬리오시티 205동 23층2304호","jibun_address":"서울특별시 송파구 가락동 913","sido":"서울특별시","sigungu":"송파구","dong":"가락동","lot_no":"913","building_name":"헬리오시티","floor_unit":"205동 23층2304호","structure":"철근콘크리트구조","area_m2":84.99,"area_pyeong":25.7,"appraisal":2560000000,"min_bid":2560000000,"min_bid_rate":100,"discount_pct":0.0,"fail_count":0,"round_no":0,"sale_date":"2026-09-07","sale_time":"10:00","sale_place":"입찰법정(제101호)","decision_date":"2026-09-14","view_count":0,"related_items":39,"status_code":"01","progress_code":"0002100001","coord_source":"tm128","geocode_failed":false,"collected_at":"2026-09-02T17:12:37+09:00","pnu":"1171010700109130000","price_unit":2032000000,"price_unit_area":84.99,"price_complex":"헬리오시티","price_complex_type":"아파트","price_complex_units":9510,"price_by_area":[{"area":84.98,"units":2055,"avg":1993688564},{"area":84.99,"units":1825,"avg":2008220273},{"area":39.1,"units":811,"avg":1094638717},{"area":59.96,"units":766,"avg":1794449086},{"area":84.95,"units":740,"avg":1954002702},{"area":99.6,"units":596,"avg":2134902684}],"price_base":"2026.01","price_ratio":126.0}},{"type":"Feature","geometry":{"type":"Point","coordinates":[127.05045398856076,37.54070023174511]},"properties":{"layer":"auction","id":"B0002112025013000046511","name":"2025타경465(1)","category":"아파트","color":"#1abc9c","court":"서울동부지방법원","court_code":"B000211","case_no":"2025타경465","item_no":1,"dept":"경매6계","dept_tel":"02-2204-2439","usage":"아파트","address":"서울특별시 성동구 성수동1가 33-2 성수현대그린아파트 101동 7층713호","jibun_address":"서울특별시 성동구 성수동1가 33-2","sido":"서울특별시","sigungu":"성동구","dong":"성수동1가","lot_no":"33-2","building_name":"성수현대그린아파트","floor_unit":"101동 7층713호","structure":"철근콘크리트조","area_m2":81.48,"area_pyeong":24.6,"appraisal":1670000000,"min_bid":1670000000,"min_bid_rate":100,"discount_pct":0.0,"fail_count":0,"round_no":0,"sale_date":"2026-09-07","sale_time":"10:00","sale_place":"입찰법정제101호","decision_date":"2026-09-14","view_count":0,"related_items":10,"note":"2026. 7. 15.자로 신청채권자로부터 임차인 김복금에 대하여 임차인의 인감증명이 첨부된 무상거주(동거가족)확인서(2023.04.03.자)가 제출됨","status_code":"01","progress_code":"0002100001","coord_source":"tm128","geocode_failed":false,"zone_name":"성수동","zone_category":"기타사업","zone_subtype":"도시재생활성화지역","zone_stage":"사업완료","zone_id":"redev_2141","collected_at":"2026-09-02T17:12:37+09:00","pnu":"1120011400100330002","price_unit":987000000,"price_unit_area":81.48,"price_complex":"현대그린","price_complex_type":"아파트","price_complex_units":219,"price_by_area":[{"area":81.48,"units":168,"avg":1003857142},{"area":56.97,"units":51,"avg":800235294}],"price_base":"2026.01","price_ratio":169.2,"bld_name":"성수현대그린아파트 101동","bld_use":"공동주택","bld_struct":"철근콘크리트구조","bld_approval":"1994-02-04","bld_age":32,"bld_floors":"지상 19층 / 지하 1층","bld_height_m":52.3,"bld_total_area":19436.05,"bld_land_area":6503.0,"bld_bcr":21.48,"bld_far":299.85,"bld_violation":false,"bld_count":3}},{"type":"Feature","geometry":{"type":"Point","coordinates":[127.1363808385097,37.51756197994647]},"properties":{"layer":"auction","id":"B0002112025013000048511","name":"2025타경485(1)","category":"아파트","color":"#1abc9c","court":"서울동부지방법원","court_code":"B000211","case_no":"2025타경485","item_no":1,"dept":"경매1계","dept_tel":"02-2204-2405(구내:2405)","usage":"아파트","address":"서울특별시 송파구 방이동 89 올림픽선수기자촌아파트 325동 13층1301호","jibun_address":"서울특별시 송파구 방이동 89","sido":"서울특별시","sigungu":"송파구","dong":"방이동","lot_no":"89","building_name":"올림픽선수기자촌아파트","floor_unit":"325동 13층1301호","structure":"철근콘크리트조","area_m2":83.06,"area_pyeong":25.1,"appraisal":3040000000,"min_bid":3040000000,"min_bid_rate":100,"discount_pct":0.0,"fail_count":0,"round_no":0,"sale_date":"2026-09-07","sale_time":"10:00","sale_place":"입찰법정(제101호)","decision_date":"2026-09-14","view_count":0,"related_items":24,"status_code":"01","progress_code":"0002100001","coord_source":"tm128","geocode_failed":false,"zone_name":"올림픽선수기자촌","zone_category":"정비사업","zone_subtype":"신속통합기획","zone_stage":"대상지선정(추진중)","zone_id":"redev_0103","collected_at":"2026-09-02T17:12:37+09:00","pnu":"1171011100100890000","price_unit":2007000000,"price_unit_area":83.06,"price_complex":"올림픽선수기자촌2단지","price_complex_type":"아파트","price_complex_units":2188,"price_by_area":[{"area":83.06,"units":1933,"avg":1942498189},{"area":100.31,"units":851,"avg":2165869565},{"area":100.82,"units":583,"avg":2128730703},{"area":126.18,"units":516,"avg":2490331395},{"area":135.99,"units":348,"avg":2691189655},{"area":121.23,"units":318,"avg":2387584905}],"price_base":"2026.01","price_ratio":151.5,"bld_name":"올림픽선수기자촌아파트 325동","bld_use":"공동주택","bld_struct":"철근콘크리트구조","bld_approval":"1988-06-14","bld_age":38,"bld_floors":"지상 24층 / 지하 1층","bld_height_m":0.0,"bld_total_area":6178.37,"bld_land_area":0.0,"bld_bcr":0.0,"bld_far":0.0,"bld_violation":false,"bld_count":132}},{"type":"Feature","geometry":{"type":"Point","coordinates":[127.05457390803724,37.53523682738887]},"properties":{"layer":"auction","id":"B0002112025013005073911","name":"2025타경50739(1)","category":"아파트","color":"#1abc9c","court":"서울동부지방법원","court_code":"B000211","case_no":"2025타경50739","item_no":1,"dept":"경매1계","dept_tel":"02-2204-2405(구내:2405)","usage":"아파트","address":"서울특별시 성동구 둘레15길 7 101동 17층 1711호 (성수동2가,청구강변아파트)","jibun_address":"서울특별시 성동구 성수동2가 712","sido":"서울특별시","sigungu":"성동구","dong":"성수동2가","lot_no":"712","building_name":"청구강변아파트","floor_unit":"101동 17층 1711호","structure":"철근큰크리트 벽식구조","area_m2":84.87,"area_pyeong":25.7,"appraisal":2380000000,"min_bid":2380000000,"min_bid_rate":100,"discount_pct":0.0,"fail_count":0,"round_no":0,"sale_date":"2026-09-07","sale_time":"10:00","sale_place":"입찰법정(제101호)","decision_date":"2026-09-14","view_count":0,"related_items":26,"status_code":"01","progress_code":"0002100001","coord_source":"tm128","geocode_failed":false,"zone_name":"성수전략3","zone_category":"정비사업","zone_subtype":"재개발(주택정비형)","zone_stage":"조합설립인가","zone_id":"redev_2278","collected_at":"2026-09-02T17:12:37+09:00","pnu":"1120011500107120000","price_unit":2364000000,"price_unit_area":84.87,"price_complex":"청구강변1","price_complex_type":"아파트","price_complex_units":246,"price_by_area":[{"area":84.87,"units":192,"avg":2229734375},{"area":59.94,"units":36,"avg":1827611111},{"area":84.96,"units":18,"avg":2247666666}],"price_base":"2026.01","price_ratio":100.7,"bld_name":"청구강변아파트 101동","bld_use":"공동주택","bld_struct":"철근콘크리트구조","bld_approval":"1994-04-04","bld_age":32,"bld_floors":"지상 21층 / 지하 2층","bld_height_m":57.8,"bld_total_area":29358.21,"bld_land_area":5808.2,"bld_bcr":29.01,"bld_far":399.35,"bld_violation":false,"bld_count":7}},{"type":"Feature","geometry":{"type":"Point","coordinates":[127.1454684832891,37.5410645059638]},"properties":{"layer":"auction","id":"B0002112025013005111711","name":"2025타경51117(1)","category":"아파트","color":"#1abc9c","court":"서울동부지방법원","court_code":"B000211","case_no":"2025타경51117","item_no":1,"dept":"경매1계","dept_tel":"02-2204-2405(구내:2405)","usage":"아파트","address":"서울특별시 강동구 길동 343-1 현대웰하임1단지 3층306호","jibun_address":"서울특별시 강동구 길동 343-1","sido":"서울특별시","sigungu":"강동구","dong":"길동","lot_no":"343-1","building_name":"현대웰하임1단지","floor_unit":"3층306호","area_m2":16.959,"area_pyeong":5.1,"appraisal":130000000,"min_bid":53248000,"min_bid_rate":41,"discount_pct":59.0,"fail_count":4,"round_no":4,"sale_date":"2026-09-07","sale_time":"10:00","sale_place":"입찰법정(제101호)","decision_date":"2026-09-14","view_count":0,"related_items":7,"status_code":"01","progress_code":"0002100001","coord_source":"tm128","geocode_failed":false,"collected_at":"2026-09-02T17:12:37+09:00","pnu":"1174010500103430001","price_unit":77200000,"price_unit_area":16.96,"price_complex":"현대웰하임(101동)","price_complex_type":"아파트","price_complex_units":128,"price_by_area":[{"area":16.96,"units":128,"avg":81034375}],"price_base":"2026.01","price_ratio":69.0,"bld_name":"현대웰하임 1단지","bld_use":"공동주택","bld_struct":"철근콘크리트구조","bld_approval":"2012-04-27","bld_age":14,"bld_floors":"지상 15층 / 지하 1층","bld_height_m":43.89,"bld_total_area":4936.94,"bld_land_area":1455.3,"bld_bcr":30.87,"bld_far":249.44,"bld_violation":false,"bld_count":1}},{"type":"Feature","geometry":{"type":"Point","coordinates":[127.1372657782233,37.535048972450866]},"properties":{"layer":"auction","id":"B0002112025013005117311","name":"2025타경51173(1)","category":"아파트","color":"#1abc9c","court":"서울동부지방법원","court_code":"B000211","case_no":"2025타경51173","item_no":1,"dept":"경매4계","dept_tel":"(02)2204-2408","usage":"아파트","address":"서울특별시 강동구 길동 457-1 강동렘브란트 11층1106호","jibun_address":"서울특별시 강동구 길동 457-1","sido":"서울특별시","sigungu":"강동구","dong":"길동","lot_no":"457-1","building_name":"강동렘브란트","floor_unit":"11층1106호","area_m2":15.86,"area_pyeong":4.8,"appraisal":126000000,"min_bid":100800000,"min_bid_rate":80,"discount_pct":20.0,"fail_count":5,"round_no":5,"sale_date":"2026-09-14","sale_time":"10:00","sale_place":"입찰법정[제101호]","decision_date":"2026-09-21","view_count":0,"related_items":2,"special_conditions":"조건코드 0004302","special_cond_codes":"0004302","note":"토지 별도등기 있음\n주택도시보증공사로부터 2026.06.26.자에 '임차보증금에 대하여 우선변제권만 주장하고 대항력은 포기하며, 임대차 보증금 전액을 변제받지 못하더라도 임차권등기를 말소하는 데 동의한다'는 내용의 확약서가 제출됨","status_code":"01","progress_code":"0002100001","coord_source":"tm128","geocode_failed":false,"collected_at":"2026-09-02T17:12:37+09:00","pnu":"1174010500104570001","price_unit":75000000,"price_unit_area":15.86,"price_complex":"강동렘브란트","price_complex_type":"아파트","price_complex_units":89,"price_by_area":[{"area":15.86,"units":89,"avg":72007865}],"price_base":"2026.01","price_ratio":134.4,"bld_name":"강동렘브란트","bld_use":"공동주택","bld_struct":"철근콘크리트구조","bld_approval":"2014-02-05","bld_age":12,"bld_floors":"지상 14층 / 지하 2층","bld_height_m":45.2,"bld_total_area":3597.45,"bld_land_area":624.9,"bld_bcr":57.61,"bld_far":536.21,"bld_violation":false,"bld_count":1}},{"type":"Feature","geometry":{"type":"Point","coordinates":[127.04820794705947,37.563415639093115]},"properties":{"layer":"auction","id":"B0002112025013005124211","name":"2025타경51242(1)","category":"아파트","color":"#1abc9c","court":"서울동부지방법원","court_code":"B000211","case_no":"2025타경51242","item_no":1,"dept":"경매1계","dept_tel":"02-2204-2405(구내:2405)","usage":"아파트","address":"서울특별시 성동구 사근동 315 한양마이라움 2층 210호","jibun_address":"서울특별시 성동구 사근동 315","sido":"서울특별시","sigungu":"성동구","dong":"사근동","lot_no":"315","building_name":"한양마이라움","floor_unit":"2층 210호","area_m2":17.99,"area_pyeong":5.4,"appraisal":168000000,"min_bid":86016000,"min_bid_rate":51,"discount_pct":48.8,"fail_count":3,"round_no":3,"sale_date":"2026-09-07","sale_time":"10:00","sale_place":"입찰법정(제101호)","decision_date":"2026-09-14","view_count":0,"related_items":3,"status_code":"01","progress_code":"0002100001","coord_source":"tm128","geocode_failed":false,"zone_name":"사근동","zone_category":"기타사업","zone_subtype":"도시재생활성화지역","zone_stage":"활성화계획수립","zone_id":"redev_0595","collected_at":"2026-09-02T17:12:37+09:00","pnu":"1120010600103150000","price_unit":98500000,"price_unit_area":17.99,"price_complex":"한양마이라움","price_complex_type":"아파트","price_complex_units":107,"price_by_area":[{"area":18.36,"units":78,"avg":106250000},{"area":17.99,"units":29,"avg":106189655}],"price_base":"2026.01","price_ratio":87.3}},{"type":"Feature","geometry":{"type":"Point","coordinates":[127.13834060290404,37.53801227441127]},"properties":{"layer":"auction","id":"B0002112025013005129111","name":"2025타경51291(1)","category":"아파트","color":"#1abc9c","court":"서울동부지방법원","court_code":"B000211","case_no":"2025타경51291","item_no":1,"dept":"경매1계","dept_tel":"02-2204-2405(구내:2405)","usage":"아파트","address":"서울특별시 강동구 길동 387-5 길동청광플러스원큐브1차 13층1306호","jibun_address":"서울특별시 강동구 길동 387-5","sido":"서울특별시","sigungu":"강동구","dong":"길동","lot_no":"387-5","building_name":"길동청광플러스원큐브1차","floor_unit":"13층1306호","area_m2":16.685,"area_pyeong":5.0,"appraisal":113000000,"min_bid":57856000,"min_bid_rate":51,"discount_pct":48.8,"fail_count":3,"round_no":3,"sale_date":"2026-09-07","sale_time":"10:00","sale_place":"입찰법정(제101호)","decision_date":"2026-09-14","view_count":0,"related_items":2,"status_code":"01","progress_code":"0002100001","coord_source":"tm128","geocode_failed":false,"collected_at":"2026-09-02T17:12:37+09:00","pnu":"1174010500103870005","price_unit":69900000,"price_unit_area":16.69,"price_complex":"청광플러스원(큐브1차)","price_complex_type":"아파트","price_complex_units":112,"price_by_area":[{"area":16.69,"units":80,"avg":70600000},{"area":17.08,"units":32,"avg":71837500}],"price_base":"2026.01","price_ratio":82.8,"bld_name":"길동청광플러스원큐브1차","bld_use":"공동주택","bld_struct":"철근콘크리트구조","bld_approval":"2012-11-21","bld_age":14,"bld_floors":"지상 13층 / 지하 1층","bld_height_m":44.4,"bld_total_area":5099.67,"bld_land_area":903.1,"bld_bcr":47.08,"bld_far":499.74,"bld_violation":true,"bld_count":2}},{"type":"Feature","geometry":{"type":"Point","coordinates":[127.14745474944716,37.493728110488306]},"properties":{"layer":"auction","id":"B0002112025013005136711","name":"2025타경51367(1)","category":"아파트","color":"#1abc9c","court":"서울동부지방법원","court_code":"B000211","case_no":"2025타경51367","item_no":1,"dept":"경매1계","dept_tel":"02-2204-2405(구내:2405)","usage":"아파트","address":"서울특별시 송파구 거여동 45-1 블레스아파트 5층 502호","jibun_address":"서울특별시 송파구 거여동 45-1","sido":"서울특별시","sigungu":"송파구","dong":"거여동","lot_no":"45-1","building_name":"블레스아파트","floor_unit":"5층 502호","area_m2":84.18,"area_pyeong":25.5,"appraisal":1091668800,"min_bid":698668000,"min_bid_rate":64,"discount_pct":36.0,"fail_count":2,"round_no":2,"sale_date":"2026-09-07","sale_time":"10:00","sale_place":"입찰법정(제101호)","decision_date":"2026-09-14","view_count":0,"related_items":20,"note":"일괄매각\n목록 2.토지는 목록 1.건물의 대지권의 목적인 토지(송파구 거여동 45-1)에서 분할된 토지 지분임(상세내역은 등기사항전부증명서 및 감정평가서 참조).","status_code":"01","progress_code":"0002100001","coord_source":"tm128","geocode_failed":false,"zone_name":"거여2-1구역","zone_category":"재정비촉진사업","zone_subtype":"재정비촉진구역","zone_stage":"준공","zone_id":"redev_0042","collected_at":"2026-09-02T17:12:37+09:00","pnu":"1171011300100450001","price_unit":504000000,"price_unit_area":84.18,"price_complex":"블레스","price_complex_type":"아파트","price_complex_units":27,"price_by_area":[{"area":84.18,"units":6,"avg":497833333},{"area":84.91,"units":6,"avg":497833333},{"area":84.93,"units":5,"avg":496600000},{"area":70.39,"units":5,"avg":440000000},{"area":65.85,"units":1,"avg":418000000},{"area":102.66,"units":1,"avg":591000000}],"price_base":"2026.01","price_ratio":138.6,"bld_name":"블레스아파트","bld_use":"공동주택","bld_struct":"철근콘크리트구조","bld_approval":"2005-08-09","bld_age":21,"bld_floors":"지상 7층 / 지하 1층","bld_height_m":18.2,"bld_total_area":3590.45,"bld_land_area":0.0,"bld_bcr":0.0,"bld_far":0.0,"bld_violation":false,"bld_count":1}},{"type":"Feature","geometry":{"type":"Point","coordinates":[127.14782780491655,37.493739808356146]},"properties":{"layer":"auction","id":"B0002112025013005136712","name":"2025타경51367(1)","category":"아파트","color":"#1abc9c","court":"서울동부지방법원","court_code":"B000211","case_no":"2025타경51367","item_no":1,"dept":"경매1계","dept_tel":"02-2204-2405(구내:2405)","usage":"아파트","address":"서울특별시 송파구 거여동 45-4","jibun_address":"서울특별시 송파구 거여동 45-4","sido":"서울특별시","sigungu":"송파구","dong":"거여동","lot_no":"45-4","area_m2":18.8,"area_pyeong":5.7,"appraisal":1091668800,"min_bid":698668000,"min_bid_rate":64,"discount_pct":36.0,"fail_count":2,"round_no":2,"sale_date":"2026-09-07","sale_time":"10:00","sale_place":"입찰법정(제101호)","decision_date":"2026-09-14","view_count":0,"related_items":20,"note":"일괄매각\n목록 2.토지는 목록 1.건물의 대지권의 목적인 토지(송파구 거여동 45-1)에서 분할된 토지 지분임(상세내역은 등기사항전부증명서 및 감정평가서 참조).","status_code":"01","progress_code":"0002100001","coord_source":"tm128","geocode_failed":false,"zone_name":"거여2-1구역","zone_category":"재정비촉진사업","zone_subtype":"재정비촉진구역","zone_stage":"준공","zone_id":"redev_0042","collected_at":"2026-09-02T17:12:37+09:00","pnu":"1171011300100450004"}},{"type":"Feature","geometry":{"type":"Point","coordinates":[127.13657210652768,37.536332422452986]},"properties":{"layer":"auction","id":"B0002112025013005138911","name":"2025타경51389(1)","category":"아파트","color":"#1abc9c","court":"서울동부지방법원","court_code":"B000211","case_no":"2025타경51389","item_no":1,"dept":"경매4계","dept_tel":"(02)2204-2408","usage":"아파트","address":"서울특별시 강동구 길동 415-16 청광플러스원큐브3차 11층1106호","jibun_address":"서울특별시 강동구 길동 415-16","sido":"서울특별시","sigungu":"강동구","dong":"길동","lot_no":"415-16","building_name":"청광플러스원큐브3차","floor_unit":"11층1106호","area_m2":13.265,"area_pyeong":4.0,"appraisal":122000000,"min_bid":97600000,"min_bid_rate":80,"discount_pct":20.0,"fail_count":4,"round_no":4,"sale_date":"2026-09-14","sale_time":"10:00","sale_place":"입찰법정[제101호]","decision_date":"2026-09-21","view_count":0,"related_items":3,"note":"주택도시보증공사로부터 2026.07.01.자에 '임차보증금에 대하여 우선변제권만 주장하고 대항력은 포기하며, 임대차 보증금 전액을 변제받지 못하더라도 임차권등기를 말소하는 데 동의한다'는 내용의 확약서가 제출됨","status_code":"01","progress_code":"0002100001","coord_source":"tm128","geocode_failed":false,"collected_at":"2026-09-02T17:12:37+09:00","pnu":"1174010500104150016","price_unit":67700000,"price_unit_area":13.27,"price_complex":"청광플러스원큐브3차","price_complex_type":"아파트","price_complex_units":207,"price_by_area":[{"area":13.27,"units":195,"avg":65546153},{"area":15.24,"units":12,"avg":70116666}],"price_base":"2026.01","price_ratio":144.2,"bld_name":"청광플러스원큐브3차","bld_use":"공동주택","bld_struct":"철근콘크리트구조","bld_approval":"2014-10-06","bld_age":12,"bld_floors":"지상 20층 / 지하 1층","bld_height_m":63.1,"bld_total_area":7293.527,"bld_land_area":889.1,"bld_bcr":57.498,"bld_far":769.353,"bld_violation":false,"bld_count":1}},{"type":"Feature","geometry":{"type":"Point","coordinates":[127.0447006546313,37.53931132954822]},"properties":{"layer":"auction","id":"B0002112025013005161411","name":"2025타경51614(1)","category":"아파트","color":"#1abc9c","court":"서울동부지방법원","court_code":"B000211","case_no":"2025타경51614","item_no":1,"dup_case_no":"2025타경447","dept":"경매6계","dept_tel":"02-2204-2439","usage":"아파트","address":"서울특별시 성동구 성수동1가 718 트리마제 102동 12층1204호","jibun_address":"서울특별시 성동구 성수동1가 718","sido":"서울특별시","sigungu":"성동구","dong":"성수동1가","lot_no":"718","building_name":"트리마제","floor_unit":"102동 12층1204호","area_m2":152.1556,"area_pyeong":46.0,"appraisal":7390000000,"min_bid":4729600000,"min_bid_rate":64,"discount_pct":36.0,"fail_count":2,"round_no":2,"sale_date":"2026-09-07","sale_time":"10:00","sale_place":"입찰법정제101호","decision_date":"2026-09-14","view_count":0,"related_items":31,"status_code":"01","progress_code":"0002100001","coord_source":"tm128","geocode_failed":false,"collected_at":"2026-09-02T17:12:37+09:00","pnu":"1120011400107180000","price_unit":5700000000,"price_unit_area":152.16,"price_complex":"트리마제","price_complex_type":"아파트","price_complex_units":688,"price_by_area":[{"area":84.82,"units":97,"avg":3780247422},{"area":140.31,"units":78,"avg":4535615384},{"area":84.54,"units":78,"avg":3439153846},{"area":25.33,"units":76,"avg":647157894},{"area":69.72,"units":76,"avg":2454026315},{"area":136.56,"units":76,"avg":5604736842}],"price_base":"2026.01","price_ratio":83.0}},{"type":"Feature","geometry":{"type":"Point","coordinates":[127.13709161109522,37.535435156548736]},"properties":{"layer":"auction","id":"B0002112025013005170211","name":"2025타경51702(1)","category":"아파트","color":"#1abc9c","court":"서울동부지방법원","court_code":"B000211","case_no":"2025타경51702","item_no":1,"dept":"경매1계","dept_tel":"02-2204-2405(구내:2405)","usage":"아파트","address":"서울특별시 강동구 길동 456-3 강동큐브 16층1604호","jibun_address":"서울특별시 강동구 길동 456-3","sido":"서울특별시","sigungu":"강동구","dong":"길동","lot_no":"456-3","building_name":"강동큐브","floor_unit":"16층1604호","area_m2":12.49,"area_pyeong":3.8,"appraisal":127000000,"min_bid":101600000,"min_bid_rate":80,"discount_pct":20.0,"fail_count":1,"round_no":1,"sale_date":"2026-09-07","sale_time":"10:00","sale_place":"입찰법정(제101호)","decision_date":"2026-09-14","view_count":0,"related_items":0,"note":"주택도시보증공사(양도전:임차인 신재욱)로부터 2026.07.02.자에 '임차보증금에 대하여 우선변제권만 주장하고 대항력은 포기하며, 보증금 전액을 변제받지 못하더라도 임차권등기를 말소하는 데 동의한다'는 내용의 확약서가 제출됨.","status_code":"01","progress_code":"0002100001","coord_source":"tm128","geocode_failed":false,"collected_at":"2026-09-02T17:12:37+09:00","pnu":"1174010500104560003","price_unit":65100000,"price_unit_area":12.49,"price_complex":"강동큐브","price_complex_type":"아파트","price_complex_units":91,"price_by_area":[{"area":12.49,"units":91,"avg":64300000}],"price_base":"2026.01","price_ratio":156.1,"bld_name":"강동 큐브","bld_use":"공동주택","bld_struct":"철근콘크리트구조","bld_approval":"2013-02-21","bld_age":13,"bld_floors":"지상 20층 / 지하 1층","bld_height_m":61.61,"bld_total_area":3745.79,"bld_land_area":552.4,"bld_bcr":51.99,"bld_far":599.89,"bld_violation":false,"bld_count":1}},{"type":"Feature","geometry":{"type":"Point","coordinates":[127.16763636489758,37.549214965026245]},"properties":{"layer":"auction","id":"B0002112025013005201311","name":"2025타경52013(1)","category":"아파트","color":"#1abc9c","court":"서울동부지방법원","court_code":"B000211","case_no":"2025타경52013","item_no":1,"dept":"경매1계","dept_tel":"02-2204-2405(구내:2405)","usage":"아파트","address":"서울특별시 강동구 상일동 514 고덕롯데캐슬베네루체 719동 3층304호","jibun_address":"서울특별시 강동구 상일동 514","sido":"서울특별시","sigungu":"강동구","dong":"상일동","lot_no":"514","building_name":"고덕롯데캐슬베네루체","floor_unit":"719동 3층304호","area_m2":84.146,"area_pyeong":25.5,"appraisal":785000000,"min_bid":628000000,"min_bid_rate":80,"discount_pct":20.0,"fail_count":1,"round_no":1,"sale_date":"2026-09-07","sale_time":"10:00","sale_place":"입찰법정(제101호)","decision_date":"2026-09-14","view_count":0,"related_items":11,"special_conditions":"지분매각","special_cond_codes":"0004310","note":"지분매각. 공유자의 우선매수신고 1회 제한.","status_code":"01","progress_code":"0002100001","coord_source":"tm128","geocode_failed":false,"collected_at":"2026-09-02T17:12:37+09:00","pnu":"1174010300105140000","price_unit":1044000000,"price_unit_area":84.15,"price_complex":"고덕롯데캐슬베네루체","price_complex_type":"아파트","price_complex_units":1859,"price_by_area":[{"area":84.92,"units":918,"avg":1134306100},{"area":59.98,"units":461,"avg":1002522776},{"area":84.15,"units":422,"avg":1118611374},{"area":122.08,"units":58,"avg":1504241379}],"price_base":"2026.01","price_ratio":60.2}},{"type":"Feature","geometry":{"type":"Point","coordinates":[127.13521693804557,37.5037041735367]},"properties":{"layer":"auction","id":"B0002112025013005208011","name":"2025타경52080(1)","category":"아파트","color":"#1abc9c","court":"서울동부지방법원","court_code":"B000211","case_no":"2025타경52080","item_no":1,"dept":"경매1계","dept_tel":"02-2204-2405(구내:2405)","usage":"아파트","address":"서울특별시 송파구 오금동 69-9 오금아르미안아파트 5층501호","jibun_address":"서울특별시 송파구 오금동 69-9","sido":"서울특별시","sigungu":"송파구","dong":"오금동","lot_no":"69-9","building_name":"오금아르미안아파트","floor_unit":"5층501호","structure":"철근콘크리트조","area_m2":57.17,"area_pyeong":17.3,"appraisal":481370000,"min_bid":385096000,"min_bid_rate":80,"discount_pct":20.0,"fail_count":1,"round_no":1,"sale_date":"2026-09-07","sale_time":"10:00","sale_place":"입찰법정(제101호)","decision_date":"2026-09-14","view_count":0,"related_items":7,"note":"제시외 건물 포함. 집합건축물대장상 '위반건축물'로 등재되어 있음(상세내역 감정평가서 참조).","status_code":"01","progress_code":"0002100001","coord_source":"tm128","geocode_failed":false,"collected_at":"2026-09-02T17:12:37+09:00","pnu":"1171011200100690009","price_unit":234000000,"price_unit_area":57.17,"price_complex":"오금아르미안","price_complex_type":"아파트","price_complex_units":19,"price_by_area":[{"area":82.88,"units":12,"avg":315000000},{"area":62.22,"units":3,"avg":247333333},{"area":35.77,"units":1,"avg":164000000},{"area":71.54,"units":1,"avg":282000000},{"area":28.72,"units":1,"avg":139000000},{"area":57.17,"units":1,"avg":234000000}],"price_base":"2026.01","price_ratio":164.6,"bld_name":"오금아르미안 아파트","bld_use":"공동주택","bld_struct":"철근콘크리트구조","bld_approval":"2003-07-15","bld_age":23,"bld_floors":"지상 6층 / 지하 1층","bld_height_m":17.3,"bld_total_area":1570.22,"bld_land_area":640.0,"bld_bcr":59.21,"bld_far":243.56,"bld_violation":false,"bld_count":1}},{"type":"Feature","geometry":{"type":"Point","coordinates":[126.8310325805796,37.51528051127514]},"properties":{"layer":"auction","id":"B0002122024013000641711","name":"2024타경6417(1)","category":"아파트","color":"#1abc9c","court":"서울남부지방법원","court_code":"B000212","case_no":"2024타경6417","item_no":1,"dup_case_no":"2024타경104779<br/>2026타경114","dept":"경매2계","dept_tel":"(02)2192-1332(구내:1332)","usage":"아파트","address":"서울특별시 양천구 신정이펜2로 55 제206동 제1층 제103호 (신정동, 신정이펜하우스2단지)","jibun_address":"서울특별시 양천구 신정동 1322","sido":"서울특별시","sigungu":"양천구","dong":"신정동","lot_no":"1322","building_name":"신정이펜하우스2단지","floor_unit":"제206동 제1층 제103호","area_m2":84.51,"area_pyeong":25.6,"appraisal":800000000,"min_bid":640000000,"min_bid_rate":80,"discount_pct":20.0,"fail_count":1,"round_no":1,"sale_date":"2026-09-10","sale_time":"10:00","sale_place":"제112호법정","decision_date":"2026-09-17","view_count":0,"related_items":27,"status_code":"01","progress_code":"0002100001","coord_source":"tm128","geocode_failed":false,"collected_at":"2026-09-02T17:12:37+09:00","pnu":"1147010100113220000","price_unit":471000000,"price_unit_area":84.51,"price_complex":"이펜하우스2단지","price_complex_type":"아파트","price_complex_units":471,"price_by_area":[{"area":84.51,"units":227,"avg":496744493},{"area":114.98,"units":99,"avg":620808080},{"area":59.88,"units":44,"avg":276636363},{"area":84.96,"units":36,"avg":495861111},{"area":49.92,"units":27,"avg":255666666},{"area":59.94,"units":17,"avg":262294117}],"price_base":"2026.01","price_ratio":135.9}},{"type":"Feature","geometry":{"type":"Point","coordinates":[126.89662831355561,37.531498790399226]},"properties":{"layer":"auction","id":"B0002122024013010336311","name":"2024타경103363(1)","category":"아파트","color":"#1abc9c","court":"서울남부지방법원","court_code":"B000212","case_no":"2024타경103363","item_no":1,"dept":"경매2계","dept_tel":"(02)2192-1332(구내:1332)","usage":"아파트","address":"서울특별시 영등포구 당산로41길 23 제105동 제11층 제1102호 (당산동4가, 당산현대아파트)","jibun_address":"서울특별시 영등포구 당산동4가 88","sido":"서울특별시","sigungu":"영등포구","dong":"당산동4가","lot_no":"88","building_name":"당산현대아파트","floor_unit":"제105동 제11층 제1102호","structure":"철근콘크리트조","area_m2":84.5,"area_pyeong":25.6,"appraisal":1110000000,"min_bid":1110000000,"min_bid_rate":100,"discount_pct":0.0,"fail_count":0,"round_no":1,"sale_date":"2026-09-10","sale_time":"10:00","sale_place":"제112호법정","decision_date":"2026-09-17","view_count":10,"related_items":57,"status_code":"01","progress_code":"0002100001","coord_source":"tm128","geocode_failed":false,"zone_name":"당산현대3차","zone_category":"정비사업","zone_subtype":"신속통합기획","zone_stage":"대상지선정(추진중)","zone_id":"redev_0963","collected_at":"2026-09-02T17:12:37+09:00","pnu":"1156011400100880000","price_unit":927000000,"price_unit_area":84.5,"price_complex":"당산현대3차","price_complex_type":"아파트","price_complex_units":509,"price_by_area":[{"area":84.5,"units":150,"avg":900333333},{"area":73.27,"units":135,"avg":831422222},{"area":59.26,"units":120,"avg":763400000},{"area":84.93,"units":89,"avg":901157303},{"area":84.73,"units":15,"avg":890866666}],"price_base":"2026.01","price_ratio":119.7,"bld_name":"당산현대아파트 105동","bld_use":"공동주택","bld_struct":"철근콘크리트구조","bld_approval":"1988-12-28","bld_age":38,"bld_floors":"지상 15층 / 지하 1층","bld_height_m":0.0,"bld_total_area":9083.14,"bld_land_area":0.0,"bld_bcr":0.0,"bld_far":0.0,"bld_violation":false,"bld_count":10}},{"type":"Feature","geometry":{"type":"Point","coordinates":[126.8099106279306,37.55966192735923]},"properties":{"layer":"auction","id":"B0002122024013010469411","name":"2024타경104694(1)","category":"아파트","color":"#1abc9c","court":"서울남부지방법원","court_code":"B000212","case_no":"2024타경104694","item_no":1,"dept":"경매11계","dept_tel":"(02)2192-1302","usage":"아파트","address":"서울특별시 강서구 송정로 53 제101동 제4층 제408호 (공항동, 발쿠치네하우스)","jibun_address":"서울특별시 강서구 공항동 1378","sido":"서울특별시","sigungu":"강서구","dong":"공항동","lot_no":"1378","building_name":"발쿠치네하우스","floor_unit":"제101동 제4층 제408호","area_m2":21.95,"area_pyeong":6.6,"appraisal":194000000,"min_bid":16664000,"min_bid_rate":9,"discount_pct":91.4,"fail_count":11,"round_no":11,"sale_date":"2026-09-03","sale_time":"10:00","sale_place":"제112호경매법정","decision_date":"2026-09-10","view_count":0,"related_items":14,"status_code":"01","progress_code":"0002100001","coord_source":"tm128","geocode_failed":false,"collected_at":"2026-09-02T17:12:37+09:00","pnu":"1150010800113780000","price_unit":124000000,"price_unit_area":21.95,"price_complex":"발쿠치네하우스","price_complex_type":"아파트","price_complex_units":45,"price_by_area":[{"area":48.04,"units":10,"avg":271000000},{"area":47.91,"units":10,"avg":268400000},{"area":21.95,"units":10,"avg":121600000},{"area":38.75,"units":5,"avg":210400000},{"area":17.25,"units":4,"avg":94375000},{"area":56.88,"units":2,"avg":337000000}],"price_base":"2026.01","price_ratio":13.4}},{"type":"Feature","geometry":{"type":"Point","coordinates":[126.84847656833848,37.5299313562401]},"properties":{"layer":"auction","id":"B0002122024013010898611","name":"2024타경108986(1)","category":"아파트","color":"#1abc9c","court":"서울남부지방법원","court_code":"B000212","case_no":"2024타경108986","item_no":1,"dept":"경매13계","dept_tel":"02-2192-1273, 0087(감정/주소보정관련)","usage":"아파트","address":"서울특별시 강서구 강서로8길 9(화곡동) 제6층 제601호","jibun_address":"서울특별시 강서구 화곡동 894-12","sido":"서울특별시","sigungu":"강서구","dong":"화곡동","lot_no":"894-12","floor_unit":"제6층 제601호","area_m2":25.75,"area_pyeong":7.8,"appraisal":271000000,"min_bid":173440000,"min_bid_rate":64,"discount_pct":36.0,"fail_count":9,"round_no":9,"sale_date":"2026-09-08","sale_time":"10:00","sale_place":"제112호법정","decision_date":"2026-09-15","view_count":9,"related_items":9,"special_conditions":"특별매각조건","special_cond_codes":"0004306","note":"임차인 및 주택임차권 승계인 주택도시보증공사의 매수인에 대한 대항력 포기 조건 매각","status_code":"01","progress_code":"0002100001","coord_source":"tm128","geocode_failed":false,"collected_at":"2026-09-02T17:12:37+09:00","pnu":"1150010300108940012","price_unit":172000000,"price_unit_area":25.75,"price_complex":"오경아파트","price_complex_type":"아파트","price_complex_units":20,"price_by_area":[{"area":25.75,"units":10,"avg":172000000},{"area":26.0,"units":10,"avg":172000000}],"price_base":"2026.01","price_ratio":100.8,"bld_use":"제1종근린생활시설","bld_struct":"철근콘크리트구조","bld_approval":"1993-08-24","bld_age":33,"bld_floors":"지상 4층 / 지하 1층","bld_height_m":13.3,"bld_total_area":687.8,"bld_land_area":281.0,"bld_bcr":49.99,"bld_far":191.33,"bld_violation":false,"bld_count":1}},{"type":"Feature","geometry":{"type":"Point","coordinates":[126.84341105521733,37.529728735936786]},"properties":{"layer":"auction","id":"B0002122024013011553311","name":"2024타경115533(1)","category":"아파트","color":"#1abc9c","court":"서울남부지방법원","court_code":"B000212","case_no":"2024타경115533","item_no":1,"dept":"경매2계","dept_tel":"(02)2192-1332(구내:1332)","usage":"아파트","address":"서울특별시 강서구 월정로20길 86-4 제12층 제1204호 (화곡동, 위하우스아파트)","jibun_address":"서울특별시 강서구 화곡동 916-2","sido":"서울특별시","sigungu":"강서구","dong":"화곡동","lot_no":"916-2","building_name":"위하우스아파트","floor_unit":"제12층 제1204호","area_m2":30.18,"area_pyeong":9.1,"appraisal":285000000,"min_bid":19586000,"min_bid_rate":7,"discount_pct":93.1,"fail_count":12,"round_no":12,"sale_date":"2026-09-10","sale_time":"10:00","sale_place":"제112호법정","decision_date":"2026-09-17","view_count":0,"related_items":6,"status_code":"01","progress_code":"0002100001","coord_source":"tm128","geocode_failed":false,"collected_at":"2026-09-02T17:12:37+09:00","pnu":"1150010300109160002","price_unit":159000000,"price_unit_area":30.18,"price_complex":"위하우스아파트","price_complex_type":"아파트","price_complex_units":28,"price_by_area":[{"area":30.18,"units":28,"avg":164714285}],"price_base":"2026.01","price_ratio":12.3,"bld_name":"위하우스아파트","bld_use":"공동주택","bld_struct":"철근콘크리트구조","bld_approval":"2016-07-05","bld_age":10,"bld_floors":"지상 12층 / 지하 2층","bld_height_m":39.1,"bld_total_area":2027.14,"bld_land_area":369.31,"bld_bcr":57.014432,"bld_far":450.088,"bld_violation":false,"bld_count":1}},{"type":"Feature","geometry":{"type":"Point","coordinates":[126.89044426791418,37.47837842454797]},"properties":{"layer":"auction","id":"B0002122024013014783711","name":"2024타경147837(1)","category":"아파트","color":"#1abc9c","court":"서울남부지방법원","court_code":"B000212","case_no":"2024타경147837","item_no":1,"dept":"경매13계","dept_tel":"02-2192-1273, 0087(감정/주소보정관련)","usage":"아파트","address":"서울특별시 금천구 가산로 147 제9층 제910호 (가산동, 가산지웰에스테이트)","jibun_address":"서울특별시 금천구 가산동 140-9","sido":"서울특별시","sigungu":"금천구","dong":"가산동","lot_no":"140-9","building_name":"가산지웰에스테이트","floor_unit":"제9층 제910호","area_m2":15.95,"area_pyeong":4.8,"appraisal":141000000,"min_bid":29570000,"min_bid_rate":21,"discount_pct":79.0,"fail_count":7,"round_no":8,"sale_date":"2026-09-08","sale_time":"10:00","sale_place":"제112호법정","decision_date":"2026-09-15","view_count":0,"related_items":3,"special_conditions":"특별매각조건","special_cond_codes":"0004306","note":"특별매각조건 매수신청보증금 최저매각가격의 20%","status_code":"01","progress_code":"0002100001","coord_source":"tm128","geocode_failed":false,"collected_at":"2026-09-02T17:12:37+09:00","pnu":"1154010100101400009"}},{"type":"Feature","geometry":{"type":"Point","coordinates":[126.84053882602691,37.495226849088475]},"properties":{"layer":"auction","id":"B0002122024013014838011","name":"2024타경148380(1)","category":"아파트","color":"#1abc9c","court":"서울남부지방법원","court_code":"B000212","case_no":"2024타경148380","item_no":1,"dept":"경매13계","dept_tel":"02-2192-1273, 0087(감정/주소보정관련)","usage":"아파트","address":"서울특별시 구로구 고척로 5 제14층 제1403호 (오류동, 루체비스타)","jibun_address":"서울특별시 구로구 오류동 6-63","sido":"서울특별시","sigungu":"구로구","dong":"오류동","lot_no":"6-63","building_name":"루체비스타","floor_unit":"제14층 제1403호","area_m2":29.98,"area_pyeong":9.1,"appraisal":289000000,"min_bid":147968000,"min_bid_rate":51,"discount_pct":48.8,"fail_count":9,"round_no":9,"sale_date":"2026-09-08","sale_time":"10:00","sale_place":"제112호법정","decision_date":"2026-09-15","view_count":0,"related_items":8,"special_conditions":"특별매각조건","special_cond_codes":"0004306","note":"임차인 및 주택임차권 승계인 주택도시보증공사의 매수인에 대한 대항력 포기 조건 매각","status_code":"01","progress_code":"0002100001","coord_source":"tm128","geocode_failed":false,"collected_at":"2026-09-02T17:12:37+09:00","pnu":"1153010800100060063","price_unit":175000000,"price_unit_area":29.98,"price_complex":"루체비스타","price_complex_type":"아파트","price_complex_units":36,"price_by_area":[{"area":29.98,"units":27,"avg":173777777},{"area":28.81,"units":9,"avg":173777777}],"price_base":"2026.01","price_ratio":84.6,"bld_name":"루체비스타","bld_use":"공동주택","bld_struct":"철근콘크리트구조","bld_approval":"2020-03-20","bld_age":6,"bld_floors":"지상 15층 / 지하 2층","bld_height_m":47.1,"bld_total_area":2816.25,"bld_land_area":333.0,"bld_bcr":59.75,"bld_far":719.46,"bld_violation":false,"bld_count":1}},{"type":"Feature","geometry":{"type":"Point","coordinates":[126.90338810828536,37.47694931750305]},"properties":{"layer":"auction","id":"B0002122024013014873111","name":"2024타경148731(1)","category":"아파트","color":"#1abc9c","court":"서울남부지방법원","court_code":"B000212","case_no":"2024타경148731","item_no":1,"dept":"경매13계","dept_tel":"02-2192-1273, 0087(감정/주소보정관련)","usage":"아파트","address":"서울특별시 금천구 독산로 337 제8층 제801호 (독산동, 명도힐스티지)","jibun_address":"서울특별시 금천구 독산동 962-32","sido":"서울특별시","sigungu":"금천구","dong":"독산동","lot_no":"962-32","building_name":"명도힐스티지","floor_unit":"제8층 제801호","area_m2":29.63,"area_pyeong":9.0,"appraisal":281000000,"min_bid":58930000,"min_bid_rate":21,"discount_pct":79.0,"fail_count":7,"round_no":7,"sale_date":"2026-09-08","sale_time":"10:00","sale_place":"제112호법정","decision_date":"2026-09-15","view_count":0,"related_items":3,"status_code":"01","progress_code":"0002100001","coord_source":"tm128","geocode_failed":false,"collected_at":"2026-09-02T17:12:37+09:00","pnu":"1154010200109620032"}},{"type":"Feature","geometry":{"type":"Point","coordinates":[126.9005630062557,37.48689770203205]},"properties":{"layer":"auction","id":"B0002122025013000488311","name":"2025타경4883(1)","category":"아파트","color":"#1abc9c","court":"서울남부지방법원","court_code":"B000212","case_no":"2025타경4883","item_no":1,"dept":"경매4계","dept_tel":"02-2192-1334","usage":"아파트","address":"서울특별시 영등포구 도림천로19길 12 제9층 제901호 (대림동, 유탑유블레스)","jibun_address":"서울특별시 영등포구 대림동 1101-1","sido":"서울특별시","sigungu":"영등포구","dong":"대림동","lot_no":"1101-1","building_name":"유탑유블레스","floor_unit":"제9층 제901호","structure":"철근콘크리트구조","area_m2":13.9,"area_pyeong":4.2,"appraisal":118000000,"min_bid":30933000,"min_bid_rate":26,"discount_pct":73.8,"fail_count":6,"round_no":6,"sale_date":"2026-09-22","sale_time":"10:00","sale_place":"제112호법정","decision_date":"2026-09-29","view_count":0,"related_items":5,"status_code":"01","progress_code":"0002100001","coord_source":"tm128","geocode_failed":false,"collected_at":"2026-09-02T17:12:37+09:00","pnu":"1156013300111010001","price_unit":70500000,"price_unit_area":13.9,"price_complex":"(1101-1)","price_complex_type":"아파트","price_complex_units":148,"price_by_area":[{"area":14.46,"units":85,"avg":70923529},{"area":13.64,"units":32,"avg":72175000},{"area":13.9,"units":23,"avg":70826086},{"area":14.81,"units":8,"avg":72175000}],"price_base":"2026.01","price_ratio":43.9,"bld_name":"유탑유블레스","bld_use":"공동주택","bld_struct":"철근콘크리트구조","bld_approval":"2012-06-26","bld_age":14,"bld_floors":"지상 10층 / 지하 2층","bld_height_m":29.9,"bld_total_area":4434.96,"bld_land_area":964.0,"bld_bcr":54.26,"bld_far":397.52,"bld_violation":false,"bld_count":1}},{"type":"Feature","geometry":{"type":"Point","coordinates":[126.89114901341836,37.47888961960372]},"properties":{"layer":"auction","id":"B0002122025013000833311","name":"2025타경8333(1)","category":"아파트","color":"#1abc9c","court":"서울남부지방법원","court_code":"B000212","case_no":"2025타경8333","item_no":1,"dept":"경매9계","dept_tel":"(02)2192-1339(구내:1339)","usage":"아파트","address":"서울특별시 금천구 가산동 141-2 가산양우내안애애플 제13층 제1311호","jibun_address":"서울특별시 금천구 가산동 141-2","sido":"서울특별시","sigungu":"금천구","dong":"가산동","lot_no":"141-2","building_name":"가산양우내안애애플","floor_unit":"제13층 제1311호","area_m2":12.04,"area_pyeong":3.6,"appraisal":110000000,"min_bid":14764000,"min_bid_rate":13,"discount_pct":86.6,"fail_count":9,"round_no":9,"sale_date":"2026-09-09","sale_time":"10:00","sale_place":"제112호법정","decision_date":"2026-09-16","view_count":0,"related_items":2,"status_code":"01","progress_code":"0002100001","coord_source":"tm128","geocode_failed":false,"collected_at":"2026-09-02T17:12:37+09:00","pnu":"1154010100101410002"}},{"type":"Feature","geometry":{"type":"Point","coordinates":[126.84849919280951,37.52993157658821]},"properties":{"layer":"auction","id":"B0002122025013000833511","name":"2025타경8335(1)","category":"아파트","color":"#1abc9c","court":"서울남부지방법원","court_code":"B000212","case_no":"2025타경8335","item_no":1,"dept":"경매4계","dept_tel":"02-2192-1334","usage":"아파트","address":"서울특별시 강서구 화곡동 894-12 5층502호","jibun_address":"서울특별시 강서구 화곡동 894-12","sido":"서울특별시","sigungu":"강서구","dong":"화곡동","lot_no":"894-12","floor_unit":"5층502호","area_m2":26.0,"area_pyeong":7.9,"appraisal":270000000,"min_bid":270000000,"min_bid_rate":100,"discount_pct":0.0,"fail_count":5,"round_no":5,"sale_date":"2026-09-22","sale_time":"10:00","sale_place":"제112호법정","decision_date":"2026-09-29","view_count":0,"related_items":3,"note":"- 임차인 및 주택임차권 승계인 주택도시보증공사의 배당받지 못하는 잔액에 대한 임차보증금반환청구권 포기 조건 매각","status_code":"01","progress_code":"0002100001","coord_source":"tm128","geocode_failed":false,"collected_at":"2026-09-02T17:12:37+09:00","pnu":"1150010300108940012","price_unit":172000000,"price_unit_area":26.0,"price_complex":"오경아파트","price_complex_type":"아파트","price_complex_units":20,"price_by_area":[{"area":25.75,"units":10,"avg":172000000},{"area":26.0,"units":10,"avg":172000000}],"price_base":"2026.01","price_ratio":157.0,"bld_use":"제1종근린생활시설","bld_struct":"철근콘크리트구조","bld_approval":"1993-08-24","bld_age":33,"bld_floors":"지상 4층 / 지하 1층","bld_height_m":13.3,"bld_total_area":687.8,"bld_land_area":281.0,"bld_bcr":49.99,"bld_far":191.33,"bld_violation":false,"bld_count":1}},{"type":"Feature","geometry":{"type":"Point","coordinates":[126.84562893801518,37.529705359375264]},"properties":{"layer":"auction","id":"B0002122025013000912611","name":"2025타경9126(1)","category":"아파트","color":"#1abc9c","court":"서울남부지방법원","court_code":"B000212","case_no":"2025타경9126","item_no":1,"dept":"경매13계","dept_tel":"02-2192-1273, 0087(감정/주소보정관련)","usage":"아파트","address":"서울특별시 강서구 화곡동 900-28 에스타워 제9층 제901호","jibun_address":"서울특별시 강서구 화곡동 900-28","sido":"서울특별시","sigungu":"강서구","dong":"화곡동","lot_no":"900-28","building_name":"에스타워","floor_unit":"제9층 제901호","area_m2":29.25,"area_pyeong":8.8,"appraisal":218000000,"min_bid":139520000,"min_bid_rate":64,"discount_pct":36.0,"fail_count":5,"round_no":5,"sale_date":"2026-09-08","sale_time":"10:00","sale_place":"제112호법정","decision_date":"2026-09-15","view_count":0,"related_items":5,"special_conditions":"특별매각조건","special_cond_codes":"0004306","note":"임차인 및 주택임차권 승계인 주택도시보증공사의 매수인에 대한 대항력 포기 조건 매각","status_code":"01","progress_code":"0002100001","coord_source":"tm128","geocode_failed":false,"collected_at":"2026-09-02T17:12:37+09:00","pnu":"1150010300109000028","price_unit":128000000,"price_unit_area":29.25,"price_complex":"에스타워","price_complex_type":"아파트","price_complex_units":18,"price_by_area":[{"area":29.25,"units":6,"avg":130166666},{"area":29.86,"units":6,"avg":130166666},{"area":27.32,"units":6,"avg":127833333}],"price_base":"2026.01","price_ratio":109.0}},{"type":"Feature","geometry":{"type":"Point","coordinates":[126.84047167987426,37.49518113871821]},"properties":{"layer":"auction","id":"B0002122025013000930711","name":"2025타경9307(1)","category":"아파트","color":"#1abc9c","court":"서울남부지방법원","court_code":"B000212","case_no":"2025타경9307","item_no":1,"dept":"경매13계","dept_tel":"02-2192-1273, 0087(감정/주소보정관련)","usage":"아파트","address":"서울특별시 구로구 오류동 6-63 루체비스타 제10층 제1004호","jibun_address":"서울특별시 구로구 오류동 6-63","sido":"서울특별시","sigungu":"구로구","dong":"오류동","lot_no":"6-63","building_name":"루체비스타","floor_unit":"제10층 제1004호","area_m2":29.98,"area_pyeong":9.1,"appraisal":258000000,"min_bid":132096000,"min_bid_rate":51,"discount_pct":48.8,"fail_count":5,"round_no":5,"sale_date":"2026-09-08","sale_time":"10:00","sale_place":"제112호법정","decision_date":"2026-09-15","view_count":0,"related_items":3,"special_conditions":"특별매각조건","special_cond_codes":"0004306","note":"임차인 및 주택임차권 승계인 주택도시보증공사의 매수인에 대한 대항력 포기 조건 매각","status_code":"01","progress_code":"0002100001","coord_source":"tm128","geocode_failed":false,"collected_at":"2026-09-02T17:12:37+09:00","pnu":"1153010800100060063","price_unit":175000000,"price_unit_area":29.98,"price_complex":"루체비스타","price_complex_type":"아파트","price_complex_units":36,"price_by_area":[{"area":29.98,"units":27,"avg":173777777},{"area":28.81,"units":9,"avg":173777777}],"price_base":"2026.01","price_ratio":75.5,"bld_name":"루체비스타","bld_use":"공동주택","bld_struct":"철근콘크리트구조","bld_approval":"2020-03-20","bld_age":6,"bld_floors":"지상 15층 / 지하 2층","bld_height_m":47.1,"bld_total_area":2816.25,"bld_land_area":333.0,"bld_bcr":59.75,"bld_far":719.46,"bld_violation":false,"bld_count":1}},{"type":"Feature","geometry":{"type":"Point","coordinates":[126.84047167987426,37.49518113871821]},"properties":{"layer":"auction","id":"B0002122025013000984511","name":"2025타경9845(1)","category":"아파트","color":"#1abc9c","court":"서울남부지방법원","court_code":"B000212","case_no":"2025타경9845","item_no":1,"dept":"경매13계","dept_tel":"02-2192-1273, 0087(감정/주소보정관련)","usage":"아파트","address":"서울특별시 구로구 오류동 6-63 루체비스타 7층 701호","jibun_address":"서울특별시 구로구 오류동 6-63","sido":"서울특별시","sigungu":"구로구","dong":"오류동","lot_no":"6-63","building_name":"루체비스타","floor_unit":"7층 701호","area_m2":28.81,"area_pyeong":8.7,"appraisal":278000000,"min_bid":278000000,"min_bid_rate":100,"discount_pct":0.0,"fail_count":2,"round_no":2,"sale_date":"2026-09-08","sale_time":"10:00","sale_place":"제112호법정","decision_date":"2026-09-15","view_count":0,"related_items":2,"special_conditions":"특별매각조건","special_cond_codes":"0004306","note":"임차인 및 주택임차권 승계인 주택도시보증공사의 매수인에 대한 대항력 포기 조건 매각","status_code":"01","progress_code":"0002100001","coord_source":"tm128","geocode_failed":false,"collected_at":"2026-09-02T17:12:37+09:00","pnu":"1153010800100060063","price_unit":170000000,"price_unit_area":28.81,"price_complex":"루체비스타","price_complex_type":"아파트","price_complex_units":36,"price_by_area":[{"area":29.98,"units":27,"avg":173777777},{"area":28.81,"units":9,"avg":173777777}],"price_base":"2026.01","price_ratio":163.5,"bld_name":"루체비스타","bld_use":"공동주택","bld_struct":"철근콘크리트구조","bld_approval":"2020-03-20","bld_age":6,"bld_floors":"지상 15층 / 지하 2층","bld_height_m":47.1,"bld_total_area":2816.25,"bld_land_area":333.0,"bld_bcr":59.75,"bld_far":719.46,"bld_violation":false,"bld_count":1}},{"type":"Feature","geometry":{"type":"Point","coordinates":[126.86237803258469,37.54730276844429]},"properties":{"layer":"auction","id":"B0002122025013000999511","name":"2025타경9995(1)","category":"아파트","color":"#1abc9c","court":"서울남부지방법원","court_code":"B000212","case_no":"2025타경9995","item_no":1,"dept":"경매10계","dept_tel":"(02)2192-1340","usage":"아파트","address":"서울특별시 강서구 등촌동 511-4 등촌퀸즈포디엄삼익 제14층 제102-1404호","jibun_address":"서울특별시 강서구 등촌동 511-4","sido":"서울특별시","sigungu":"강서구","dong":"등촌동","lot_no":"511-4","building_name":"등촌퀸즈포디엄삼익","floor_unit":"제14층 제102-1404호","area_m2":47.44,"area_pyeong":14.4,"appraisal":416000000,"min_bid":416000000,"min_bid_rate":100,"discount_pct":0.0,"fail_count":0,"round_no":0,"sale_date":"2026-09-04","sale_time":"10:00","sale_place":"제112호법정","decision_date":"2026-09-11","view_count":0,"related_items":3,"status_code":"01","progress_code":"0002100001","coord_source":"tm128","geocode_failed":false,"collected_at":"2026-09-02T17:12:37+09:00","pnu":"1150010200105110004","price_complex":"등촌퀸즈포디엄삼익","price_complex_type":"아파트","price_complex_units":104,"price_by_area":[{"area":32.37,"units":26,"avg":197846153},{"area":47.44,"units":26,"avg":253384615},{"area":44.8,"units":26,"avg":255076923},{"area":33.64,"units":26,"avg":209384615}],"price_base":"2026.01","bld_use":"공동주택","bld_struct":"철근콘크리트구조","bld_approval":"1985-04-20","bld_age":41,"bld_floors":"지상 3층 / 지하 1층","bld_height_m":11.1,"bld_total_area":2178.45,"bld_land_area":1653.74,"bld_bcr":33.12,"bld_far":99.35,"bld_violation":false,"bld_count":1}},{"type":"Feature","geometry":{"type":"Point","coordinates":[126.84607421687181,37.5301782452585]},"properties":{"layer":"auction","id":"B0002122025013001028611","name":"2025타경10286(1)","category":"아파트","color":"#1abc9c","court":"서울남부지방법원","court_code":"B000212","case_no":"2025타경10286","item_no":1,"dept":"경매4계","dept_tel":"02-2192-1334","usage":"아파트","address":"서울특별시 강서구 화곡동 899-21 양지샤인아파트 제12층 제1202호","jibun_address":"서울특별시 강서구 화곡동 899-21","sido":"서울특별시","sigungu":"강서구","dong":"화곡동","lot_no":"899-21","building_name":"양지샤인아파트","floor_unit":"제12층 제1202호","area_m2":20.63,"area_pyeong":6.2,"appraisal":234000000,"min_bid":234000000,"min_bid_rate":100,"discount_pct":0.0,"fail_count":5,"round_no":5,"sale_date":"2026-09-22","sale_time":"10:00","sale_place":"제112호법정","decision_date":"2026-09-29","view_count":0,"related_items":4,"note":"- 임차인 및 주택임차권 승계인 주택도시보증공사의 배당받지 못하는 잔액에 대한 임차보증금반환청구권 포기 조건 매각","status_code":"01","progress_code":"0002100001","coord_source":"tm128","geocode_failed":false,"collected_at":"2026-09-02T17:12:37+09:00","pnu":"1150010300108990021","price_unit":147000000,"price_unit_area":20.63,"price_complex":"양지샤인아파트","price_complex_type":"아파트","price_complex_units":24,"price_by_area":[{"area":20.37,"units":16,"avg":145750000},{"area":20.63,"units":8,"avg":145750000}],"price_base":"2026.01","price_ratio":159.2,"bld_use":"공동주택","bld_struct":"철근콘크리트구조","bld_approval":"1991-12-05","bld_age":35,"bld_floors":"지상 4층 / 지하 1층","bld_height_m":12.3,"bld_total_area":658.56,"bld_land_area":270.1,"bld_bcr":49.91,"bld_far":195.51,"bld_violation":false,"bld_count":1}},{"type":"Feature","geometry":{"type":"Point","coordinates":[126.88221531309401,37.53672459591527]},"properties":{"layer":"auction","id":"B0002122025013001047711","name":"2025타경10477(1)","category":"아파트","color":"#1abc9c","court":"서울남부지방법원","court_code":"B000212","case_no":"2025타경10477","item_no":1,"dup_case_no":"2025타경10451<br/>2025타경12484","dept":"경매5계","dept_tel":"02-2192-1933","usage":"아파트","address":"서울특별시 양천구 목동 908-34 부영그린타운3차 제14층 제1403호","jibun_address":"서울특별시 양천구 목동 908-34","sido":"서울특별시","sigungu":"양천구","dong":"목동","lot_no":"908-34","building_name":"부영그린타운3차","floor_unit":"제14층 제1403호","structure":"철골철근콘크리트조","area_m2":89.61,"area_pyeong":27.1,"appraisal":1450000000,"min_bid":1450000000,"min_bid_rate":100,"discount_pct":0.0,"fail_count":0,"round_no":0,"sale_date":"2026-09-11","sale_time":"10:00","sale_place":"제112호법정","decision_date":"2026-09-18","view_count":0,"related_items":8,"status_code":"01","progress_code":"0002100001","coord_source":"tm128","geocode_failed":false,"collected_at":"2026-09-02T17:12:37+09:00","pnu":"1147010200109080034","price_unit":1064000000,"price_unit_area":89.61,"price_complex":"부영3","price_complex_type":"아파트","price_complex_units":276,"price_by_area":[{"area":152.63,"units":40,"avg":1401600000},{"area":89.61,"units":40,"avg":1043850000},{"area":198.2,"units":40,"avg":1574350000},{"area":157.29,"units":40,"avg":1439350000},{"area":136.77,"units":30,"avg":1215433333},{"area":140.52,"units":30,"avg":1259200000}],"price_base":"2026.01","price_ratio":136.3,"bld_name":"부영그린타운3차","bld_use":"공동주택","bld_struct":"철골철근콘크리트구조","bld_approval":"2000-11-24","bld_age":26,"bld_floors":"지상 24층 / 지하 7층","bld_height_m":82.75,"bld_total_area":88507.4,"bld_land_area":6258.9,"bld_bcr":59.78,"bld_far":887.22,"bld_violation":false,"bld_count":1}},{"type":"Feature","geometry":{"type":"Point","coordinates":[126.91286786896669,37.51719648533464]},"properties":{"layer":"auction","id":"B0002122025013001082011","name":"2025타경10820(1)","category":"아파트","color":"#1abc9c","court":"서울남부지방법원","court_code":"B000212","case_no":"2025타경10820","item_no":1,"dept":"경매5계","dept_tel":"02-2192-1933","usage":"아파트","address":"서울특별시 영등포구 영등포동1가 145 제12층 제1204호","jibun_address":"서울특별시 영등포구 영등포동1가 145","sido":"서울특별시","sigungu":"영등포구","dong":"영등포동1가","lot_no":"145","floor_unit":"제12층 제1204호","structure":"철근콘크리트구조","area_m2":14.24,"area_pyeong":4.3,"appraisal":131000000,"min_bid":131000000,"min_bid_rate":100,"discount_pct":0.0,"fail_count":0,"round_no":0,"sale_date":"2026-09-11","sale_time":"10:00","sale_place":"제112호법정","decision_date":"2026-09-18","view_count":0,"related_items":0,"status_code":"01","progress_code":"0002100001","coord_source":"tm128","geocode_failed":false,"collected_at":"2026-09-02T17:12:37+09:00","pnu":"1156010200101450000","price_unit":74400000,"price_unit_area":14.24,"price_complex":"내이처해밀","price_complex_type":"아파트","price_complex_units":149,"price_by_area":[{"area":14.24,"units":105,"avg":72857142},{"area":15.08,"units":22,"avg":72763636},{"area":14.89,"units":22,"avg":72763636}],"price_base":"2026.01","price_ratio":176.1,"bld_use":"공동주택","bld_struct":"철근콘크리트구조","bld_approval":"2012-06-14","bld_age":14,"bld_floors":"지상 13층 / 지하 1층","bld_height_m":39.995,"bld_total_area":4370.52,"bld_land_area":928.8,"bld_bcr":44.8,"bld_far":398.58,"bld_violation":false,"bld_count":1}},{"type":"Feature","geometry":{"type":"Point","coordinates":[126.89956123781572,37.53440945391134]},"properties":{"layer":"auction","id":"B0002122025013001095511","name":"2025타경10955(1)","category":"아파트","color":"#1abc9c","court":"서울남부지방법원","court_code":"B000212","case_no":"2025타경10955","item_no":1,"dept":"경매9계","dept_tel":"(02)2192-1339(구내:1339)","usage":"아파트","address":"서울특별시 영등포구 당산동5가 40 성원아파트 제101동 제5층 제501호","jibun_address":"서울특별시 영등포구 당산동5가 40","sido":"서울특별시","sigungu":"영등포구","dong":"당산동5가","lot_no":"40","building_name":"성원아파트","floor_unit":"제101동 제5층 제501호","structure":"철근콘크리트벽식구조","area_m2":59.94,"area_pyeong":18.1,"appraisal":902000000,"min_bid":902000000,"min_bid_rate":100,"discount_pct":0.0,"fail_count":0,"round_no":0,"sale_date":"2026-09-09","sale_time":"10:00","sale_place":"제112호법정","decision_date":"2026-09-16","view_count":0,"related_items":27,"status_code":"01","progress_code":"0002100001","coord_source":"tm128","geocode_failed":false,"collected_at":"2026-09-02T17:12:37+09:00","pnu":"1156011500100400000","price_unit":600000000,"price_unit_area":59.94,"price_complex":"성원","price_complex_type":"아파트","price_complex_units":205,"price_by_area":[{"area":59.94,"units":93,"avg":615139784},{"area":84.96,"units":80,"avg":737187500},{"area":113.55,"units":32,"avg":784312500}],"price_base":"2026.01","price_ratio":150.3,"bld_name":"성원아파트 101동","bld_use":"공동주택","bld_struct":"철근콘크리트구조","bld_approval":"1997-10-01","bld_age":29,"bld_floors":"지상 20층 / 지하 1층","bld_height_m":0.0,"bld_total_area":25866.84,"bld_land_area":7085.5,"bld_bcr":20.11,"bld_far":248.61,"bld_violation":false,"bld_count":5}},{"type":"Feature","geometry":{"type":"Point","coordinates":[126.90335511534191,37.476885938200795]},"properties":{"layer":"auction","id":"B0002122025013001122311","name":"2025타경11223(1)","category":"아파트","color":"#1abc9c","court":"서울남부지방법원","court_code":"B000212","case_no":"2025타경11223","item_no":1,"dept":"경매1계","dept_tel":"02-2192-1331, 0085(감정관련)(문의:오전9시~오후4시요망)","usage":"아파트","address":"서울특별시 금천구 독산동 962-32 명도힐스티지 제11층 제1102호","jibun_address":"서울특별시 금천구 독산동 962-32","sido":"서울특별시","sigungu":"금천구","dong":"독산동","lot_no":"962-32","building_name":"명도힐스티지","floor_unit":"제11층 제1102호","area_m2":29.63,"area_pyeong":9.0,"appraisal":271000000,"min_bid":138752000,"min_bid_rate":51,"discount_pct":48.8,"fail_count":3,"round_no":3,"sale_date":"2026-09-02","sale_time":"10:00","sale_place":"제112호법정","decision_date":"2026-09-09","view_count":0,"related_items":1,"status_code":"01","progress_code":"0002100001","coord_source":"tm128","geocode_failed":false,"collected_at":"2026-09-02T17:12:37+09:00","pnu":"1154010200109620032"}},{"type":"Feature","geometry":{"type":"Point","coordinates":[126.8436924106613,37.529091751771105]},"properties":{"layer":"auction","id":"B0002122025013001124911","name":"2025타경11249(1)","category":"아파트","color":"#1abc9c","court":"서울남부지방법원","court_code":"B000212","case_no":"2025타경11249","item_no":1,"dept":"경매1계","dept_tel":"02-2192-1331, 0085(감정관련)(문의:오전9시~오후4시요망)","usage":"아파트","address":"서울특별시 강서구 화곡동 915-19 양지샤인빌 제7층 제701호","jibun_address":"서울특별시 강서구 화곡동 915-19","sido":"서울특별시","sigungu":"강서구","dong":"화곡동","lot_no":"915-19","building_name":"양지샤인빌","floor_unit":"제7층 제701호","area_m2":13.76,"area_pyeong":4.2,"appraisal":131000000,"min_bid":83840000,"min_bid_rate":64,"discount_pct":36.0,"fail_count":2,"round_no":2,"sale_date":"2026-09-02","sale_time":"10:00","sale_place":"제112호법정","decision_date":"2026-09-09","view_count":0,"related_items":1,"special_conditions":"특별매각조건","special_cond_codes":"0004306","note":"임차인 및 임차권승계인 주택도시보증공사의 매수인에 대한 대항력 포기조건 매각","status_code":"01","progress_code":"0002100001","coord_source":"tm128","geocode_failed":false,"collected_at":"2026-09-02T17:12:37+09:00","pnu":"1150010300109150019","price_unit":108000000,"price_unit_area":13.76,"price_complex":"양지샤인빌","price_complex_type":"아파트","price_complex_units":32,"price_by_area":[{"area":13.76,"units":32,"avg":106625000}],"price_base":"2026.01","price_ratio":77.6,"bld_use":"단독주택","bld_struct":"철근콘크리트구조","bld_approval":"1994-12-15","bld_age":32,"bld_floors":"지상 3층 / 지하 1층","bld_height_m":11.2,"bld_total_area":245.52,"bld_land_area":110.5,"bld_bcr":64.94,"bld_far":171.69,"bld_violation":false,"bld_count":1}},{"type":"Feature","geometry":{"type":"Point","coordinates":[126.89091493898994,37.47789627221967]},"properties":{"layer":"auction","id":"B0002122025013001128711","name":"2025타경11287(1)","category":"아파트","color":"#1abc9c","court":"서울남부지방법원","court_code":"B000212","case_no":"2025타경11287","item_no":1,"dept":"경매5계","dept_tel":"02-2192-1933","usage":"아파트","address":"서울특별시 금천구 가산동 143-3 하이펠리스 제13층 제1302호","jibun_address":"서울특별시 금천구 가산동 143-3","sido":"서울특별시","sigungu":"금천구","dong":"가산동","lot_no":"143-3","building_name":"하이펠리스","floor_unit":"제13층 제1302호","area_m2":25.59,"area_pyeong":7.7,"appraisal":323000000,"min_bid":323000000,"min_bid_rate":100,"discount_pct":0.0,"fail_count":0,"round_no":0,"sale_date":"2026-09-11","sale_time":"10:00","sale_place":"제112호법정","decision_date":"2026-09-18","view_count":0,"related_items":0,"status_code":"01","progress_code":"0002100001","coord_source":"tm128","geocode_failed":false,"collected_at":"2026-09-02T17:12:37+09:00","pnu":"1154010100101430003"}},{"type":"Feature","geometry":{"type":"Point","coordinates":[126.89114901341836,37.47888961960372]},"properties":{"layer":"auction","id":"B0002122025013001192011","name":"2025타경11920(1)","category":"아파트","color":"#1abc9c","court":"서울남부지방법원","court_code":"B000212","case_no":"2025타경11920","item_no":1,"dept":"경매5계","dept_tel":"02-2192-1933","usage":"아파트","address":"서울특별시 금천구 가산동 141-2 가산양우내안애애플 제18층 제1806호","jibun_address":"서울특별시 금천구 가산동 141-2","sido":"서울특별시","sigungu":"금천구","dong":"가산동","lot_no":"141-2","building_name":"가산양우내안애애플","floor_unit":"제18층 제1806호","area_m2":12.04,"area_pyeong":3.6,"appraisal":113000000,"min_bid":113000000,"min_bid_rate":100,"discount_pct":0.0,"fail_count":0,"round_no":0,"sale_date":"2026-09-11","sale_time":"10:00","sale_place":"제112호법정","decision_date":"2026-09-18","view_count":0,"related_items":0,"status_code":"01","progress_code":"0002100001","coord_source":"tm128","geocode_failed":false,"collected_at":"2026-09-02T17:12:37+09:00","pnu":"1154010100101410002"}},{"type":"Feature","geometry":{"type":"Point","coordinates":[126.90836450209578,37.505612617358224]},"properties":{"layer":"auction","id":"B0002122025013001193911","name":"2025타경11939(1)","category":"아파트","color":"#1abc9c","court":"서울남부지방법원","court_code":"B000212","case_no":"2025타경11939","item_no":1,"dept":"경매5계","dept_tel":"02-2192-1933","usage":"아파트","address":"서울특별시 영등포구 신길동 261-22 레전드힐스 제4층 제403호","jibun_address":"서울특별시 영등포구 신길동 261-22","sido":"서울특별시","sigungu":"영등포구","dong":"신길동","lot_no":"261-22","building_name":"레전드힐스","floor_unit":"제4층 제403호","area_m2":13.74,"area_pyeong":4.2,"appraisal":102000000,"min_bid":102000000,"min_bid_rate":100,"discount_pct":0.0,"fail_count":0,"round_no":0,"sale_date":"2026-09-11","sale_time":"10:00","sale_place":"제112호법정","decision_date":"2026-09-18","view_count":0,"related_items":0,"status_code":"01","progress_code":"0002100001","coord_source":"tm128","geocode_failed":false,"collected_at":"2026-09-02T17:12:37+09:00","pnu":"1156013200102610022","price_unit":61900000,"price_unit_area":13.74,"price_complex":"신길레전드힐스","price_complex_type":"아파트","price_complex_units":216,"price_by_area":[{"area":13.74,"units":189,"avg":65714814},{"area":13.55,"units":14,"avg":65307142},{"area":13.49,"units":13,"avg":66153846}],"price_base":"2026.01","price_ratio":164.8,"bld_name":"레전드힐스","bld_use":"공동주택","bld_struct":"철근콘크리트구조","bld_approval":"2013-07-26","bld_age":13,"bld_floors":"지상 17층 / 지하 2층","bld_height_m":55.6,"bld_total_area":8069.5,"bld_land_area":1259.0,"bld_bcr":55.63,"bld_far":483.67,"bld_violation":false,"bld_count":1}},{"type":"Feature","geometry":{"type":"Point","coordinates":[126.8434332627439,37.52975598427938]},"properties":{"layer":"auction","id":"B0002122025013001201611","name":"2025타경12016(1)","category":"아파트","color":"#1abc9c","court":"서울남부지방법원","court_code":"B000212","case_no":"2025타경12016","item_no":1,"dept":"경매1계","dept_tel":"02-2192-1331, 0085(감정관련)(문의:오전9시~오후4시요망)","usage":"아파트","address":"서울특별시 강서구 화곡동 916-2 위하우스아파트 제6층 제603호","jibun_address":"서울특별시 강서구 화곡동 916-2","sido":"서울특별시","sigungu":"강서구","dong":"화곡동","lot_no":"916-2","building_name":"위하우스아파트","floor_unit":"제6층 제603호","area_m2":30.18,"area_pyeong":9.1,"appraisal":277000000,"min_bid":177280000,"min_bid_rate":64,"discount_pct":36.0,"fail_count":2,"round_no":2,"sale_date":"2026-09-02","sale_time":"10:00","sale_place":"제112호법정","decision_date":"2026-09-09","view_count":0,"related_items":3,"special_conditions":"특별매각조건","special_cond_codes":"0004306","note":"임차인 및 임차권승계인 주택도시보증공사의 매수인에 대한 대항력 포기조건 매각","status_code":"01","progress_code":"0002100001","coord_source":"tm128","geocode_failed":false,"collected_at":"2026-09-02T17:12:37+09:00","pnu":"1150010300109160002","price_unit":159000000,"price_unit_area":30.18,"price_complex":"위하우스아파트","price_complex_type":"아파트","price_complex_units":28,"price_by_area":[{"area":30.18,"units":28,"avg":164714285}],"price_base":"2026.01","price_ratio":111.5,"bld_name":"위하우스아파트","bld_use":"공동주택","bld_struct":"철근콘크리트구조","bld_approval":"2016-07-05","bld_age":10,"bld_floors":"지상 12층 / 지하 2층","bld_height_m":39.1,"bld_total_area":2027.14,"bld_land_area":369.31,"bld_bcr":57.014432,"bld_far":450.088,"bld_violation":false,"bld_count":1}},{"type":"Feature","geometry":{"type":"Point","coordinates":[126.89114901341836,37.47888961960372]},"properties":{"layer":"auction","id":"B0002122025013001215511","name":"2025타경12155(1)","category":"아파트","color":"#1abc9c","court":"서울남부지방법원","court_code":"B000212","case_no":"2025타경12155","item_no":1,"dept":"경매10계","dept_tel":"(02)2192-1340","usage":"아파트","address":"서울특별시 금천구 가산동 141-2 가산양우내안애애플 제17층 제1713호","jibun_address":"서울특별시 금천구 가산동 141-2","sido":"서울특별시","sigungu":"금천구","dong":"가산동","lot_no":"141-2","building_name":"가산양우내안애애플","floor_unit":"제17층 제1713호","area_m2":12.04,"area_pyeong":3.6,"appraisal":112000000,"min_bid":89600000,"min_bid_rate":80,"discount_pct":20.0,"fail_count":1,"round_no":1,"sale_date":"2026-09-04","sale_time":"10:00","sale_place":"제112호법정","decision_date":"2026-09-11","view_count":0,"related_items":0,"note":"임차인 및 임차권승계인 서울보증보험(주)의 매수인에 대한 대항력 포기조건 매각","status_code":"01","progress_code":"0002100001","coord_source":"tm128","geocode_failed":false,"collected_at":"2026-09-02T17:12:37+09:00","pnu":"1154010100101410002"}},{"type":"Feature","geometry":{"type":"Point","coordinates":[126.89192989609728,37.49646735162463]},"properties":{"layer":"auction","id":"B0002122025013001223911","name":"2025타경12239(1)","category":"아파트","color":"#1abc9c","court":"서울남부지방법원","court_code":"B000212","case_no":"2025타경12239","item_no":1,"dept":"경매5계","dept_tel":"02-2192-1933","usage":"아파트","address":"서울특별시 구로구 구로동 97-4 하나세인스톤2차 본동 제11층 제1107호","jibun_address":"서울특별시 구로구 구로동 97-4","sido":"서울특별시","sigungu":"구로구","dong":"구로동","lot_no":"97-4","building_name":"하나세인스톤2차 본동","floor_unit":"제11층 제1107호","area_m2":19.33,"area_pyeong":5.8,"appraisal":147000000,"min_bid":147000000,"min_bid_rate":100,"discount_pct":0.0,"fail_count":0,"round_no":0,"sale_date":"2026-09-11","sale_time":"10:00","sale_place":"제112호법정","decision_date":"2026-09-18","view_count":0,"related_items":0,"status_code":"01","progress_code":"0002100001","coord_source":"tm128","geocode_failed":false,"collected_at":"2026-09-02T17:12:37+09:00","pnu":"1153010200100970004","price_unit":90300000,"price_unit_area":19.33,"price_complex":"하나세인스톤2차","price_complex_type":"아파트","price_complex_units":100,"price_by_area":[{"area":19.33,"units":91,"avg":88915384},{"area":84.96,"units":6,"avg":288000000},{"area":84.95,"units":3,"avg":288000000}],"price_base":"2026.01","price_ratio":162.8,"bld_name":"하나세인스톤2차 본동","bld_use":"공동주택","bld_struct":"철근콘크리트구조","bld_approval":"2011-11-23","bld_age":15,"bld_floors":"지상 20층 / 지하 3층","bld_height_m":64.8,"bld_total_area":9879.36,"bld_land_area":991.5,"bld_bcr":57.12,"bld_far":776.14,"bld_violation":false,"bld_count":1}},{"type":"Feature","geometry":{"type":"Point","coordinates":[126.8898034987692,37.478129129709544]},"properties":{"layer":"auction","id":"B0002122025013001242111","name":"2025타경12421(1)","category":"아파트","color":"#1abc9c","court":"서울남부지방법원","court_code":"B000212","case_no":"2025타경12421","item_no":1,"dept":"경매10계","dept_tel":"(02)2192-1340","usage":"아파트","address":"서울특별시 금천구 가산동 140-36 비즈트위트 바이올렛 5차 제8층 제806호","jibun_address":"서울특별시 금천구 가산동 140-36","sido":"서울특별시","sigungu":"금천구","dong":"가산동","lot_no":"140-36","building_name":"비즈트위트 바이올렛 5차","floor_unit":"제8층 제806호","area_m2":12.19,"area_pyeong":3.7,"appraisal":107000000,"min_bid":68480000,"min_bid_rate":64,"discount_pct":36.0,"fail_count":2,"round_no":2,"sale_date":"2026-09-04","sale_time":"10:00","sale_place":"제112호법정","decision_date":"2026-09-11","view_count":0,"related_items":1,"status_code":"01","progress_code":"0002100001","coord_source":"tm128","geocode_failed":false,"collected_at":"2026-09-02T17:12:37+09:00","pnu":"1154010100101400036"}},{"type":"Feature","geometry":{"type":"Point","coordinates":[126.84180397476722,37.54148053100455]},"properties":{"layer":"auction","id":"B0002122025013001250511","name":"2025타경12505(1)","category":"아파트","color":"#1abc9c","court":"서울남부지방법원","court_code":"B000212","case_no":"2025타경12505","item_no":1,"dept":"경매1계","dept_tel":"02-2192-1331, 0085(감정관련)(문의:오전9시~오후4시요망)","usage":"아파트","address":"서울특별시 강서구 화곡동 143-6 성재센트리움아파트 제주건축물 제2동 제6층 제605호","jibun_address":"서울특별시 강서구 화곡동 143-6","sido":"서울특별시","sigungu":"강서구","dong":"화곡동","lot_no":"143-6","building_name":"성재센트리움아파트","floor_unit":"제주건축물 제2동 제6층 제605호","area_m2":25.47,"area_pyeong":7.7,"appraisal":228000000,"min_bid":145920000,"min_bid_rate":64,"discount_pct":36.0,"fail_count":2,"round_no":2,"sale_date":"2026-09-02","sale_time":"10:00","sale_place":"제112호법정","decision_date":"2026-09-09","view_count":0,"related_items":1,"special_conditions":"특별매각조건","special_cond_codes":"0004306","note":"임차인 및 임차권승계인 주택도시보증공사의 매수인에 대한 대항력 포기조건 매각","status_code":"01","progress_code":"0002100001","coord_source":"tm128","geocode_failed":false,"collected_at":"2026-09-02T17:12:37+09:00","pnu":"1150010300101430006","price_unit":142000000,"price_unit_area":25.47,"price_complex":"성재센트리움아파트","price_complex_type":"아파트","price_complex_units":66,"price_by_area":[{"area":21.74,"units":12,"avg":108833333},{"area":16.56,"units":12,"avg":98316666},{"area":20.3,"units":12,"avg":107000000},{"area":23.54,"units":12,"avg":131333333},{"area":25.18,"units":6,"avg":133833333},{"area":25.47,"units":6,"avg":140666666}],"price_base":"2026.01","price_ratio":102.8}},{"type":"Feature","geometry":{"type":"Point","coordinates":[126.83371720524705,37.488834464539686]},"properties":{"layer":"auction","id":"B0002122025013001325711","name":"2025타경13257(1)","category":"아파트","color":"#1abc9c","court":"서울남부지방법원","court_code":"B000212","case_no":"2025타경13257","item_no":1,"dept":"경매9계","dept_tel":"(02)2192-1339(구내:1339)","usage":"아파트","address":"서울특별시 구로구 오류동 343 금강수목원아파트 제104동 제5층 제502호","jibun_address":"서울특별시 구로구 오류동 343","sido":"서울특별시","sigungu":"구로구","dong":"오류동","lot_no":"343","building_name":"금강수목원아파트","floor_unit":"제104동 제5층 제502호","area_m2":84.983,"area_pyeong":25.7,"appraisal":985000000,"min_bid":985000000,"min_bid_rate":100,"discount_pct":0.0,"fail_count":0,"round_no":0,"sale_date":"2026-09-09","sale_time":"10:00","sale_place":"제112호법정","decision_date":"2026-09-16","view_count":0,"related_items":4,"status_code":"01","progress_code":"0002100001","coord_source":"tm128","geocode_failed":false,"collected_at":"2026-09-02T17:12:37+09:00","pnu":"1153010800103430000","price_unit":566000000,"price_unit_area":84.98,"price_complex":"금강(343)","price_complex_type":"아파트","price_complex_units":620,"price_by_area":[{"area":60.05,"units":320,"avg":405200000},{"area":84.98,"units":300,"avg":497600000}],"price_base":"2026.01","price_ratio":174.0,"bld_name":"금강수목원아파트 104동","bld_use":"공동주택","bld_struct":"철근콘크리트구조","bld_approval":"2003-09-13","bld_age":23,"bld_floors":"지상 5층 / 지하 1층","bld_height_m":16.1,"bld_total_area":2246.42,"bld_land_area":0.0,"bld_bcr":0.0,"bld_far":0.0,"bld_violation":false,"bld_count":36}},{"type":"Feature","geometry":{"type":"Point","coordinates":[126.8448667869534,37.49690909533596]},"properties":{"layer":"auction","id":"B0002122025013001350811","name":"2025타경13508(1)","category":"아파트","color":"#1abc9c","court":"서울남부지방법원","court_code":"B000212","case_no":"2025타경13508","item_no":1,"dept":"경매9계","dept_tel":"(02)2192-1339(구내:1339)","usage":"아파트","address":"서울특별시 구로구 오류동 34-13 현대썬앤빌구로 제14층 제1415호","jibun_address":"서울특별시 구로구 오류동 34-13","sido":"서울특별시","sigungu":"구로구","dong":"오류동","lot_no":"34-13","building_name":"현대썬앤빌구로","floor_unit":"제14층 제1415호","area_m2":14.064,"area_pyeong":4.3,"appraisal":76000000,"min_bid":76000000,"min_bid_rate":100,"discount_pct":0.0,"fail_count":0,"round_no":0,"sale_date":"2026-09-09","sale_time":"10:00","sale_place":"제112호법정","decision_date":"2026-09-16","view_count":0,"related_items":0,"special_conditions":"특별매각조건","special_cond_codes":"0004306","note":"임차인 및 임차보증금반환채권승계인 서울보증보험 주식회사의 매수인에 대한 대항력 포기조건 매각","status_code":"01","progress_code":"0002100001","coord_source":"tm128","geocode_failed":false,"collected_at":"2026-09-02T17:12:37+09:00","pnu":"1153010800100340013","price_unit":53000000,"price_unit_area":14.06,"price_complex":"썬앤빌","price_complex_type":"아파트","price_complex_units":200,"price_by_area":[{"area":14.06,"units":192,"avg":52583333},{"area":17.12,"units":8,"avg":55525000}],"price_base":"2026.01","price_ratio":143.4,"bld_floors":"지상 0층","bld_height_m":0.0,"bld_total_area":0.0,"bld_land_area":0.0,"bld_bcr":0.0,"bld_far":0.0,"bld_violation":false,"bld_count":1}},{"type":"Feature","geometry":{"type":"Point","coordinates":[126.89114901341836,37.47888961960372]},"properties":{"layer":"auction","id":"B0002122025013001351111","name":"2025타경13511(1)","category":"아파트","color":"#1abc9c","court":"서울남부지방법원","court_code":"B000212","case_no":"2025타경13511","item_no":1,"dept":"경매11계","dept_tel":"(02)2192-1302","usage":"아파트","address":"서울특별시 금천구 가산동 141-2 가산양우내안애애플 제17층 제1715호","jibun_address":"서울특별시 금천구 가산동 141-2","sido":"서울특별시","sigungu":"금천구","dong":"가산동","lot_no":"141-2","building_name":"가산양우내안애애플","floor_unit":"제17층 제1715호","area_m2":12.04,"area_pyeong":3.6,"appraisal":113000000,"min_bid":57856000,"min_bid_rate":51,"discount_pct":48.8,"fail_count":3,"round_no":3,"sale_date":"2026-09-03","sale_time":"10:00","sale_place":"제112호경매법정","decision_date":"2026-09-10","view_count":0,"related_items":1,"note":"신청채권자 겸 주택임차권자 승계인인 서울보증보험 주식회사는 매수인에 대한 대항력 포기, 우선변제권만 행사, 임차권등기 말소에 동의한다는 확약서 제출","status_code":"01","progress_code":"0002100001","coord_source":"tm128","geocode_failed":false,"collected_at":"2026-09-02T17:12:37+09:00","pnu":"1154010100101410002"}},{"type":"Feature","geometry":{"type":"Point","coordinates":[126.91348212206381,37.51774275708077]},"properties":{"layer":"auction","id":"B0002122025013001359911","name":"2025타경13599(1)","category":"아파트","color":"#1abc9c","court":"서울남부지방법원","court_code":"B000212","case_no":"2025타경13599","item_no":1,"dept":"경매13계","dept_tel":"02-2192-1273, 0087(감정/주소보정관련)","usage":"아파트","address":"서울특별시 영등포구 영등포동1가 75-4 메트로가든 제12층 제1205호","jibun_address":"서울특별시 영등포구 영등포동1가 75-4","sido":"서울특별시","sigungu":"영등포구","dong":"영등포동1가","lot_no":"75-4","building_name":"메트로가든","floor_unit":"제12층 제1205호","structure":"철근콘크리트구조","area_m2":12.4,"area_pyeong":3.8,"appraisal":146000000,"min_bid":93440000,"min_bid_rate":64,"discount_pct":36.0,"fail_count":2,"round_no":2,"sale_date":"2026-09-08","sale_time":"10:00","sale_place":"제112호법정","decision_date":"2026-09-15","view_count":0,"related_items":1,"special_conditions":"특별매각조건","special_cond_codes":"0004306","note":"임차인 및 주택임차권 승계인 주택도시보증공사의 매수인에 대한 대항력 포기 조건 매각","status_code":"01","progress_code":"0002100001","coord_source":"tm128","geocode_failed":false,"collected_at":"2026-09-02T17:12:37+09:00","pnu":"1156010200100750004","price_unit":81200000,"price_unit_area":12.4,"price_complex":"스테이72여의도","price_complex_type":"아파트","price_complex_units":63,"price_by_area":[{"area":12.4,"units":18,"avg":82955555},{"area":12.97,"units":18,"avg":82955555},{"area":12.21,"units":9,"avg":82955555},{"area":12.05,"units":9,"avg":82955555},{"area":12.06,"units":9,"avg":82955555}],"price_base":"2026.01","price_ratio":115.1,"bld_name":"메트로가든","bld_use":"공동주택","bld_struct":"철근콘크리트구조","bld_approval":"2013-07-25","bld_age":13,"bld_floors":"지상 12층 / 지하 1층","bld_height_m":37.9,"bld_total_area":2018.01,"bld_land_area":495.9,"bld_bcr":53.67,"bld_far":352.77,"bld_violation":true,"bld_count":1}},{"type":"Feature","geometry":{"type":"Point","coordinates":[126.8624093462534,37.495259024291855]},"properties":{"layer":"auction","id":"B0002122025013001370911","name":"2025타경13709(1)","category":"아파트","color":"#1abc9c","court":"서울남부지방법원","court_code":"B000212","case_no":"2025타경13709","item_no":1,"dept":"경매9계","dept_tel":"(02)2192-1339(구내:1339)","usage":"아파트","address":"서울특별시 구로구 개봉동 476 한마을아파트 제116동 제22층 제2201호","jibun_address":"서울특별시 구로구 개봉동 476","sido":"서울특별시","sigungu":"구로구","dong":"개봉동","lot_no":"476","building_name":"한마을아파트","floor_unit":"제116동 제22층 제2201호","structure":"철근콘크리트 벽식구조","area_m2":149.97,"area_pyeong":45.4,"appraisal":1110000000,"min_bid":1110000000,"min_bid_rate":100,"discount_pct":0.0,"fail_count":0,"round_no":0,"sale_date":"2026-09-09","sale_time":"10:00","sale_place":"제112호법정","decision_date":"2026-09-16","view_count":0,"related_items":6,"status_code":"01","progress_code":"0002100001","coord_source":"tm128","geocode_failed":false,"collected_at":"2026-09-02T17:12:37+09:00","pnu":"1153010700104760000","price_unit":666000000,"price_unit_area":149.97,"price_complex":"한마을","price_complex_type":"아파트","price_complex_units":1983,"price_by_area":[{"area":59.57,"units":828,"avg":463089371},{"area":84.57,"units":690,"avg":521434782},{"area":123.46,"units":275,"avg":619141818},{"area":149.97,"units":190,"avg":651063157}],"price_base":"2026.01","price_ratio":166.7,"bld_name":"한마을아파트 116동","bld_use":"공동주택","bld_struct":"철근콘크리트구조","bld_approval":"1999-04-30","bld_age":27,"bld_floors":"지상 24층 / 지하 2층","bld_height_m":65.1,"bld_total_area":11160.64,"bld_land_area":0.0,"bld_bcr":0.0,"bld_far":0.0,"bld_violation":false,"bld_count":31}},{"type":"Feature","geometry":{"type":"Point","coordinates":[126.89103209401667,37.495999403898864]},"properties":{"layer":"auction","id":"B0002122025013001381211","name":"2025타경13812(1)","category":"아파트","color":"#1abc9c","court":"서울남부지방법원","court_code":"B000212","case_no":"2025타경13812","item_no":1,"dept":"경매6계","dept_tel":"(02)2192-1973(구내:1973)","usage":"아파트","address":"서울특별시 구로구 구로동 97 로제리움2차 제18층 제1819호","jibun_address":"서울특별시 구로구 구로동 97","sido":"서울특별시","sigungu":"구로구","dong":"구로동","lot_no":"97","building_name":"로제리움2차","floor_unit":"제18층 제1819호","area_m2":14.04,"area_pyeong":4.2,"appraisal":130000000,"min_bid":104000000,"min_bid_rate":80,"discount_pct":20.0,"fail_count":1,"round_no":1,"sale_date":"2026-09-15","sale_time":"10:00","sale_place":"제112호법정","decision_date":"2026-09-22","view_count":0,"related_items":0,"status_code":"01","progress_code":"0002100001","coord_source":"tm128","geocode_failed":false,"collected_at":"2026-09-02T17:12:37+09:00","pnu":"1153010200100970000","price_unit":71000000,"price_unit_area":14.04,"price_complex":"로제리움2차","price_complex_type":"아파트","price_complex_units":141,"price_by_area":[{"area":14.91,"units":105,"avg":74328571},{"area":14.04,"units":36,"avg":71366666}],"price_base":"2026.01","price_ratio":146.5,"bld_name":"로제리움2차","bld_use":"업무시설","bld_struct":"철근콘크리트구조","bld_approval":"2014-01-03","bld_age":12,"bld_floors":"지상 20층 / 지하 2층","bld_height_m":63.4,"bld_total_area":12013.25,"bld_land_area":1100.4,"bld_bcr":55.9,"bld_far":931.21,"bld_violation":false,"bld_count":1}},{"type":"Feature","geometry":{"type":"Point","coordinates":[126.89103209401667,37.495999403898864]},"properties":{"layer":"auction","id":"B0002122025013001385711","name":"2025타경13857(1)","category":"아파트","color":"#1abc9c","court":"서울남부지방법원","court_code":"B000212","case_no":"2025타경13857","item_no":1,"dept":"경매6계","dept_tel":"(02)2192-1973(구내:1973)","usage":"아파트","address":"서울특별시 구로구 구로동 97 로제리움2차 제18층 제1820호","jibun_address":"서울특별시 구로구 구로동 97","sido":"서울특별시","sigungu":"구로구","dong":"구로동","lot_no":"97","building_name":"로제리움2차","floor_unit":"제18층 제1820호","area_m2":14.04,"area_pyeong":4.2,"appraisal":115000000,"min_bid":92000000,"min_bid_rate":80,"discount_pct":20.0,"fail_count":1,"round_no":1,"sale_date":"2026-09-15","sale_time":"10:00","sale_place":"제112호법정","decision_date":"2026-09-22","view_count":0,"related_items":1,"special_conditions":"특별매각조건","special_cond_codes":"0004306","note":"임차인 및 임차보증금반환채권승계인 서울보증보험 주식회사의 매수인에 대한 대항력 포기조건 매각","status_code":"01","progress_code":"0002100001","coord_source":"tm128","geocode_failed":false,"collected_at":"2026-09-02T17:12:37+09:00","pnu":"1153010200100970000","price_unit":71000000,"price_unit_area":14.04,"price_complex":"로제리움2차","price_complex_type":"아파트","price_complex_units":141,"price_by_area":[{"area":14.91,"units":105,"avg":74328571},{"area":14.04,"units":36,"avg":71366666}],"price_base":"2026.01","price_ratio":129.6,"bld_name":"로제리움2차","bld_use":"업무시설","bld_struct":"철근콘크리트구조","bld_approval":"2014-01-03","bld_age":12,"bld_floors":"지상 20층 / 지하 2층","bld_height_m":63.4,"bld_total_area":12013.25,"bld_land_area":1100.4,"bld_bcr":55.9,"bld_far":931.21,"bld_violation":false,"bld_count":1}},{"type":"Feature","geometry":{"type":"Point","coordinates":[126.87311702554858,37.554857192041474]},"properties":{"layer":"auction","id":"B0002122025013001387711","name":"2025타경13877(1)","category":"아파트","color":"#1abc9c","court":"서울남부지방법원","court_code":"B000212","case_no":"2025타경13877","item_no":1,"dept":"경매9계","dept_tel":"(02)2192-1339(구내:1339)","usage":"아파트","address":"서울특별시 강서구 염창동 292 염창동아아파트 제101동 제3층 제303호","jibun_address":"서울특별시 강서구 염창동 292","sido":"서울특별시","sigungu":"강서구","dong":"염창동","lot_no":"292","building_name":"염창동아아파트","floor_unit":"제101동 제3층 제303호","structure":"철근콘크리트 벽식조","area_m2":114.84,"area_pyeong":34.7,"appraisal":1240000000,"min_bid":1240000000,"min_bid_rate":100,"discount_pct":0.0,"fail_count":0,"round_no":0,"sale_date":"2026-09-09","sale_time":"10:00","sale_place":"제112호법정","decision_date":"2026-09-16","view_count":0,"related_items":13,"status_code":"01","progress_code":"0002100001","coord_source":"tm128","geocode_failed":false,"collected_at":"2026-09-02T17:12:37+09:00","pnu":"1150010100102920000","price_unit":714000000,"price_unit_area":114.84,"price_complex":"동아","price_complex_type":"아파트","price_complex_units":778,"price_by_area":[{"area":59.97,"units":319,"avg":507000000},{"area":84.95,"units":251,"avg":694243027},{"area":114.84,"units":191,"avg":767848167},{"area":84.91,"units":17,"avg":694058823}],"price_base":"2026.01","price_ratio":173.7,"bld_name":"염창동아아파트 101동","bld_use":"공동주택","bld_struct":"철근콘크리트구조","bld_approval":"1998-06-29","bld_age":28,"bld_floors":"지상 17층 / 지하 1층","bld_height_m":62.5,"bld_total_area":22932.86,"bld_land_area":25374.5,"bld_bcr":0.0,"bld_far":0.0,"bld_violation":false,"bld_count":7}},{"type":"Feature","geometry":{"type":"Point","coordinates":[126.91286786896669,37.51719648533464]},"properties":{"layer":"auction","id":"B0002122025013001410311","name":"2025타경14103(1)","category":"아파트","color":"#1abc9c","court":"서울남부지방법원","court_code":"B000212","case_no":"2025타경14103","item_no":1,"dept":"경매8계","dept_tel":"(02)2192-1338(문의:오전10시~오후4시요망)","usage":"아파트","address":"서울특별시 영등포구 영등포동1가 145 제9층 제912호","jibun_address":"서울특별시 영등포구 영등포동1가 145","sido":"서울특별시","sigungu":"영등포구","dong":"영등포동1가","lot_no":"145","floor_unit":"제9층 제912호","structure":"철근콘크리트구조","area_m2":15.076,"area_pyeong":4.6,"appraisal":137000000,"min_bid":109600000,"min_bid_rate":80,"discount_pct":20.0,"fail_count":1,"round_no":1,"sale_date":"2026-09-16","sale_time":"10:00","sale_place":"제112호법정","decision_date":"2026-09-23","view_count":0,"related_items":1,"note":"신청채권자는 매수인에게 배당받지 못한 잔액 상당 임대차보증금반환청구권을 포기하고, 임차권등기를 말소하는 것을 조건으로 매각","status_code":"01","progress_code":"0002100001","coord_source":"tm128","geocode_failed":false,"collected_at":"2026-09-02T17:12:37+09:00","pnu":"1156010200101450000","price_unit":74400000,"price_unit_area":15.08,"price_complex":"내이처해밀","price_complex_type":"아파트","price_complex_units":149,"price_by_area":[{"area":14.24,"units":105,"avg":72857142},{"area":15.08,"units":22,"avg":72763636},{"area":14.89,"units":22,"avg":72763636}],"price_base":"2026.01","price_ratio":147.3,"bld_use":"공동주택","bld_struct":"철근콘크리트구조","bld_approval":"2012-06-14","bld_age":14,"bld_floors":"지상 13층 / 지하 1층","bld_height_m":39.995,"bld_total_area":4370.52,"bld_land_area":928.8,"bld_bcr":44.8,"bld_far":398.58,"bld_violation":false,"bld_count":1}},{"type":"Feature","geometry":{"type":"Point","coordinates":[126.84907670049316,37.55053487525529]},"properties":{"layer":"auction","id":"B0002122026013000304611","name":"2026타경3046(1)","category":"아파트","color":"#1abc9c","court":"서울남부지방법원","court_code":"B000212","case_no":"2026타경3046","item_no":1,"dept":"경매8계","dept_tel":"(02)2192-1338(문의:오전10시~오후4시요망)","usage":"아파트","address":"서울특별시 강서구 화곡동 980-21 강서아이파크 제7층 제701호","jibun_address":"서울특별시 강서구 화곡동 980-21","sido":"서울특별시","sigungu":"강서구","dong":"화곡동","lot_no":"980-21","building_name":"강서아이파크","floor_unit":"제7층 제701호","area_m2":82.088,"area_pyeong":24.8,"appraisal":751000000,"min_bid":600800000,"min_bid_rate":80,"discount_pct":20.0,"fail_count":1,"round_no":1,"sale_date":"2026-09-16","sale_time":"10:00","sale_place":"제112호법정","decision_date":"2026-09-23","view_count":0,"related_items":9,"status_code":"01","progress_code":"0002100001","coord_source":"tm128","geocode_failed":false,"collected_at":"2026-09-02T17:12:37+09:00","pnu":"1150010300109800021","price_unit":468000000,"price_unit_area":82.09,"price_complex":"강서아이파크","price_complex_type":"아파트","price_complex_units":96,"price_by_area":[{"area":82.09,"units":48,"avg":463791666},{"area":83.08,"units":48,"avg":466791666}],"price_base":"2026.01","price_ratio":128.4,"bld_name":"강서 I'PARK","bld_use":"공동주택","bld_struct":"철근콘크리트구조","bld_approval":"2005-12-02","bld_age":21,"bld_floors":"지상 15층 / 지하 5층","bld_height_m":48.2,"bld_total_area":19555.03,"bld_land_area":2093.0,"bld_bcr":59.53,"bld_far":595.76,"bld_violation":false,"bld_count":1}},{"type":"Feature","geometry":{"type":"Point","coordinates":[126.88180648227411,37.49659733769578]},"properties":{"layer":"auction","id":"B0002122026013000306311","name":"2026타경3063(1)","category":"아파트","color":"#1abc9c","court":"서울남부지방법원","court_code":"B000212","case_no":"2026타경3063","item_no":1,"dup_case_no":"2026타경5648","dept":"경매2계","dept_tel":"(02)2192-1332(구내:1332)","usage":"아파트","address":"서울특별시 구로구 구로동 1277 우리유앤미아파트 제101동 제9층 제902호","jibun_address":"서울특별시 구로구 구로동 1277","sido":"서울특별시","sigungu":"구로구","dong":"구로동","lot_no":"1277","building_name":"우리유앤미아파트","floor_unit":"제101동 제9층 제902호","area_m2":84.42,"area_pyeong":25.5,"appraisal":656000000,"min_bid":656000000,"min_bid_rate":100,"discount_pct":0.0,"fail_count":0,"round_no":0,"sale_date":"2026-09-10","sale_time":"10:00","sale_place":"제112호법정","decision_date":"2026-09-17","view_count":0,"related_items":10,"status_code":"01","progress_code":"0002100001","coord_source":"tm128","geocode_failed":false,"collected_at":"2026-09-02T17:12:37+09:00","pnu":"1153010200112770000","price_unit":397000000,"price_unit_area":84.42,"price_complex":"우리유앤미","price_complex_type":"아파트","price_complex_units":216,"price_by_area":[{"area":84.71,"units":99,"avg":396585858},{"area":59.45,"units":40,"avg":338600000},{"area":84.42,"units":36,"avg":390111111},{"area":84.54,"units":20,"avg":401150000},{"area":53.51,"units":20,"avg":310450000},{"area":77.45,"units":1,"avg":378000000}],"price_base":"2026.01","price_ratio":165.2,"bld_name":"우리유앤미아파트 101동","bld_use":"공동주택","bld_struct":"철근콘크리트구조","bld_approval":"2004-11-12","bld_age":22,"bld_floors":"지상 18층","bld_height_m":48.0,"bld_total_area":7469.808,"bld_land_area":0.0,"bld_bcr":0.0,"bld_far":0.0,"bld_violation":false,"bld_count":6}},{"type":"Feature","geometry":{"type":"Point","coordinates":[126.84073268410506,37.52880146817434]},"properties":{"layer":"auction","id":"B0002122026013000323611","name":"2026타경3236(1)","category":"아파트","color":"#1abc9c","court":"서울남부지방법원","court_code":"B000212","case_no":"2026타경3236","item_no":1,"dept":"경매13계","dept_tel":"02-2192-1273, 0087(감정/주소보정관련)","usage":"아파트","address":"서울특별시 강서구 화곡동 928-25 로얄홈타운 제102동 제8층 제802호","jibun_address":"서울특별시 강서구 화곡동 928-25","sido":"서울특별시","sigungu":"강서구","dong":"화곡동","lot_no":"928-25","building_name":"로얄홈타운","floor_unit":"제102동 제8층 제802호","area_m2":40.06,"area_pyeong":12.1,"appraisal":237000000,"min_bid":189600000,"min_bid_rate":80,"discount_pct":20.0,"fail_count":1,"round_no":1,"sale_date":"2026-09-08","sale_time":"10:00","sale_place":"제112호법정","decision_date":"2026-09-15","view_count":0,"related_items":5,"special_conditions":"특별매각조건","special_cond_codes":"0004306","note":"임차인 및 주택임차권 승계인 주택도시보증공사의 매수인에 대한 대항력 포기 조건 매각","status_code":"01","progress_code":"0002100001","coord_source":"tm128","geocode_failed":false,"collected_at":"2026-09-02T17:12:37+09:00","pnu":"1150010300109280025","price_unit":166000000,"price_unit_area":40.06,"price_complex":"로얄홈타운(102동)","price_complex_type":"아파트","price_complex_units":12,"price_by_area":[{"area":40.06,"units":6,"avg":164333333},{"area":39.61,"units":6,"avg":164333333}],"price_base":"2026.01","price_ratio":114.2,"bld_name":"로얄홈타운(102동)","bld_use":"공동주택","bld_struct":"철근콘크리트구조","bld_approval":"2012-05-03","bld_age":14,"bld_floors":"지상 10층","bld_height_m":29.3,"bld_total_area":998.19,"bld_land_area":226.27,"bld_bcr":58.13,"bld_far":441.15,"bld_violation":false,"bld_count":1}},{"type":"Feature","geometry":{"type":"Point","coordinates":[126.84650796898237,37.519631326022015]},"properties":{"layer":"auction","id":"B0002122026013000331111","name":"2026타경3311(1)","category":"아파트","color":"#1abc9c","court":"서울남부지방법원","court_code":"B000212","case_no":"2026타경3311","item_no":1,"dept":"경매8계","dept_tel":"(02)2192-1338(문의:오전10시~오후4시요망)","usage":"아파트","address":"서울특별시 양천구 신월동 604-4 삼구아파트 제1층 제101호","jibun_address":"서울특별시 양천구 신월동 604-4","sido":"서울특별시","sigungu":"양천구","dong":"신월동","lot_no":"604-4","building_name":"삼구아파트","floor_unit":"제1층 제101호","structure":"철근콘크리트조","area_m2":107.64,"area_pyeong":32.6,"appraisal":276500000,"min_bid":221200000,"min_bid_rate":80,"discount_pct":20.0,"fail_count":1,"round_no":1,"sale_date":"2026-09-16","sale_time":"10:00","sale_place":"제112호법정","decision_date":"2026-09-23","view_count":0,"related_items":0,"status_code":"01","progress_code":"0002100001","coord_source":"tm128","geocode_failed":false,"zone_name":"신정재정비촉진지구","zone_category":"재정비촉진사업","zone_subtype":"재정비촉진지구","zone_stage":"지구지정","zone_id":"redev_0439","collected_at":"2026-09-02T17:12:37+09:00","pnu":"1147010300106040004","price_unit":320000000,"price_unit_area":107.64,"price_complex":"삼구","price_complex_type":"아파트","price_complex_units":19,"price_by_area":[{"area":83.85,"units":8,"avg":261125000},{"area":107.64,"units":5,"avg":333200000},{"area":80.02,"units":3,"avg":248000000},{"area":69.13,"units":3,"avg":201000000}],"price_base":"2026.01","price_ratio":69.1,"bld_name":"삼구아파트","bld_use":"공동주택","bld_struct":"철근콘크리트구조","bld_approval":"1996-03-12","bld_age":30,"bld_floors":"지상 5층 / 지하 1층","bld_height_m":14.3,"bld_total_area":2276.14,"bld_land_area":847.9,"bld_bcr":53.72,"bld_far":221.41,"bld_violation":false,"bld_count":1}},{"type":"Feature","geometry":{"type":"Point","coordinates":[126.80751933381403,37.562701324437185]},"properties":{"layer":"auction","id":"B0002122026013000346311","name":"2026타경3463(1)","category":"아파트","color":"#1abc9c","court":"서울남부지방법원","court_code":"B000212","case_no":"2026타경3463","item_no":1,"dept":"경매9계","dept_tel":"(02)2192-1339(구내:1339)","usage":"아파트","address":"서울특별시 강서구 방화동 619-7 에어팰리스 제6층 제606호","jibun_address":"서울특별시 강서구 방화동 619-7","sido":"서울특별시","sigungu":"강서구","dong":"방화동","lot_no":"619-7","building_name":"에어팰리스","floor_unit":"제6층 제606호","area_m2":14.1,"area_pyeong":4.3,"appraisal":92000000,"min_bid":92000000,"min_bid_rate":100,"discount_pct":0.0,"fail_count":0,"round_no":0,"sale_date":"2026-09-09","sale_time":"10:00","sale_place":"제112호법정","decision_date":"2026-09-16","view_count":0,"related_items":0,"special_conditions":"특별매각조건","special_cond_codes":"0004306","note":"임차인 및 임차보증금반환채권승계인 서울보증보험 주식회사의 매수인에 대한 대항력 포기조건 매각","status_code":"01","progress_code":"0002100001","coord_source":"tm128","geocode_failed":false,"collected_at":"2026-09-02T17:12:37+09:00","pnu":"1150010900106190007","price_unit":59000000,"price_unit_area":14.1,"price_complex":"AirPalace(619-7)","price_complex_type":"아파트","price_complex_units":126,"price_by_area":[{"area":14.5,"units":63,"avg":60057142},{"area":14.1,"units":56,"avg":57928571},{"area":18.6,"units":7,"avg":61457142}],"price_base":"2026.01","price_ratio":155.9,"bld_name":"에어팰리스","bld_use":"공동주택","bld_struct":"철근콘크리트구조","bld_approval":"2013-03-11","bld_age":13,"bld_floors":"지상 9층 / 지하 3층","bld_height_m":28.6,"bld_total_area":5233.58,"bld_land_area":845.0,"bld_bcr":59.83,"bld_far":440.47,"bld_violation":false,"bld_count":1}},{"type":"Feature","geometry":{"type":"Point","coordinates":[126.87149291561558,37.53418993321851]},"properties":{"layer":"auction","id":"B0002122026013000357111","name":"2026타경3571(1)","category":"아파트","color":"#1abc9c","court":"서울남부지방법원","court_code":"B000212","case_no":"2026타경3571","item_no":1,"dept":"경매11계","dept_tel":"(02)2192-1302","usage":"아파트","address":"서울특별시 양천구 목동 903 목동신시가지아파트 제307동 제10층 제1005호","jibun_address":"서울특별시 양천구 목동 903","sido":"서울특별시","sigungu":"양천구","dong":"목동","lot_no":"903","building_name":"목동신시가지아파트","floor_unit":"제307동 제10층 제1005호","structure":"철근콩크리트조","area_m2":95.16,"area_pyeong":28.8,"appraisal":3000000000,"min_bid":1920000000,"min_bid_rate":64,"discount_pct":36.0,"fail_count":2,"round_no":2,"sale_date":"2026-09-03","sale_time":"10:00","sale_place":"제112호경매법정","decision_date":"2026-09-10","view_count":0,"related_items":45,"status_code":"01","progress_code":"0002100001","coord_source":"tm128","geocode_failed":false,"zone_name":"목동3단지","zone_category":"정비사업","zone_subtype":"신속통합기획","zone_stage":"기획완료","zone_id":"redev_0438","collected_at":"2026-09-02T17:12:37+09:00","pnu":"1147010200109030000","price_unit":1969000000,"price_unit_area":95.16,"price_complex":"목동신시가지3","price_complex_type":"아파트","price_complex_units":1588,"price_by_area":[{"area":64.98,"units":600,"avg":1423453333},{"area":95.74,"units":230,"avg":1923582608},{"area":95.03,"units":184,"avg":1932010869},{"area":95.16,"units":156,"avg":1914230769},{"area":145.13,"units":144,"avg":2550555555},{"area":116.12,"units":78,"avg":2193769230}],"price_base":"2026.01","price_ratio":97.5,"bld_name":"목동신시가지아파트 307동","bld_use":"공동주택","bld_struct":"철근콘크리트구조","bld_approval":"1986-09-30","bld_age":40,"bld_floors":"지상 12층 / 지하 1층","bld_height_m":0.0,"bld_total_area":9943.86,"bld_land_area":0.0,"bld_bcr":0.0,"bld_far":0.0,"bld_violation":false,"bld_count":51}},{"type":"Feature","geometry":{"type":"Point","coordinates":[126.93173893110041,37.52019774154714]},"properties":{"layer":"auction","id":"B0002122026013000423311","name":"2026타경4233(1)","category":"아파트","color":"#1abc9c","court":"서울남부지방법원","court_code":"B000212","case_no":"2026타경4233","item_no":1,"dept":"경매8계","dept_tel":"(02)2192-1338(문의:오전10시~오후4시요망)","usage":"아파트","address":"서울특별시 영등포구 여의도동 43-4 롯데캐슬아이비 제17층 제102-1703호","jibun_address":"서울특별시 영등포구 여의도동 43-4","sido":"서울특별시","sigungu":"영등포구","dong":"여의도동","lot_no":"43-4","building_name":"롯데캐슬아이비","floor_unit":"제17층 제102-1703호","area_m2":137.09,"area_pyeong":41.5,"appraisal":2770000000,"min_bid":2216000000,"min_bid_rate":80,"discount_pct":20.0,"fail_count":1,"round_no":1,"sale_date":"2026-09-16","sale_time":"10:00","sale_place":"제112호법정","decision_date":"2026-09-23","view_count":0,"related_items":21,"status_code":"01","progress_code":"0002100001","coord_source":"tm128","geocode_failed":false,"collected_at":"2026-09-02T17:12:37+09:00","pnu":"1156011000100430004","price_unit":1711000000,"price_unit_area":137.09,"price_complex":"롯데캐슬아이비","price_complex_type":"아파트","price_complex_units":445,"price_by_area":[{"area":113.59,"units":116,"avg":1589146551},{"area":150.8,"units":108,"avg":1758370370},{"area":137.09,"units":90,"avg":1699533333},{"area":103.86,"units":42,"avg":1443880952},{"area":219.82,"units":20,"avg":2239400000},{"area":165.17,"units":18,"avg":1970833333}],"price_base":"2026.01","price_ratio":129.5,"bld_name":"롯데캐슬 아이비","bld_use":"공동주택","bld_struct":"철골철근콘크리트구조","bld_approval":"2005-12-30","bld_age":21,"bld_floors":"지상 35층 / 지하 6층","bld_height_m":112.25,"bld_total_area":139958.26,"bld_land_area":9917.0,"bld_bcr":44.24,"bld_far":899.83,"bld_violation":false,"bld_count":2}},{"type":"Feature","geometry":{"type":"Point","coordinates":[126.88621642959136,37.505018662073034]},"properties":{"layer":"auction","id":"B0002122026013000432511","name":"2026타경4325(1)","category":"아파트","color":"#1abc9c","court":"서울남부지방법원","court_code":"B000212","case_no":"2026타경4325","item_no":1,"dept":"경매2계","dept_tel":"(02)2192-1332(구내:1332)","usage":"아파트","address":"서울특별시 구로구 구로동 560 신도림현대아파트 제102동 제18층 제1804호","jibun_address":"서울특별시 구로구 구로동 560","sido":"서울특별시","sigungu":"구로구","dong":"구로동","lot_no":"560","building_name":"신도림현대아파트","floor_unit":"제102동 제18층 제1804호","structure":"철근 콘크리트조","area_m2":80.01,"area_pyeong":24.2,"appraisal":952000000,"min_bid":952000000,"min_bid_rate":100,"discount_pct":0.0,"fail_count":0,"round_no":0,"sale_date":"2026-09-10","sale_time":"10:00","sale_place":"제112호법정","decision_date":"2026-09-17","view_count":0,"related_items":7,"status_code":"01","progress_code":"0002100001","coord_source":"tm128","geocode_failed":false,"collected_at":"2026-09-02T17:12:37+09:00","pnu":"1153010200105600000","price_unit":585000000,"price_unit_area":80.01,"price_complex":"신도림현대","price_complex_type":"아파트","price_complex_units":450,"price_by_area":[{"area":80.01,"units":450,"avg":553364444}],"price_base":"2026.01","price_ratio":162.7,"bld_name":"신도림현대아파트 102동","bld_use":"공동주택","bld_struct":"철근콘크리트구조","bld_approval":"1994-01-21","bld_age":32,"bld_floors":"지상 21층 / 지하 1층","bld_height_m":0.0,"bld_total_area":23170.24,"bld_land_area":0.0,"bld_bcr":0.0,"bld_far":0.0,"bld_violation":false,"bld_count":4}},{"type":"Feature","geometry":{"type":"Point","coordinates":[127.0458246444474,37.650031477497876]},"properties":{"layer":"auction","id":"B0002132025013000095211","name":"2025타경952(1)","category":"아파트","color":"#1abc9c","court":"서울북부지방법원","court_code":"B000213","case_no":"2025타경952","item_no":1,"dup_case_no":"2025타경13796","dept":"경매2계","dept_tel":"02-910-3672","usage":"아파트","address":"서울특별시 도봉구 창동 347 창동주공아파트 321동 4층402호","jibun_address":"서울특별시 도봉구 창동 347","sido":"서울특별시","sigungu":"도봉구","dong":"창동","lot_no":"347","building_name":"창동주공아파트","floor_unit":"321동 4층402호","structure":"철근콘크리트 벽식조","area_m2":79.07,"area_pyeong":23.9,"appraisal":749000000,"min_bid":749000000,"min_bid_rate":100,"discount_pct":0.0,"fail_count":0,"round_no":0,"sale_date":"2026-09-08","sale_time":"10:00","sale_place":"제101호입찰법정","decision_date":"2026-09-15","view_count":0,"related_items":8,"status_code":"01","progress_code":"0002100001","coord_source":"tm128","geocode_failed":false,"collected_at":"2026-09-02T17:12:37+09:00","pnu":"1132010700103470000","price_unit":480000000,"price_unit_area":79.07,"price_complex":"창동주공3단지(해등마을)","price_complex_type":"아파트","price_complex_units":2626,"price_by_area":[{"area":58.01,"units":616,"avg":370292207},{"area":49.94,"units":600,"avg":334546666},{"area":79.07,"units":480,"avg":498600000},{"area":41.3,"units":300,"avg":291146666},{"area":66.56,"units":180,"avg":416333333},{"area":61.52,"units":180,"avg":382533333}],"price_base":"2026.01","price_ratio":156.0,"bld_name":"창동주공아파트 321동","bld_use":"공동주택","bld_struct":"철근콘크리트구조","bld_approval":"1990-09-06","bld_age":36,"bld_floors":"지상 15층 / 지하 1층","bld_height_m":0.0,"bld_total_area":12659.22,"bld_land_area":0.0,"bld_bcr":0.0,"bld_far":0.0,"bld_violation":false,"bld_count":27}},{"type":"Feature","geometry":{"type":"Point","coordinates":[127.05909633321527,37.59500334410418]},"properties":{"layer":"auction","id":"B0002132025013001266711","name":"2025타경12667(1)","category":"아파트","color":"#1abc9c","court":"서울북부지방법원","court_code":"B000213","case_no":"2025타경12667","item_no":1,"dept":"경매1계","dept_tel":"910-3671","usage":"아파트","address":"서울특별시 동대문구 이문동 327-7 세진빌딩 14층1403호","jibun_address":"서울특별시 동대문구 이문동 327-7","sido":"서울특별시","sigungu":"동대문구","dong":"이문동","lot_no":"327-7","building_name":"세진빌딩","floor_unit":"14층1403호","area_m2":11.48,"area_pyeong":3.5,"appraisal":231000000,"min_bid":118272000,"min_bid_rate":51,"discount_pct":48.8,"fail_count":3,"round_no":3,"sale_date":"2026-09-08","sale_time":"10:00","sale_place":"제101호입찰법정","decision_date":"2026-09-15","view_count":0,"related_items":0,"status_code":"01","progress_code":"0002100001","coord_source":"tm128","geocode_failed":false,"collected_at":"2026-09-02T17:12:37+09:00","pnu":"1123011000103270007","price_unit":114000000,"price_unit_area":11.48,"price_complex":"세진빌딩","price_complex_type":"아파트","price_complex_units":99,"price_by_area":[{"area":11.48,"units":49,"avg":114000000},{"area":21.73,"units":9,"avg":193000000},{"area":11.49,"units":7,"avg":114000000},{"area":18.16,"units":7,"avg":170000000},{"area":15.79,"units":7,"avg":153000000},{"area":24.7,"units":7,"avg":205000000}],"price_base":"2026.01","price_ratio":103.7,"bld_use":"제2종근린생활시설","bld_struct":"벽돌구조","bld_approval":"1966-09-07","bld_age":60,"bld_floors":"지상 2층","bld_height_m":0.0,"bld_total_area":147.2,"bld_land_area":0.0,"bld_bcr":0.0,"bld_far":0.0,"bld_violation":false,"bld_count":3}},{"type":"Feature","geometry":{"type":"Point","coordinates":[127.09224602116213,37.59744310074545]},"properties":{"layer":"auction","id":"B0002132025013001299111","name":"2025타경12991(1)","category":"아파트","color":"#1abc9c","court":"서울북부지방법원","court_code":"B000213","case_no":"2025타경12991","item_no":1,"dept":"경매1계","dept_tel":"910-3671","usage":"아파트","address":"서울특별시 중랑구 상봉동 501 상봉 듀오트리스 16층비-웨스트1604호","jibun_address":"서울특별시 중랑구 상봉동 501","sido":"서울특별시","sigungu":"중랑구","dong":"상봉동","lot_no":"501","building_name":"상봉 듀오트리스","floor_unit":"16층비-웨스트1604호","area_m2":131.8,"area_pyeong":39.9,"appraisal":1330000000,"min_bid":1064000000,"min_bid_rate":80,"discount_pct":20.0,"fail_count":1,"round_no":1,"sale_date":"2026-09-08","sale_time":"10:00","sale_place":"제101호입찰법정","decision_date":"2026-09-15","view_count":0,"related_items":13,"status_code":"01","progress_code":"0002100001","coord_source":"tm128","geocode_failed":false,"zone_name":"상봉재정비촉진지구","zone_category":"재정비촉진사업","zone_subtype":"재정비촉진지구","zone_stage":"지구지정","zone_id":"redev_1709","collected_at":"2026-09-02T17:12:37+09:00","pnu":"1126010200105010000","price_complex":"상봉듀오트리스","price_complex_type":"아파트","price_complex_units":264,"price_by_area":[{"area":131.8,"units":100,"avg":753880000},{"area":117.07,"units":100,"avg":691160000},{"area":150.16,"units":40,"avg":899000000},{"area":203.77,"units":20,"avg":1137000000},{"area":257.26,"units":4,"avg":1592000000}],"price_base":"2026.01","bld_name":"상봉 듀오트리스","bld_use":"공동주택","bld_struct":"철근콘크리트구조","bld_approval":"2016-01-20","bld_age":10,"bld_floors":"지상 41층 / 지하 8층","bld_height_m":134.0,"bld_total_area":99839.19,"bld_land_area":7104.8,"bld_bcr":49.95,"bld_far":771.41,"bld_violation":false,"bld_count":1}},{"type":"Feature","geometry":{"type":"Point","coordinates":[127.03647533754389,37.618410330340865]},"properties":{"layer":"auction","id":"B0002132025013001315911","name":"2025타경13159(1)","category":"아파트","color":"#1abc9c","court":"서울북부지방법원","court_code":"B000213","case_no":"2025타경13159","item_no":1,"dept":"경매1계","dept_tel":"910-3671","usage":"아파트","address":"서울특별시 강북구 미아동 4 꿈의숲 롯데캐슬 106동 2층 204호","jibun_address":"서울특별시 강북구 미아동 4","sido":"서울특별시","sigungu":"강북구","dong":"미아동","lot_no":"4","building_name":"꿈의숲 롯데캐슬","floor_unit":"106동 2층 204호","area_m2":84.98,"area_pyeong":25.7,"appraisal":900000000,"min_bid":900000000,"min_bid_rate":100,"discount_pct":0.0,"fail_count":0,"round_no":0,"sale_date":"2026-09-08","sale_time":"10:00","sale_place":"제101호입찰법정","decision_date":"2026-09-15","view_count":0,"related_items":11,"status_code":"01","progress_code":"0002100001","coord_source":"tm128","geocode_failed":false,"collected_at":"2026-09-02T17:12:37+09:00","pnu":"1130010100100040000"}},{"type":"Feature","geometry":{"type":"Point","coordinates":[127.01204440575566,37.60364782877503]},"properties":{"layer":"auction","id":"B0002132025013001324311","name":"2025타경13243(1)","category":"아파트","color":"#1abc9c","court":"서울북부지방법원","court_code":"B000213","case_no":"2025타경13243","item_no":1,"dept":"경매2계","dept_tel":"02-910-3672","usage":"아파트","address":"서울특별시 성북구 정릉동 148-10 갤럭시더정릉 7층 709호","jibun_address":"서울특별시 성북구 정릉동 148-10","sido":"서울특별시","sigungu":"성북구","dong":"정릉동","lot_no":"148-10","building_name":"갤럭시더정릉","floor_unit":"7층 709호","area_m2":12.32,"area_pyeong":3.7,"appraisal":193000000,"min_bid":154400000,"min_bid_rate":80,"discount_pct":20.0,"fail_count":1,"round_no":1,"sale_date":"2026-09-08","sale_time":"10:00","sale_place":"제101호입찰법정","decision_date":"2026-09-15","view_count":0,"related_items":1,"status_code":"01","progress_code":"0002100001","coord_source":"tm128","geocode_failed":false,"collected_at":"2026-09-02T17:12:37+09:00","pnu":"1129013300101480010"}},{"type":"Feature","geometry":{"type":"Point","coordinates":[127.063196717468,37.56233695721569]},"properties":{"layer":"auction","id":"B0002132025013001337811","name":"2025타경13378(1)","category":"아파트","color":"#1abc9c","court":"서울북부지방법원","court_code":"B000213","case_no":"2025타경13378","item_no":1,"dept":"경매1계","dept_tel":"910-3671","usage":"아파트","address":"서울특별시 동대문구 장안동 416-1 에스아이팰리스장안센텀 15층1508호","jibun_address":"서울특별시 동대문구 장안동 416-1","sido":"서울특별시","sigungu":"동대문구","dong":"장안동","lot_no":"416-1","building_name":"에스아이팰리스장안센텀","floor_unit":"15층1508호","area_m2":13.083,"area_pyeong":4.0,"appraisal":215000000,"min_bid":215000000,"min_bid_rate":100,"discount_pct":0.0,"fail_count":0,"round_no":0,"sale_date":"2026-09-08","sale_time":"10:00","sale_place":"제101호입찰법정","decision_date":"2026-09-15","view_count":0,"related_items":0,"note":"아파트(복층)로 이용중","status_code":"01","progress_code":"0002100001","coord_source":"tm128","geocode_failed":false,"zone_name":"장안평 일대","zone_category":"기타사업","zone_subtype":"도시재생활성화지역","zone_stage":"사업완료","zone_id":"redev_0189","collected_at":"2026-09-02T17:12:37+09:00","pnu":"1123010600104160001","price_unit":125000000,"price_unit_area":13.08,"price_complex":"에스아이팰리스장안센텀","price_complex_type":"아파트","price_complex_units":99,"price_by_area":[{"area":14.21,"units":30,"avg":135300000},{"area":13.88,"units":22,"avg":133181818},{"area":26.54,"units":14,"avg":229642857},{"area":13.08,"units":11,"avg":124545454},{"area":23.38,"units":11,"avg":202272727},{"area":14.14,"units":8,"avg":134125000}],"price_base":"2026.01","price_ratio":172.0,"bld_use":"제1종근린생활시설","bld_struct":"블록구조","bld_approval":"1992-07-08","bld_age":34,"bld_floors":"지상 1층 / 지하 1층","bld_height_m":4.25,"bld_total_area":492.28,"bld_land_area":715.4,"bld_bcr":56.73,"bld_far":56.73,"bld_violation":false,"bld_count":1}},{"type":"Feature","geometry":{"type":"Point","coordinates":[127.01204440575566,37.60364782877503]},"properties":{"layer":"auction","id":"B0002132025013001348411","name":"2025타경13484(1)","category":"아파트","color":"#1abc9c","court":"서울북부지방법원","court_code":"B000213","case_no":"2025타경13484","item_no":1,"dept":"경매1계","dept_tel":"910-3671","usage":"아파트","address":"서울특별시 성북구 정릉동 148-10 갤럭시더정릉 8층803호","jibun_address":"서울특별시 성북구 정릉동 148-10","sido":"서울특별시","sigungu":"성북구","dong":"정릉동","lot_no":"148-10","building_name":"갤럭시더정릉","floor_unit":"8층803호","area_m2":12.0,"area_pyeong":3.6,"appraisal":205000000,"min_bid":164000000,"min_bid_rate":80,"discount_pct":20.0,"fail_count":1,"round_no":1,"sale_date":"2026-09-08","sale_time":"10:00","sale_place":"제101호입찰법정","decision_date":"2026-09-15","view_count":0,"related_items":1,"status_code":"01","progress_code":"0002100001","coord_source":"tm128","geocode_failed":false,"collected_at":"2026-09-02T17:12:37+09:00","pnu":"1129013300101480010"}},{"type":"Feature","geometry":{"type":"Point","coordinates":[127.09333180776946,37.59568538555966]},"properties":{"layer":"auction","id":"B0002132025013001369411","name":"2025타경13694(1)","category":"아파트","color":"#1abc9c","court":"서울북부지방법원","court_code":"B000213","case_no":"2025타경13694","item_no":1,"dept":"경매1계","dept_tel":"910-3671","usage":"아파트","address":"서울특별시 중랑구 망우동 506-8 13층1308호","jibun_address":"서울특별시 중랑구 망우동 506-8","sido":"서울특별시","sigungu":"중랑구","dong":"망우동","lot_no":"506-8","floor_unit":"13층1308호","area_m2":13.55,"area_pyeong":4.1,"appraisal":95000000,"min_bid":95000000,"min_bid_rate":100,"discount_pct":0.0,"fail_count":0,"round_no":0,"sale_date":"2026-09-08","sale_time":"10:00","sale_place":"제101호입찰법정","decision_date":"2026-09-15","view_count":0,"related_items":1,"status_code":"01","progress_code":"0002100001","coord_source":"tm128","geocode_failed":false,"zone_name":"상봉재정비촉진지구","zone_category":"재정비촉진사업","zone_subtype":"재정비촉진지구","zone_stage":"지구지정","zone_id":"redev_1709","collected_at":"2026-09-02T17:12:37+09:00","pnu":"1126010500105060008","price_unit":73700000,"price_unit_area":13.55,"price_complex":"EGSoulLeader","price_complex_type":"아파트","price_complex_units":103,"price_by_area":[{"area":13.42,"units":60,"avg":73911666},{"area":13.55,"units":30,"avg":73050000},{"area":13.07,"units":10,"avg":71350000},{"area":17.95,"units":3,"avg":89700000}],"price_base":"2026.01","price_ratio":128.9,"bld_use":"공동주택","bld_struct":"철근콘크리트구조","bld_approval":"2012-11-21","bld_age":14,"bld_floors":"지상 15층 / 지하 4층","bld_height_m":53.55,"bld_total_area":4593.18,"bld_land_area":556.2,"bld_bcr":53.9177,"bld_far":612.3049,"bld_violation":false,"bld_count":1}}]}