{"type":"FeatureCollection","meta":{"layer":"zone_industrial","title":"산업단지","theme_code":"D060","source":"VWorld 국토정보플랫폼 SHP AL_D060_00_20260809.shp (산업입지/산업단지)","source_crs":"EPSG:5186","collected_at":"2026-09-07T20:15:48+09:00","base_date":"2026-08-06","count":353,"count_source":1909,"sido_filter":"11,41,28","category_counts":{"일반산업단지":245,"지방산업단지":36,"국가산업단지":26,"산업단지기타":20,"도시첨단산업단지":15,"재생사업지구":6,"특수지역":2,"준산업단지":2,"농공단지":1},"sido_counts":{"경기도":247,"인천광역시":102,"서울특별시":4}},"features":[{"type":"Feature","properties":{"layer":"zone_industrial","id":"zone_industrial_0001","name":"일반산업단지 (서울특별시 11530)","category":"일반산업단지","color":"#9333ea","sido":"서울특별시","sigungu":"구로구","sgg_code":"11530","type_code":"UHA210","mgmt_no":"61100001153020250306UHA2100007008"},"geometry":{"type":"Polygon","coordinates":[[[126.81406879105033,37.49471255103196],[126.81440835996858,37.49485337473812],[126.81467357463593,37.49488262640879],[126.814897019756,37.49502002141217],[126.81539125293048,37.49519727058314],[126.81550391802523,37.49515991243184],[126.81569693340712,37.49502876051063],[126.81576011634426,37.494949301715344],[126.81588836008284,37.49489958797068],[126.81693324050882,37.49526180457605],[126.81705083835038,37.49512204518674],[126.81701753240601,37.49505912151649],[126.8170523712345,37.49491717857683],[126.81722445923356,37.49501781835356],[126.81743489570023,37.495066890430344],[126.81769732260697,37.49503477298343],[126.81783203298795,37.494929835989794],[126.81785033480085,37.494844539896675],[126.81756726645247,37.49480950116998],[126.8175677562275,37.49470201282453],[126.81752574941027,37.49470094730586],[126.81763006914248,37.494653636112744],[126.81779111013418,37.494509276405964],[126.81787998857844,37.494325610901356],[126.81778567286374,37.49419920735215],[126.81818032073708,37.49377385534459],[126.81827581395302,37.49361272474595],[126.81831640077178,37.49361621148176],[126.81830974149972,37.4935648442366],[126.81864773605531,37.49328578800056],[126.81880549751035,37.492953833872896],[126.8185881825619,37.492806184318255],[126.81841145976017,37.492891595542744],[126.81822231467191,37.49278507450965],[126.81821017300668,37.49275613361414],[126.81830820136616,37.49262131605603],[126.8182574131278,37.49258177354524],[126.81852999804873,37.49236829893104],[126.81860547323565,37.492142607485206],[126.81959750721876,37.49159680033977],[126.81931953283991,37.49119173338623],[126.81924799816728,37.49131406880968],[126.81857381052524,37.49155890942754],[126.81788908103381,37.491535322236494],[126.81587227648095,37.49262571273418],[126.81548796904151,37.493201206788115],[126.81457454318515,37.49319291744051],[126.81431734898405,37.49375833729407],[126.8143524369896,37.49442468123728],[126.81406879105033,37.49471255103196]]]}},{"type":"Feature","properties":{"layer":"zone_industrial","id":"zone_industrial_0002","name":"한국수출국가산업단지","category":"국가산업단지","color":"#6d28d9","sido":"서울특별시","sigungu":"금천구","sgg_code":"11545","type_code":"UHA100","notice_date":"20120705","mgmt_no":"16110001154520120383UHA1000001002"},"geometry":{"type":"Polygon","coordinates":[[[126.8828281020495,37.4815254245399],[126.8848162086745,37.48227406441163],[126.88511695057774,37.48220300177087],[126.88511040510153,37.48222434904794],[126.88540538418425,37.482362726700934],[126.88584689119843,37.482362952496445],[126.88825869996225,37.479357196911145],[126.88883686058936,37.47865978877409],[126.88886151603542,37.478676300612555],[126.88899376433186,37.47851388592271],[126.88897108893167,37.478496348855415],[126.8917294803785,37.4751498115223],[126.89076115815504,37.47460905440243],[126.89050478624478,37.47449949522931],[126.88799435709014,37.472833877775976],[126.88736045929102,37.47372199791742],[126.88780588984316,37.47396431047517],[126.88727445839992,37.47464599179118],[126.88705167856298,37.47457358790444],[126.8864091529679,37.47422973596647],[126.8863291913429,37.47440014570258],[126.88626393577664,37.47437269160649],[126.88618996881071,37.47442311160944],[126.88601043510938,37.47434153971271],[126.88622321966109,37.47386927090432],[126.88619910464455,37.47386295837743],[126.8828281020495,37.4815254245399]]]}},{"type":"Feature","properties":{"layer":"zone_industrial","id":"zone_industrial_0003","name":"한국수출(서울디지탈)","category":"국가산업단지","color":"#6d28d9","sido":"서울특별시","sigungu":"구로구","sgg_code":"11530","type_code":"UHA100","mgmt_no":"61100001153020210595UHA1000001001"},"geometry":{"type":"Polygon","coordinates":[[[126.89081122263882,37.48296690963686],[126.89089987033285,37.48311601822177],[126.89112988127094,37.483242283361086],[126.89155066375054,37.48365497373942],[126.89157152308087,37.483617061012694],[126.89209999431591,37.48384262158737],[126.89226982708107,37.48471314551166],[126.89225079347123,37.48522102200666],[126.89218705362076,37.485309351210184],[126.89199040549289,37.485311304461455],[126.89196850391387,37.48533494443453],[126.8919300999674,37.4852852366569],[126.89199423408637,37.485267816709005],[126.89199400553296,37.48511455628427],[126.89167446640481,37.484969649054406],[126.89154714224662,37.48497772972834],[126.89147937168066,37.485701620646196],[126.8914191388604,37.485679850423004],[126.89104536311554,37.485893939684594],[126.89091734382072,37.48598896557953],[126.89092816893992,37.486008887823544],[126.89143131959543,37.486317139450726],[126.89141365522407,37.486334692501046],[126.8914824383898,37.48638602350358],[126.89320412698771,37.48740412296969],[126.89369045370104,37.48763035846512],[126.89410223628786,37.487880130414275],[126.89566776749409,37.48726832245062],[126.89748889833614,37.486265234254816],[126.8991508285827,37.48539442707302],[126.89925590605492,37.485366136538794],[126.89933718017444,37.485298361498025],[126.89936354555962,37.485116922750414],[126.89948476086839,37.48511081058004],[126.89957721917445,37.48504956827359],[126.89975046925346,37.484208435139585],[126.8995555368591,37.483615660764606],[126.89936802463339,37.48328854357001],[126.89865481869631,37.483570100341275],[126.89860802451109,37.483312373314284],[126.89854605404928,37.48315608574988],[126.89830063137221,37.48304649009486],[126.89818264831794,37.482924571632076],[126.89815037232368,37.48263478145316],[126.89770723586679,37.481767990243746],[126.89717154799034,37.48136432034096],[126.89700900233704,37.481176498117705],[126.89640806288008,37.480628606766594],[126.89602857065381,37.48051375131014],[126.89592291849486,37.48023128309346],[126.8960097907886,37.48020063654331],[126.89601656194846,37.48012901297232],[126.89593934386556,37.47980683596863],[126.89594107650585,37.47961996979797],[126.89616428581904,37.47927436461182],[126.89615329617367,37.47912974405364],[126.89623528783291,37.47895060790797],[126.89615314348556,37.47891638672806],[126.89594677754398,37.4789427820866],[126.89594106855849,37.478902322011514],[126.89579179726056,37.47892804729629],[126.89556483584656,37.47904794752905],[126.89556524940527,37.47907533834954],[126.89519055883825,37.47924853470191],[126.8949918790381,37.4795142413255],[126.8949834163351,37.47958216921325],[126.89484345207748,37.47974025881194],[126.89434864983342,37.48017805821126],[126.89371727301447,37.48013874083395],[126.89344419715904,37.48024435906246],[126.89349106274602,37.48031318436591],[126.8921733774047,37.48065837137098],[126.89200561324128,37.48126711269642],[126.89249422069238,37.4816524091828],[126.89238116047164,37.48165187233215],[126.89102259218711,37.48269932097025],[126.89094763264522,37.483005600205054],[126.89081122263882,37.48296690963686]]]}},{"type":"Feature","properties":{"layer":"zone_industrial","id":"zone_industrial_0004","name":"한국수출국가산업단지","category":"국가산업단지","color":"#6d28d9","sido":"서울특별시","sigungu":"금천구","sgg_code":"11545","type_code":"UHA100","notice_date":"20120705","mgmt_no":"16110001154520120383UHA1000001001"},"geometry":{"type":"Polygon","coordinates":[[[126.87456820603373,37.48307051612446],[126.8746042390263,37.48311075748939],[126.87607398265368,37.483508929505675],[126.87529908104855,37.48523419627926],[126.87634167211965,37.48549492868906],[126.87645662271093,37.48545686601095],[126.87642893402015,37.485517095613645],[126.87721033416837,37.485731412327425],[126.8777431391262,37.48593095761021],[126.87772091948132,37.48598007489516],[126.87863776209467,37.48621430995686],[126.87947518673788,37.485839658929095],[126.88055776410161,37.48547997550522],[126.88106243706767,37.48431819126497],[126.88140174839417,37.483659301458005],[126.88136027860565,37.483672116575946],[126.88214161637879,37.4818898456787],[126.88209259662786,37.48187334386522],[126.88216382611274,37.481638227515475],[126.88212083751486,37.48162578630999],[126.8822066589272,37.48143577076585],[126.88231781514543,37.48134640452457],[126.88238538444844,37.48120124028691],[126.88244357260372,37.48121800350038],[126.88255394771328,37.480971979163954],[126.88266747660771,37.481011413101406],[126.88293607486163,37.48044518741657],[126.88665683710296,37.472085041488015],[126.88940838817665,37.46576585841548],[126.88711911239923,37.46481126763663],[126.88654204578282,37.465525437822045],[126.88653478465032,37.46560198002627],[126.88665995868115,37.46564085391324],[126.88659308854311,37.46564661839766],[126.88652201545808,37.465791286480965],[126.88638730482633,37.465771981966896],[126.88630816749055,37.46581623422224],[126.88487968450201,37.46758360188465],[126.88353911317485,37.469179560597865],[126.88125123967724,37.471769908076624],[126.88128090485759,37.47186754387808],[126.88133932212375,37.471884812451016],[126.88124230728741,37.471996780454496],[126.88111444027848,37.471954600452136],[126.88110003740499,37.47201850290097],[126.88104047832131,37.4720364532374],[126.88006699783232,37.47328211984624],[126.87952308218667,37.47403008529031],[126.87881431582822,37.475062035118306],[126.87888805185796,37.47517022290216],[126.87876277316614,37.47518810386023],[126.87868338367683,37.47532926244863],[126.87869286532636,37.47537277268373],[126.8785866390431,37.47542296516916],[126.878269842885,37.47589294021128],[126.8772460076765,37.47762699923932],[126.87817423177239,37.47757319988026],[126.87829069030934,37.47771734650582],[126.87837519370177,37.4776998830848],[126.87816246526073,37.47840398319976],[126.87791622230785,37.47893668631916],[126.8779367462597,37.47909209450272],[126.8778198992985,37.47936107434771],[126.8778736111664,37.47937587094594],[126.87783429997442,37.479479426949354],[126.87785403205952,37.47949101645959],[126.87711142913922,37.48117227120581],[126.87678946097832,37.481101329335935],[126.87665261643663,37.481303090154775],[126.87652040783703,37.4813005086598],[126.87653109812024,37.48142584021337],[126.87648133356703,37.48168084295215],[126.87614233915174,37.48158822123999],[126.8757457564209,37.48170908353583],[126.8758427155049,37.481933112488186],[126.87581781625943,37.48221846005024],[126.87572784538324,37.4823848512636],[126.87580642213622,37.48248691918429],[126.87503729079963,37.482273948721456],[126.87490842937657,37.48230357077906],[126.87456820603373,37.48307051612446]],[[126.87885366241647,37.48062752729955],[126.87903737431017,37.48021783436166],[126.87973122541723,37.48010076361833],[126.88021986419365,37.48040897619837],[126.88019979204289,37.48045351010609],[126.88006948727453,37.48050492253446],[126.87977888553839,37.48050832661229],[126.87885366241647,37.48062752729955]]]}},{"type":"Feature","properties":{"layer":"zone_industrial","id":"zone_industrial_0005","name":"일반산업단지 (인천광역시 28177)","category":"일반산업단지","color":"#9333ea","sido":"인천광역시","sgg_code":"28177","type_code":"UHA210","mgmt_no":"62800002817720060001UHA2100001003"},"geometry":{"type":"Polygon","coordinates":[[[126.66257022399802,37.47826913262741],[126.66352984323662,37.477778557909055],[126.66354241461721,37.47773343584349],[126.66289064139033,37.47694207924567],[126.66232204246377,37.47724903129016],[126.66273501780915,37.47776479405318],[126.6623313431282,37.4779702889143],[126.66257022399802,37.47826913262741]]]}},{"type":"Feature","properties":{"layer":"zone_industrial","id":"zone_industrial_0006","name":"국가산업단지 (인천광역시 28177)","category":"국가산업단지","color":"#6d28d9","sido":"인천광역시","sgg_code":"28177","type_code":"UHA100","mgmt_no":"15000002817700000000UHA1000000029"},"geometry":{"type":"Polygon","coordinates":[[[126.68338663640537,37.470292107553846],[126.68221692557687,37.47152376369408],[126.68147836025253,37.471633949211835],[126.68107545777733,37.47020317832555],[126.68013802488743,37.47037444446003],[126.68010286776504,37.470422101820574],[126.68062948444341,37.47203994406007],[126.68068474211415,37.47207151194464],[126.68450200376442,37.471525870428884],[126.68453128665374,37.47147670034777],[126.68449948957274,37.47143861989984],[126.68338663640537,37.470292107553846]]]}},{"type":"Feature","properties":{"layer":"zone_industrial","id":"zone_industrial_0007","name":"일반산업단지 (인천광역시 28177)","category":"일반산업단지","color":"#9333ea","sido":"인천광역시","sgg_code":"28177","type_code":"UHA210","mgmt_no":"15000002817700000000UHA2100000006"},"geometry":{"type":"Polygon","coordinates":[[[126.65869425718513,37.4791842488277],[126.65615018676128,37.480532643477204],[126.65614328574134,37.48063923833456],[126.6569430105836,37.48115338474093],[126.65931314078607,37.479938114542946],[126.65932696883802,37.479890771123664],[126.65876213517457,37.47919443780641],[126.65869425718513,37.4791842488277]]]}},{"type":"Feature","properties":{"layer":"zone_industrial","id":"zone_industrial_0008","name":"국가산업단지 (인천광역시 28177)","category":"국가산업단지","color":"#6d28d9","sido":"인천광역시","sgg_code":"28177","type_code":"UHA100","mgmt_no":"15000002817700000000UHA1000000026"},"geometry":{"type":"Polygon","coordinates":[[[126.67440202958944,37.47146270029446],[126.67443237786158,37.47195405414382],[126.67463709208393,37.47191527395945],[126.67470633785304,37.47219452296013],[126.67547295191929,37.47207960081648],[126.67576231712638,37.473092716449344],[126.67760114101782,37.47270722409678],[126.67764865925494,37.47264852810305],[126.6771704473088,37.47099510813367],[126.67693149313911,37.47104232213202],[126.6769100253557,37.47096926419056],[126.67443573438429,37.47142499666897],[126.67440202958944,37.47146270029446]]]}},{"type":"Feature","properties":{"layer":"zone_industrial","id":"zone_industrial_0009","name":"국가산업단지 (인천광역시 28177)","category":"국가산업단지","color":"#6d28d9","sido":"인천광역시","sgg_code":"28177","type_code":"UHA100","mgmt_no":"15000002817700000000UHA1000000027"},"geometry":{"type":"Polygon","coordinates":[[[126.67738821627336,37.470942744898075],[126.67786705262273,37.472599211097105],[126.6779446789808,37.472636616925854],[126.68046012493829,37.472112510046095],[126.68049747755336,37.47206442607863],[126.67997312343931,37.47044681466909],[126.67991182450882,37.47041669863416],[126.677448843045,37.4708691823884],[126.67738821627336,37.470942744898075]]]}},{"type":"Feature","properties":{"layer":"zone_industrial","id":"zone_industrial_0010","name":"일반산업단지 (인천광역시 28177)","category":"일반산업단지","color":"#9333ea","sido":"인천광역시","sgg_code":"28177","type_code":"UHA210","mgmt_no":"15000002817700000000UHA2100000004"},"geometry":{"type":"Polygon","coordinates":[[[126.65529278292755,37.48055707412437],[126.65415317832102,37.47982546222476],[126.65357466253717,37.480898217568146],[126.65304600166317,37.48097024410972],[126.65306025307363,37.481653142952204],[126.65317359002339,37.48178356310837],[126.65528519552525,37.4806651445532],[126.65529278292755,37.48055707412437]]]}},{"type":"Feature","properties":{"layer":"zone_industrial","id":"zone_industrial_0011","name":"일반산업단지 (인천광역시 28177)","category":"일반산업단지","color":"#9333ea","sido":"인천광역시","sgg_code":"28177","type_code":"UHA210","mgmt_no":"15000002817700000000UHA2100000011"},"geometry":{"type":"Polygon","coordinates":[[[126.66232204246377,37.47724903129016],[126.6609127644834,37.47801234851557],[126.66152231073339,37.47876629305048],[126.66157803674707,37.47877613910706],[126.66257022399802,37.47826913262741],[126.6623313431282,37.4779702889143],[126.66273501780915,37.47776479405318],[126.66232204246377,37.47724903129016]]]}},{"type":"Feature","properties":{"layer":"zone_industrial","id":"zone_industrial_0012","name":"인천 남동 도시첨단산업단지","category":"도시첨단산업단지","color":"#c026d3","sido":"인천광역시","sgg_code":"28200","type_code":"UHA220","notice_date":"20190826","mgmt_no":"16130002820020190443UHA2200001001"},"geometry":{"type":"Polygon","coordinates":[[[126.70964871069155,37.42103644131393],[126.70980198332332,37.42210932514816],[126.70990788400464,37.42217883785107],[126.71606002838449,37.42189500597842],[126.71619055245002,37.4218866984103],[126.7162653606566,37.4218005984175],[126.7135457165766,37.412860515375606],[126.71327699933714,37.41356598142199],[126.71336559408788,37.41367467885564],[126.71357644932965,37.41424535102555],[126.7135355363403,37.41442806609318],[126.71321578332125,37.414949331384264],[126.71317046072255,37.41539801333948],[126.71344785729147,37.41652819399694],[126.71207576002548,37.41935986572318],[126.71192223199353,37.41953743886813],[126.71194993227508,37.4196194083501],[126.70964871069155,37.42103644131393]]]}},{"type":"Feature","properties":{"layer":"zone_industrial","id":"zone_industrial_0013","name":"국가산업단지 (인천광역시 28177)","category":"국가산업단지","color":"#6d28d9","sido":"인천광역시","sgg_code":"28177","type_code":"UHA100","mgmt_no":"15000002817700000000UHA1000000031"},"geometry":{"type":"Polygon","coordinates":[[[126.67978407930646,37.4702545313803],[126.6798488079538,37.470180663442704],[126.6797376889018,37.46948645602665],[126.67709278861913,37.469969043948204],[126.67706262210913,37.47000719954936],[126.67726559025706,37.470713987105235],[126.67978407930646,37.4702545313803]]]}},{"type":"Feature","properties":{"layer":"zone_industrial","id":"zone_industrial_0014","name":"일반산업단지 (인천광역시 28177)","category":"일반산업단지","color":"#9333ea","sido":"인천광역시","sgg_code":"28177","type_code":"UHA210","mgmt_no":"15000002817700000000UHA2100000019"},"geometry":{"type":"Polygon","coordinates":[[[126.67112073087489,37.47520037566698],[126.67246848888209,37.47469497294767],[126.67250128383033,37.47465132978414],[126.6724291383524,37.47340263279459],[126.67238419772775,37.47337002661899],[126.6716087930088,37.47339755227568],[126.67031317247324,37.47388147651728],[126.67029534790464,37.473924296080924],[126.67103726501314,37.47517736502014],[126.67112073087489,37.47520037566698]]]}},{"type":"Feature","properties":{"layer":"zone_industrial","id":"zone_industrial_0015","name":"일반산업단지 (인천광역시 28177)","category":"일반산업단지","color":"#9333ea","sido":"인천광역시","sgg_code":"28177","type_code":"UHA210","mgmt_no":"62800002817720060001UHA2100001004"},"geometry":{"type":"Polygon","coordinates":[[[126.66428519340842,37.47864454788745],[126.66225857501158,37.479674740956916],[126.66289962039029,37.480469511777066],[126.66295409910073,37.48048048886733],[126.66492440434935,37.47948819079489],[126.66493488582843,37.47944509889504],[126.66428519340842,37.47864454788745]]]}},{"type":"Feature","properties":{"layer":"zone_industrial","id":"zone_industrial_0016","name":"일반산업단지 (인천광역시 28177)","category":"일반산업단지","color":"#9333ea","sido":"인천광역시","sgg_code":"28177","type_code":"UHA210","mgmt_no":"62800002817720060001UHA2100001002"},"geometry":{"type":"Polygon","coordinates":[[[126.65616505048249,37.48349610285494],[126.65446112617084,37.48142645740304],[126.65336310634225,37.482004460525665],[126.65500290932208,37.483926476391986],[126.65616505048249,37.48349610285494]]]}},{"type":"Feature","properties":{"layer":"zone_industrial","id":"zone_industrial_0017","name":"송도지식산업단지","category":"일반산업단지","color":"#9333ea","sido":"인천광역시","sgg_code":"28185","type_code":"UHA210","mgmt_no":"11900002818520060000UHA2100001001"},"geometry":{"type":"Polygon","coordinates":[[[126.6325917911886,37.37919350226948],[126.6394040501396,37.38550285347416],[126.64068330725107,37.38377581177126],[126.64411529891656,37.386953928762885],[126.6456722757346,37.386040042455285],[126.64578440871146,37.38605058825539],[126.6462046858051,37.38641893281072],[126.64652664323451,37.386776610135385],[126.64685414321119,37.38709694725261],[126.64700119519658,37.38719801311935],[126.64875363502483,37.38895481952639],[126.64893741000704,37.38884237173468],[126.65904466314501,37.384082779906926],[126.64537545908134,37.369864994719045],[126.64519559543977,37.37013305434233],[126.6415737240864,37.373747677301246],[126.6325917911886,37.37919350226948]]]}},{"type":"Feature","properties":{"layer":"zone_industrial","id":"zone_industrial_0018","name":"국가산업단지 (인천광역시 28200)","category":"국가산업단지","color":"#6d28d9","sido":"인천광역시","sgg_code":"28200","type_code":"UHA100","mgmt_no":"62800002820020060001UHA1000001001"},"geometry":{"type":"Polygon","coordinates":[[[126.66742669615013,37.392250505685794],[126.66991012895328,37.39438721552072],[126.67459091661743,37.39850047815028],[126.67736825149697,37.40098608253455],[126.6781097749736,37.40159890765568],[126.679101823966,37.402235747592755],[126.67984657045669,37.40262917461034],[126.68106438929709,37.40314065079284],[126.68291615925025,37.40381600599679],[126.6835091184954,37.40413538833743],[126.68428408313578,37.40471159340472],[126.68439129267354,37.40492010433101],[126.68469390068636,37.40518175782714],[126.68503106975588,37.405658844353475],[126.68528230007229,37.40613362776049],[126.68536653829997,37.40613844816804],[126.68538216351824,37.4062905803554],[126.68534974385425,37.40629148478474],[126.68547282600228,37.40667519336935],[126.68564575765826,37.40774938835833],[126.68582597627694,37.4081917246092],[126.68604446714637,37.40901601035632],[126.68632417426656,37.40968061979322],[126.68655109747864,37.410084876521616],[126.68674384836154,37.41039614780316],[126.68681849365112,37.41037319056846],[126.68678476771773,37.410523929695344],[126.68692417203222,37.41051925503362],[126.687072308067,37.41083067735127],[126.68720562754667,37.41095780377451],[126.68847445139636,37.411905877599665],[126.6918487257524,37.414634998186266],[126.69865387941843,37.419513132383145],[126.70403194360433,37.424901476862466],[126.70416190364621,37.42512029802843],[126.70462092988738,37.425662326208865],[126.70496244407835,37.42626730853886],[126.7050922252227,37.42659010438509],[126.70526853170857,37.42726278750709],[126.70528513994957,37.427635485511836],[126.70521417310982,37.428184200926076],[126.70526158558472,37.42842353700454],[126.70594355606227,37.428504712825124],[126.70606045093477,37.4275948981982],[126.70607741292282,37.42577959194018],[126.70648847110598,37.42521992177155],[126.70688574073267,37.424833119026296],[126.70648290261133,37.42499789971977],[126.70627943176554,37.425027215105075],[126.7058716669618,37.42503646757537],[126.70567147863174,37.4250066840553],[126.7053441421076,37.424875128330285],[126.70462408758863,37.424210171969705],[126.7069015254751,37.42272756728857],[126.71194993220567,37.41961942637009],[126.71192223192416,37.41953745688812],[126.71207575995614,37.41935988374317],[126.71275147728848,37.41795496307274],[126.71239270004523,37.418254941946465],[126.7124747680844,37.4180935918183],[126.71243408378936,37.417980415803314],[126.71251749229125,37.417969897714],[126.71261960664526,37.417883199968024],[126.71268943027984,37.41776255434846],[126.71132260796223,37.41394342680734],[126.71108756684828,37.41405367379246],[126.71104977397317,37.41412890529817],[126.71093980380456,37.413823012857335],[126.71105521884942,37.41385969720766],[126.71125846151507,37.413764103720666],[126.71040513281602,37.41138077381685],[126.70950019194997,37.4101154172589],[126.70927345504116,37.410212977001166],[126.7092415855907,37.4103073960997],[126.70904531504071,37.41003498612009],[126.70915399315173,37.410059582146495],[126.7093880849084,37.40995861696552],[126.70858754168214,37.408839114221124],[126.70543220276261,37.40661260867587],[126.70466889948474,37.405897365288816],[126.70419419667897,37.405036699095334],[126.70389528641309,37.404165751461456],[126.70291213090822,37.404444568204276],[126.70313784000263,37.40500268306354],[126.70288520957656,37.40641852315679],[126.70168786625334,37.40698213822245],[126.69988408499043,37.40531879142411],[126.69963228568834,37.40544212781332],[126.69953986677366,37.40544937021039],[126.69840265275758,37.40600031128887],[126.69754797149824,37.406506647200146],[126.69769039760702,37.40667469116665],[126.69736238140551,37.40687414233789],[126.69728189241245,37.40671264551922],[126.6958446384658,37.40741678098917],[126.69140387625397,37.4102266381371],[126.69131736588257,37.41030597031002],[126.69099766740383,37.410480017006165],[126.69081577511211,37.410543691023065],[126.6907676594159,37.41051572339957],[126.69044916750534,37.41061597913776],[126.69044170794083,37.41067173196863],[126.68993418738025,37.41081266495617],[126.6889454080068,37.41083492303752],[126.68830895832134,37.41074232703095],[126.68744272202751,37.41052405741023],[126.68698663280244,37.41051987170779],[126.68686552611115,37.41038971410055],[126.6870528249259,37.41035741565536],[126.68704842202524,37.41038389360853],[126.68768581559932,37.410438656526814],[126.68809256215859,37.41054686538056],[126.68888343305106,37.41069014725357],[126.69007811959719,37.410587431513605],[126.69003479075245,37.410658316885865],[126.69023597163958,37.410601272220596],[126.69209660424369,37.4095159349364],[126.69285056567512,37.40899135575166],[126.69288617424345,37.40903938239614],[126.69310949372318,37.40889805612638],[126.69307658110168,37.40885364061774],[126.69376521512594,37.40858459155317],[126.69527029857916,37.407609642617366],[126.69547652168181,37.40750403762581],[126.69597837581686,37.40716502414951],[126.69596482515578,37.40714755459739],[126.6972690436458,37.406381860784904],[126.69784408789953,37.40609483566127],[126.69804760618958,37.40590182123952],[126.69821100135366,37.40582736655169],[126.69824099437345,37.40586798892741],[126.69886028880966,37.40558521695337],[126.69896855431509,37.405569546141685],[126.70018032581335,37.40506897584645],[126.7030388656527,37.404256712191234],[126.70368816733418,37.4041035107654],[126.7038868036777,37.40402598341508],[126.70365991262346,37.4032778618393],[126.70785354908237,37.401262698808644],[126.71081917733548,37.39978633172771],[126.70696150180021,37.3949118375531],[126.70702012392235,37.3948973961748],[126.70699248330723,37.39486155717062],[126.70871698681727,37.39405936185389],[126.71143088763212,37.3934167809121],[126.71348841085369,37.39309870712105],[126.71375725939477,37.39295934432134],[126.71321495163231,37.39175832562363],[126.71274554438239,37.39048603195955],[126.7125829162851,37.38961091366595],[126.71211145527906,37.38867056320061],[126.71146205050057,37.38662068144453],[126.71112951031597,37.386619955503754],[126.71100958398259,37.386651196438265],[126.71062501242723,37.387228881743745],[126.7103264949364,37.38745222904905],[126.71018501494098,37.38747945161198],[126.70958555680718,37.38744274379412],[126.70907897351786,37.38727561574927],[126.70890511350186,37.387150395415496],[126.70881394226166,37.38690076940461],[126.70862529955811,37.386802452356335],[126.7082513598728,37.3867908937308],[126.70812875392345,37.386755990739346],[126.70809902258283,37.38679366942562],[126.7079854890367,37.38680672268709],[126.70765970903649,37.386780685300664],[126.70762868507855,37.38683124514236],[126.70738391802593,37.38676333097623],[126.7072046283584,37.38678604097296],[126.70719171950245,37.38665085689481],[126.70705436660043,37.38654680838881],[126.70684631014052,37.386476101264854],[126.70679068610718,37.38649362251543],[126.70657572064432,37.38637072904181],[126.70638186467114,37.38630717451687],[126.70599540533443,37.386350269011025],[126.7059265698364,37.386655450300594],[126.70600119012938,37.386660141845574],[126.70588717798061,37.386852583581906],[126.7056471462994,37.387074263224335],[126.70565654495135,37.387153756076984],[126.70549730507268,37.38716002510097],[126.70545566729096,37.387238759503376],[126.70519701770075,37.387226758964246],[126.70484592151492,37.3873494977215],[126.70479860650559,37.387407314148646],[126.70478182082654,37.38751196972705],[126.70455338669458,37.387855222839775],[126.70420500362644,37.38803337877106],[126.70351340032518,37.38851052633854],[126.7034186683492,37.388508395466786],[126.70318643497131,37.388383199815266],[126.70310336099419,37.3883742504025],[126.70306072230788,37.38827737404326],[126.70263963563562,37.388193777860685],[126.70242312638892,37.38828945865529],[126.70208189220376,37.38868422982015],[126.702097951588,37.388706435390304],[126.70188259053513,37.388796802115735],[126.70159497258818,37.388600373117875],[126.7012068253234,37.38844017919488],[126.70116289200857,37.3883853761595],[126.70114420977363,37.3882847757004],[126.70112241989166,37.387632837669486],[126.70160164680765,37.387463402122705],[126.70188102902543,37.38748663561369],[126.7019525361754,37.387337338738966],[126.70321545144427,37.386132452807196],[126.70367887605524,37.38587223689892],[126.70383832773025,37.38569748140269],[126.70391940629467,37.385467746901035],[126.70390949498946,37.38540420053401],[126.70379627134811,37.38525353646851],[126.70383939259659,37.385171022103464],[126.70458658033014,37.38462057928271],[126.70556342700037,37.3844716575305],[126.7059500770855,37.38408987396835],[126.70613263340167,37.38401004976087],[126.7060235759287,37.383631531891545],[126.67344145587303,37.38912074186788],[126.67252758659761,37.38937823517011],[126.67167903637709,37.38975177369226],[126.66742669615013,37.392250505685794]]]}},{"type":"Feature","properties":{"layer":"zone_industrial","id":"zone_industrial_0019","name":"남동국가산업단지","category":"재생사업지구","color":"#be185d","sido":"인천광역시","sgg_code":"28200","type_code":"UHA700","notice_date":"20190819","mgmt_no":"62800002820020190252UHA7000001001"},"geometry":{"type":"Polygon","coordinates":[[[126.66742669615013,37.392250505685794],[126.66991012895328,37.39438721552072],[126.67459091661743,37.39850047815028],[126.67736825149697,37.40098608253455],[126.6781097749736,37.40159890765568],[126.679101823966,37.402235747592755],[126.67984657045669,37.40262917461034],[126.68106438929709,37.40314065079284],[126.68291615925025,37.40381600599679],[126.6835091184954,37.40413538833743],[126.68428408313578,37.40471159340472],[126.68439129267354,37.40492010433101],[126.68469390068636,37.40518175782714],[126.68503106975588,37.405658844353475],[126.68528230007229,37.40613362776049],[126.68536653829997,37.40613844816804],[126.68538216351824,37.4062905803554],[126.68534974385425,37.40629148478474],[126.68547282600228,37.40667519336935],[126.68564575765826,37.40774938835833],[126.68582597627694,37.4081917246092],[126.68604446714637,37.40901601035632],[126.68632417426656,37.40968061979322],[126.68655109747864,37.410084876521616],[126.68674384836154,37.41039614780316],[126.68681849365112,37.41037319056846],[126.68678476771773,37.410523929695344],[126.68692417203222,37.41051925503362],[126.687072308067,37.41083067735127],[126.68720562754667,37.41095780377451],[126.68847445139636,37.411905877599665],[126.6918487257524,37.414634998186266],[126.69865387941843,37.419513132383145],[126.70403194360433,37.424901476862466],[126.70416190364621,37.42512029802843],[126.70462092988738,37.425662326208865],[126.70496244407835,37.42626730853886],[126.7050922252227,37.42659010438509],[126.70526853170857,37.42726278750709],[126.70528513994957,37.427635485511836],[126.70521417310982,37.428184200926076],[126.70526158558472,37.42842353700454],[126.70594355606227,37.428504712825124],[126.70606045093477,37.4275948981982],[126.70607741292282,37.42577959194018],[126.70648847110598,37.42521992177155],[126.70688574073267,37.424833119026296],[126.70648290261133,37.42499789971977],[126.70627943176554,37.425027215105075],[126.7058716669618,37.42503646757537],[126.70567147863174,37.4250066840553],[126.7053441421076,37.424875128330285],[126.70462408758863,37.424210171969705],[126.7069015254751,37.42272756728857],[126.71194993220567,37.41961942637009],[126.71192223192416,37.41953745688812],[126.71207575995614,37.41935988374317],[126.71275147728848,37.41795496307274],[126.71239270004523,37.418254941946465],[126.7124747680844,37.4180935918183],[126.71243408378936,37.417980415803314],[126.71251749229125,37.417969897714],[126.71261960664526,37.417883199968024],[126.71268943027984,37.41776255434846],[126.71132260796223,37.41394342680734],[126.71108756684828,37.41405367379246],[126.71104977397317,37.41412890529817],[126.71093980380456,37.413823012857335],[126.71105521884942,37.41385969720766],[126.71125846151507,37.413764103720666],[126.71040513281602,37.41138077381685],[126.70950019194997,37.4101154172589],[126.70927345504116,37.410212977001166],[126.7092415855907,37.4103073960997],[126.70904531504071,37.41003498612009],[126.70915399315173,37.410059582146495],[126.7093880849084,37.40995861696552],[126.70858754168214,37.408839114221124],[126.70543220276261,37.40661260867587],[126.70466889948474,37.405897365288816],[126.70419419667897,37.405036699095334],[126.70389528641309,37.404165751461456],[126.70291213090822,37.404444568204276],[126.70313784000263,37.40500268306354],[126.70288520957656,37.40641852315679],[126.70168786625334,37.40698213822245],[126.69988408499043,37.40531879142411],[126.69963228568834,37.40544212781332],[126.69953986677366,37.40544937021039],[126.69840265275758,37.40600031128887],[126.69754797149824,37.406506647200146],[126.69769039760702,37.40667469116665],[126.69736238140551,37.40687414233789],[126.69728189241245,37.40671264551922],[126.6958446384658,37.40741678098917],[126.69140387625397,37.4102266381371],[126.69131736588257,37.41030597031002],[126.69099766740383,37.410480017006165],[126.69081577511211,37.410543691023065],[126.6907676594159,37.41051572339957],[126.69044916750534,37.41061597913776],[126.69044170794083,37.41067173196863],[126.68993418738025,37.41081266495617],[126.6889454080068,37.41083492303752],[126.68830895832134,37.41074232703095],[126.68744272202751,37.41052405741023],[126.68698663280244,37.41051987170779],[126.68686552611115,37.41038971410055],[126.6870528249259,37.41035741565536],[126.68704842202524,37.41038389360853],[126.68768581559932,37.410438656526814],[126.68809256215859,37.41054686538056],[126.68888343305106,37.41069014725357],[126.69007811959719,37.410587431513605],[126.69003479075245,37.410658316885865],[126.69023597163958,37.410601272220596],[126.69209660424369,37.4095159349364],[126.69285056567512,37.40899135575166],[126.69288617424345,37.40903938239614],[126.69310949372318,37.40889805612638],[126.69307658110168,37.40885364061774],[126.69376521512594,37.40858459155317],[126.69527029857916,37.407609642617366],[126.69547652168181,37.40750403762581],[126.69597837581686,37.40716502414951],[126.69596482515578,37.40714755459739],[126.6972690436458,37.406381860784904],[126.69784408789953,37.40609483566127],[126.69804760618958,37.40590182123952],[126.69821100135366,37.40582736655169],[126.69824099437345,37.40586798892741],[126.69886028880966,37.40558521695337],[126.69896855431509,37.405569546141685],[126.70018032581335,37.40506897584645],[126.7030388656527,37.404256712191234],[126.70368816733418,37.4041035107654],[126.7038868036777,37.40402598341508],[126.70365991262346,37.4032778618393],[126.70785354908237,37.401262698808644],[126.71081917733548,37.39978633172771],[126.70696150180021,37.3949118375531],[126.70702012392235,37.3948973961748],[126.70699248330723,37.39486155717062],[126.70871698681727,37.39405936185389],[126.71143088763212,37.3934167809121],[126.71348841085369,37.39309870712105],[126.71375725939477,37.39295934432134],[126.71321495163231,37.39175832562363],[126.71274554438239,37.39048603195955],[126.7125829162851,37.38961091366595],[126.71211145527906,37.38867056320061],[126.71146205050057,37.38662068144453],[126.71112951031597,37.386619955503754],[126.71100958398259,37.386651196438265],[126.71062501242723,37.387228881743745],[126.7103264949364,37.38745222904905],[126.71018501494098,37.38747945161198],[126.70958555680718,37.38744274379412],[126.70907897351786,37.38727561574927],[126.70890511350186,37.387150395415496],[126.70881394226166,37.38690076940461],[126.70862529955811,37.386802452356335],[126.7082513598728,37.3867908937308],[126.70812875392345,37.386755990739346],[126.70809902258283,37.38679366942562],[126.7079854890367,37.38680672268709],[126.70765970903649,37.386780685300664],[126.70762868507855,37.38683124514236],[126.70738391802593,37.38676333097623],[126.7072046283584,37.38678604097296],[126.70719171950245,37.38665085689481],[126.70705436660043,37.38654680838881],[126.70684631014052,37.386476101264854],[126.70679068610718,37.38649362251543],[126.70657572064432,37.38637072904181],[126.70638186467114,37.38630717451687],[126.70599540533443,37.386350269011025],[126.7059265698364,37.386655450300594],[126.70600119012938,37.386660141845574],[126.70588717798061,37.386852583581906],[126.7056471462994,37.387074263224335],[126.70565654495135,37.387153756076984],[126.70549730507268,37.38716002510097],[126.70545566729096,37.387238759503376],[126.70519701770075,37.387226758964246],[126.70484592151492,37.3873494977215],[126.70479860650559,37.387407314148646],[126.70478182082654,37.38751196972705],[126.70455338669458,37.387855222839775],[126.70420500362644,37.38803337877106],[126.70351340032518,37.38851052633854],[126.7034186683492,37.388508395466786],[126.70318643497131,37.388383199815266],[126.70310336099419,37.3883742504025],[126.70306072230788,37.38827737404326],[126.70263963563562,37.388193777860685],[126.70242312638892,37.38828945865529],[126.70208189220376,37.38868422982015],[126.702097951588,37.388706435390304],[126.70188259053513,37.388796802115735],[126.70159497258818,37.388600373117875],[126.7012068253234,37.38844017919488],[126.70116289200857,37.3883853761595],[126.70114420977363,37.3882847757004],[126.70112241989166,37.387632837669486],[126.70160164680765,37.387463402122705],[126.70188102902543,37.38748663561369],[126.7019525361754,37.387337338738966],[126.70321545144427,37.386132452807196],[126.70367887605524,37.38587223689892],[126.70383832773025,37.38569748140269],[126.70391940629467,37.385467746901035],[126.70390949498946,37.38540420053401],[126.70379627134811,37.38525353646851],[126.70383939259659,37.385171022103464],[126.70458658033014,37.38462057928271],[126.70556342700037,37.3844716575305],[126.7059500770855,37.38408987396835],[126.70613263340167,37.38401004976087],[126.7060235759287,37.383631531891545],[126.67344145587303,37.38912074186788],[126.67252758659761,37.38937823517011],[126.67167903637709,37.38975177369226],[126.66742669615013,37.392250505685794]]]}},{"type":"Feature","properties":{"layer":"zone_industrial","id":"zone_industrial_0020","name":"일반산업단지 (인천광역시 28177)","category":"일반산업단지","color":"#9333ea","sido":"인천광역시","sgg_code":"28177","type_code":"UHA210","mgmt_no":"15000002817700000000UHA2100000016"},"geometry":{"type":"Polygon","coordinates":[[[126.67403940091205,37.47476447006094],[126.67253017481218,37.474820032137856],[126.67119325768753,37.47532260968578],[126.67116168816183,37.47538811413155],[126.67168672381436,37.4762722620515],[126.67174159204946,37.4762893900014],[126.67405292707824,37.4755742981627],[126.67408417701517,37.4755400296798],[126.67403940091205,37.47476447006094]]]}},{"type":"Feature","properties":{"layer":"zone_industrial","id":"zone_industrial_0021","name":"일반산업단지 (인천광역시 28245)","category":"일반산업단지","color":"#9333ea","sido":"인천광역시","sgg_code":"28245","type_code":"UHA210","mgmt_no":"62800002824520190154UHA2100001001"},"geometry":{"type":"Polygon","coordinates":[[[126.750878912303,37.537698420719686],[126.75460142854276,37.537674141956764],[126.7548686078217,37.53766788877177],[126.75488762572965,37.53762721271381],[126.75767293263227,37.53758570351397],[126.7587495920403,37.53753564614682],[126.75883939939588,37.53761119861281],[126.75969593769311,37.53759170120905],[126.75972615976447,37.53752831530775],[126.75950431975872,37.53481372423666],[126.75941209527338,37.5318850963966],[126.7524145826794,37.53129130623517],[126.75232169593139,37.53203337427515],[126.7524287157614,37.53202884279763],[126.75255285823052,37.532087461783135],[126.7526224794691,37.532183753340675],[126.75264155137458,37.53233447536828],[126.75228315908501,37.53391435596909],[126.75202642932891,37.53485657513704],[126.75178174498359,37.53548256218041],[126.75176021549524,37.53566194902704],[126.75171655715097,37.53568132710824],[126.75158182992467,37.535999236059396],[126.75112694819543,37.537424703290995],[126.75105864819118,37.53751437823425],[126.75092193288593,37.537548830419404],[126.750878912303,37.537698420719686]]]}},{"type":"Feature","properties":{"layer":"zone_industrial","id":"zone_industrial_0022","name":"서운일반산업단지(자세한 사항은 도시정비과 문의)","category":"일반산업단지","color":"#9333ea","sido":"인천광역시","sgg_code":"28245","type_code":"UHA210","notice_date":"20150212","mgmt_no":"62800002824520150024UHA2100001002"},"geometry":{"type":"Polygon","coordinates":[[[126.75303241977763,37.53089128796564],[126.75684645274936,37.531206056526045],[126.75937432818453,37.53142727908575],[126.75931463201852,37.53057879169652],[126.7585036374295,37.530589433343636],[126.75723618069308,37.53066180820613],[126.75602134501273,37.53065687463711],[126.75514523541669,37.530741185130566],[126.75498203899302,37.53078913775154],[126.75303241977763,37.53089128796564]]]}},{"type":"Feature","properties":{"layer":"zone_industrial","id":"zone_industrial_0023","name":"서운일반산업단지(자세한 사항은 도시정비과 문의)","category":"일반산업단지","color":"#9333ea","sido":"인천광역시","sgg_code":"28245","type_code":"UHA210","notice_date":"20150212","mgmt_no":"62800002824520150024UHA2100001003"},"geometry":{"type":"Polygon","coordinates":[[[126.74577152055589,37.53042894162427],[126.74856766409036,37.53052440470071],[126.75162328678643,37.53076980741345],[126.7516171733831,37.53066930685975],[126.75032919898742,37.52998211813283],[126.74919490731688,37.52962338501723],[126.74898802122448,37.52912320764342],[126.7470428185311,37.529237837347324],[126.74577152055589,37.53042894162427]]]}},{"type":"Feature","properties":{"layer":"zone_industrial","id":"zone_industrial_0024","name":"강화하점지방산업단지","category":"일반산업단지","color":"#9333ea","sido":"인천광역시","sgg_code":"28710","type_code":"UHA210","mgmt_no":"62800002871020080365UHA2100001001"},"geometry":{"type":"Polygon","coordinates":[[[126.43668523353965,37.77216210335668],[126.43674718516951,37.77218408604257],[126.43674255526484,37.77230035793233],[126.4367914139021,37.77237990233497],[126.43681980546314,37.7723747678559],[126.43678033658013,37.77230822406326],[126.43679350400981,37.772209552518326],[126.43695777029589,37.77213830897523],[126.43715038565126,37.77215556573506],[126.43724796609446,37.77224763217585],[126.43770629698301,37.77215294719954],[126.4377448193416,37.7694067507079],[126.4355055195905,37.769486498769],[126.43553261442318,37.77218426822616],[126.43668523353965,37.77216210335668]]]}},{"type":"Feature","properties":{"layer":"zone_industrial","id":"zone_industrial_0025","name":"국가산업단지 (인천광역시 28177)","category":"국가산업단지","color":"#6d28d9","sido":"인천광역시","sgg_code":"28177","type_code":"UHA100","mgmt_no":"15000002817700000000UHA1000000018"},"geometry":{"type":"Polygon","coordinates":[[[126.67453130954162,37.473522949351185],[126.67464768227525,37.47546976216251],[126.67755968366376,37.4747615053473],[126.67817530592525,37.47459707431329],[126.6781984648783,37.474558863247225],[126.67771122507466,37.472851640615005],[126.67763170348404,37.47281329240034],[126.67459839861608,37.47345144248529],[126.67453130954162,37.473522949351185]]]}},{"type":"Feature","properties":{"layer":"zone_industrial","id":"zone_industrial_0026","name":"국가산업단지 (인천광역시 28177)","category":"국가산업단지","color":"#6d28d9","sido":"인천광역시","sgg_code":"28177","type_code":"UHA100","mgmt_no":"15000002817700000000UHA1000000030"},"geometry":{"type":"Polygon","coordinates":[[[126.6743297045723,37.4705027375219],[126.67437305846298,37.47124166803379],[126.67715544369257,37.47073408345132],[126.67695246483646,37.47002738578115],[126.67690447989611,37.47000343155068],[126.6743639323756,37.47046684636691],[126.6743297045723,37.4705027375219]]]}},{"type":"Feature","properties":{"layer":"zone_industrial","id":"zone_industrial_0027","name":"강화일반산업단지","category":"일반산업단지","color":"#9333ea","sido":"인천광역시","sgg_code":"28710","type_code":"UHA210","notice_date":"20151116","mgmt_no":"62800002871020150296UHA2100001001"},"geometry":{"type":"Polygon","coordinates":[[[126.49096951861904,37.763768818296874],[126.49109561208294,37.763936049063666],[126.49106351349043,37.763953163214865],[126.49110880570711,37.76406559961266],[126.49142993429695,37.764597441702634],[126.49176901662767,37.76491338506376],[126.49173936099245,37.765049083850684],[126.49196139240962,37.765154986586445],[126.49224436635318,37.76523309672174],[126.49253914847375,37.765249262881284],[126.49303185336058,37.765208045092336],[126.4932582545726,37.76522135570089],[126.49341021053684,37.765081426866715],[126.49353672265906,37.76503757347773],[126.49382524563325,37.76510433376385],[126.49432535504361,37.7651402546838],[126.49451766794782,37.76518954421921],[126.49451072114792,37.76522463332561],[126.49485069822548,37.76527700806854],[126.4949868064647,37.7652404920648],[126.49518362124202,37.76527211423475],[126.49587250059135,37.765246403698335],[126.49585002761995,37.76526668674271],[126.49645677459428,37.76533766157779],[126.49682390684629,37.76550935157211],[126.49722566512176,37.765911957671236],[126.49751534891467,37.76608794495335],[126.4977413519045,37.76616048264881],[126.49913879277663,37.76645640941629],[126.49975043603952,37.76678056385503],[126.49992618670434,37.76684332432752],[126.500330743841,37.767071877413315],[126.5009481233284,37.767585429479126],[126.50138918000297,37.767857208314794],[126.50352696417535,37.76716567434045],[126.50310762078706,37.766279133581776],[126.50392701464992,37.7660242218758],[126.50406173833528,37.764804535889965],[126.5039086021675,37.76479168153714],[126.50397556779892,37.764148578253845],[126.50376281774197,37.76414584195467],[126.50318288852668,37.76400583421936],[126.50243678563658,37.763880310052535],[126.50228326836331,37.76387889403633],[126.50158996148592,37.763993006455024],[126.50158152363807,37.76388425309314],[126.5014186033641,37.763590473999805],[126.50135594009274,37.763293165026376],[126.50134922507978,37.763081989993076],[126.50140318446894,37.7626560968524],[126.50137980914064,37.76213992467901],[126.50133460061791,37.761979210609574],[126.5012373504814,37.76184341211896],[126.50111324907874,37.761854336331425],[126.50028979368449,37.76219353136397],[126.50009739678417,37.76213876409357],[126.49990863992616,37.762165124499575],[126.49952968910655,37.76214832100812],[126.49899412867,37.76190503461573],[126.4984439520149,37.76173590363413],[126.49735670840322,37.76157231211778],[126.49681344104397,37.76140771684655],[126.49647457956601,37.76112855649919],[126.49620257171769,37.76119835836981],[126.49603879562301,37.76133451030833],[126.49550689998068,37.761631973763784],[126.49537428944502,37.761607529164934],[126.49529796040584,37.76155080189369],[126.49463923649522,37.76179566872678],[126.49453258579291,37.76193996554727],[126.49434326765842,37.761926988176285],[126.49316450715274,37.762403142764974],[126.49274792697311,37.76261798743758],[126.49239874166898,37.76267257261671],[126.49222999075398,37.762749901757005],[126.49128379883884,37.763225573622364],[126.491200098743,37.76331690983039],[126.4911557308396,37.76342510188863],[126.49115435735125,37.763530849350836],[126.49120083213214,37.76366440908925],[126.49096951861904,37.763768818296874]]]}},{"type":"Feature","properties":{"layer":"zone_industrial","id":"zone_industrial_0028","name":"일반산업단지 (인천광역시 28177)","category":"일반산업단지","color":"#9333ea","sido":"인천광역시","sgg_code":"28177","type_code":"UHA210","mgmt_no":"15000002817700000000UHA2100000002"},"geometry":{"type":"Polygon","coordinates":[[[126.66069243371791,37.48163890462042],[126.66087342368029,37.48154615528434],[126.66081908095714,37.48153500643834],[126.65953502406859,37.47994896522685],[126.65954836610172,37.47990404405849],[126.66148186451538,37.47891234554731],[126.66153919250237,37.47892047532624],[126.66282322918688,37.480511522594824],[126.66187974855134,37.4809872261457],[126.66169531091639,37.48111535830433],[126.66295409910073,37.48048048886733],[126.66289962039029,37.480469511777066],[126.66161527130005,37.478879842953475],[126.66162811686357,37.47883688428633],[126.66358269899541,37.477838220003655],[126.66363535870322,37.47784853385027],[126.66428519340842,37.47864454788745],[126.66493488582843,37.47944509889504],[126.66492440434935,37.47948819079489],[126.66506570638325,37.47941690082017],[126.66501112148882,37.47940701460745],[126.66492897226325,37.47930660769025],[126.6637121949951,37.47781242529169],[126.66372216053277,37.477768521114854],[126.66625360419148,37.476467156834694],[126.66599943890584,37.476431783038514],[126.66601664198467,37.476503389170446],[126.66367630430277,37.47770350013574],[126.66361569117504,37.4776944700112],[126.66296564463472,37.476901181612426],[126.66289064139033,37.47694207924567],[126.66354241461721,37.47773343584349],[126.66352984323662,37.477778557909055],[126.66157803674707,37.47877613910706],[126.66152231073339,37.47876629305048],[126.6609127644834,37.47801234851557],[126.6608381578522,37.47805255220846],[126.66144501158156,37.47880679571246],[126.66143159398945,37.47885122133986],[126.65949596787877,37.47984360665013],[126.65944201189099,37.47983226007048],[126.65887441687104,37.47913391907273],[126.65888825842242,37.47908116975122],[126.65869425718513,37.4791842488277],[126.65876213517457,37.47919443780641],[126.65932696883802,37.479890771123664],[126.65931314078607,37.479938114542946],[126.6569430105836,37.48115338474093],[126.65701713983117,37.48120105642248],[126.6593653473146,37.48000090307995],[126.65942077128767,37.480010181650066],[126.6601878042715,37.480954302698734],[126.66070458873962,37.481593871790004],[126.66069243371791,37.48163890462042]]]}},{"type":"Feature","properties":{"layer":"zone_industrial","id":"zone_industrial_0029","name":"일반산업단지 (인천광역시 28177)","category":"일반산업단지","color":"#9333ea","sido":"인천광역시","sgg_code":"28177","type_code":"UHA210","mgmt_no":"15000002817700000000UHA2100000010"},"geometry":{"type":"Polygon","coordinates":[[[126.66506570638325,37.47941690082017],[126.66679722626426,37.478538930508954],[126.66727303007144,37.47826038230912],[126.66748738481836,37.47818380895424],[126.66955178790633,37.47714317127915],[126.6695447787706,37.47708945208855],[126.66625360419148,37.476467156834694],[126.66615786589416,37.476516404031585],[126.666712181881,37.47720675305325],[126.66600418285198,37.47756824361219],[126.66546864297676,37.476906992901554],[126.66548085072253,37.476864518521126],[126.6646200547897,37.47730703443437],[126.66528240721573,37.47811892731669],[126.66434652320537,37.47858735636415],[126.66501112148882,37.47940701460745],[126.66506570638325,37.47941690082017]]]}},{"type":"Feature","properties":{"layer":"zone_industrial","id":"zone_industrial_0030","name":"일반산업단지 (인천광역시 28177)","category":"일반산업단지","color":"#9333ea","sido":"인천광역시","sgg_code":"28177","type_code":"UHA210","mgmt_no":"15000002817700000000UHA2100000012"},"geometry":{"type":"Polygon","coordinates":[[[126.66296564463472,37.476901181612426],[126.66361569117504,37.4776944700112],[126.66367630430277,37.47770350013574],[126.66601664198467,37.476503389170446],[126.66599943890584,37.476431783038514],[126.66433180554077,37.47620383190381],[126.66296564463472,37.476901181612426]]]}},{"type":"Feature","properties":{"layer":"zone_industrial","id":"zone_industrial_0031","name":"일반산업단지 (인천광역시 28177)","category":"일반산업단지","color":"#9333ea","sido":"인천광역시","sgg_code":"28177","type_code":"UHA210","mgmt_no":"62800002817720060001UHA2100001006"},"geometry":{"type":"Polygon","coordinates":[[[126.66615786589416,37.476516404031585],[126.66548085072253,37.476864518521126],[126.66546864297676,37.476906992901554],[126.66600418285198,37.47756824361219],[126.666712181881,37.47720675305325],[126.66615786589416,37.476516404031585]]]}},{"type":"Feature","properties":{"layer":"zone_industrial","id":"zone_industrial_0032","name":"국가산업단지 (인천광역시 28177)","category":"국가산업단지","color":"#6d28d9","sido":"인천광역시","sgg_code":"28177","type_code":"UHA100","mgmt_no":"15000002817700000000UHA1000000022"},"geometry":{"type":"Polygon","coordinates":[[[126.67792805181405,37.47280397704473],[126.67840857166226,37.47448450185334],[126.67845983320805,37.47450703183095],[126.6810265396389,37.473704599536994],[126.68055470248338,37.47224662843605],[126.6804947132141,37.47221650725656],[126.67797375556424,37.472741320565724],[126.67792805181405,37.47280397704473]]]}},{"type":"Feature","properties":{"layer":"zone_industrial","id":"zone_industrial_0033","name":"국가산업단지 (인천광역시 28177)","category":"국가산업단지","color":"#6d28d9","sido":"인천광역시","sgg_code":"28177","type_code":"UHA100","mgmt_no":"15000002817700000000UHA1000000025"},"geometry":{"type":"Polygon","coordinates":[[[126.67443237786158,37.47195405414382],[126.6745190551974,37.473320515026906],[126.67456264695042,37.473346368177964],[126.67576231712638,37.473092716449344],[126.67547295191929,37.47207960081648],[126.67470633785304,37.47219452296013],[126.67463709208393,37.47191527395945],[126.67443237786158,37.47195405414382]]]}},{"type":"Feature","properties":{"layer":"zone_industrial","id":"zone_industrial_0034","name":"일반산업단지 (인천광역시 28177)","category":"일반산업단지","color":"#9333ea","sido":"인천광역시","sgg_code":"28177","type_code":"UHA210","mgmt_no":"15000002817700000000UHA2100000005"},"geometry":{"type":"Polygon","coordinates":[[[126.66087342368029,37.48154615528434],[126.66169531091639,37.48111535830433],[126.66187974855134,37.4809872261457],[126.66282322918688,37.480511522594824],[126.66153919250237,37.47892047532624],[126.66148186451538,37.47891234554731],[126.65954836610172,37.47990404405849],[126.65953502406859,37.47994896522685],[126.66081908095714,37.48153500643834],[126.66087342368029,37.48154615528434]]]}},{"type":"Feature","properties":{"layer":"zone_industrial","id":"zone_industrial_0035","name":"일반산업단지 (인천광역시 28177)","category":"일반산업단지","color":"#9333ea","sido":"인천광역시","sgg_code":"28177","type_code":"UHA210","mgmt_no":"15000002817700000000UHA2100000009"},"geometry":{"type":"Polygon","coordinates":[[[126.6608381578522,37.47805255220846],[126.65888825842242,37.47908116975122],[126.65887441687104,37.47913391907273],[126.65944201189099,37.47983226007048],[126.65949596787877,37.47984360665013],[126.66143159398945,37.47885122133986],[126.66144501158156,37.47880679571246],[126.6608381578522,37.47805255220846]]]}},{"type":"Feature","properties":{"layer":"zone_industrial","id":"zone_industrial_0036","name":"일반산업단지 (인천광역시 28177)","category":"일반산업단지","color":"#9333ea","sido":"인천광역시","sgg_code":"28177","type_code":"UHA210","mgmt_no":"15000002817700000000UHA2100000013"},"geometry":{"type":"Polygon","coordinates":[[[126.6706683419875,37.47661970527697],[126.67150651641519,37.476362660646586],[126.67152442192106,37.47631940866454],[126.67100839081861,37.47544716939107],[126.67092479108221,37.47542369878151],[126.67011077244881,37.475729515073816],[126.67008129813726,37.47579647570794],[126.67031437293447,37.47619191071576],[126.67051905614971,37.47611455687891],[126.67066284769238,37.47636066185366],[126.67045918339912,37.476437568290756],[126.67054003059401,37.476580404799414],[126.6706683419875,37.47661970527697]]]}},{"type":"Feature","properties":{"layer":"zone_industrial","id":"zone_industrial_0037","name":"일반산업단지 (인천광역시 28177)","category":"일반산업단지","color":"#9333ea","sido":"인천광역시","sgg_code":"28177","type_code":"UHA210","mgmt_no":"15000002817700000000UHA2100000001"},"geometry":{"type":"Polygon","coordinates":[[[126.65616505048249,37.48349610285494],[126.65853114910685,37.482632730699365],[126.65570331692415,37.4808207458802],[126.6556100211783,37.480818130206806],[126.65446112617084,37.48142645740304],[126.65616505048249,37.48349610285494]]]}},{"type":"Feature","properties":{"layer":"zone_industrial","id":"zone_industrial_0038","name":"국가산업단지 (인천광역시 28177)","category":"국가산업단지","color":"#6d28d9","sido":"인천광역시","sgg_code":"28177","type_code":"UHA100","mgmt_no":"14110002817720100122UHA1000001001"},"geometry":{"type":"Polygon","coordinates":[[[126.67432036790763,37.47034694688575],[126.6743297045723,37.4705027375219],[126.6743639323756,37.47046684636691],[126.67690447989611,37.47000343155068],[126.67695246483646,37.47002738578115],[126.67715544369257,37.47073408345132],[126.67437305846298,37.47124166803379],[126.67440202958944,37.47146270029446],[126.67443573438429,37.47142499666897],[126.6769100253557,37.47096926419056],[126.67693149313911,37.47104232213202],[126.6771704473088,37.47099510813367],[126.67764865925494,37.47264852810305],[126.67760114101782,37.47270722409678],[126.67456264695042,37.473346368177964],[126.6745190551974,37.473320515026906],[126.67453130954162,37.473522949351185],[126.67459839861608,37.47345144248529],[126.67763170348404,37.47281329240034],[126.67771122507466,37.472851640615005],[126.6781984648783,37.474558863247225],[126.67817530592525,37.47459707431329],[126.67755968366376,37.4747615053473],[126.67464768227525,37.47546976216251],[126.67465315095781,37.47556130974551],[126.67796094779263,37.4747632534551],[126.68110672091099,37.47377706809103],[126.68344101302506,37.473399602802154],[126.68503651155339,37.47257266972769],[126.68528410118738,37.47224933317269],[126.68527249089482,37.472139416210815],[126.68474598098356,37.47154396804012],[126.6834564807197,37.470218638835306],[126.68338663640537,37.470292107553846],[126.68449948957274,37.47143861989984],[126.68453128665374,37.47147670034777],[126.68450200376442,37.471525870428884],[126.68068474211415,37.47207151194464],[126.68062948444341,37.47203994406007],[126.68010286776504,37.470422101820574],[126.68013802488743,37.47037444446003],[126.68107545777733,37.47020317832555],[126.68102156793664,37.47002890498978],[126.67726559025706,37.470713987105235],[126.67706262210913,37.47000719954936],[126.67709278861913,37.469969043948204],[126.6797376889018,37.46948645602665],[126.67972343467578,37.46939669565932],[126.67436540991343,37.47037422771366],[126.67432036790763,37.47034694688575]],[[126.68115911187166,37.473675433276796],[126.6806875914661,37.472222139739785],[126.68072679487182,37.4721774214529],[126.68460348988562,37.471621008878934],[126.68466893712018,37.471643880556236],[126.68517486868913,37.47221881227675],[126.68495084234223,37.47251155072118],[126.68339100248096,37.47331645011035],[126.68115911187166,37.473675433276796]],[[126.67845983320805,37.47450703183095],[126.67840857166226,37.47448450185334],[126.67792805181405,37.47280397704473],[126.67797375556424,37.472741320565724],[126.6804947132141,37.47221650725656],[126.68055470248338,37.47224662843605],[126.6810265396389,37.473704599536994],[126.67845983320805,37.47450703183095]],[[126.6779446789808,37.472636616925854],[126.67786705262273,37.472599211097105],[126.67738821627336,37.470942744898075],[126.677448843045,37.4708691823884],[126.67991182450882,37.47041669863416],[126.67997312343931,37.47044681466909],[126.68049747755336,37.47206442607863],[126.68046012493829,37.472112510046095],[126.6779446789808,37.472636616925854]]]}},{"type":"Feature","properties":{"layer":"zone_industrial","id":"zone_industrial_0039","name":"일반산업단지 (인천광역시 28177)","category":"일반산업단지","color":"#9333ea","sido":"인천광역시","sgg_code":"28177","type_code":"UHA210","mgmt_no":"15000002817700000000UHA2100000028"},"geometry":{"type":"Polygon","coordinates":[[[126.66899451863625,37.47162199616645],[126.66988328801864,37.47252388004707],[126.67088991427961,37.47188969441054],[126.67383170025923,37.47135246865823],[126.67378650263076,37.470607234872936],[126.67268952663864,37.470557686921914],[126.67018803375623,37.470594037819055],[126.66899451863625,37.47162199616645]]]}},{"type":"Feature","properties":{"layer":"zone_industrial","id":"zone_industrial_0040","name":"일반산업단지 (인천광역시 28177)","category":"일반산업단지","color":"#9333ea","sido":"인천광역시","sgg_code":"28177","type_code":"UHA210","mgmt_no":"15000002817700000000UHA2100000008"},"geometry":{"type":"Polygon","coordinates":[[[126.65452357867166,37.47960039112985],[126.65573147771195,37.480377132105396],[126.65582463529546,37.48038017074658],[126.65711457840447,37.479697539608864],[126.65712369046706,37.47965081340098],[126.65611504070931,37.478569113789035],[126.65476408288576,37.47936365725496],[126.65452357867166,37.47960039112985]]]}},{"type":"Feature","properties":{"layer":"zone_industrial","id":"zone_industrial_0041","name":"일반산업단지 (인천광역시 28177)","category":"일반산업단지","color":"#9333ea","sido":"인천광역시","sgg_code":"28177","type_code":"UHA210","mgmt_no":"15000002817700000000UHA2100000023"},"geometry":{"type":"Polygon","coordinates":[[[126.67027379449205,37.47381556619708],[126.6715839390097,37.47332690763817],[126.67237939826269,37.47329925780285],[126.6724211148836,37.473262721351276],[126.67233283175852,37.47187159417128],[126.67226224459374,37.471822932771666],[126.67099181302744,37.47205675440678],[126.66972552847643,37.47285186935617],[126.66970478987562,37.47292221518432],[126.67022377154132,37.47380250564165],[126.67027379449205,37.47381556619708]]]}},{"type":"Feature","properties":{"layer":"zone_industrial","id":"zone_industrial_0042","name":"일반산업단지 (인천광역시 28177)","category":"일반산업단지","color":"#9333ea","sido":"인천광역시","sgg_code":"28177","type_code":"UHA210","mgmt_no":"62800002817720060001UHA2100001005"},"geometry":{"type":"Polygon","coordinates":[[[126.6646200547897,37.47730703443437],[126.66372216053277,37.477768521114854],[126.6637121949951,37.47781242529169],[126.66434652320537,37.47858735636415],[126.66528240721573,37.47811892731669],[126.6646200547897,37.47730703443437]]]}},{"type":"Feature","properties":{"layer":"zone_industrial","id":"zone_industrial_0043","name":"인천기계산업단지","category":"일반산업단지","color":"#9333ea","sido":"인천광역시","sgg_code":"28177","type_code":"UHA210","mgmt_no":"15000002817700000000UHA2100000020"},"geometry":{"type":"Polygon","coordinates":[[[126.67384282375642,37.471536375436536],[126.67255959784454,37.47177186334865],[126.67250328482555,37.471829739932275],[126.67267279636584,37.47462711082857],[126.67273919519725,37.47467510258332],[126.67403104637833,37.47462717073211],[126.67384282375642,37.471536375436536]]]}},{"type":"Feature","properties":{"layer":"zone_industrial","id":"zone_industrial_0044","name":"국가산업단지 (인천광역시 28177)","category":"국가산업단지","color":"#6d28d9","sido":"인천광역시","sgg_code":"28177","type_code":"UHA100","mgmt_no":"15000002817700000000UHA1000000024"},"geometry":{"type":"Polygon","coordinates":[[[126.68337264277449,37.47331928387982],[126.68495084234223,37.47251155072118],[126.68517486868913,37.47221881227675],[126.68466893712018,37.471643880556236],[126.68460348988562,37.471621008878934],[126.68072679487182,37.4721774214529],[126.6806875914661,37.472222139739785],[126.68115911187166,37.473675433276796],[126.68337264277449,37.47331928387982]]]}},{"type":"Feature","properties":{"layer":"zone_industrial","id":"zone_industrial_0045","name":"공장시설구역,산업시설구역(공장시설용도)","category":"일반산업단지","color":"#9333ea","sido":"인천광역시","sgg_code":"28177","type_code":"UHA210","mgmt_no":"15000002817700000000UHA2100000007"},"geometry":{"type":"Polygon","coordinates":[[[126.66428519340842,37.47864454788745],[126.66363535870322,37.47784853385027],[126.66358269899541,37.477838220003655],[126.66162811686357,37.47883688428633],[126.66161527130005,37.478879842953475],[126.66225857501158,37.479674740956916],[126.66428519340842,37.47864454788745]]]}},{"type":"Feature","properties":{"layer":"zone_industrial","id":"zone_industrial_0046","name":"일반산업단지 (인천광역시 28177)","category":"일반산업단지","color":"#9333ea","sido":"인천광역시","sgg_code":"28177","type_code":"UHA210","mgmt_no":"15000002817700000000UHA2100000014"},"geometry":{"type":"Polygon","coordinates":[[[126.67031437293447,37.47619191071576],[126.67045918339912,37.476437568290756],[126.67066284769238,37.47636066185366],[126.67051905614971,37.47611455687891],[126.67031437293447,37.47619191071576]]]}},{"type":"Feature","properties":{"layer":"zone_industrial","id":"zone_industrial_0047","name":"일반산업단지 (인천광역시 28177)","category":"일반산업단지","color":"#9333ea","sido":"인천광역시","sgg_code":"28177","type_code":"UHA210","mgmt_no":"62800002817720060001UHA2100001001"},"geometry":{"type":"Polygon","coordinates":[[[126.65304600166317,37.48097024410972],[126.65357466253717,37.480898217568146],[126.65415317832102,37.47982546222476],[126.65347680785693,37.479389632617405],[126.65304600166317,37.48097024410972]]]}},{"type":"Feature","properties":{"layer":"zone_industrial","id":"zone_industrial_0048","name":"일반산업단지 (인천광역시 28177)","category":"일반산업단지","color":"#9333ea","sido":"인천광역시","sgg_code":"28177","type_code":"UHA210","mgmt_no":"15000002817700000000UHA2100000003"},"geometry":{"type":"Polygon","coordinates":[[[126.6591045008676,37.4824264074108],[126.66006714161072,37.481902217823],[126.66033975850583,37.48181171624793],[126.66069243371791,37.48163890462042],[126.66070458873962,37.481593871790004],[126.65942077128767,37.480010181650066],[126.6593653473146,37.48000090307995],[126.65701713983117,37.48120105642248],[126.65891267257132,37.48241821990904],[126.6591045008676,37.4824264074108]]]}},{"type":"Feature","properties":{"layer":"zone_industrial","id":"zone_industrial_0049","name":"일반산업단지 (인천광역시 28177)","category":"일반산업단지","color":"#9333ea","sido":"인천광역시","sgg_code":"28177","type_code":"UHA210","mgmt_no":"15000002817700000000UHA2100000017"},"geometry":{"type":"Polygon","coordinates":[[[126.66995436522137,37.47558115037344],[126.67003859647627,37.475607506635576],[126.67085174450408,37.4753014811662],[126.67088425301004,37.47523588032019],[126.66957366486575,37.47301965936651],[126.66948681996706,37.47300217026338],[126.66877275323233,37.47345148108638],[126.66874753987406,37.473536446358096],[126.66995436522137,37.47558115037344]]]}},{"type":"Feature","properties":{"layer":"zone_industrial","id":"zone_industrial_0050","name":"일반산업단지 (인천광역시 28155)","category":"일반산업단지","color":"#9333ea","sido":"인천광역시","sgg_code":"28155","type_code":"UHA210","mgmt_no":"14500002815520200091UHA2100001002"},"geometry":{"type":"Polygon","coordinates":[[[126.49618156852439,37.50627942114463],[126.49635511234885,37.50647297495359],[126.49638118615923,37.5067257146301],[126.49666548098521,37.50673730033672],[126.49671158216076,37.50689480994699],[126.4970871623887,37.506897495503516],[126.49752107520202,37.50685357734859],[126.49775155097245,37.506889879187774],[126.49803273241406,37.50683638794417],[126.49795802750613,37.506727500395684],[126.4980369874109,37.506724863692675],[126.49809706030838,37.50682323736966],[126.49911786691327,37.506774785263616],[126.49932611792738,37.506802880612646],[126.49954649205614,37.506692635254886],[126.49979030054372,37.50675458686012],[126.50068325074747,37.5067125337473],[126.50090708389901,37.50667165861858],[126.50117370985737,37.50672783862847],[126.50166683125418,37.50670687893283],[126.50385012881866,37.50646958649719],[126.50402800753213,37.5064901574945],[126.50430776127726,37.506410597691364],[126.50450213168797,37.50629948578278],[126.50472009650508,37.506297159070535],[126.50487677739193,37.50626017456844],[126.50498676770044,37.50631429983273],[126.50609245509479,37.50594732019687],[126.50608738095383,37.50590565520477],[126.50580529432946,37.50576730526108],[126.50515079469642,37.50550595512184],[126.50446530111356,37.50518475339769],[126.50408218096412,37.50499014890573],[126.5039198812024,37.50484655048967],[126.50375552506826,37.504973609315954],[126.50318705448474,37.504927388536615],[126.50332506563936,37.504641248887964],[126.50373154272047,37.50470710380871],[126.50335593422736,37.50442090702612],[126.50337033399563,37.50438132422628],[126.50294570195794,37.50413770737446],[126.50268781852807,37.50394835703038],[126.50266847082057,37.50398706291556],[126.5019544971531,37.503466337430496],[126.50077770058084,37.502302655912466],[126.50004228145518,37.50143846082894],[126.49999036991815,37.50148968695732],[126.49991565041235,37.50148477467848],[126.49957128299789,37.501317169548905],[126.49946132298696,37.501305800319244],[126.49937931187975,37.50130896561877],[126.4992698994705,37.50140157272198],[126.49906978036769,37.501748593774394],[126.4990878585659,37.50185228444089],[126.49905481173283,37.50190656364646],[126.49897268522702,37.50192684696836],[126.49871807913605,37.501814671621425],[126.49849637402504,37.5018049882145],[126.49834219514543,37.501743064345426],[126.49814121720748,37.50179608731391],[126.49793442591827,37.50192323658005],[126.49777562982524,37.50221195732606],[126.49791898476846,37.50228590904658],[126.49795530567535,37.50235048460547],[126.49795303563916,37.502469585707736],[126.49789404061849,37.50259853607499],[126.49792626607076,37.502717243631466],[126.4981926086159,37.50281658653306],[126.49823370393044,37.502911275382566],[126.49823660011099,37.503018955927196],[126.49817415139731,37.503123294705254],[126.49818341681737,37.50315820246262],[126.49803696183758,37.5033098455343],[126.49802791463917,37.50378138465831],[126.49822052630316,37.503796170748934],[126.49819375072296,37.50408184137934],[126.49798380317156,37.504236826785274],[126.49794012205543,37.504308179113345],[126.49795241420675,37.504380761122356],[126.49767375266413,37.5045486885651],[126.49755791444784,37.50456990828372],[126.49758024156311,37.50459649260379],[126.4974960208928,37.50469226881513],[126.49723253803774,37.50463771571207],[126.4971150055513,37.504944361031136],[126.49738461777474,37.505029393976336],[126.49766463442768,37.50519871313835],[126.49744375868303,37.50560249501712],[126.49759481610977,37.50567557898516],[126.49757300885763,37.50577351353193],[126.49745565000256,37.505919693786225],[126.49731029180367,37.50602493962874],[126.49722040712196,37.50617222799005],[126.49711386792211,37.50622294928461],[126.49666526161636,37.506047682729935],[126.49658403384426,37.506051299912194],[126.49639661592468,37.50613771437357],[126.496291110131,37.506152489897936],[126.49619438155337,37.506207396867126],[126.49618156852439,37.50627942114463]],[[126.49779087995687,37.50595157714261],[126.49775811847753,37.50569366456617],[126.49786607283463,37.505533118186065],[126.49791015250513,37.505368875657595],[126.49805518918926,37.50529435140713],[126.4983755748372,37.50527958871239],[126.49841195912984,37.505857457680314],[126.49835132009709,37.50591089833973],[126.49779087995687,37.50595157714261]],[[126.49806145969067,37.50520265746924],[126.497878729024,37.505147458840305],[126.49760088699247,37.50490189877349],[126.4983500875104,37.50487617051411],[126.49836984508507,37.50518964562298],[126.49806145969067,37.50520265746924]]]}},{"type":"Feature","properties":{"layer":"zone_industrial","id":"zone_industrial_0051","name":"인천청라1지구(입주업종제한)","category":"일반산업단지","color":"#9333ea","sido":"인천광역시","sgg_code":"28275","type_code":"UHA210","mgmt_no":"62800002827520080365UHA2100001051"},"geometry":{"type":"Polygon","coordinates":[[[126.60279357186673,37.533176568366905],[126.60656180327375,37.53318760833377],[126.60658173933338,37.52792590232805],[126.6029881173531,37.52791274995978],[126.602832707985,37.528013136205495],[126.60279357186673,37.533176568366905]]]}},{"type":"Feature","properties":{"layer":"zone_industrial","id":"zone_industrial_0052","name":"운북4지구 지적재조사사업 완료에 따른 지형도면 변경 고시","category":"일반산업단지","color":"#9333ea","sido":"인천광역시","sgg_code":"28155","type_code":"UHA210","notice_date":"20250214","mgmt_no":"34900002815520250026UHA2100001001"},"geometry":{"type":"Polygon","coordinates":[[[126.50036826143824,37.51374586569521],[126.50166878915819,37.51180759123152],[126.50236754089393,37.51186055078467],[126.50247000890877,37.51172547513836],[126.50215810545154,37.511078903622206],[126.50220439436642,37.510662267959695],[126.50269851576874,37.51068354659977],[126.50262585722658,37.51007536845748],[126.5026478626187,37.51000285062255],[126.50267996643946,37.50999694938836],[126.502660168927,37.50987829582578],[126.50288822951302,37.509845877102855],[126.50289739646365,37.50993344680932],[126.50333735009524,37.50990852568546],[126.50324062589092,37.50966674295898],[126.50300903572929,37.5096432591646],[126.50301220703626,37.50921739336986],[126.50273545064681,37.50905923692729],[126.50282568921375,37.50890714270947],[126.5027474073447,37.508506107073124],[126.50276110479614,37.50828496365304],[126.50292113537506,37.50770598821651],[126.50335513371752,37.507106454329055],[126.50241240301354,37.50715569641058],[126.5015442603516,37.50714376320849],[126.5000232177417,37.50720706785049],[126.49946542214494,37.507263697711],[126.49936788019247,37.507235857025414],[126.49902711921415,37.5072503374955],[126.49903671254786,37.507459191404756],[126.49947279320064,37.50744653961426],[126.49951565252228,37.50808912654765],[126.4995832208273,37.50826780937577],[126.49957644929292,37.508569701812526],[126.49968641509119,37.5093589842846],[126.49960966252283,37.509436954076534],[126.49555866195868,37.509827369546926],[126.49546296196277,37.509779387440105],[126.49524677553256,37.50926733057391],[126.4950361990527,37.50856149477045],[126.49488150822413,37.508172055004465],[126.49485846555405,37.50793337448083],[126.49497859900832,37.50766233179692],[126.49523068853028,37.50745758169696],[126.49555570580738,37.5073495491874],[126.49597862679353,37.507297561826114],[126.49530684804135,37.50724336472421],[126.4944083418443,37.507098893763775],[126.4942100555439,37.50724299340377],[126.49419890027046,37.507327115830265],[126.49661853288792,37.51320083297757],[126.50024284610598,37.51318206346156],[126.50031944217304,37.51373768472079],[126.50036826143824,37.51374586569521]],[[126.50164358841796,37.51178985635471],[126.50154059314907,37.51178329434618],[126.50154653315228,37.51162168221882],[126.50132906722288,37.51019062454188],[126.50253653714998,37.51007409072832],[126.50257098030342,37.51047346387522],[126.50217822431107,37.51061866765048],[126.50208442194067,37.51074359908866],[126.50205073108745,37.511047450211144],[126.50222549987487,37.511469129628956],[126.5022167778877,37.51159009549834],[126.50209521137919,37.51168887117337],[126.50164358841796,37.51178985635471]],[[126.49612610130654,37.511549523276926],[126.49555668627256,37.5101251105911],[126.4956171129719,37.51004863224843],[126.49962930635887,37.50966192419852],[126.49971839790578,37.50971753326579],[126.49984752306443,37.510568164020505],[126.49984109098592,37.51075184816891],[126.49988105790557,37.51101609749018],[126.49995263864805,37.511265011061205],[126.49612610130654,37.511549523276926]]]}},{"type":"Feature","properties":{"layer":"zone_industrial","id":"zone_industrial_0053","name":"인천서부일반산업단지","category":"일반산업단지","color":"#9333ea","sido":"인천광역시","sgg_code":"28275","type_code":"UHA210","mgmt_no":"62800002827520080365UHA2100001027"},"geometry":{"type":"Polygon","coordinates":[[[126.63920445540126,37.553150022752384],[126.63924089028141,37.55310436445744],[126.64269575892804,37.5530196793497],[126.64308732409216,37.55316079170586],[126.64621022085534,37.5531100439694],[126.64652328417485,37.55305395314528],[126.64720624785791,37.55276849972482],[126.64726119631857,37.552779296225346],[126.64715168874727,37.55265156819563],[126.6471382410002,37.55269531576623],[126.64655742920672,37.55294134242942],[126.6462323859571,37.553018029883184],[126.64306806586357,37.553070364350035],[126.64285233162414,37.55295969887264],[126.64271079149161,37.552929175934196],[126.63912044974002,37.55301695964093],[126.63920445540126,37.553150022752384]]]}},{"type":"Feature","properties":{"layer":"zone_industrial","id":"zone_industrial_0054","name":"인천서부일반산업단지","category":"일반산업단지","color":"#9333ea","sido":"인천광역시","sgg_code":"28275","type_code":"UHA210","mgmt_no":"62800002827520080365UHA2100001019"},"geometry":{"type":"Polygon","coordinates":[[[126.63499879890792,37.552452744702634],[126.63741143526443,37.55142452528363],[126.63742782764919,37.55138141859272],[126.63692291953416,37.550630330313595],[126.63686877729224,37.55061727902884],[126.63442474290164,37.5516597156138],[126.63440925271841,37.55170309498251],[126.63494442627332,37.55244032251242],[126.63499879890792,37.552452744702634]]]}},{"type":"Feature","properties":{"layer":"zone_industrial","id":"zone_industrial_0055","name":"인천서부일반산업단지","category":"일반산업단지","color":"#9333ea","sido":"인천광역시","sgg_code":"28275","type_code":"UHA210","mgmt_no":"62800002827520080365UHA2100001012"},"geometry":{"type":"Polygon","coordinates":[[[126.63681351296015,37.55501500069044],[126.63686788821808,37.555027331928855],[126.6393571295791,37.55396651398988],[126.63937589488782,37.55392404501389],[126.63898007143763,37.55319077940305],[126.63889463174202,37.55316691122094],[126.63631706169839,37.55426654922266],[126.63630157205776,37.55430992882328],[126.63681351296015,37.55501500069044]]]}},{"type":"Feature","properties":{"layer":"zone_industrial","id":"zone_industrial_0056","name":"인천서부일반산업단지","category":"일반산업단지","color":"#9333ea","sido":"인천광역시","sgg_code":"28275","type_code":"UHA210","mgmt_no":"62800002827520080365UHA2100001009"},"geometry":{"type":"Polygon","coordinates":[[[126.6368083684609,37.55588488628942],[126.6371183154729,37.55540345560194],[126.63686233278405,37.55526166111049],[126.63620121307999,37.55435160430511],[126.63614683842451,37.554339272761446],[126.63564036444232,37.55455529253138],[126.63561558081297,37.554624591625306],[126.63633201413701,37.55560888374528],[126.63653315212353,37.5557649256309],[126.6368083684609,37.55588488628942]]]}},{"type":"Feature","properties":{"layer":"zone_industrial","id":"zone_industrial_0057","name":"인천일반산업단지","category":"일반산업단지","color":"#9333ea","sido":"인천광역시","sgg_code":"28275","type_code":"UHA210","mgmt_no":"62800002827520080365UHA2100001001"},"geometry":{"type":"Polygon","coordinates":[[[126.66934947474432,37.489909113142446],[126.67127397727921,37.48982688609746],[126.67123054403781,37.488951554736346],[126.6731380784202,37.48886754694211],[126.67308492650244,37.48796805136395],[126.67511590510101,37.487886913476295],[126.67501852975737,37.48654353737174],[126.67259877253562,37.48477719675726],[126.67240880197576,37.48447005841559],[126.67393085123496,37.48308604028221],[126.6733362583936,37.48168655561588],[126.67104170341881,37.47805146329626],[126.66655784798039,37.48140993940302],[126.66416867804719,37.483146329125816],[126.66421585248487,37.485099564243974],[126.66804259373785,37.48495765346114],[126.66823848846762,37.48501423918467],[126.66842280283585,37.48799768017752],[126.66850654980351,37.48805718380325],[126.66925090964014,37.48802742918829],[126.66934947474432,37.489909113142446]]]}},{"type":"Feature","properties":{"layer":"zone_industrial","id":"zone_industrial_0058","name":"도시첨단산업단지 (인천광역시 28275)","category":"도시첨단산업단지","color":"#c026d3","sido":"인천광역시","sgg_code":"28275","type_code":"UHA220","mgmt_no":"62805482827520220441UHA2200001001"},"geometry":{"type":"MultiPolygon","coordinates":[[[[126.64928507304961,37.51611942208417],[126.64931628747635,37.5173238708228],[126.64935413605886,37.51742966999022],[126.64951626918793,37.52168594969337],[126.64951812793167,37.52234980535518],[126.64961217442689,37.52417134829031],[126.6496707143211,37.52466562591992],[126.6496977696534,37.52531216718663],[126.6497715589274,37.52549835138381],[126.64985506085526,37.52554346935268],[126.65002882002757,37.52556831331319],[126.6500643545602,37.52561382897179],[126.6583225997417,37.52564117695636],[126.65954531749813,37.525582284816004],[126.65946782745979,37.52543321677508],[126.65943305378906,37.524228761723506],[126.65921796134752,37.52391612542911],[126.65917583170058,37.52375319427132],[126.65913947837241,37.52287083853057],[126.65920270379796,37.522823539556654],[126.65912640858733,37.52276033914097],[126.65847544182607,37.52257572933223],[126.65800447831717,37.52248480205481],[126.65737686088096,37.52221736291664],[126.65715927563949,37.52208103949759],[126.65634905022056,37.522042634907756],[126.65578603511204,37.52173829129038],[126.65558233588389,37.52171918851675],[126.65534209456429,37.52146836951418],[126.65517029429898,37.521388488552795],[126.65471424298484,37.52135318304216],[126.6544126718473,37.52125381887169],[126.6531818664028,37.52121748954243],[126.6524610233471,37.521129226755036],[126.65185863663413,37.52098860231318],[126.65162225591408,37.52085897048604],[126.65120315074968,37.52083412226324],[126.65105149796554,37.517944769671466],[126.65116978510041,37.5171772053818],[126.65125352296235,37.51690382252767],[126.65134953009104,37.51678841983479],[126.65161830978816,37.516711010234665],[126.65157625766189,37.51660853299037],[126.65140254480605,37.516578105299324],[126.65127292014166,37.51665007065891],[126.6511134157912,37.516653201567145],[126.65099158145044,37.51661935021984],[126.65095496347868,37.51571078946715],[126.65097410295934,37.515628360454976],[126.65105028763178,37.5155670487677],[126.65102973576492,37.51551130648522],[126.6507783953811,37.51553686941647],[126.65075561513456,37.51573979525853],[126.65072604114262,37.515775026318835],[126.65050485519333,37.51590690515745],[126.65046040487148,37.51597876231209],[126.65033331983953,37.51606397877638],[126.64932024170483,37.51614547551474],[126.64928507304961,37.51611942208417]]],[[[126.62475711454451,37.51719583172483],[126.62599867683373,37.517710467036636],[126.63562096590557,37.52198298136461],[126.63854667391166,37.523443323947795],[126.64082253103427,37.524445710096344],[126.64184093069443,37.52483624156705],[126.6425618254341,37.52506016836183],[126.64340292661865,37.52527112062852],[126.64426191980704,37.52543184577052],[126.64496503181056,37.52552046547247],[126.6462849769592,37.52559553086106],[126.6486469871528,37.52561180134958],[126.64870783397659,37.52556702370113],[126.64889454525019,37.525531902058844],[126.64898630139979,37.525452753659394],[126.6490189432031,37.52527621191176],[126.64891950605761,37.52342510028661],[126.6362446333671,37.52090939913753],[126.63566879585254,37.52173229373868],[126.6342321046703,37.52109750197057],[126.6342516187708,37.519592493563074],[126.63398187777297,37.51953035112241],[126.63365573020519,37.51937508618555],[126.63301815234423,37.518740873461226],[126.63296557933074,37.51861826475622],[126.63305344642616,37.51841842877384],[126.63417620994848,37.51710810046818],[126.6342275237295,37.51702392725164],[126.63419809105123,37.51682093248355],[126.63030331812494,37.51427327674919],[126.62960049995561,37.513967882305316],[126.62814419843315,37.51342719808155],[126.62790665191028,37.51338563207107],[126.62714870260729,37.513410442302884],[126.62685501158849,37.51339113993051],[126.62675643469112,37.5136157057312],[126.62678276069478,37.513643990288],[126.62620908186639,37.514545890509936],[126.62663519080175,37.51481255855619],[126.62682490517066,37.515055797484116],[126.62687608997327,37.51522507591937],[126.62688098671438,37.51542213826197],[126.62685484898286,37.515604956602154],[126.6267750726436,37.515815085008285],[126.62664118670547,37.515988281196364],[126.626351473712,37.516175578463766],[126.62538840955305,37.516428397239125],[126.6249908282515,37.516651477356724],[126.62487704245243,37.51673579874771],[126.62484946687087,37.5169155576468],[126.62490281842089,37.516945640667906],[126.62475711454451,37.51719583172483]]]]}},{"type":"Feature","properties":{"layer":"zone_industrial","id":"zone_industrial_0059","name":"인천서부일반산업단지","category":"일반산업단지","color":"#9333ea","sido":"인천광역시","sgg_code":"28275","type_code":"UHA210","mgmt_no":"62800002827520080365UHA2100001047"},"geometry":{"type":"Polygon","coordinates":[[[126.64604779232263,37.55104368374887],[126.64605830071696,37.55099938685097],[126.64717279278074,37.55039294882676],[126.64487270753247,37.54764242981734],[126.64371921142394,37.54826963118204],[126.64366357620773,37.548261263616226],[126.64377250908555,37.54838827241936],[126.64378290484906,37.54834406546347],[126.6448089909545,37.54778648536385],[126.64486451150434,37.54779512233993],[126.64557271381008,37.54864238481088],[126.64556186599089,37.54868668066028],[126.64454847971525,37.549237458095845],[126.64449284368472,37.54922909091792],[126.64460166620984,37.54935609860762],[126.64461251426715,37.549311892952296],[126.64562420025939,37.54876183064026],[126.64567972162885,37.54877046723583],[126.64638782960527,37.549617634333984],[126.64637698254924,37.54966184015529],[126.64537675607922,37.550204194896914],[126.64532123239754,37.55019582844781],[126.64543005772651,37.55032283536767],[126.64544056595273,37.550278628617995],[126.64643931844367,37.54973698970086],[126.64649484063268,37.54974562591593],[126.64699400463911,37.55034276782901],[126.64698315783207,37.550386973701805],[126.64599448961782,37.550924953466556],[126.64593896533077,37.55091658730583],[126.64604779232263,37.55104368374887]]]}},{"type":"Feature","properties":{"layer":"zone_industrial","id":"zone_industrial_0060","name":"인천서부일반산업단지","category":"일반산업단지","color":"#9333ea","sido":"인천광역시","sgg_code":"28275","type_code":"UHA210","mgmt_no":"62800002827520080365UHA2100001041"},"geometry":{"type":"Polygon","coordinates":[[[126.64711627971485,37.55229043675211],[126.64873305827368,37.55141050955311],[126.64765929272494,37.55012816617631],[126.64605830071696,37.55099938685097],[126.64604779232263,37.55104368374887],[126.64711627971485,37.55229043675211]]]}},{"type":"Feature","properties":{"layer":"zone_industrial","id":"zone_industrial_0061","name":"인천서부일반산업단지","category":"일반산업단지","color":"#9333ea","sido":"인천광역시","sgg_code":"28275","type_code":"UHA210","mgmt_no":"62800002827520080365UHA2100001030"},"geometry":{"type":"Polygon","coordinates":[[[126.63708071731324,37.55048134380572],[126.63717059046992,37.55061658888286],[126.63719816750893,37.55057730086975],[126.63733750639547,37.55057043269587],[126.64201017993122,37.55045749583449],[126.64205563097072,37.550489601198784],[126.6421177958842,37.55203491880029],[126.64207214918686,37.55207399077641],[126.63834941767303,37.55216923169356],[126.63841958470273,37.55224081457869],[126.64207874931343,37.552146522231496],[126.64212172087674,37.552179079518794],[126.64215362767936,37.55292520210314],[126.64213156467592,37.55294306457703],[126.6422552380101,37.55294002618111],[126.64220636634492,37.55217742702571],[126.64224873084213,37.55214078668466],[126.64662147847478,37.55203282730063],[126.64656037834749,37.551961537812105],[126.64400700742108,37.55202167899735],[126.64396664381607,37.55198552634577],[126.6439077130046,37.55044220158731],[126.64394612269786,37.5504039358799],[126.64518025587498,37.550373465075104],[126.64512320568598,37.55030540357158],[126.6421720962328,37.55037246704978],[126.64212911796093,37.55034387409277],[126.64208452239504,37.549346481468056],[126.64198364027116,37.549353057892645],[126.64204253957641,37.55035021479041],[126.64198909150083,37.55038333450778],[126.63864727330392,37.550474446371915],[126.63712983516243,37.55050365964753],[126.63708071731324,37.55048134380572]],[[126.64223998041443,37.55206824869614],[126.64220097141245,37.55203533410485],[126.64214345639841,37.55048047122946],[126.64218569994704,37.55044761467323],[126.64375429800394,37.5504086706778],[126.64381096862122,37.550439881344],[126.64387282072298,37.551994297125326],[126.64383532273045,37.552028682307856],[126.64223998041443,37.55206824869614]]]}},{"type":"Feature","properties":{"layer":"zone_industrial","id":"zone_industrial_0062","name":"인천서부일반산업단지","category":"일반산업단지","color":"#9333ea","sido":"인천광역시","sgg_code":"28275","type_code":"UHA210","mgmt_no":"62800002827520080365UHA2100001018"},"geometry":{"type":"Polygon","coordinates":[[[126.63562267618471,37.55331214776662],[126.6380812605346,37.55226414543049],[126.63809335725398,37.55222003434688],[126.63776030017063,37.551872129194955],[126.63751826438019,37.55151747601346],[126.63746412095358,37.551504515096966],[126.6350565875326,37.55253022865084],[126.63504109753056,37.552573608096964],[126.63556830282104,37.55329972586162],[126.63562267618471,37.55331214776662]]]}},{"type":"Feature","properties":{"layer":"zone_industrial","id":"zone_industrial_0063","name":"인천서부일반산업단지","category":"일반산업단지","color":"#9333ea","sido":"인천광역시","sgg_code":"28275","type_code":"UHA210","mgmt_no":"62800002827520080365UHA2100001015"},"geometry":{"type":"Polygon","coordinates":[[[126.63617656793797,37.55413763406036],[126.6362309424522,37.55414996559001],[126.63775465190722,37.55350001318452],[126.63723307998153,37.55272788215618],[126.63568046611398,37.55338963140506],[126.63566497629081,37.55343301092766],[126.63617656793797,37.55413763406036]]]}},{"type":"Feature","properties":{"layer":"zone_industrial","id":"zone_industrial_0064","name":"인천서부일반산업단지","category":"일반산업단지","color":"#9333ea","sido":"인천광역시","sgg_code":"28275","type_code":"UHA210","mgmt_no":"62800002827520080365UHA2100001038"},"geometry":{"type":"Polygon","coordinates":[[[126.64801682340352,37.55323340532094],[126.64911401350598,37.5527722265219],[126.64917933201764,37.552647634848626],[126.64788587365464,37.5531884144093],[126.64801682340352,37.55323340532094]]]}},{"type":"Feature","properties":{"layer":"zone_industrial","id":"zone_industrial_0065","name":"인천서부일반산업단지","category":"일반산업단지","color":"#9333ea","sido":"인천광역시","sgg_code":"28275","type_code":"UHA210","mgmt_no":"62800002827520080365UHA2100001042"},"geometry":{"type":"Polygon","coordinates":[[[126.64543005772651,37.55032283536767],[126.64593896533077,37.55091658730583],[126.64599448961782,37.550924953466556],[126.64698315783207,37.550386973701805],[126.64699400463911,37.55034276782901],[126.64649484063268,37.54974562591593],[126.64643931844367,37.54973698970086],[126.64544056595273,37.550278628617995],[126.64543005772651,37.55032283536767]]]}},{"type":"Feature","properties":{"layer":"zone_industrial","id":"zone_industrial_0066","name":"인천서부일반산업단지","category":"일반산업단지","color":"#9333ea","sido":"인천광역시","sgg_code":"28275","type_code":"UHA210","mgmt_no":"62800002827520080365UHA2100001021"},"geometry":{"type":"Polygon","coordinates":[[[126.63669102257894,37.550590889694156],[126.63681541124805,37.55053782743099],[126.6368318037769,37.55049472081711],[126.63666159333691,37.55024164857358],[126.6365018470492,37.55030977399652],[126.63669102257894,37.550590889694156]]]}},{"type":"Feature","properties":{"layer":"zone_industrial","id":"zone_industrial_0067","name":"인천서부일반산업단지","category":"일반산업단지","color":"#9333ea","sido":"인천광역시","sgg_code":"28275","type_code":"UHA210","mgmt_no":"62800002827520080365UHA2100001005"},"geometry":{"type":"Polygon","coordinates":[[[126.64091785388774,37.556420547900615],[126.64103679670657,37.556366996113745],[126.64093010741074,37.55633194637241],[126.64090053623677,37.55629181626971],[126.63912044974002,37.55301695964093],[126.63879586071553,37.55262466481928],[126.63795748244966,37.55176939335522],[126.63668613660616,37.54989610605662],[126.63672131446411,37.54982972194417],[126.63637407805562,37.54990982759196],[126.63645745609841,37.54993783576475],[126.63776030017063,37.551872129194955],[126.63882446156993,37.55298127281051],[126.63898007143763,37.55319077940305],[126.6406744479012,37.556332210500685],[126.64091785388774,37.556420547900615]]]}},{"type":"Feature","properties":{"layer":"zone_industrial","id":"zone_industrial_0068","name":"인천서부일반산업단지","category":"일반산업단지","color":"#9333ea","sido":"인천광역시","sgg_code":"28275","type_code":"UHA210","mgmt_no":"62800002827520080365UHA2100001017"},"geometry":{"type":"Polygon","coordinates":[[[126.63839787739472,37.553225570515444],[126.63880533406731,37.55305176125472],[126.63882446156993,37.55298127281051],[126.63821248872868,37.55234347562999],[126.6381571963076,37.55233393524323],[126.63787561907864,37.55245398075988],[126.63839787739472,37.553225570515444]]]}},{"type":"Feature","properties":{"layer":"zone_industrial","id":"zone_industrial_0069","name":"인천서부일반산업단지","category":"일반산업단지","color":"#9333ea","sido":"인천광역시","sgg_code":"28275","type_code":"UHA210","mgmt_no":"62800002827520080365UHA2100001039"},"geometry":{"type":"Polygon","coordinates":[[[126.64788587365464,37.5531884144093],[126.64819774133827,37.55304978523288],[126.64798457359963,37.55280146610831],[126.64769026597949,37.552960149241045],[126.64788587365464,37.5531884144093]]]}},{"type":"Feature","properties":{"layer":"zone_industrial","id":"zone_industrial_0070","name":"인천서부일반산업단지","category":"일반산업단지","color":"#9333ea","sido":"인천광역시","sgg_code":"28275","type_code":"UHA210","mgmt_no":"62800002827520080365UHA2100001033"},"geometry":{"type":"Polygon","coordinates":[[[126.643313541169,37.54817253632399],[126.64290453223012,37.54839464954006],[126.64240195339565,37.54781117485388],[126.64216091082804,37.54793135399686],[126.64196953845199,37.54812358263178],[126.64242483728545,37.54865510862464],[126.64190361282694,37.54893823423804],[126.64207770938364,37.54918635541616],[126.64212911796093,37.55034387409277],[126.6421720962328,37.55037246704978],[126.64513013208679,37.550305244278945],[126.643313541169,37.54817253632399]]]}},{"type":"Feature","properties":{"layer":"zone_industrial","id":"zone_industrial_0071","name":"인천서부일반산업단지","category":"일반산업단지","color":"#9333ea","sido":"인천광역시","sgg_code":"28275","type_code":"UHA210","mgmt_no":"62800002827520080365UHA2100001048"},"geometry":{"type":"Polygon","coordinates":[[[126.64717279278074,37.55039294882676],[126.64765929272494,37.55012816617631],[126.6472205474456,37.54960409815942],[126.64673472707497,37.54986915136749],[126.64717279278074,37.55039294882676]]]}},{"type":"Feature","properties":{"layer":"zone_industrial","id":"zone_industrial_0072","name":"인천서부일반산업단지","category":"일반산업단지","color":"#9333ea","sido":"인천광역시","sgg_code":"28275","type_code":"UHA210","mgmt_no":"62800002827520080365UHA2100001023"},"geometry":{"type":"Polygon","coordinates":[[[126.63912044974002,37.55301695964093],[126.64213156467592,37.55294306457703],[126.64215362767936,37.55292520210314],[126.64212172087674,37.552179079518794],[126.64207874931343,37.552146522231496],[126.63841958470273,37.55224081457869],[126.63879586071553,37.55262466481928],[126.63912044974002,37.55301695964093]]]}},{"type":"Feature","properties":{"layer":"zone_industrial","id":"zone_industrial_0073","name":"인천서부일반산업단지","category":"일반산업단지","color":"#9333ea","sido":"인천광역시","sgg_code":"28275","type_code":"UHA210","mgmt_no":"62800002827520080365UHA2100001036"},"geometry":{"type":"Polygon","coordinates":[[[126.64288547087526,37.54767290123901],[126.64279785898573,37.547654705489784],[126.64240195339565,37.54781117485388],[126.64290453223012,37.54839464954006],[126.643313541169,37.54817253632399],[126.64288547087526,37.54767290123901]]]}},{"type":"Feature","properties":{"layer":"zone_industrial","id":"zone_industrial_0074","name":"인천서부일반산업단지","category":"일반산업단지","color":"#9333ea","sido":"인천광역시","sgg_code":"28275","type_code":"UHA210","mgmt_no":"62800002827520080365UHA2100001045"},"geometry":{"type":"Polygon","coordinates":[[[126.64449284368472,37.54922909091792],[126.64454847971525,37.549237458095845],[126.64556186599089,37.54868668066028],[126.64557271381008,37.54864238481088],[126.64486451150434,37.54779512233993],[126.6448089909545,37.54778648536385],[126.64378290484906,37.54834406546347],[126.64377250908555,37.54838827241936],[126.64449284368472,37.54922909091792]]]}},{"type":"Feature","properties":{"layer":"zone_industrial","id":"zone_industrial_0075","name":"인천서부일반산업단지","category":"일반산업단지","color":"#9333ea","sido":"인천광역시","sgg_code":"28275","type_code":"UHA210","mgmt_no":"62800002827520080365UHA2100001040"},"geometry":{"type":"Polygon","coordinates":[[[126.64769026597949,37.552960149241045],[126.64798457359963,37.55280146610831],[126.64819774133827,37.55304978523288],[126.64917933201764,37.552647634848626],[126.64924510763846,37.552522053414926],[126.64968836023026,37.55255130550961],[126.64873305827368,37.55141050955311],[126.64711627971485,37.55229043675211],[126.64769026597949,37.552960149241045]]]}},{"type":"Feature","properties":{"layer":"zone_industrial","id":"zone_industrial_0076","name":"인천서부일반산업단지","category":"일반산업단지","color":"#9333ea","sido":"인천광역시","sgg_code":"28275","type_code":"UHA210","mgmt_no":"62800002827520080365UHA2100001031"},"geometry":{"type":"Polygon","coordinates":[[[126.64220097141245,37.55203533410485],[126.64223998041443,37.55206824869614],[126.64383532273045,37.552028682307856],[126.64387282072298,37.551994297125326],[126.64381096862122,37.550439881344],[126.64375429800394,37.5504086706778],[126.64218569994704,37.55044761467323],[126.64214345639841,37.55048047122946],[126.64220097141245,37.55203533410485]]]}},{"type":"Feature","properties":{"layer":"zone_industrial","id":"zone_industrial_0077","name":"인천서부일반산업단지","category":"일반산업단지","color":"#9333ea","sido":"인천광역시","sgg_code":"28275","type_code":"UHA210","mgmt_no":"62800002827520080365UHA2100001028"},"geometry":{"type":"Polygon","coordinates":[[[126.64306806586357,37.553070364350035],[126.64306222107514,37.55292024233526],[126.64269223133782,37.55292929973224],[126.64285233162414,37.55295969887264],[126.64306806586357,37.553070364350035]]]}},{"type":"Feature","properties":{"layer":"zone_industrial","id":"zone_industrial_0078","name":"인천기계일반산업단지","category":"일반산업단지","color":"#9333ea","sido":"인천광역시","sgg_code":"28275","type_code":"UHA210","mgmt_no":"62800002827520080365UHA2100001052"},"geometry":{"type":"Polygon","coordinates":[[[126.67411381258177,37.481981410774225],[126.67429497544303,37.48191282410974],[126.67439308518661,37.48177122466835],[126.67443457282579,37.48161429561533],[126.67422735874018,37.47818908251049],[126.67421927935061,37.477099338676595],[126.67132421552276,37.47787703595161],[126.67386589586681,37.48193139394903],[126.67411381258177,37.481981410774225]]]}},{"type":"Feature","properties":{"layer":"zone_industrial","id":"zone_industrial_0079","name":"인천서부일반산업단지","category":"일반산업단지","color":"#9333ea","sido":"인천광역시","sgg_code":"28275","type_code":"UHA210","mgmt_no":"62800002827520080365UHA2100001020"},"geometry":{"type":"Polygon","coordinates":[[[126.63575658779892,37.55098955052528],[126.63669102257894,37.550590889694156],[126.6365018470492,37.55030977399652],[126.63666159333691,37.55024164857358],[126.63645745609841,37.54993783576475],[126.63637407805562,37.54990982759196],[126.63521102759424,37.55017841340769],[126.63575658779892,37.55098955052528]]]}},{"type":"Feature","properties":{"layer":"zone_industrial","id":"zone_industrial_0080","name":"인천서부일반산업단지","category":"일반산업단지","color":"#9333ea","sido":"인천광역시","sgg_code":"28275","type_code":"UHA210","mgmt_no":"62800002827520080365UHA2100001046"},"geometry":{"type":"Polygon","coordinates":[[[126.64371921142394,37.54826963118204],[126.64487270753247,37.54764242981734],[126.64673472707497,37.54986915136749],[126.6472205474456,37.54960409815942],[126.6450254479087,37.546982467590134],[126.64490315302703,37.54704741989077],[126.6445913641549,37.546675091060614],[126.64388572029478,37.547193456290984],[126.6431181419111,37.54752818835703],[126.64309517594877,37.54759794513379],[126.64366357620773,37.548261263616226],[126.64371921142394,37.54826963118204]]]}},{"type":"Feature","properties":{"layer":"zone_industrial","id":"zone_industrial_0081","name":"인천서부일반산업단지","category":"일반산업단지","color":"#9333ea","sido":"인천광역시","sgg_code":"28275","type_code":"UHA210","mgmt_no":"62800002827520080365UHA2100001049"},"geometry":{"type":"Polygon","coordinates":[[[126.64968836023026,37.55255130550961],[126.64971250640022,37.55251840135423],[126.6447303792636,37.54656829369923],[126.644698919311,37.54659243519484],[126.64968836023026,37.55255130550961]]]}},{"type":"Feature","properties":{"layer":"zone_industrial","id":"zone_industrial_0082","name":"인천서부일반산업단지","category":"일반산업단지","color":"#9333ea","sido":"인천광역시","sgg_code":"28275","type_code":"UHA210","mgmt_no":"62800002827520080365UHA2100001032"},"geometry":{"type":"Polygon","coordinates":[[[126.64396664381607,37.55198552634577],[126.64400700742108,37.55202167899735],[126.64656037834749,37.551961537812105],[126.64518025587498,37.550373465075104],[126.64394612269786,37.5504039358799],[126.6439077130046,37.55044220158731],[126.64396664381607,37.55198552634577]]]}},{"type":"Feature","properties":{"layer":"zone_industrial","id":"zone_industrial_0083","name":"인천서부일반산업단지","category":"일반산업단지","color":"#9333ea","sido":"인천광역시","sgg_code":"28275","type_code":"UHA210","mgmt_no":"62800002827520080365UHA2100001011"},"geometry":{"type":"Polygon","coordinates":[[[126.63799253127607,37.555737082236526],[126.63814363295648,37.55571033757233],[126.63989268819358,37.55496536636749],[126.63994603322156,37.55498021579417],[126.6398695356125,37.554838436679105],[126.63985076991433,37.5548809958244],[126.63810738657754,37.55562355121808],[126.63799251842501,37.555646533156036],[126.63787753308392,37.555623744558424],[126.63700441317448,37.55525137807562],[126.63691041806344,37.55514810522592],[126.63692590709041,37.555104815647866],[126.63939904679675,37.55405088471574],[126.6394523910746,37.55406573436381],[126.63937589488782,37.55392404501389],[126.6393571295791,37.55396651398988],[126.63686788821808,37.555027331928855],[126.63681351296015,37.55501500069044],[126.63630157205776,37.55430992882328],[126.63631706169839,37.55426654922266],[126.63614683842451,37.554339272761446],[126.63620121307999,37.55435160430511],[126.63690524990123,37.55530296867911],[126.63784146234069,37.55571048846797],[126.63799253127607,37.555737082236526]]]}},{"type":"Feature","properties":{"layer":"zone_industrial","id":"zone_industrial_0084","name":"인천서부일반산업단지","category":"일반산업단지","color":"#9333ea","sido":"인천광역시","sgg_code":"28275","type_code":"UHA210","mgmt_no":"62800002827520080365UHA2100001016"},"geometry":{"type":"Polygon","coordinates":[[[126.63775465190722,37.55350001318452],[126.63839787739472,37.553225570515444],[126.63787561907864,37.55245398075988],[126.63723307998153,37.55272788215618],[126.63775465190722,37.55350001318452]]]}},{"type":"Feature","properties":{"layer":"zone_industrial","id":"zone_industrial_0085","name":"인천서부일반산업단지","category":"일반산업단지","color":"#9333ea","sido":"인천광역시","sgg_code":"28275","type_code":"UHA210","mgmt_no":"62800002827520080365UHA2100001014"},"geometry":{"type":"Polygon","coordinates":[[[126.63606060619352,37.55422268865681],[126.6362309424522,37.55414996559001],[126.63617656793797,37.55413763406036],[126.63566497629081,37.55343301092766],[126.63568046611398,37.55338963140506],[126.6381571963076,37.55233393524323],[126.63821248872868,37.55234347562999],[126.63809335725398,37.55222003434688],[126.6380812605346,37.55226414543049],[126.63562267618471,37.55331214776662],[126.63556830282104,37.55329972586162],[126.63504109753056,37.552573608096964],[126.6350565875326,37.55253022865084],[126.63746412095358,37.551504515096966],[126.63751826438019,37.55151747601346],[126.63742782764919,37.55138141859272],[126.63741143526443,37.55142452528363],[126.63499879890792,37.552452744702634],[126.63494442627332,37.55244032251242],[126.63440925271841,37.55170309498251],[126.63442474290164,37.5516597156138],[126.63686877729224,37.55061727902884],[126.63692291953416,37.550630330313595],[126.6368318037769,37.55049472081711],[126.63681541124805,37.55053782743099],[126.63423200497208,37.551639925274735],[126.63607609595506,37.55417930908778],[126.63606060619352,37.55422268865681]]]}},{"type":"Feature","properties":{"layer":"zone_industrial","id":"zone_industrial_0086","name":"인천서부일반산업단지","category":"일반산업단지","color":"#9333ea","sido":"인천광역시","sgg_code":"28275","type_code":"UHA210","mgmt_no":"62800002827520080365UHA2100001026"},"geometry":{"type":"Polygon","coordinates":[[[126.63697622502094,37.54963012979049],[126.63938184811835,37.549068108258936],[126.64064934120645,37.54870015134307],[126.6401368465509,37.548814360834854],[126.63954020071448,37.54877928699267],[126.6390044727435,37.54861988081934],[126.63837175585036,37.54864956136964],[126.63777266286121,37.548885668022756],[126.63734028933901,37.549114537418276],[126.63697622502094,37.54963012979049]]]}},{"type":"Feature","properties":{"layer":"zone_industrial","id":"zone_industrial_0087","name":"인천서부일반산업단지","category":"일반산업단지","color":"#9333ea","sido":"인천광역시","sgg_code":"28275","type_code":"UHA210","mgmt_no":"62800002827520080365UHA2100001010"},"geometry":{"type":"Polygon","coordinates":[[[126.63702676683096,37.55526252920198],[126.63787753308392,37.555623744558424],[126.63802228969321,37.55564509313315],[126.63985076991433,37.5548809958244],[126.6398695356125,37.554838436679105],[126.6394523910746,37.55406573436381],[126.63939904679675,37.55405088471574],[126.63692590709041,37.555104815647866],[126.63691041806344,37.55514810522592],[126.63702676683096,37.55526252920198]]]}},{"type":"Feature","properties":{"layer":"zone_industrial","id":"zone_industrial_0088","name":"인천서부일반산업단지","category":"일반산업단지","color":"#9333ea","sido":"인천광역시","sgg_code":"28275","type_code":"UHA210","mgmt_no":"62800002827520080365UHA2100001004"},"geometry":{"type":"Polygon","coordinates":[[[126.63886121462252,37.55625646860074],[126.63919807164983,37.55615181713107],[126.63916034752783,37.55580896649704],[126.6406744479012,37.556332210500685],[126.63994603322156,37.55498021579417],[126.63989268819358,37.55496536636749],[126.63841456130976,37.555594943887435],[126.63886121462252,37.55625646860074]]]}},{"type":"Feature","properties":{"layer":"zone_industrial","id":"zone_industrial_0089","name":"인천서부일반산업단지","category":"일반산업단지","color":"#9333ea","sido":"인천광역시","sgg_code":"28275","type_code":"UHA210","mgmt_no":"62800002827520080365UHA2100001034"},"geometry":{"type":"Polygon","coordinates":[[[126.6420564506849,37.5493480177946],[126.64208452239504,37.549346481468056],[126.64207770938364,37.54918635541616],[126.64160869694638,37.54851783636194],[126.64161852863968,37.5484735377825],[126.64146554004707,37.54856650372753],[126.64152059947116,37.548576942842445],[126.6420564506849,37.5493480177946]]]}},{"type":"Feature","properties":{"layer":"zone_industrial","id":"zone_industrial_0090","name":"인천서부일반산업단지","category":"일반산업단지","color":"#9333ea","sido":"인천광역시","sgg_code":"28275","type_code":"UHA210","mgmt_no":"62800002827520080365UHA2100001050"},"geometry":{"type":"Polygon","coordinates":[[[126.64490315302703,37.54704741989077],[126.6450254479087,37.546982467590134],[126.644698919311,37.54659243519484],[126.6445913641549,37.546675091060614],[126.64490315302703,37.54704741989077]]]}},{"type":"Feature","properties":{"layer":"zone_industrial","id":"zone_industrial_0091","name":"인천서부일반산업단지","category":"일반산업단지","color":"#9333ea","sido":"인천광역시","sgg_code":"28275","type_code":"UHA210","mgmt_no":"62800002827520060365UHA2100001024"},"geometry":{"type":"Polygon","coordinates":[[[126.64201017993122,37.55045749583449],[126.63733750639547,37.55057043269587],[126.63719816750893,37.55057730086975],[126.63717059046992,37.55061658888286],[126.63795748244966,37.55176939335522],[126.63834941767303,37.55216923169356],[126.64207214918686,37.55207399077641],[126.6421177958842,37.55203491880029],[126.64205563097072,37.550489601198784],[126.64201017993122,37.55045749583449]]]}},{"type":"Feature","properties":{"layer":"zone_industrial","id":"zone_industrial_0092","name":"인천서부일반산업단지","category":"일반산업단지","color":"#9333ea","sido":"인천광역시","sgg_code":"28275","type_code":"UHA210","mgmt_no":"62800002827520080365UHA2100001007"},"geometry":{"type":"Polygon","coordinates":[[[126.63866329593725,37.55674230256379],[126.63869218004513,37.55638704269343],[126.63886121462252,37.55625646860074],[126.63841456130976,37.555594943887435],[126.63810747511297,37.55572184900729],[126.63791515411094,37.555730356896106],[126.6371183154729,37.55540345560194],[126.63677176267481,37.555941805595744],[126.63866329593725,37.55674230256379]],[[126.63861955902988,37.55668297341393],[126.63683238373481,37.555926676088205],[126.63714176053075,37.55544614456701],[126.6379351514023,37.55576069158468],[126.6381244479352,37.55574577735867],[126.63839183406446,37.555637400512374],[126.63880511392965,37.55624962899104],[126.63864891614975,37.5563702415155],[126.63861955902988,37.55668297341393]]]}},{"type":"Feature","properties":{"layer":"zone_industrial","id":"zone_industrial_0093","name":"인천서부일반산업단지","category":"일반산업단지","color":"#9333ea","sido":"인천광역시","sgg_code":"28275","type_code":"UHA210","mgmt_no":"62800002827520080365UHA2100001037"},"geometry":{"type":"Polygon","coordinates":[[[126.64288547087526,37.54767290123901],[126.64770418157002,37.5532961686641],[126.64767819095242,37.55338384682928],[126.64801682340352,37.55323340532094],[126.64790669501838,37.553212713290364],[126.64309517594877,37.54759794513379],[126.6431181419111,37.54752818835703],[126.64279785898573,37.547654705489784],[126.64288547087526,37.54767290123901]]]}},{"type":"Feature","properties":{"layer":"zone_industrial","id":"zone_industrial_0094","name":"인천서부일반산업단지","category":"일반산업단지","color":"#9333ea","sido":"인천광역시","sgg_code":"28275","type_code":"UHA210","mgmt_no":"62800002827520080365UHA2100001002"},"geometry":{"type":"Polygon","coordinates":[[[126.63920445540126,37.553150022752384],[126.64090053623677,37.55629181626971],[126.64768741211205,37.55327656701713],[126.64726119631857,37.552779296225346],[126.64720624785791,37.55276849972482],[126.64652328417485,37.55305395314528],[126.64621022085534,37.5531100439694],[126.64308732409216,37.55316079170586],[126.64269575892804,37.5530196793497],[126.63924089028141,37.55310436445744],[126.63920445540126,37.553150022752384]]]}},{"type":"Feature","properties":{"layer":"zone_industrial","id":"zone_industrial_0095","name":"인천서부일반산업단지","category":"일반산업단지","color":"#9333ea","sido":"인천광역시","sgg_code":"28275","type_code":"UHA210","mgmt_no":"62800002827520080365UHA2100001013"},"geometry":{"type":"Polygon","coordinates":[[[126.63555367876124,37.55443897695261],[126.63606060619352,37.55422268865681],[126.63607609595506,37.55417930908778],[126.63423200497208,37.551639925274735],[126.63575658779892,37.55098955052528],[126.63521102759424,37.55017841340769],[126.63351991101968,37.55056886845054],[126.63333917866497,37.55063966317794],[126.63319692158971,37.550756527935434],[126.63311256290393,37.55090483738524],[126.63309614770549,37.55106705376265],[126.63314969376711,37.55122417258508],[126.6354666345677,37.55441915575678],[126.63555367876124,37.55443897695261]]]}},{"type":"Feature","properties":{"layer":"zone_industrial","id":"zone_industrial_0096","name":"인천서부일반산업단지","category":"일반산업단지","color":"#9333ea","sido":"인천광역시","sgg_code":"28275","type_code":"UHA210","mgmt_no":"62800002827520080365UHA2100001008"},"geometry":{"type":"Polygon","coordinates":[[[126.63866135418057,37.55681599719693],[126.63866329593725,37.55674230256379],[126.63677176267481,37.555941805595744],[126.6368083684609,37.55588488628942],[126.63653315212353,37.5557649256309],[126.63633201413701,37.55560888374528],[126.63561558081297,37.554624591625306],[126.63564036444232,37.55455529253138],[126.63889463174202,37.55316691122094],[126.63898007143763,37.55319077940305],[126.63882446156993,37.55298127281051],[126.63880533406731,37.55305176125472],[126.63555367876124,37.55443897695261],[126.6354666345677,37.55441915575678],[126.63314969376711,37.55122417258508],[126.63309363267243,37.55102623124697],[126.63314666553703,37.55082772926796],[126.63329899359681,37.550665035783766],[126.63351991101968,37.55056886845054],[126.6395208591772,37.54917521129087],[126.64133897411229,37.548624231391145],[126.64168905976562,37.54841987371996],[126.64206078310387,37.54802159842023],[126.6422400233908,37.54788140975854],[126.64357107113202,37.54734927467039],[126.64395937483559,37.54714862998601],[126.6447303792636,37.54656829369923],[126.64463744002445,37.54645719145121],[126.6439431934493,37.54698270929024],[126.6437093984289,37.547126519425724],[126.64212462850952,37.54778113917927],[126.64196769546831,37.54789472638268],[126.6415893470816,37.54830586531518],[126.64139847556093,37.54844052148509],[126.64117632881752,37.54853688007492],[126.63938184811835,37.549068108258936],[126.63342067084068,37.55045278241464],[126.63317542465153,37.55057166862701],[126.63300262915409,37.550754209874206],[126.63292391330187,37.5510204758754],[126.63299943780501,37.55128749356694],[126.63628302298449,37.55581505788256],[126.63866135418057,37.55681599719693]]]}},{"type":"Feature","properties":{"layer":"zone_industrial","id":"zone_industrial_0097","name":"인천서부일반산업단지","category":"일반산업단지","color":"#9333ea","sido":"인천광역시","sgg_code":"28275","type_code":"UHA210","mgmt_no":"62800002827520080365UHA2100001022"},"geometry":{"type":"Polygon","coordinates":[[[126.63299943780501,37.55128749356694],[126.63292391330187,37.5510204758754],[126.63300262915409,37.550754209874206],[126.63317542465153,37.55057166862701],[126.63347551283321,37.55043844748078],[126.63289771802421,37.55057188322535],[126.63269629007601,37.55086948066002],[126.63299943780501,37.55128749356694]]]}},{"type":"Feature","properties":{"layer":"zone_industrial","id":"zone_industrial_0098","name":"인천로봇랜드 도시첨단산업단지","category":"도시첨단산업단지","color":"#c026d3","subtype":"청라동 100-60번지 일원","sido":"인천광역시","sgg_code":"28275","type_code":"UHA220","notice_date":"20251201","mgmt_no":"35600002827520250052UHA2200001001"},"geometry":{"type":"Polygon","coordinates":[[[126.61173930735195,37.522647699419146],[126.60896272888489,37.52263850436375],[126.60895900483452,37.52328495209741],[126.60364965842913,37.523267186770305],[126.60362014614512,37.5254467859097],[126.60303344302511,37.526535103924296],[126.60295115591649,37.526910177474555],[126.61102983971843,37.5269398716685],[126.611404872099,37.52454790506907],[126.6114027091103,37.52437670991217],[126.61173930735195,37.522647699419146]]]}},{"type":"Feature","properties":{"layer":"zone_industrial","id":"zone_industrial_0099","name":"인천서부일반산업단지","category":"일반산업단지","color":"#9333ea","sido":"인천광역시","sgg_code":"28275","type_code":"UHA210","mgmt_no":"62800002827520080365UHA2100001006"},"geometry":{"type":"Polygon","coordinates":[[[126.63683238373481,37.555926676088205],[126.63861955902988,37.55668297341393],[126.63864891614975,37.5563702415155],[126.63880511392965,37.55624962899104],[126.63839183406446,37.555637400512374],[126.6381244479352,37.55574577735867],[126.6379351514023,37.55576069158468],[126.63714176053075,37.55544614456701],[126.63683238373481,37.555926676088205]]]}},{"type":"Feature","properties":{"layer":"zone_industrial","id":"zone_industrial_0100","name":"인천서부일반산업단지","category":"일반산업단지","color":"#9333ea","sido":"인천광역시","sgg_code":"28275","type_code":"UHA210","mgmt_no":"62800002827520080365UHA2100001029"},"geometry":{"type":"Polygon","coordinates":[[[126.64223499075318,37.552921476344025],[126.64306222107514,37.55292024233526],[126.64306806586357,37.553070364350035],[126.6462323859571,37.553018029883184],[126.64655742920672,37.55294134242942],[126.6471382410002,37.55269531576623],[126.64715168874727,37.55265156819563],[126.64662147847478,37.55203282730063],[126.64224873084213,37.55214078668466],[126.64220636634492,37.55217742702571],[126.64223499075318,37.552921476344025]]]}},{"type":"Feature","properties":{"layer":"zone_industrial","id":"zone_industrial_0101","name":"인천서부일반산업단지","category":"일반산업단지","color":"#9333ea","sido":"인천광역시","sgg_code":"28275","type_code":"UHA210","mgmt_no":"62800002827520080365UHA2100001003"},"geometry":{"type":"Polygon","coordinates":[[[126.64103679670657,37.556366996113745],[126.64767819095242,37.55338384682928],[126.64770418157002,37.5532961686641],[126.64768741211205,37.55327656701713],[126.64090053623677,37.55629181626971],[126.64093010741074,37.55633194637241],[126.64103679670657,37.556366996113745]]]}},{"type":"Feature","properties":{"layer":"zone_industrial","id":"zone_industrial_0102","name":"인천서부일반산업단지","category":"일반산업단지","color":"#9333ea","sido":"인천광역시","sgg_code":"28275","type_code":"UHA210","mgmt_no":"62800002827520080365UHA2100001044"},"geometry":{"type":"Polygon","coordinates":[[[126.64532123239754,37.55019582844781],[126.64537675607922,37.550204194896914],[126.64637698254924,37.54966184015529],[126.64638782960527,37.549617634333984],[126.64567972162885,37.54877046723583],[126.64562420025939,37.54876183064026],[126.64461251426715,37.549311892952296],[126.64460166620984,37.54935609860762],[126.64532123239754,37.55019582844781]]]}},{"type":"Feature","properties":{"layer":"zone_industrial","id":"zone_industrial_0103","name":"인천서부일반산업단지","category":"일반산업단지","color":"#9333ea","sido":"인천광역시","sgg_code":"28275","type_code":"UHA210","mgmt_no":"62800002827520080365UHA2100001025"},"geometry":{"type":"Polygon","coordinates":[[[126.63672131446411,37.54982972194417],[126.63668613660616,37.54989610605662],[126.63708071731324,37.55048134380572],[126.63712983516243,37.55050365964753],[126.64198909150083,37.55038333450778],[126.64204253957641,37.55035021479041],[126.64198364027116,37.549353057892645],[126.6420564506849,37.5493480177946],[126.64152059947116,37.548576942842445],[126.64146554004707,37.54856650372753],[126.63969716366186,37.5491289003303],[126.63672131446411,37.54982972194417]]]}},{"type":"Feature","properties":{"layer":"zone_industrial","id":"zone_industrial_0104","name":"인천서부일반산업단지","category":"일반산업단지","color":"#9333ea","sido":"인천광역시","sgg_code":"28275","type_code":"UHA210","mgmt_no":"62800002827520080365UHA2100001035"},"geometry":{"type":"Polygon","coordinates":[[[126.64190361282694,37.54893823423804],[126.64242483728545,37.54865510862464],[126.64196953845199,37.54812358263178],[126.64161852863968,37.5484735377825],[126.64160869694638,37.54851783636194],[126.64190361282694,37.54893823423804]]]}},{"type":"Feature","properties":{"layer":"zone_industrial","id":"zone_industrial_0105","name":"일반산업단지 (인천광역시 28290)","category":"일반산업단지","color":"#9333ea","sido":"인천광역시","sgg_code":"28290","type_code":"UHA210","mgmt_no":"35600002829020222438UHA2100001002"},"geometry":{"type":"Polygon","coordinates":[[[126.59538770412628,37.58655227481038],[126.59883634722252,37.58966300824206],[126.59865604337683,37.589672664183674],[126.59868513805641,37.58971537979322],[126.59880933426412,37.58980130649162],[126.59894271241784,37.58975914513427],[126.60414882369611,37.59447043562432],[126.60442541201061,37.59469003394761],[126.6057944389685,37.59596122728306],[126.60630815466018,37.59641514952567],[126.60641122989657,37.5964732473197],[126.60640783603282,37.59657973160221],[126.6088731352189,37.5987622891395],[126.60888699138239,37.59881909685266],[126.6091409464547,37.59897698184202],[126.6094068483894,37.59893002355962],[126.60960069662612,37.59901914343219],[126.6099236743606,37.59910103315997],[126.61400178616755,37.60277597688812],[126.61415237816135,37.60267096674783],[126.6141981979824,37.60283230201867],[126.61431754639088,37.60272502678812],[126.61426133009421,37.60269051510271],[126.61423466425728,37.60261348411547],[126.61448813555654,37.60236663679678],[126.61465420708294,37.60207121007081],[126.6148196033506,37.60166532100163],[126.6148195600151,37.60138926125001],[126.61465427720798,37.601117254981304],[126.61467219672258,37.60106821041933],[126.61474669477798,37.60098349235026],[126.61491936083321,37.6008790941083],[126.61553418125285,37.600564953151405],[126.61560667210595,37.600408149722774],[126.61568274404068,37.60010603018879],[126.61584569486058,37.599996463234106],[126.61603969254105,37.599663554873665],[126.61620093209287,37.5994902826704],[126.61603357699279,37.59889545097145],[126.61610244780837,37.598847203249015],[126.61711677431617,37.59896790851701],[126.61712763776025,37.59879324420264],[126.61748969037576,37.598368259972844],[126.61817354256802,37.59823281347305],[126.61826742985448,37.59827420298008],[126.61809048018215,37.59848725027073],[126.61799375596866,37.59873380409479],[126.61820867819328,37.59891082371777],[126.61837611368817,37.598963353800414],[126.6184662669137,37.599092756606915],[126.61841443748347,37.599196651384666],[126.61881176961298,37.59942165328307],[126.61966976565014,37.59829370429342],[126.6201969861799,37.59749669126616],[126.62089049344911,37.596263507685784],[126.6212979396629,37.595391529078505],[126.62113960784299,37.59530015521787],[126.62078581820019,37.59519044660368],[126.6208057315568,37.59495121081409],[126.62065924872576,37.5949191499323],[126.62061154170377,37.59502406816002],[126.62024241383098,37.594973782041826],[126.62023148109623,37.59477075615651],[126.62027859333756,37.5946715213354],[126.6200785476672,37.59451848344969],[126.61977224566098,37.59442558434685],[126.61872656712103,37.594256066309306],[126.61835748089018,37.594125767495356],[126.61836700613226,37.594025879835456],[126.61827139419204,37.594034786452404],[126.61826876297228,37.593920804054385],[126.6182994445743,37.59365654738623],[126.61838336073424,37.59348614731756],[126.61859514556262,37.59328270871207],[126.61898774040178,37.593106560841065],[126.61918339954424,37.59306011859638],[126.61922129060213,37.59309239727265],[126.61916492812793,37.59318259194159],[126.61925255462302,37.5931363672053],[126.61930922469426,37.59317419363123],[126.61946738167866,37.59315447865881],[126.62017936146768,37.59211433885697],[126.6205826581193,37.59165819577232],[126.62094151530326,37.59108956484637],[126.62095952991022,37.59096717979702],[126.62121489293236,37.59095720907173],[126.62136140140971,37.59091151480841],[126.62186368433996,37.59097993902337],[126.62190724036527,37.591011514285576],[126.62226686223794,37.59088760527998],[126.62259664174303,37.59084757969709],[126.62261411764852,37.58612690578018],[126.61518842624986,37.585895341296784],[126.6149901983288,37.586067320195525],[126.61353891191396,37.58586010891879],[126.61348695013253,37.585902734684],[126.61274116980746,37.58769061827402],[126.61304011763383,37.58776899665744],[126.61298002135169,37.58787331253313],[126.61309172798795,37.58792503601505],[126.61313354398138,37.58798319670889],[126.61330232974669,37.587988346924035],[126.6129571650873,37.59102873827833],[126.61281365683736,37.59097330604987],[126.61278342186971,37.59121349768282],[126.61265587042273,37.59135543229043],[126.61208569435965,37.59150167355424],[126.61166477279278,37.59170841031856],[126.6115241282819,37.59162487543312],[126.61118489993501,37.59169024642317],[126.61105262137126,37.59176098628737],[126.609637940781,37.592046683715104],[126.6096303898197,37.59208314830142],[126.60945434715104,37.59184083100152],[126.60934894237218,37.591839039287436],[126.6083390678669,37.590117962799205],[126.60852559227257,37.5901526409639],[126.60856038269444,37.59003914328245],[126.60875869310821,37.58996403092141],[126.60868171156682,37.589746548607614],[126.60871906092629,37.58972775233016],[126.60887649136505,37.5898691892873],[126.60900739192775,37.590146856005546],[126.60922564504492,37.590133526264175],[126.60924985616504,37.589899802558065],[126.60905162081745,37.58959416206989],[126.6086490587691,37.58930261743198],[126.6083367859549,37.58921724601888],[126.60807292800035,37.589097437547075],[126.60732588621461,37.58860337076194],[126.60712063528122,37.58851366837962],[126.60701593620296,37.588400515868884],[126.60677910015337,37.58792436724791],[126.60638701578515,37.58788161038971],[126.60607012255215,37.58792217447329],[126.60595786821945,37.58806045913412],[126.60583828625055,37.58782904716902],[126.60184753631673,37.58510824859062],[126.60153000447934,37.58516411502409],[126.60145832909512,37.58514468126333],[126.6013871410604,37.585076506094325],[126.60128645386563,37.584850919761855],[126.59971991555406,37.584844516898194],[126.59907752691092,37.5847393466202],[126.59887583723399,37.585043280168655],[126.59873519610132,37.58519524617149],[126.59826811250917,37.5855220586706],[126.59810557761257,37.58559763612437],[126.59666455397138,37.58601454143396],[126.59617940340483,37.586037563380685],[126.59614125645791,37.58611969183107],[126.59550298003288,37.58652789442112],[126.59538770412628,37.58655227481038]]]}},{"type":"Feature","properties":{"layer":"zone_industrial","id":"zone_industrial_0106","name":"I-FOOD Park(지구단위계획구역)","category":"일반산업단지","color":"#9333ea","sido":"인천광역시","sgg_code":"28290","type_code":"UHA210","mgmt_no":"62800002829020210163UHA2100001001"},"geometry":{"type":"Polygon","coordinates":[[[126.62854306729851,37.60821370667786],[126.62880022086817,37.60876211495804],[126.62893055059722,37.60891222382291],[126.62904299262105,37.609113415546666],[126.62918267657126,37.6092593010368],[126.62938605095819,37.60981968345228],[126.62943453162436,37.61009091324188],[126.6294297017129,37.61032840453608],[126.62933255038581,37.61058320979751],[126.62927512233433,37.61122556027786],[126.62938731128376,37.61162162305678],[126.62947616526597,37.611752697981004],[126.62969482931214,37.61195999907052],[126.63030344646384,37.61243961280968],[126.63057753856384,37.61307204117186],[126.63094367489319,37.61327901049196],[126.63129274930063,37.613366311514746],[126.63149002699319,37.61356701908009],[126.63155959778945,37.61400008428207],[126.6318172215754,37.61453286408595],[126.6321922415086,37.61449384575399],[126.63295883810224,37.614583519906546],[126.6336408819051,37.61450865052474],[126.63424167019133,37.61434639092034],[126.63568258224821,37.61378812553192],[126.63542136943035,37.61337010930848],[126.63529900569134,37.61330736406088],[126.63523489466064,37.61301765428533],[126.63517277160615,37.61297157471939],[126.63476837449406,37.612313182350405],[126.63467230452649,37.61230027909906],[126.63458969537118,37.61212944937076],[126.63381688806317,37.61227077690664],[126.63335240439352,37.61265711817991],[126.63305985337078,37.61203128774927],[126.63330388111041,37.61185377310293],[126.63338976777067,37.611912766703306],[126.6334732701249,37.61179831477997],[126.63391736387403,37.611492051342175],[126.6336188398626,37.611191258010415],[126.63424549678552,37.61108325461595],[126.63463919694527,37.61087587596884],[126.63458114553326,37.610739152435706],[126.63467909237534,37.61065544082428],[126.63479468969021,37.610683631259725],[126.63493399911734,37.610587965854094],[126.63518862522773,37.610559141374],[126.63516038890926,37.610492543602454],[126.63521082188434,37.61046474283073],[126.63521178386837,37.61041869688098],[126.6356459274999,37.61028631155362],[126.6359553936987,37.61023365338354],[126.63633536627309,37.610335018384525],[126.63659282846561,37.61049038638729],[126.6359588738858,37.60993679221034],[126.63539660406522,37.609185057857374],[126.63532512020237,37.60901379456134],[126.62854306729851,37.60821370667786]]]}},{"type":"Feature","properties":{"layer":"zone_industrial","id":"zone_industrial_0107","name":"탄현일반산업단지","category":"지방산업단지","color":"#7e22ce","sido":"경기도","sgg_code":"41480","type_code":"UHA200","mgmt_no":"64100004148020060002UHA2000001001"},"geometry":{"type":"Polygon","coordinates":[[[126.69488495494485,37.79338178031942],[126.69481690933897,37.793363692318444],[126.69478650218002,37.793290212735634],[126.69479228096583,37.7931556618292],[126.69364027245626,37.79338412036318],[126.69332145913774,37.793031195454134],[126.69351470467485,37.79253608794624],[126.69342053803356,37.79219221922957],[126.6935172650731,37.7920286793135],[126.69215229405181,37.79134245303521],[126.69127891504303,37.79063318064224],[126.69088983890849,37.790472777368684],[126.69083342361446,37.79057912100094],[126.69052127323776,37.79059280281246],[126.69052477223153,37.79051641142778],[126.69045776069429,37.790523352047195],[126.69062467635572,37.79097751134852],[126.69075425932799,37.790993890115296],[126.69059685386264,37.79116898003704],[126.69064691257054,37.791225151251005],[126.69059044257321,37.79129014097505],[126.69046174333741,37.791252411831955],[126.69027938800336,37.791474915544505],[126.69025967827,37.79157252651895],[126.69030891809808,37.79163446179289],[126.68990395645392,37.79249848411133],[126.68966259693138,37.79244189651035],[126.68980835574217,37.79274319964012],[126.69002112866704,37.79347046886802],[126.6900226333236,37.79362588676195],[126.69039892351292,37.79383355896338],[126.69132213790508,37.79411690943563],[126.69140809110303,37.794196689597605],[126.69167887476394,37.79433209404344],[126.69209407714307,37.79435850187878],[126.69227235802045,37.79448744543683],[126.69233108368125,37.79458976730417],[126.69244567571504,37.794690523898815],[126.6924101077965,37.79475250605332],[126.69346126868307,37.79471453616762],[126.6936162184552,37.79474836644809],[126.69354262974926,37.794982295012375],[126.6938098115861,37.7948270746753],[126.6948440630131,37.794512726873315],[126.69489255627327,37.79426220873527],[126.69486682549494,37.79362030478882],[126.69488495494485,37.79338178031942]]]}},{"type":"Feature","properties":{"layer":"zone_industrial","id":"zone_industrial_0108","name":"유산일반산업단지","category":"일반산업단지","color":"#9333ea","sido":"경기도","sgg_code":"41500","type_code":"UHA210","mgmt_no":"40700004150020210384UHA2100001001"},"geometry":{"type":"Polygon","coordinates":[[[127.42495573160065,37.24358289030761],[127.4264416558273,37.2439652816764],[127.4269238471333,37.24402701012305],[127.42742321767732,37.24404308262397],[127.42750881932315,37.24403955804052],[127.42750059944902,37.24400485284403],[127.42760242262078,37.24395989447213],[127.42760087609892,37.24359508136866],[127.4281303785095,37.24362272885602],[127.428241726335,37.24366409949622],[127.42862641581188,37.242882761688406],[127.42861661778045,37.24133605883905],[127.42780942924486,37.241368935557595],[127.42785236057456,37.24202592157162],[127.4279099690974,37.242287229629916],[127.42691118413703,37.24227724308682],[127.42691305954341,37.24261094248153],[127.42636536040114,37.24261290865201],[127.42565246017244,37.24289406310422],[127.4252654828441,37.243002491023546],[127.42510495999686,37.24348980264555],[127.42495573160065,37.24358289030761]]]}},{"type":"Feature","properties":{"layer":"zone_industrial","id":"zone_industrial_0109","name":"대월2일반산업단지","category":"일반산업단지","color":"#9333ea","sido":"경기도","sgg_code":"41500","type_code":"UHA210","notice_date":"20240807","mgmt_no":"40700004150020240406UHA2100001001"},"geometry":{"type":"Polygon","coordinates":[[[127.49825548032885,37.212370595008956],[127.49829497246574,37.212569107374534],[127.49842780355762,37.21270436307514],[127.4996700281779,37.21320078711108],[127.49969356807983,37.21316394395709],[127.5006111754956,37.21360976019711],[127.50145157828962,37.21226973097225],[127.50105385628781,37.21191619426871],[127.50019831407107,37.21151263980388],[127.49990576737598,37.211428317825586],[127.499240038397,37.211047159243215],[127.4989054058188,37.2113694680844],[127.49886577580784,37.21146591897907],[127.49881531666338,37.211484692124955],[127.49866348684668,37.21171248010937],[127.49867116489209,37.21186967832047],[127.4985517176924,37.21198335845072],[127.49845175450265,37.21195709822925],[127.49825548032885,37.212370595008956]]]}},{"type":"Feature","properties":{"layer":"zone_industrial","id":"zone_industrial_0110","name":"활성화구역","category":"재생사업지구","color":"#be185d","sido":"경기도","sgg_code":"41130","type_code":"UHA700","notice_date":"20191223","mgmt_no":"37800004113020190383UHA7000001001"},"geometry":{"type":"Polygon","coordinates":[[[127.17235864988069,37.43562521754491],[127.17236288929517,37.435745504958035],[127.1729366434159,37.43647067024752],[127.17382391274951,37.43649196850599],[127.17388646513648,37.435392981339234],[127.1730384753833,37.4353726266638],[127.17297577654776,37.435293383889274],[127.17235864988069,37.43562521754491]]]}},{"type":"Feature","properties":{"layer":"zone_industrial","id":"zone_industrial_0111","name":"도시첨단산업단지 (경기도 41130)","category":"도시첨단산업단지","color":"#c026d3","sido":"경기도","sgg_code":"41130","type_code":"UHA220","mgmt_no":"16130004113020220207UHA2200011000"},"geometry":{"type":"MultiPolygon","coordinates":[[[[127.09218300098911,37.411812459614666],[127.09226837157222,37.41225125908565],[127.09227015937552,37.412750066975],[127.09260433211286,37.4130669121432],[127.0928304209942,37.41320955714395],[127.09327742591636,37.41336363549346],[127.09377893333725,37.41332281680382],[127.09438073123735,37.41346131773061],[127.09502362514219,37.413308567054834],[127.09580205520743,37.41306607221057],[127.09625180103708,37.413033456476086],[127.09665546662858,37.41305990140936],[127.09757697427312,37.413376393573834],[127.09862868748293,37.414691525124],[127.09999400565188,37.41400195980714],[127.10022206505774,37.41393762660686],[127.10025771889025,37.413871768917794],[127.10021912430948,37.41379698112732],[127.10024957970744,37.41377243015835],[127.0999336687223,37.41313445281521],[127.09984875314666,37.413018229865635],[127.09947366544431,37.41219407924854],[127.09931839151645,37.412234555109535],[127.09918914696216,37.41221746162947],[127.09904781767514,37.41198375666442],[127.09884930855448,37.41194896098034],[127.09838411788444,37.41165696459947],[127.0979348056198,37.41150073595406],[127.0977844110331,37.411461033766315],[127.09650503693909,37.4114288211771],[127.09625679383677,37.41136522869186],[127.0961566162434,37.41128638025467],[127.09619127867843,37.41096046540129],[127.0968983063547,37.410817158788696],[127.09659261812327,37.410522593781884],[127.09655023142665,37.41041027162474],[127.09607373351756,37.40995034446952],[127.09598098984833,37.40962823458666],[127.09589378804507,37.409446299709785],[127.0958079566653,37.40891549162373],[127.09583239858385,37.40886078066775],[127.09593073631697,37.40882646370746],[127.09584446867291,37.40875814570859],[127.09573792232935,37.408731650790834],[127.0957633363031,37.40855124781661],[127.09446419695506,37.408442677045194],[127.0937746130752,37.40824335449781],[127.0930955824375,37.40849876083577],[127.09378111879644,37.40869448644242],[127.09399275887611,37.408917664099285],[127.09390951203999,37.40890725941354],[127.09394175376514,37.408957573786054],[127.09370901840352,37.40894966439219],[127.0936561646189,37.40906654889833],[127.09330489182564,37.408980099659075],[127.09323613076002,37.409001867421274],[127.09325347970575,37.409149719129005],[127.09311884226372,37.40937345481831],[127.09297320813303,37.4093417077551],[127.09291939328999,37.40949615587831],[127.09319741923747,37.409537053821964],[127.09380231810255,37.409798147145594],[127.09401291196053,37.41019675264795],[127.09372352317267,37.41084041860498],[127.09331847482773,37.41104944426986],[127.09306276080599,37.41131299038875],[127.09264117868109,37.411490734367014],[127.09218300098911,37.411812459614666]]],[[[127.0823348953862,37.40506837633231],[127.0824080095116,37.40520892944622],[127.0823829003767,37.40511320495862],[127.08252969133227,37.40507720810889],[127.08257355196159,37.40515407952666],[127.08276595416218,37.40533069923017],[127.08347208111302,37.405204646706984],[127.08370003140348,37.40521730990679],[127.0841291429027,37.40504854843568],[127.08456776555835,37.404923495885065],[127.0846266264029,37.40489722603214],[127.08458996981523,37.40484087539393],[127.0847948254083,37.40475472056541],[127.08489696497668,37.40473708783522],[127.08491959957348,37.404839300834425],[127.08515034667141,37.40480827814503],[127.08514551513419,37.404719090261096],[127.08541527606899,37.4046097143715],[127.08549684607934,37.404691576590714],[127.08560719516736,37.404905191473986],[127.08578274368197,37.40499341084269],[127.08586721522516,37.40511379805681],[127.08558125220004,37.40515851176289],[127.08512390758548,37.40535850055182],[127.08468917321359,37.40558983593072],[127.08470846673022,37.40566336304826],[127.08455568385692,37.405714720070755],[127.08463007082372,37.40605232245667],[127.08476492609546,37.406365311593284],[127.08478135026185,37.40653002322325],[127.08484021088084,37.40659427804428],[127.08499638941164,37.40654799096672],[127.08509196021922,37.40661389562221],[127.08498158685477,37.40671535556404],[127.08493442140704,37.40682902460065],[127.08554496873352,37.407024932005214],[127.08634217273503,37.40713521438595],[127.08689181318786,37.40712253798534],[127.0878606116784,37.40698606085658],[127.08826360688091,37.40701033650356],[127.08884208594912,37.40739041741872],[127.08904809267743,37.407476437957556],[127.08895665448628,37.40760769307687],[127.08856164533596,37.407879711966736],[127.08837634003649,37.40809547860768],[127.08854451121593,37.408173013231526],[127.08853581408604,37.40826095847181],[127.08881585190836,37.40837714485863],[127.08882371378289,37.408435975180666],[127.08897269589026,37.40843584705731],[127.08905527714138,37.408603320237425],[127.08935050510799,37.408600073889886],[127.0892936275919,37.408729952047274],[127.08983037142141,37.4085847506219],[127.09148929210781,37.40826030666676],[127.09188265386327,37.40794041748232],[127.09186472644637,37.407900939794864],[127.09194702823243,37.40772765717908],[127.09190645886808,37.407635487564754],[127.09200470207874,37.40760694041636],[127.09215145076988,37.40726373135652],[127.09218842117436,37.40692809374675],[127.09211671678665,37.40665225856385],[127.089042983268,37.40519113043271],[127.08831207961379,37.40470507703863],[127.08735700284961,37.404269539671986],[127.08700276028206,37.40423713457968],[127.08605393309549,37.40429560774839],[127.08557934923802,37.40419314949173],[127.08482899016646,37.40380489330406],[127.08461192097184,37.40378245764415],[127.08321365661787,37.40434802501012],[127.08233635352703,37.404985310926705],[127.0823348953862,37.40506837633231]]]]}},{"type":"Feature","properties":{"layer":"zone_industrial","id":"zone_industrial_0112","name":"남여주일반산업단지","category":"일반산업단지","color":"#9333ea","sido":"경기도","sgg_code":"41670","type_code":"UHA210","notice_date":"20171027","mgmt_no":"57000004167020170329UHA2100001001"},"geometry":{"type":"Polygon","coordinates":[[[127.59542862716431,37.254598772282705],[127.59562535946253,37.257279104837906],[127.59632474120562,37.25707571957731],[127.59679548906219,37.25700336235684],[127.59723376829113,37.256984948700115],[127.59793706920189,37.25703222588416],[127.59789277555993,37.25644248604182],[127.59774900656925,37.256125968801115],[127.59752889613601,37.25446916685004],[127.59664433066509,37.254517558970186],[127.59563248062584,37.25452564970634],[127.59542862716431,37.254598772282705]]]}},{"type":"Feature","properties":{"layer":"zone_industrial","id":"zone_industrial_0113","name":"장호원일반산업단지","category":"일반산업단지","color":"#9333ea","sido":"경기도","sgg_code":"41500","type_code":"UHA210","mgmt_no":"64100004150020080031UHA2100326001"},"geometry":{"type":"Polygon","coordinates":[[[127.61125144312572,37.11737440342585],[127.60863521652271,37.11739046001274],[127.6086634607719,37.11767404506346],[127.60876005395355,37.1179640558996],[127.60865285534244,37.11848205626222],[127.60864230650644,37.11866871641855],[127.60873700552413,37.118812975098336],[127.60873293863064,37.118929284613095],[127.60881275133565,37.119090360853015],[127.60881138273187,37.11923033596763],[127.60902062483854,37.11921103589537],[127.60916010484515,37.11927188942828],[127.60927187089744,37.119405824333356],[127.6096853829456,37.11954312237101],[127.6100942815271,37.119827808286175],[127.61142105417316,37.119812917140734],[127.61139887020674,37.11749060063541],[127.6113735960343,37.11742567528702],[127.61125144312572,37.11737440342585]]]}},{"type":"Feature","properties":{"layer":"zone_industrial","id":"zone_industrial_0114","name":"(용인 반도체클러스터 용수공급시설)","category":"산업단지기타","color":"#d35400","sido":"경기도","sgg_code":"41500","type_code":"UHA999","notice_date":"20221129","mgmt_no":"40500004150020220556UHA9990001001"},"geometry":{"type":"Polygon","coordinates":[[[127.44627904493598,37.2488441241573],[127.4462855612442,37.24892302091589],[127.44696145831699,37.24941510079867],[127.44711583333482,37.249482827070814],[127.44711881327696,37.24945293770019],[127.44627904493598,37.2488441241573]]]}},{"type":"Feature","properties":{"layer":"zone_industrial","id":"zone_industrial_0115","name":"산업단지기타 (경기도 41500)","category":"산업단지기타","color":"#d35400","sido":"경기도","sgg_code":"41500","type_code":"UHA999","notice_date":"20260223","mgmt_no":"40500004150020260106UHA9990001001"},"geometry":{"type":"Polygon","coordinates":[[[127.5426587367779,37.294790034943965],[127.54171760653595,37.294120163892124],[127.54084185550629,37.29341822639097],[127.54053829254026,37.293245937568656],[127.54049047668485,37.29318767910729],[127.54008190468043,37.29304960140344],[127.53983217192568,37.29301800337147],[127.53934369254092,37.293011988603496],[127.53896610646443,37.29309472340175],[127.53737791245311,37.293679739302206],[127.53698737844448,37.29379334130081],[127.53564219293018,37.293985939336565],[127.53525726975633,37.2940003800825],[127.5344320186989,37.293676451539675],[127.53433915682217,37.29367157159838],[127.53387227735477,37.293791372622316],[127.53289810860021,37.293750816151366],[127.53039078747857,37.293338989774306],[127.5297253780801,37.29325184099677],[127.52872061919912,37.29315918148639],[127.52868570085748,37.2931200254845],[127.52871146202267,37.29313498482104],[127.52886531432195,37.29307707565615],[127.52831544906095,37.29301421820509],[127.52828632524167,37.29306043502071],[127.52724387669939,37.293281639012505],[127.52710610443353,37.29343514503163],[127.52589146945648,37.29351338880473],[127.52566927313563,37.29350338050959],[127.52513222595827,37.293397607983735],[127.5230836548639,37.29277820865831],[127.52258030707162,37.29284149672995],[127.52181194056212,37.29319247250092],[127.52084305547272,37.29259782789715],[127.51816498221719,37.29243013625066],[127.51800635054678,37.29248610618413],[127.51738885005847,37.292485249009864],[127.51692401092727,37.292411101674354],[127.51637834381145,37.29238625659303],[127.51621307917077,37.29232958029112],[127.51600817122895,37.29232217271795],[127.5157189312301,37.292348162606224],[127.51549160762448,37.29230490077082],[127.5142706025031,37.29223468178461],[127.51370857094736,37.292224401717256],[127.51360801374857,37.29225175931671],[127.51304611502012,37.29216449227437],[127.51248991501194,37.29231435576506],[127.51241939825618,37.29240305034008],[127.51216905027377,37.292381893444905],[127.51172575232968,37.29224192125832],[127.51160309346122,37.29214613072958],[127.51153571280713,37.29203127055529],[127.5115171696681,37.29190888363305],[127.51171143695181,37.291932337980064],[127.51161365242919,37.29185427145],[127.51131346842323,37.29178591574827],[127.51105683166931,37.29177672210935],[127.5105034734125,37.291652175998976],[127.51047450026512,37.29168212439093],[127.50987193784958,37.29153379267825],[127.50988465949881,37.291481929307324],[127.50971707881163,37.29142865070289],[127.50914787775213,37.29130873443035],[127.50873897754381,37.29086148125527],[127.50658899031438,37.290431264433934],[127.50630851277612,37.29032162619711],[127.50623837761597,37.29033657588708],[127.50585902696845,37.290090871347104],[127.50566689348796,37.28991299016388],[127.50530307827586,37.289674461859896],[127.50493336746361,37.28951549971297],[127.50472338577569,37.289449365539085],[127.50416790613448,37.28936458782455],[127.50245216739917,37.289640446851905],[127.50077149539149,37.28955212922946],[127.50071406720541,37.289599206562706],[127.50066766532112,37.28994633178066],[127.5005574558098,37.290020211748015],[127.4991974397262,37.28993609681594],[127.49757257517803,37.289943890480345],[127.49703723203787,37.28987151911455],[127.49666269937778,37.289779641388336],[127.49654030620866,37.28959866940525],[127.49649827975793,37.28958717691513],[127.49302579759961,37.288753703529096],[127.49219654513294,37.288621053480114],[127.49198711835162,37.288686975256574],[127.49183680411561,37.28868488591279],[127.49132170982438,37.288915779056076],[127.49076191497832,37.289351251677935],[127.49027671041577,37.2896259956339],[127.48971800299513,37.289816101389725],[127.48906643078044,37.28996872608367],[127.48901460864393,37.290038156067006],[127.48824814958755,37.29016949867999],[127.48768443956267,37.28994808241019],[127.48730171678996,37.289976864596355],[127.4869770774915,37.289960923863326],[127.4863825924618,37.28984246128837],[127.48506438044369,37.28933774865737],[127.48467795643185,37.288976070263615],[127.48466244057279,37.288990405795445],[127.48469936066316,37.28901315008327],[127.48432091801325,37.288855240263906],[127.48377918284997,37.28881537987466],[127.4828145845219,37.28842737895551],[127.481766217053,37.28811529683357],[127.48030529607307,37.28785376430891],[127.4791048066457,37.28768386051351],[127.47849869652799,37.28762159291547],[127.4776710047709,37.28757677454249],[127.47742705042111,37.28748527457879],[127.4773495096268,37.28746543041315],[127.47720333252528,37.28745550298518],[127.47710609911401,37.28738855120563],[127.47693413319286,37.287375231084425],[127.47686145366397,37.28732143453655],[127.47678942017863,37.28720000453991],[127.4767385094919,37.28551321373668],[127.4767710571441,37.28545995871741],[127.4767686403528,37.28542352201657],[127.47675882732547,37.28540341452636],[127.47673744758575,37.28540351837894],[127.47672184501353,37.285013230553204],[127.4765613278871,37.28435728083292],[127.47638193544395,37.28398464337722],[127.47601123924049,37.283521733134826],[127.47584531516131,37.283190388802495],[127.47485437351006,37.281979216197556],[127.47487372761053,37.28196911040916],[127.47483269821993,37.28190495935943],[127.47480902362963,37.28192378630883],[127.47460087475743,37.281665510800465],[127.47424953935474,37.281471256926444],[127.4734770387909,37.2803743056638],[127.4730767466785,37.27991337796635],[127.47340025142772,37.279733262524076],[127.4730711762877,37.27991154404488],[127.4715326054073,37.27814632921134],[127.47115234857476,37.27776850685035],[127.47119518848716,37.277466160149935],[127.47029792812893,37.27620274010808],[127.46862037864926,37.27424804590207],[127.46626932478506,37.2715596003668],[127.46581796305095,37.27143145242494],[127.46497503461282,37.270496723875006],[127.46498493234901,37.270491017673365],[127.4649858864385,37.27045537834949],[127.46493802037376,37.27041385721609],[127.46490271420531,37.270416527294344],[127.46446652082747,37.26993219312809],[127.46453197629903,37.26963526520965],[127.46317525436936,37.268055774773586],[127.4627732360315,37.26799681072402],[127.4614830769124,37.26643462897723],[127.46031198929433,37.26515361436008],[127.45971656021729,37.26441971779583],[127.46022990066008,37.26414893557184],[127.45971470893151,37.26441745437132],[127.45856207626825,37.26300883698622],[127.45847811234589,37.26270828992129],[127.45833863100658,37.262639557155595],[127.45835196462247,37.26262046699481],[127.45834459458149,37.26260783599215],[127.45827779436533,37.262582477494014],[127.45826147308611,37.262601525110306],[127.45721056668125,37.26208363610914],[127.45511840088265,37.26149326115189],[127.45340791241448,37.26034426925497],[127.45299689987922,37.25978258641354],[127.45197912808425,37.258838193552585],[127.45215954122524,37.25843992821743],[127.45222467667996,37.258457385507704],[127.45074176280504,37.25714824890384],[127.44997705523089,37.25618019896701],[127.44951881043123,37.2554729589716],[127.44935147778678,37.25540856469463],[127.44936639161075,37.25545630788055],[127.4485413121738,37.25513877642956],[127.44872551621647,37.25519908053848],[127.44876827306945,37.255195576227194],[127.44844280304126,37.25510210697883],[127.4484091724195,37.25503238612961],[127.44847212809094,37.25308441144492],[127.44843594637342,37.25289560212838],[127.44858431420772,37.252876165482135],[127.44843212157937,37.252889255296],[127.44839686206838,37.25271723767056],[127.44835873323309,37.25152488687936],[127.44836351272318,37.25137225242892],[127.44838756208848,37.25136011490531],[127.44838871051378,37.25132363688755],[127.44836546613767,37.25130984874798],[127.4484011834933,37.25038576194611],[127.44685092001373,37.24948764401971],[127.44680734612247,37.249414977623],[127.44566603204167,37.24858519832905],[127.44545716113608,37.24847272206498],[127.44532763480042,37.24833259280056],[127.4447286474472,37.247892250117005],[127.442960411126,37.246652315395444],[127.44288062306777,37.24653022581357],[127.44262885771633,37.24634488483474],[127.44247055065875,37.24630850513798],[127.44126469791422,37.24565397530411],[127.4411363228349,37.24550419604843],[127.44096604567011,37.24536827683231],[127.44100627396381,37.245339754077385],[127.44096140179455,37.2453643295295],[127.44062123701086,37.24509714722027],[127.44056279095405,37.244983068149175],[127.44057402584026,37.24480594687725],[127.44067853615539,37.244215212825125],[127.4407188154156,37.24345750349806],[127.44082150139694,37.242704401110494],[127.4408437375911,37.24232382209983],[127.4408135387662,37.24150329272902],[127.44082502188496,37.240780721950095],[127.44067858191532,37.24062560287217],[127.44055586220016,37.24019978882944],[127.4403956129654,37.23988045348078],[127.44016835726894,37.23958872143148],[127.4399806722608,37.23940805678631],[127.43936729710707,37.238952619994336],[127.43864664006712,37.23851819162215],[127.4384467032665,37.238437665367194],[127.43658446152517,37.23732425903432],[127.43636827999194,37.23716532702504],[127.43581398968352,37.23654767599163],[127.43556313701674,37.23619818412298],[127.43554393366956,37.236080147165346],[127.43506145197394,37.235041014538865],[127.43508833249572,37.23501018190952],[127.43520836889645,37.23501575228843],[127.43522111211452,37.23490324773583],[127.4351732396519,37.23490102629175],[127.4348727115981,37.234100873967634],[127.43490284499143,37.23408713107622],[127.4348391919418,37.233952182034756],[127.43471341348767,37.233336614999125],[127.43471659216472,37.23317525540408],[127.43477626048792,37.23307677949309],[127.43451556582305,37.23223888014758],[127.43450421122411,37.232208088306926],[127.43430785174355,37.2320675961093],[127.4342775079842,37.231752597673704],[127.43424077032803,37.231661538338166],[127.43402161835259,37.23146219233857],[127.43399904600331,37.231199533469635],[127.43385235948584,37.23066195390364],[127.43370083823275,37.230341081273856],[127.43343093740705,37.229866869819375],[127.43341940950384,37.22974825475626],[127.43311238750705,37.22926086060404],[127.43292646778227,37.22900874396969],[127.43286734430319,37.22897919817053],[127.43254847482001,37.22848188018974],[127.43220069320137,37.22789296822227],[127.43182407049994,37.227129431443444],[127.43165768721207,37.22686931262204],[127.43128238503998,37.22640015503065],[127.43095119188196,37.2260745061795],[127.43090165740438,37.22585960891045],[127.43046271757271,37.22558605957104],[127.42962557363614,37.22488437142686],[127.42964291850065,37.22487113561027],[127.4296016867031,37.224836585806656],[127.42956109570257,37.22486756590347],[127.42947740201198,37.22479610995886],[127.42962658930972,37.22476305248603],[127.42947280497069,37.22479214399692],[127.42932966224396,37.22466854362224],[127.4282646839069,37.22333404284658],[127.42762814148796,37.22237182191239],[127.42658719941151,37.22113927012739],[127.42592778863835,37.22051239684972],[127.4259185680657,37.22037086825208],[127.42568328469864,37.220154183126404],[127.4257643130232,37.22014357608014],[127.42587459729971,37.2200558076358],[127.42598946563209,37.220066334615055],[127.42617614348312,37.21987689860443],[127.42610518298737,37.219894642084014],[127.42598941036815,37.21983930997334],[127.42485525325172,37.21897970850544],[127.42481976880794,37.21903314958771],[127.42479008603196,37.21901186508061],[127.42481159335205,37.218993569286916],[127.42478214528585,37.218994125037646],[127.42474761596993,37.21902493768584],[127.42479945924028,37.21905005350801],[127.4244048881255,37.219377115080924],[127.42449814269895,37.219433538323365],[127.42435216771298,37.21944920591545],[127.42253670692998,37.2182348056989],[127.42178363326988,37.21778538538641],[127.42126236135985,37.21758954648846],[127.42062345499689,37.21743984011477],[127.42001414289032,37.217403403067344],[127.41870017693793,37.21745412611055],[127.41871300237892,37.21741192147124],[127.41869699992051,37.217362078466394],[127.41869568045918,37.21745391668807],[127.41798267694757,37.21748182590671],[127.41709989379974,37.21758287803431],[127.41517891913018,37.21789810785113],[127.41492967742577,37.217889273853054],[127.41484323910802,37.21783945988897],[127.41502087204607,37.21781554813813],[127.41504526703028,37.21773352276827],[127.41368708926561,37.217928483282],[127.41251739124162,37.21794218876876],[127.4126904270204,37.21798029674622],[127.41250067886001,37.217982973581805],[127.41240351915252,37.21803132686006],[127.40949813014694,37.218052245088955],[127.40949468464328,37.218017062488535],[127.40949139499645,37.21805266474263],[127.40932854322098,37.21804341325273],[127.40841234005373,37.21813257699819],[127.40751606722581,37.21812538964424],[127.40741970945858,37.218094841373066],[127.40691275269643,37.21810850723335],[127.40691176249581,37.21808768767782],[127.40698896699708,37.21809300083476],[127.40697263454541,37.218039030616566],[127.4069743229172,37.21807451664981],[127.40690685423147,37.21808421746644],[127.40690801008266,37.21810862257882],[127.40658842406857,37.2181995762481],[127.40438219448765,37.21824953027261],[127.40402594398395,37.2183999980336],[127.40256557357823,37.218461428513585],[127.40074292830758,37.218594658754384],[127.40004351957137,37.21861017813248],[127.39920776048628,37.21853323639162],[127.39830489380984,37.21828966867109],[127.39831316536929,37.218270665137254],[127.39824922962963,37.218245280855875],[127.39825946592599,37.218205591960775],[127.39823420177184,37.218249926473945],[127.39830471972569,37.21827363981783],[127.39828248728341,37.21828374282507],[127.39782655994921,37.21810687295101],[127.3975380657161,37.217966384136005],[127.39723953418175,37.217748267814564],[127.39693682261976,37.21758807429752],[127.39553604564337,37.216645590523036],[127.3944400968028,37.2158480201236],[127.3937232690213,37.21519701787125],[127.39315452674735,37.214723215182026],[127.39296288249172,37.21447957750311],[127.39236171276275,37.21396808858155],[127.39146278844164,37.21301559127283],[127.39105477531658,37.212654284185206],[127.39083421078,37.21241027851786],[127.39079639989906,37.2122868795548],[127.39028363873221,37.21171121470168],[127.38899428408656,37.2105518481544],[127.3881304305146,37.20986163738495],[127.38786716897062,37.209613899923426],[127.38734508426346,37.20902444849704],[127.3869682749239,37.208643806212244],[127.38651786086886,37.208098638085595],[127.38635173211124,37.208071561066234],[127.38598090253414,37.20756202962984],[127.385664432021,37.20718153863301],[127.38531043139578,37.20683468698425],[127.38472933072053,37.2063289230948],[127.38453752021015,37.206116348681256],[127.38436559911455,37.20582021943088],[127.38426973486698,37.20551216674036],[127.38427188059953,37.20537048048247],[127.38442893579538,37.204789064246526],[127.3848391055744,37.20386301059251],[127.38493941674506,37.20348019493836],[127.38492985004572,37.20310097858196],[127.38475057279354,37.200827371725744],[127.38489408138503,37.2006947159187],[127.38482039432246,37.20015600661574],[127.38486308853616,37.20017683566284],[127.38481384493973,37.199473301133516],[127.38477570747794,37.19949371592718],[127.38471634189779,37.19939463141846],[127.3846766505688,37.19889142102558],[127.38472362029685,37.198820104993004],[127.38470010069166,37.19881545961847],[127.38473464438033,37.19870361896272],[127.38465916919313,37.19826735436829],[127.38469033948931,37.19825696368483],[127.38470982028726,37.198333912546836],[127.38470142746317,37.198231122043325],[127.38479081112519,37.198154469787866],[127.38476207352348,37.19797986014493],[127.38474094252054,37.19802655730986],[127.38470902195337,37.19801105454907],[127.38464877078007,37.19774316302694],[127.38460512577423,37.19769883784525],[127.38455626248017,37.19740193199316],[127.3842510278494,37.1962831509831],[127.38427258285185,37.19627585500603],[127.38424116282096,37.19625893586261],[127.38394901774456,37.195650010223694],[127.38362414134603,37.19491710709742],[127.38270541705216,37.19367125155233],[127.38206191149679,37.19267551681728],[127.38202821729529,37.19269205100756],[127.38161626075387,37.19205459851181],[127.38156703139897,37.19203661848428],[127.38160636410227,37.191954137177916],[127.3815644786822,37.19187784525691],[127.3815971734178,37.19196755612851],[127.38156088193776,37.19203436758699],[127.38149012696711,37.192006878508415],[127.38122660495573,37.19160034475196],[127.38097335360526,37.19134388189427],[127.38058390488486,37.191096279040394],[127.37946584652863,37.19063758076757],[127.37923199306383,37.19047050760835],[127.3788862451862,37.19013762941851],[127.37676953387205,37.187742302008935],[127.37665007804915,37.18756719340946],[127.37666912359755,37.18755609534801],[127.37634746810987,37.187243902254416],[127.37605004749875,37.18668925142393],[127.37599116658737,37.186535701778666],[127.3759741845575,37.18635796187494],[127.37578454213144,37.18585054463108],[127.37556227195022,37.185394616464755],[127.37595748420605,37.18636044746557],[127.3759744663754,37.18653822341294],[127.37603398618839,37.18669344698479],[127.37633299778251,37.18725101219761],[127.37887274821504,37.190145763755915],[127.37921980869169,37.19047988123711],[127.37945619354286,37.19064867634428],[127.38057479440235,37.19110773338783],[127.38096135077184,37.19135350741061],[127.38121224751957,37.191607581070635],[127.38147640460596,37.192014995842015],[127.38160393493538,37.1920649549714],[127.38243497414263,37.19340285439718],[127.38246161566725,37.19340155233458],[127.38253888305223,37.193521097215374],[127.38261921726897,37.19369279341496],[127.3829312861414,37.194101501312915],[127.38306891590828,37.19438489491168],[127.38320117236582,37.194477735603094],[127.3835706643016,37.19506247319419],[127.38397585117926,37.195909891717506],[127.38408274427486,37.196071499556325],[127.38440991378228,37.19710716130607],[127.38457264627579,37.197853570314955],[127.38460764695405,37.19821562108869],[127.38462521001152,37.19829646865834],[127.3846443092243,37.198280089064795],[127.38471746359359,37.19870289964134],[127.3846450710734,37.198856553804625],[127.38466857942453,37.1988611992264],[127.3846633956661,37.19901672642964],[127.38478326695555,37.20013788969356],[127.38487683207067,37.20069167216184],[127.38473329240934,37.20082264310495],[127.3849225484035,37.20347910521266],[127.38482295474715,37.20385903520666],[127.38441252885029,37.204785711350404],[127.38425498968077,37.205369462819064],[127.38425281132525,37.20551361802817],[127.38434968312745,37.205824902205144],[127.38452286556384,37.20612320791384],[127.3847161373914,37.20633739949334],[127.38565059308647,37.20718933243889],[127.38634103510749,37.208083606655755],[127.38650755852619,37.208110754490455],[127.38695471913375,37.20865192362131],[127.38733149423832,37.209032484966826],[127.38772537143142,37.20949656960858],[127.38811797259558,37.20987077852579],[127.38898167920446,37.210560890751594],[127.39011199774185,37.21158643454833],[127.39078079296388,37.21229269748191],[127.39081861531942,37.21241614146402],[127.39104120780384,37.212662366054104],[127.3914494360685,37.21302388872877],[127.39234866607826,37.213976691481726],[127.39295024340747,37.214488575578194],[127.39314123105711,37.21473160274285],[127.3943349014904,37.215778034088075],[127.39521845713674,37.21644379613425],[127.39692660389233,37.217598866785416],[127.39722942851613,37.21775913203341],[127.3975280278513,37.217977284194696],[127.39781844248428,37.21811873972805],[127.3982763115643,37.21829634197861],[127.39920291637662,37.21854621856736],[127.40004288083446,37.218623686814695],[127.40074403590162,37.21860814353347],[127.40256701943977,37.21847490311945],[127.40403115213223,37.21841327962906],[127.40438550039063,37.21826314269553],[127.40656359679446,37.21821513193875],[127.406860093709,37.218123437407925],[127.40741675165032,37.21810844814345],[127.4075129175673,37.218138934001935],[127.4084129985915,37.21814610829759],[127.40949270688415,37.21806613972327],[127.4094887741581,37.21809530178436],[127.40953426456556,37.218092460008194],[127.40955179802798,37.21808458762825],[127.40954967605013,37.21806295205241],[127.41240841435722,37.218044807397824],[127.41250565279658,37.21799642681136],[127.41367252399615,37.21798069493344],[127.41481981064851,37.21784261417129],[127.41492384633983,37.21790257547353],[127.41518057021278,37.217911617623415],[127.41701911618574,37.21760811109716],[127.41798444078647,37.21749526316028],[127.4200147527173,37.217419979971794],[127.42061933427505,37.217456640991536],[127.42125627970937,37.217602155508814],[127.42177285311116,37.21779588465876],[127.42252619775674,37.21824540318966],[127.42434382975217,37.21946121945022],[127.42451702233147,37.21944502217602],[127.42494744246298,37.219694179353624],[127.4255604718911,37.22011525663062],[127.42565211528498,37.22014721260421],[127.42590185403894,37.220375973934765],[127.42590378490031,37.22052152924835],[127.42657350937229,37.22114719430232],[127.42761395234635,37.22237917133948],[127.42825016556684,37.22334097905915],[127.42931634653195,37.224676971337615],[127.4294603382744,37.22480127146749],[127.42942998161644,37.224818897253364],[127.42947033667708,37.22484586357534],[127.42949289163552,37.22482942830418],[127.43029234664155,37.2254978615129],[127.43027500174898,37.22551109742335],[127.43031623422166,37.2255456469844],[127.43035682527139,37.22551466663201],[127.43060068256514,37.22570003623916],[127.43087489351899,37.225853110364],[127.43093588106755,37.22608083288887],[127.43143349654336,37.22660045612791],[127.43180867662926,37.227135046749794],[127.43217716301876,37.22789053989897],[127.43253325118413,37.2284877472595],[127.43285443988644,37.228988678989936],[127.43291400415298,37.22901845745871],[127.43309753899257,37.22926732106105],[127.43340282107904,37.229751946412875],[127.43341431361101,37.22987029129654],[127.43383617823594,37.23066594147553],[127.43398211651358,37.23120077564222],[127.43400580967246,37.231468305011425],[127.43422515992387,37.23166685740649],[127.43426081167294,37.231755226625374],[127.43429152651936,37.2320740440898],[127.43448906284985,37.23221539700384],[127.43473154427916,37.23299180446245],[127.43460244593106,37.23305233046553],[127.43460853134124,37.233083898428276],[127.43470968225219,37.233119731996936],[127.43467834087349,37.23317242190297],[127.43459082283977,37.2331913482923],[127.43462981791541,37.23319418811195],[127.4346170150826,37.23328652773592],[127.4347242867349,37.23390956005758],[127.43474597450044,37.23390673257493],[127.43478463951425,37.234094051009706],[127.43481817950888,37.23409664942261],[127.4351193478808,37.234898520515365],[127.43502035308309,37.23487756448202],[127.43507270333576,37.23500446350683],[127.43504258736667,37.235039020230836],[127.43552747904025,37.236083811597744],[127.43554698584319,37.2362036765418],[127.43579970808553,37.23655494563291],[127.43635556346534,37.237174329978366],[127.43657340871474,37.23733449932336],[127.43843705460502,37.23844905396846],[127.43863803008051,37.23852990077723],[127.43935739892486,37.2389637212617],[127.43996841993054,37.23941741881811],[127.44015483595916,37.23959691684128],[127.44038074072982,37.239886959982776],[127.44053972482769,37.24020385824556],[127.44066256520551,37.240631059446216],[127.44080802999812,37.24078515498523],[127.4407965913812,37.241503770069116],[127.4408268300822,37.24232343430665],[127.4407019487609,37.24345643075258],[127.44066173433966,37.244213689318514],[127.4405571700525,37.24480485605129],[127.44054574116507,37.2449854560205],[127.44060687742173,37.245104769125135],[127.44094870694,37.24537332387508],[127.44092045127182,37.245388818330646],[127.4409461362049,37.24541196961904],[127.44097055101426,37.245416303080006],[127.44098620906577,37.24540519833343],[127.44112331094134,37.24551293930084],[127.44125263911262,37.24566381428888],[127.44246309371289,37.246320849994746],[127.44262030608134,37.24635698149044],[127.44286719356138,37.24653886268888],[127.44294699287788,37.2466609522377],[127.44471756019408,37.247902455236776],[127.44531508739409,37.24834174023222],[127.44544455705116,37.248481815660824],[127.44565589563896,37.248596093762295],[127.44679348566521,37.24942317505535],[127.44685420792794,37.24950623792542],[127.44684259319476,37.249558955823424],[127.44690918982145,37.24957148195907],[127.44834272446865,37.250401975831856],[127.44830799723982,37.251308705046775],[127.44828391816036,37.25132153645929],[127.44828314015922,37.25134630870231],[127.44808961668771,37.25134964267612],[127.44830644268956,37.25135849280558],[127.44831120808064,37.25131417119252],[127.44830965353238,37.25136395895133],[127.44809489202906,37.251366877500594],[127.44830604372477,37.25137109971696],[127.44833925600929,37.25271977070584],[127.44841444276935,37.25309074716093],[127.44835127729783,37.255039713740835],[127.44839709104886,37.25513582482293],[127.44855342643301,37.25521835464009],[127.44862400890541,37.25522160215707],[127.44939734530607,37.255519217785434],[127.44950669522362,37.25562945048505],[127.44963312863902,37.255904335543285],[127.44969797024511,37.25588978179046],[127.44991401590062,37.256209784220616],[127.4506834477009,37.257183799471214],[127.45183801293483,37.25820308173575],[127.45174483805312,37.258285177376735],[127.45181940163974,37.25836777944668],[127.4520659354668,37.25846670259598],[127.45210557662422,37.25845270293982],[127.45191319304745,37.25884741862391],[127.45294992845429,37.25980939990619],[127.45336330491996,37.260374326599305],[127.45508941308823,37.26153381033722],[127.4571856224745,37.26212533256419],[127.45822895368927,37.26263948470674],[127.45806613367347,37.262839104614315],[127.45823472018394,37.26264232773118],[127.4583091757394,37.26267901867791],[127.45822683834693,37.26265881991031],[127.45807333196159,37.2628475645381],[127.45822877632172,37.26266611976935],[127.4584272871975,37.26273722885139],[127.45850823210226,37.26302697527256],[127.46026466349664,37.265179738314714],[127.46143545558893,37.26646042116345],[127.46273888189903,37.268038950426494],[127.46314103583052,37.26809793208358],[127.4644706757268,37.269645893766395],[127.46440511101588,37.26994343477615],[127.46485606776567,37.27044339825875],[127.46480345562016,37.27047369842912],[127.46486001808864,37.27044777980679],[127.46492574328511,37.2705206678747],[127.46484721028463,37.270466156805945],[127.46483330923908,37.270464355093544],[127.4648080076638,37.27047876240421],[127.46492838815001,37.27052359486771],[127.46578180540544,37.27146995991311],[127.4662324896369,37.271597912425186],[127.47024914553374,37.27622722490765],[127.47113586462125,37.27747640588654],[127.47109251708812,37.27778238570969],[127.47148671586112,37.27817381245207],[127.4734284477652,37.280399034273955],[127.47420581643127,37.28150276914532],[127.47455886268413,37.281698322796544],[127.47476088568128,37.28194892812075],[127.47453577990926,37.282072979803715],[127.47476742232024,37.28195197448133],[127.47480660204153,37.28199986045191],[127.47476505948262,37.281967202225815],[127.47455119953008,37.28209183068583],[127.47475265325987,37.28198660582171],[127.47480623554186,37.28200435802782],[127.47579325635905,37.28321073527285],[127.47595784557828,37.28353963424251],[127.47633170386375,37.284006919954095],[127.47650475880565,37.28436700462321],[127.47666485212847,37.28502018997902],[127.4766788336368,37.285403789714465],[127.4764227051642,37.28541040389943],[127.47667889017876,37.28540919562902],[127.47667957683767,37.285477157081694],[127.47665673223348,37.2854774379943],[127.47665346496257,37.285411541233486],[127.47642276337717,37.2854178731515],[127.47664704890887,37.285416973127916],[127.47664180571918,37.285465469241785],[127.47665245884623,37.28548109528233],[127.47667962204994,37.2854807609945],[127.47673240632531,37.287212856777145],[127.47681980314889,37.28735828244244],[127.47691276197804,37.28741980043481],[127.47703027216436,37.28746362274584],[127.47718228404852,37.287456371458376],[127.47720828899001,37.287481522639304],[127.4774203173157,37.28749768170819],[127.47766705199064,37.28759016162723],[127.47910211686963,37.28769720650851],[127.48030217764818,37.28786705800259],[127.4817614955236,37.28812827270011],[127.48280742267322,37.2884396259462],[127.48377482524216,37.28882878682737],[127.48431698855737,37.28886857340802],[127.48443713874215,37.28890979163244],[127.48473948712042,37.28904704494201],[127.48505362360724,37.2893485688306],[127.486313050831,37.289834465727765],[127.48697495334221,37.28997433979025],[127.48730171346166,37.28999037994778],[127.48767534348225,37.2899610764731],[127.48828375549002,37.290201554806124],[127.488255444341,37.29023401793226],[127.48834990518608,37.29027112101054],[127.48846706881233,37.29024545549909],[127.48850581478486,37.29019077523024],[127.48910913780342,37.29008233128504],[127.48909157211246,37.290023575885954],[127.48903750768247,37.290033872001715],[127.48907746715099,37.289980330845886],[127.48972354375077,37.28982888206645],[127.49028506412465,37.289637782555005],[127.49077298769807,37.289361477568136],[127.49133253627582,37.28892628523065],[127.49184079403683,37.28869845680555],[127.49199018354705,37.2887005409656],[127.49219962158138,37.28863461012695],[127.4929635858458,37.2887542952126],[127.49652874241893,37.289610007573415],[127.4966510899992,37.289790907677045],[127.49700130214072,37.28988174294792],[127.49757142320246,37.28995737459943],[127.49927480476585,37.289951980898245],[127.50036396421659,37.290027586786046],[127.50030813663244,37.29003193070983],[127.50031072879679,37.29010173097418],[127.50031859948331,37.29005206050379],[127.50036843297963,37.290028036484536],[127.500563421368,37.29003385510148],[127.50068406127421,37.289952984263806],[127.50073053163467,37.289602579030834],[127.50077514746464,37.28956552103462],[127.50245340699853,37.28965392089542],[127.50416808780949,37.289378336648795],[127.50471884962776,37.28946250370268],[127.50529310325712,37.28968540667885],[127.50565417739391,37.28992213563337],[127.50584781731698,37.29010100154257],[127.50622995433432,37.29034852331141],[127.50630326863127,37.29033510081618],[127.50658410364329,37.290444223957344],[127.50872940785028,37.29087395636042],[127.50911500286132,37.291300171545224],[127.50915693303972,37.29138251628828],[127.50968006408937,37.291512181134046],[127.50981802714453,37.2915851121146],[127.50985732803689,37.29159332283868],[127.50986800816712,37.291549793675806],[127.51046645889232,37.29169711592265],[127.51044710135274,37.29172143662982],[127.51149953888756,37.29190495005153],[127.51153912937633,37.29208298346784],[127.51165364613516,37.292213921955494],[127.5118191723668,37.29229484098092],[127.51216484241651,37.292395048488004],[127.51246969805842,37.292411636198395],[127.51252894447283,37.29236570766758],[127.51306114511685,37.29222236298559],[127.51370488157085,37.2923106724418],[127.51369653196954,37.292280109891436],[127.51334489285378,37.29222958795136],[127.51360939364247,37.292265665114336],[127.51371118909692,37.292237968777705],[127.51426947615597,37.29224818396127],[127.51548964648727,37.29231833450142],[127.51571828025732,37.292361878975555],[127.51621111865241,37.292343086112155],[127.51637579592088,37.29239962080816],[127.51692259307254,37.2924247853479],[127.51738722818831,37.29249877139393],[127.51801029896404,37.292499487137576],[127.51816801935662,37.29244383653383],[127.52083677428152,37.292611019370604],[127.52181076730771,37.29320879514408],[127.52194712215332,37.29317709245877],[127.52198168988814,37.29322315382002],[127.52194655482216,37.2931553082713],[127.5218867427807,37.293172402306226],[127.52258577608366,37.292854483394485],[127.52308222802397,37.29279206363482],[127.52512778310903,37.293410710456754],[127.52568757050342,37.293518706933966],[127.52602642806418,37.29352603584219],[127.5270632795122,37.29347196166834],[127.52711588975151,37.29344757170432],[127.5272503717821,37.29329447673721],[127.52829962807309,37.2930742965846],[127.52866266529226,37.29311747907657],[127.52874173427625,37.293175801367234],[127.52864398200833,37.29318915737119],[127.52972303570827,37.29326523160326],[127.53038913421513,37.293352530487844],[127.53289584603604,37.29376425151049],[127.53387424540283,37.29380498719626],[127.53434146365505,37.293685238700725],[127.5344275563577,37.293689761678394],[127.53525351974214,37.294013930314534],[127.53564443056037,37.293999354438625],[127.53699189166855,37.293806367654014],[127.53738467674906,37.29369212473538],[127.53806998473029,37.29343990614908],[127.53808139757852,37.29345892900885],[127.53800271658696,37.29348806423662],[127.53804041449906,37.29348596518257],[127.53808742058477,37.29346061364371],[127.53807410195186,37.293438436843104],[127.53897219599236,37.29310734607379],[127.53934748693872,37.29302537854167],[127.5398301247573,37.29303141986066],[127.54007778072929,37.2930627750605],[127.54047825353722,37.29319742974018],[127.54052613769639,37.293255777997345],[127.54092885681747,37.29350261592032],[127.54170595913024,37.29412999311434],[127.5426587367779,37.294790034943965]],[[127.47734609697157,37.28746789491456],[127.47734508543394,37.287477386755555],[127.47720633920005,37.28745841021798],[127.47734609697157,37.28746789491456]],[[127.47713524484776,37.287450469553804],[127.47714623792154,37.28742150253638],[127.47717926604142,37.28745345526027],[127.47713524484776,37.287450469553804]],[[127.47675592357285,37.28720827526675],[127.47671632421674,37.28547846922756],[127.47676587992935,37.287204514067454],[127.4768420163614,37.28733282944147],[127.47703536696766,37.287425615138424],[127.47692434975374,37.28740289575093],[127.47683889876353,37.28734634829929],[127.47675592357285,37.28720827526675]],[[127.47675242261302,37.28540885539117],[127.47673983781058,37.28547339217229],[127.47673762817116,37.2854089237955],[127.47675242261302,37.28540885539117]],[[127.47671394817904,37.28540905489879],[127.47670324835346,37.28547567448383],[127.47670257039768,37.28540910057276],[127.47671394817904,37.28540905489879]],[[127.4758201750677,37.28321289800038],[127.47478465297563,37.28194310258935],[127.47582397565688,37.28319860154272],[127.4759900262993,37.28353035986842],[127.47636063118883,37.28399310835884],[127.47653851505041,37.28436256227615],[127.47658185235191,37.28452792444405],[127.47669824560572,37.28501539764298],[127.47671375620571,37.285403631507485],[127.47668845153876,37.285018022895905],[127.47652757141961,37.284361687146436],[127.47635303101785,37.28399850894728],[127.47597910430859,37.28353111545401],[127.4758201750677,37.28321289800038]],[[127.47482051759665,37.28192437107078],[127.47484932347238,37.28197767761832],[127.47481014373585,37.28192979166182],[127.47482051759665,37.28192437107078]],[[127.47340930709325,37.280345760916184],[127.47306027517115,37.2799462949333],[127.4734570313754,37.28038448591243],[127.47423153380598,37.28148423149588],[127.47458357170309,37.2816790232301],[127.474789445596,37.2819341452688],[127.47457616574724,37.28168481037053],[127.47422382198887,37.281489794579784],[127.47340930709325,37.280345760916184]],[[127.46145506372288,37.26644980297635],[127.46028415791399,37.265168985606245],[127.45969294523007,37.264444389209956],[127.46029250621285,37.265164376039486],[127.46146345751283,37.266445247212715],[127.46275989722557,37.26801317127418],[127.46316196079053,37.268072144202556],[127.46450817913245,37.26963939487302],[127.46444266868316,37.26993656627047],[127.46580331340058,37.271447313874575],[127.46625440412505,37.271575381843235],[127.46860097391436,37.27425889872898],[127.47027784183847,37.276212821024195],[127.47117076966671,37.27747038372207],[127.47112771338642,37.27777421796315],[127.47151543554831,37.27815946224053],[127.4730518274692,37.279922451432064],[127.47150567830492,37.278162456339615],[127.4711171522259,37.27777666559415],[127.47116029477672,37.277472191286904],[127.47026923183188,37.2762171439964],[127.46859265917654,37.2742635447846],[127.46624789515401,37.271582138058506],[127.46579693991197,37.27145410557504],[127.46442896321975,37.26993907065139],[127.46449448417155,37.26964176406646],[127.46323322114047,37.26817142976918],[127.46315431814462,37.268081562700914],[127.46275222065907,37.26802258086869],[127.46145506372288,37.26644980297635]],[[127.46498409825878,37.270472658023294],[127.4649723898023,37.2704938058931],[127.46490666458476,37.27042091785092],[127.46493417251682,37.270418836932585],[127.46498409825878,37.270472658023294]],[[127.45338167336968,37.26036194845525],[127.4529692630119,37.25979836067382],[127.4519380023805,37.258841449543766],[127.45210190286811,37.25849830896378],[127.45195465880458,37.258844476707665],[127.45297755405718,37.25979362569339],[127.4533895439733,37.260356647403086],[127.45510646142024,37.261509957888826],[127.45720029884976,37.26210080416556],[127.45845718238459,37.26272021020167],[127.45853991307922,37.263016301954565],[127.45968543793629,37.26442033379991],[127.45853040651616,37.26301950125654],[127.45844821716823,37.26272530857629],[127.45719590158546,37.26210816446567],[127.45510134128537,37.261517113645226],[127.45338167336968,37.26036194845525]],[[127.45827967635925,37.26258984064025],[127.45833478667434,37.26263766180938],[127.45826723957904,37.26260436813318],[127.45827967635925,37.26258984064025]],[[127.44938360146779,37.25549584301512],[127.44867720472281,37.25522398723262],[127.44937274560209,37.2554766651257],[127.44938360146779,37.25549584301512]],[[127.4484159123128,37.255121941011915],[127.44837511115634,37.255036695452574],[127.44843816213714,37.25308944124881],[127.44841349749704,37.25291543742178],[127.44844840883184,37.25308573538401],[127.44838532729196,37.255035404467236],[127.44842398178719,37.25511599079411],[127.4487053942233,37.25521983515289],[127.4484159123128,37.255121941011915]],[[127.44860807903414,37.25521547223662],[127.44852257208942,37.25518547543563],[127.44851079368942,37.25518944838698],[127.44851637498887,37.25518018275831],[127.44860807903414,37.25521547223662]],[[127.44836288232365,37.25271799662482],[127.44832995343052,37.25137157714833],[127.44839847880525,37.25289364413776],[127.44836288232365,37.25271799662482]],[[127.44836681775375,37.25039923588729],[127.44692903363809,37.24954959338134],[127.44837756519703,37.25038877041419],[127.44834031568092,37.25136457308757],[127.44836681775375,37.25039923588729]],[[127.44836414837494,37.25135964462421],[127.44836216134475,37.25131519531515],[127.44837398654282,37.25131543000993],[127.4483652855402,37.2513231666491],[127.44836414837494,37.25135964462421]],[[127.44098311692068,37.24540256978822],[127.44094173346816,37.24538549564849],[127.44095335081545,37.245377271178384],[127.44098311692068,37.24540256978822]],[[127.43485478603986,37.234099488894934],[127.4351555199375,37.23490019915183],[127.4348366011471,37.23409807773744],[127.43485478603986,37.234099488894934]],[[127.43030216346749,37.22549037442095],[127.42961575682074,37.22489185846343],[127.43031679326114,37.225479202694245],[127.43030216346749,37.22549037442095]],[[127.42948983443394,37.22482678129946],[127.4294511781664,37.22481530663783],[127.42946493531562,37.22480523742991],[127.42948983443394,37.22482678129946]],[[127.40954265739583,37.21806303029192],[127.40950065570036,37.218075600254565],[127.40949968989591,37.218065719215794],[127.40954265739583,37.21806303029192]]]}},{"type":"Feature","properties":{"layer":"zone_industrial","id":"zone_industrial_0116","name":"일반산업단지 (경기도 41110)","category":"일반산업단지","color":"#9333ea","sido":"경기도","sgg_code":"41110","type_code":"UHA210","mgmt_no":"37400004111020260068UHA2100001000"},"geometry":{"type":"MultiPolygon","coordinates":[[[[126.97889559235273,37.24476923895146],[126.98799254425086,37.247404360116036],[126.98913527875041,37.24761163357009],[126.99031109626951,37.24350240503679],[126.98603935597579,37.2354361668752],[126.98576085056501,37.23509923151285],[126.98545336872509,37.23484356531938],[126.98507717550821,37.23497767851348],[126.98288147262382,37.23596894745348],[126.97949726452973,37.24344743929771],[126.97941796185282,37.24369268712786],[126.97934366248253,37.243784939553635],[126.97889559235273,37.24476923895146]]],[[[126.97280922868211,37.241205485391525],[126.9733719103058,37.24160054558905],[126.97361717342098,37.24183964910904],[126.97388314714712,37.242155885831856],[126.97419190135697,37.24260737767089],[126.9742618322621,37.24276759839313],[126.97443510150865,37.24295874835152],[126.97472233220861,37.243420325452746],[126.97521831528104,37.24389105784306],[126.97548048652123,37.24409636322655],[126.97604005669538,37.24446500946065],[126.97632448342219,37.24459328799992],[126.97817833510231,37.24511780152107],[126.97830187664961,37.24506907964109],[126.97868454527438,37.244223980341665],[126.97879030831307,37.24407289658784],[126.97893229754574,37.24375981298768],[126.9790445369716,37.24342888300451],[126.97916867683233,37.24325104154072],[126.97944881537224,37.24262703493424],[126.97947184540516,37.242494406377034],[126.98032734289556,37.24058724416462],[126.98043851112314,37.24042192339955],[126.9807013757886,37.2398343124184],[126.9807272214542,37.23969726895814],[126.98082273512163,37.239485451456105],[126.9809116861503,37.23936779128772],[126.98136049003243,37.23837186007008],[126.98138622130787,37.23823481641218],[126.98187132131285,37.237156804557145],[126.98196060603539,37.237039233712906],[126.98257896406562,37.23567885491286],[126.97795553835773,37.237794476795095],[126.97636359223908,37.238486507892],[126.97414499830938,37.2395409524013],[126.97398209054211,37.23970184017727],[126.97280922868211,37.241205485391525]]]]}},{"type":"Feature","properties":{"layer":"zone_industrial","id":"zone_industrial_0117","name":"일반산업단지 (경기도 41130)","category":"일반산업단지","color":"#9333ea","sido":"경기도","sgg_code":"41130","type_code":"UHA210","mgmt_no":"64100004113120155202UHA2100001001"},"geometry":{"type":"MultiPolygon","coordinates":[[[[127.17918173476983,37.44132495036615],[127.17925459230167,37.44149960911528],[127.17943613812183,37.44391430385141],[127.18136879890471,37.44387040117801],[127.18132720430012,37.44271430200987],[127.18063628374833,37.44274197577237],[127.18058275598567,37.4427046470833],[127.18052146875254,37.44146393664784],[127.17918173476983,37.44132495036615]]],[[[127.15643149054144,37.431113127530665],[127.15679409730703,37.431334020592175],[127.15797897215526,37.43238111501772],[127.15803230722291,37.43234567082388],[127.15869190232051,37.432902763108714],[127.15901382956646,37.43306058773133],[127.15940486617434,37.43314524741787],[127.15986607329027,37.433146000046655],[127.1608792401053,37.43303055286713],[127.16606765075113,37.43240112709788],[127.16618752471477,37.43235239582684],[127.16621660685543,37.43662708852918],[127.16878178903467,37.43763231773541],[127.1681503686705,37.4386998581018],[127.16798389016536,37.439087093312416],[127.17024701803814,37.43998974810245],[127.17072574271555,37.4391148706119],[127.17190559738017,37.439542361538486],[127.17073284872211,37.441472903954654],[127.17076953935225,37.4415529058816],[127.17146552360612,37.44131412254926],[127.1704092768027,37.44305886827017],[127.17338377608844,37.44401938749064],[127.1737412682336,37.44405032127964],[127.17405938507649,37.44395117911466],[127.17415053863562,37.443879307886455],[127.17432663454588,37.44308891291821],[127.17432880716925,37.442947703992665],[127.17427785044279,37.44282316025982],[127.17418821473268,37.44271895467039],[127.17370285810345,37.442299613390524],[127.17475049001578,37.44056625747473],[127.17498547874223,37.44067704304851],[127.17521276146215,37.440865992814125],[127.17628860579114,37.44238609028733],[127.17687822831704,37.44295818512037],[127.17593842407938,37.444386841950795],[127.17640257264169,37.444315652373646],[127.17649975906535,37.444345782352194],[127.17684265483553,37.44455635298276],[127.17699336269936,37.44460657668405],[127.17742764510774,37.44472395397305],[127.17882664507559,37.445013501325306],[127.17894851730524,37.44497331376739],[127.17923302731327,37.44467996921582],[127.1793995421278,37.44445626918531],[127.17940475095165,37.44434141007424],[127.17936333527489,37.44427003160641],[127.17816627692065,37.44309229213374],[127.17804924006967,37.44285188022178],[127.1778996728605,37.44233317776916],[127.17767839287863,37.44188488753025],[127.17917800870471,37.441273616600746],[127.17909677209308,37.44036946117275],[127.17892349259395,37.43907875851399],[127.17874300752834,37.43840993232041],[127.17871321292809,37.43780227461645],[127.17875002125524,37.4371339152417],[127.17889831327919,37.43609443472626],[127.17902392814503,37.4341571786777],[127.17929380986712,37.434164674951035],[127.1792858313584,37.43435516901909],[127.17961429983072,37.434386858601606],[127.1799794527246,37.43431230812213],[127.18028088000855,37.43420976848603],[127.18030569649648,37.434225696813776],[127.18040810325031,37.4341515511194],[127.18012176533392,37.43386143608341],[127.17971753860384,37.43243747137463],[127.17990383830544,37.43230232749212],[127.1798645007352,37.43202319144732],[127.1796551846065,37.43182861898145],[127.17984176342033,37.43163072854975],[127.17997378978627,37.43109876323497],[127.17987875372243,37.43089208920861],[127.17964641633675,37.43090809004568],[127.17854652564412,37.43073172104333],[127.1783646018812,37.43062756646418],[127.1782254581008,37.43040964039682],[127.17810181318399,37.43039234559323],[127.17806633027436,37.43048601336896],[127.1780611946121,37.43065658193477],[127.17783403182011,37.43086991935273],[127.17768539890551,37.430893260820675],[127.17743990110898,37.430823536974415],[127.17729010597296,37.43070740357341],[127.17712356764011,37.430228747065634],[127.17691681460813,37.43033338178591],[127.17686488276635,37.430302374034845],[127.17682925490011,37.43018917010814],[127.17615211773403,37.42975919294005],[127.1760615310922,37.42973615278449],[127.17569903631646,37.42983336567013],[127.17505665405099,37.430344533545544],[127.17472306061764,37.43026216604705],[127.17460642859078,37.430296926593115],[127.17434565507547,37.430254456162324],[127.17276726411721,37.43046821089951],[127.17273921945186,37.43084928801029],[127.17243941181226,37.430818015384766],[127.1720282369543,37.43063784885221],[127.17125639603738,37.430447306103034],[127.17069186140004,37.43060323297299],[127.17043970834207,37.43088196914114],[127.16999766554197,37.430926407004755],[127.16985397469962,37.43067040093135],[127.16947971283052,37.43085172064256],[127.16880855951992,37.43082506543203],[127.16854120969698,37.43016124699109],[127.16752094541577,37.43025798378346],[127.16728497033695,37.43032571937051],[127.16648266078202,37.430690858170045],[127.16625703161111,37.43105710841823],[127.16606858057283,37.43116898782028],[127.16574120010763,37.431134979499056],[127.16524911006512,37.43127711141372],[127.16491643523975,37.4315259887596],[127.16455618791176,37.4314771108951],[127.16451438534533,37.431561430851524],[127.16428550095937,37.43162487087557],[127.16437338181467,37.43192243400861],[127.16407290530822,37.43205771051249],[127.16378663303914,37.43228331987038],[127.1626721305789,37.43257221208015],[127.1625114721449,37.43268730053949],[127.16198003273205,37.432764906154276],[127.16153952854881,37.43271700200342],[127.16134771076328,37.432775818038195],[127.1600259595665,37.43266233174841],[127.16003460679414,37.43227830138269],[127.16028949023742,37.431624160574195],[127.16036762117206,37.431159603741136],[127.16051583933556,37.43101214364025],[127.16083174502413,37.43096965023285],[127.16101354887668,37.43090583892481],[127.16108047010525,37.43079426682181],[127.16103655935049,37.43067476224109],[127.16080870717478,37.4304202912736],[127.16070728422963,37.4301440885323],[127.16063099838517,37.430058946801246],[127.16025901963717,37.42982706772381],[127.1596182090963,37.42985690292145],[127.15873109906491,37.42979684444658],[127.15847958150337,37.42995077363572],[127.15862831944567,37.430045992879144],[127.15860176077972,37.43117788425599],[127.15843840097065,37.43166211399214],[127.15835640978477,37.43176623522208],[127.15823567155147,37.431792605686354],[127.1580910653354,37.43152893696717],[127.15789546193979,37.431370050744796],[127.15742145079373,37.43116111125466],[127.15718839597204,37.43118259208687],[127.15687811882535,37.431139959091226],[127.15667288036339,37.430947719145145],[127.15643149054144,37.431113127530665]]]]}},{"type":"Feature","properties":{"layer":"zone_industrial","id":"zone_industrial_0118","name":"성남일반산업단지 재생사업지구","category":"재생사업지구","color":"#be185d","sido":"경기도","sgg_code":"41130","type_code":"UHA700","mgmt_no":"37800004113020190093UHA7000001001"},"geometry":{"type":"MultiPolygon","coordinates":[[[[127.17918173476983,37.44132495036615],[127.17925459230167,37.44149960911528],[127.17943613812183,37.44391430385141],[127.18136879890471,37.44387040117801],[127.18132720430012,37.44271430200987],[127.18063628374833,37.44274197577237],[127.18058275598567,37.4427046470833],[127.18052146875254,37.44146393664784],[127.17918173476983,37.44132495036615]]],[[[127.15643149054144,37.431113127530665],[127.15679409730703,37.431334020592175],[127.15797897215526,37.43238111501772],[127.15803230722291,37.43234567082388],[127.15869190232051,37.432902763108714],[127.15901382956646,37.43306058773133],[127.15940486617434,37.43314524741787],[127.15986607329027,37.433146000046655],[127.1608792401053,37.43303055286713],[127.16606765075113,37.43240112709788],[127.16618752471477,37.43235239582684],[127.16621660685543,37.43662708852918],[127.16878178903467,37.43763231773541],[127.1681503686705,37.4386998581018],[127.16798389016536,37.439087093312416],[127.17024701803814,37.43998974810245],[127.17072574271555,37.4391148706119],[127.17190559738017,37.439542361538486],[127.17073284872211,37.441472903954654],[127.17076953935225,37.4415529058816],[127.17146552360612,37.44131412254926],[127.1704092768027,37.44305886827017],[127.17338377608844,37.44401938749064],[127.1737412682336,37.44405032127964],[127.17405938507649,37.44395117911466],[127.17415053863562,37.443879307886455],[127.17432663454588,37.44308891291821],[127.17432880716925,37.442947703992665],[127.17427785044279,37.44282316025982],[127.17418821473268,37.44271895467039],[127.17370285810345,37.442299613390524],[127.17475049001578,37.44056625747473],[127.17498547874223,37.44067704304851],[127.17521276146215,37.440865992814125],[127.17628860579114,37.44238609028733],[127.17687822831704,37.44295818512037],[127.17593842407938,37.444386841950795],[127.17640257264169,37.444315652373646],[127.17649975906535,37.444345782352194],[127.17684265483553,37.44455635298276],[127.17699336269936,37.44460657668405],[127.17742764510774,37.44472395397305],[127.17882664507559,37.445013501325306],[127.17894851730524,37.44497331376739],[127.17923302731327,37.44467996921582],[127.1793995421278,37.44445626918531],[127.17940475095165,37.44434141007424],[127.17936333527489,37.44427003160641],[127.17816627692065,37.44309229213374],[127.17804924006967,37.44285188022178],[127.1778996728605,37.44233317776916],[127.17767839287863,37.44188488753025],[127.17917800870471,37.441273616600746],[127.17909677209308,37.44036946117275],[127.17892349259395,37.43907875851399],[127.17874300752834,37.43840993232041],[127.17871321292809,37.43780227461645],[127.17875002125524,37.4371339152417],[127.17889831327919,37.43609443472626],[127.17902392814503,37.4341571786777],[127.17929380986712,37.434164674951035],[127.1792858313584,37.43435516901909],[127.17961429983072,37.434386858601606],[127.1799794527246,37.43431230812213],[127.18028088000855,37.43420976848603],[127.18030569649648,37.434225696813776],[127.18040810325031,37.4341515511194],[127.18012176533392,37.43386143608341],[127.17971753860384,37.43243747137463],[127.17990383830544,37.43230232749212],[127.1798645007352,37.43202319144732],[127.1796551846065,37.43182861898145],[127.17984176342033,37.43163072854975],[127.17997378978627,37.43109876323497],[127.17987875372243,37.43089208920861],[127.17964641633675,37.43090809004568],[127.17854635627437,37.43073176634739],[127.17836443259635,37.43062764780819],[127.17822801007566,37.43041382627139],[127.17810519339803,37.43039319650201],[127.17806532501713,37.430486141011436],[127.1780624661454,37.43065918395015],[127.17794367016596,37.43079692726783],[127.17783385117232,37.43086997368266],[127.17768539890551,37.430893260820675],[127.17743990110898,37.430823536974415],[127.17729010597296,37.43070740357341],[127.17712356764011,37.430228747065634],[127.17691666821331,37.430333589235055],[127.17685104665298,37.4302800315264],[127.1768290520348,37.430189386651016],[127.17615211773403,37.42975919294005],[127.17606104556069,37.429736279642576],[127.17569903631646,37.42983336567013],[127.17505665405099,37.430344533545544],[127.17472306061764,37.43026216604705],[127.17460642859078,37.430296926593115],[127.17434565507547,37.430254456162324],[127.17276726411721,37.43046821089951],[127.17273921945186,37.43084928801029],[127.17243941181226,37.430818015384766],[127.1720282369543,37.43063784885221],[127.17125639603738,37.430447306103034],[127.17069186140004,37.43060323297299],[127.17043970834207,37.43088196914114],[127.16999766554197,37.430926407004755],[127.16985397469962,37.43067040093135],[127.16947971283052,37.43085172064256],[127.16880855951992,37.43082506543203],[127.16854120969698,37.43016124699109],[127.16752094541577,37.43025798378346],[127.16728497033695,37.43032571937051],[127.16648266078202,37.430690858170045],[127.16625703161111,37.43105710841823],[127.16606858057283,37.43116898782028],[127.16574120010763,37.431134979499056],[127.16524911006512,37.43127711141372],[127.16491643523975,37.4315259887596],[127.16455618791176,37.4314771108951],[127.16451438534533,37.431561430851524],[127.16428550095937,37.43162487087557],[127.16437338181467,37.43192243400861],[127.16407290530822,37.43205771051249],[127.16378663303914,37.43228331987038],[127.1626721305789,37.43257221208015],[127.1625114721449,37.43268730053949],[127.16198003273205,37.432764906154276],[127.16153952854881,37.43271700200342],[127.16134771076328,37.432775818038195],[127.1600259595665,37.43266233174841],[127.16003460679414,37.43227830138269],[127.16028949023742,37.431624160574195],[127.16036762117206,37.431159603741136],[127.16051583933556,37.43101214364025],[127.16083174502413,37.43096965023285],[127.16101354887668,37.43090583892481],[127.16108047010525,37.43079426682181],[127.16103655935049,37.43067476224109],[127.16080870717478,37.4304202912736],[127.16070728422963,37.4301440885323],[127.16063099838517,37.430058946801246],[127.16025901963717,37.42982706772381],[127.1596182090963,37.42985690292145],[127.15873109906491,37.42979684444658],[127.15847958150337,37.42995077363572],[127.15862831944567,37.430045992879144],[127.15860176077972,37.43117788425599],[127.15843840097065,37.43166211399214],[127.15835640978477,37.43176623522208],[127.15823567155147,37.431792605686354],[127.1580910653354,37.43152893696717],[127.15789546193979,37.431370050744796],[127.15742145079373,37.43116111125466],[127.15718839597204,37.43118259208687],[127.15687811882535,37.431139959091226],[127.15667288036339,37.430947719145145],[127.15643149054144,37.431113127530665]]]]}},{"type":"Feature","properties":{"layer":"zone_industrial","id":"zone_industrial_0119","name":"지방산업단지 (경기도 41150)","category":"지방산업단지","color":"#7e22ce","sido":"경기도","sgg_code":"41150","type_code":"UHA200","mgmt_no":"15000004115000000000UHA2000000001"},"geometry":{"type":"Polygon","coordinates":[[[127.0833590996573,37.74700406018514],[127.08348635877525,37.74696153652238],[127.08562810758215,37.74095701426676],[127.0856112786622,37.740923690694956],[127.08091304626655,37.73977281647574],[127.0808271588557,37.74008821089033],[127.08062331186429,37.74043431713111],[127.08039212316663,37.740675929748896],[127.08011546179301,37.740832881839644],[127.0797638530951,37.74092681573391],[127.07899239138783,37.74095255215777],[127.07858164904717,37.74091588194142],[127.07804823855119,37.74074504670812],[127.07793594888079,37.740773950319365],[127.07789182866274,37.74089741064965],[127.07818509898233,37.74319935690832],[127.07847693012026,37.74497027609477],[127.07853945090363,37.74508375634435],[127.08011611594306,37.74574402098961],[127.0833590996573,37.74700406018514]],[[127.08368941368217,37.74445789531874],[127.08315029984661,37.744396554033194],[127.08283954656704,37.74440776053055],[127.08262732350663,37.74445205382506],[127.08167950955875,37.7443827064648],[127.08134324090054,37.74440617943486],[127.08128771518113,37.744354582942336],[127.08110629604226,37.74436749920735],[127.08117358362104,37.74415086272244],[127.08132974107146,37.74418598468396],[127.08162618543845,37.74375269161372],[127.08201534206333,37.74353754729691],[127.08217714526859,37.74365303001975],[127.0824083501538,37.74373594022115],[127.082746674425,37.74372777913444],[127.08327420268441,37.7440916820569],[127.08370220612319,37.74432949945511],[127.08372346904262,37.74437110902981],[127.08368941368217,37.74445789531874]]]}},{"type":"Feature","properties":{"layer":"zone_industrial","id":"zone_industrial_0120","name":"평촌 스마트스퀘어 도시첨단산업단지","category":"도시첨단산업단지","color":"#c026d3","sido":"경기도","sgg_code":"41170","type_code":"UHA220","mgmt_no":"38300004117020130153UHA2200001000"},"geometry":{"type":"Polygon","coordinates":[[[126.96810152777337,37.397617681377504],[126.96803792853191,37.39742736911955],[126.96668889120836,37.39701631511023],[126.96662432577348,37.39692140121875],[126.9667812371956,37.3960862067866],[126.96688889197706,37.39602055437991],[126.9641195817051,37.39576148028109],[126.9640161113543,37.395811093432684],[126.96371163506747,37.39628402924252],[126.96337768517935,37.3969683327603],[126.9633494519346,37.39696796324619],[126.96336197191239,37.39699887208726],[126.96171000947979,37.40035379511719],[126.96167839744467,37.40033333145242],[126.96129840746374,37.40108708127583],[126.96130287672707,37.401177544598056],[126.96133608167102,37.40117647466792],[126.96130286353677,37.40120223237606],[126.96134290715395,37.401274957811964],[126.96164877154716,37.40125406769666],[126.9632426597738,37.401325323887136],[126.96402348897315,37.401405223652816],[126.96512273477094,37.40164496644878],[126.96617162650239,37.40203035989927],[126.96615190971295,37.40176006786539],[126.96627445565402,37.40150809085903],[126.96657932546236,37.40141483627571],[126.96658591514382,37.401330503316856],[126.96673864102392,37.401019788608345],[126.96669215193333,37.40092877251288],[126.9666944488261,37.400846420507676],[126.9666410522652,37.40079495687163],[126.96688571474716,37.40022666908887],[126.96714377682898,37.39998518248473],[126.96709671598556,37.399909934114184],[126.96702773886753,37.399897930529924],[126.96712739689102,37.39974649906657],[126.96806035271192,37.39776804905928],[126.96810152777337,37.397617681377504]]]}},{"type":"Feature","properties":{"layer":"zone_industrial","id":"zone_industrial_0121","name":"서탄2산단, 031-8024-3463","category":"일반산업단지","color":"#9333ea","sido":"경기도","sgg_code":"41220","type_code":"UHA210","mgmt_no":"39100004122020250373UHA2100001000"},"geometry":{"type":"Polygon","coordinates":[[[127.03422015046088,37.125316680237376],[127.03422064906577,37.12647519511267],[127.03432060343083,37.126303570356335],[127.03513672188609,37.12641281096458],[127.03513693318646,37.126890379649],[127.03523255072916,37.126813762719884],[127.03614756355705,37.12681349888253],[127.03614762743885,37.12695366714513],[127.03704899189559,37.12695340033775],[127.03772479146069,37.12710350997169],[127.0377560479832,37.1266688489966],[127.03793885439228,37.126668792959286],[127.03793805779144,37.12500675896492],[127.0412730149549,37.1250010828351],[127.04145131952313,37.12387236862553],[127.04144649099584,37.12369888082901],[127.04140625113988,37.12363383809606],[127.04142781619288,37.1233647933662],[127.04148698454595,37.12326196287007],[127.04150623323632,37.123125130930326],[127.0414967149102,37.12255013383811],[127.0413834494018,37.12115947188178],[127.03805816880867,37.12116488679497],[127.03796283464453,37.11986408713887],[127.03796629901922,37.11976759186422],[127.0380674362817,37.11965824446474],[127.03783949598566,37.11968967132615],[127.03778989227307,37.11970350873385],[127.037798288333,37.11973132179849],[127.03761898142311,37.11976755399447],[127.03773155528232,37.11985555293464],[127.03767371575347,37.120982838015564],[127.0360568107289,37.12100311646268],[127.03579796375392,37.12132697741461],[127.03579007226946,37.123265152803064],[127.03585360564277,37.123392498765284],[127.03585364067567,37.12347003467498],[127.03579285818051,37.12357899901991],[127.03579294671621,37.12377529416495],[127.03517508177164,37.123792050683726],[127.0351756608234,37.1250993933071],[127.03513054648279,37.12519745005045],[127.03501282021595,37.12527692951706],[127.034827412555,37.12531651111359],[127.03422015046088,37.125316680237376]]]}},{"type":"Feature","properties":{"layer":"zone_industrial","id":"zone_industrial_0122","name":"부천대장 제1 도시첨단산업단지","category":"도시첨단산업단지","color":"#c026d3","sido":"경기도","sgg_code":"41190","type_code":"UHA220","mgmt_no":"38600004119020240015UHA2200001002"},"geometry":{"type":"Polygon","coordinates":[[[126.7619612113063,37.536033774131205],[126.763293059269,37.53982941471104],[126.76927528598488,37.538496295399646],[126.76871727002951,37.536912921288426],[126.76987331436607,37.53665525848155],[126.7695226159194,37.535657470042885],[126.76923388088342,37.535721818933894],[126.76824406932936,37.53290550371119],[126.7675996626959,37.533041405147756],[126.7671077968932,37.53324286475018],[126.76506852230071,37.534617803275175],[126.76464129159658,37.534220745157896],[126.76395530805692,37.5346428423044],[126.7626634259754,37.535372364183345],[126.76227699340959,37.5355590242378],[126.76205000328413,37.53580102094546],[126.7619612113063,37.536033774131205]]]}},{"type":"Feature","properties":{"layer":"zone_industrial","id":"zone_industrial_0123","name":"부천대장 제2 도시첨단산업단지","category":"도시첨단산업단지","color":"#c026d3","sido":"경기도","sgg_code":"41190","type_code":"UHA220","mgmt_no":"38600004119020240016UHA2200001002"},"geometry":{"type":"Polygon","coordinates":[[[126.79699288546341,37.53692722494005],[126.79750041427667,37.536928102785915],[126.79750002450372,37.53707117958179],[126.79780800307805,37.537050637020656],[126.79793086164797,37.53719398040174],[126.79816603704448,37.53732576817019],[126.79826317563817,37.53722851116972],[126.79836025705475,37.537252338250575],[126.79831632996321,37.5373039615754],[126.79824238274507,37.53761502779391],[126.8021181935598,37.536979192265505],[126.80213719773977,37.53695522193191],[126.80679509543555,37.53621731486524],[126.80654673621476,37.53554746811453],[126.80662561280153,37.535528091827516],[126.80633508087178,37.53484858840089],[126.80627257050868,37.53485722469916],[126.80625239960912,37.534786959018405],[126.8063044702081,37.53474236490048],[126.80624367704658,37.534331078622735],[126.80620739977658,37.534285068035246],[126.8059864717641,37.53408965568695],[126.80568621338602,37.533954045408024],[126.8056707212202,37.5338774353808],[126.80375937158729,37.53312832790917],[126.80313261565678,37.5341928442331],[126.8023853984481,37.53391416222891],[126.8015572287621,37.53543063721345],[126.80101888016213,37.535247525908154],[126.8004976769783,37.53516910956578],[126.7970175138375,37.535159071260765],[126.79699288546341,37.53692722494005]]]}},{"type":"Feature","properties":{"layer":"zone_industrial","id":"zone_industrial_0124","name":"서울온수일반산업단지","category":"일반산업단지","color":"#9333ea","sido":"경기도","sgg_code":"41190","type_code":"UHA210","mgmt_no":"61100004119020250306UHA2100001001"},"geometry":{"type":"Polygon","coordinates":[[[126.81398904228733,37.49187382849388],[126.81401975394391,37.4920275876264],[126.81451381540431,37.49315399730764],[126.81546463124872,37.493168662009865],[126.81585649484953,37.49259669379771],[126.81787618626048,37.491518534605454],[126.81797069284225,37.49120053874182],[126.817925869378,37.49117298863233],[126.81773057989678,37.49117646921051],[126.81738299106894,37.491082503433496],[126.81728203197741,37.491029547509804],[126.8173055811417,37.491017510842184],[126.81639971188955,37.49056497382451],[126.8163692614342,37.49057853119639],[126.81637269645451,37.49069863974674],[126.81626227485596,37.490860646479675],[126.8157213297714,37.49136553677105],[126.81508831554373,37.491650075182704],[126.81398904228733,37.49187382849388]]]}},{"type":"Feature","properties":{"layer":"zone_industrial","id":"zone_industrial_0125","name":"팔곡일반산업단지","category":"일반산업단지","color":"#9333ea","sido":"경기도","sgg_code":"41270","type_code":"UHA210","mgmt_no":"39300004127020240267UHA2100000003"},"geometry":{"type":"Polygon","coordinates":[[[126.8843205259997,37.28728972566113],[126.88498295324585,37.287058093798535],[126.88596878343823,37.28683569452036],[126.88707016795429,37.286706024782795],[126.88721100515016,37.28678779426732],[126.88746075947004,37.28710564859973],[126.88748297654506,37.28732885538434],[126.88745413388318,37.287460828637386],[126.88727842064206,37.28784566973006],[126.88729522956359,37.28799084202786],[126.88739237730715,37.28832963322367],[126.8875233242604,37.28854087091045],[126.88749305856045,37.28909254290212],[126.88763041308404,37.28969258134741],[126.8877254070136,37.29004119133577],[126.88788093834512,37.29025524539173],[126.88796087372205,37.29032951295134],[126.88964839242918,37.289673754767996],[126.88965399765591,37.28588689819784],[126.88940703117049,37.2858299356548],[126.88945037995325,37.28557067792085],[126.88895592210966,37.28568988379904],[126.88823499419064,37.28573240960772],[126.887884142486,37.285701735640714],[126.88710906316685,37.2853940258124],[126.88674238292111,37.285042800283364],[126.88676821460787,37.28495567757221],[126.885597636781,37.284954546190164],[126.88557450700573,37.28499224972243],[126.88521258783683,37.2848579113616],[126.88518115845888,37.284954137659746],[126.88505085745578,37.284954009544414],[126.88497617227668,37.285480714985205],[126.8848604004784,37.28594446084414],[126.8843205259997,37.28728972566113]]]}},{"type":"Feature","properties":{"layer":"zone_industrial","id":"zone_industrial_0126","name":"반월국가산업단지","category":"국가산업단지","color":"#6d28d9","sido":"경기도","sgg_code":"41270","type_code":"UHA100","mgmt_no":"15000004127300000000UHA1000000013"},"geometry":{"type":"Polygon","coordinates":[[[126.74944016904547,37.32120050007775],[126.74960537708208,37.32149287371353],[126.74996042493511,37.3222708521145],[126.74999809679726,37.32257872189513],[126.74996383268109,37.32294095068676],[126.74991850025356,37.322934276842155],[126.74984189551867,37.32327208791092],[126.74990894602256,37.32339738266769],[126.75007721547037,37.32351784676114],[126.75013900224977,37.32380098952255],[126.75029854585466,37.32403505382217],[126.75088564149695,37.3245232117894],[126.7513994529974,37.324827583379545],[126.75152418008076,37.325185643316416],[126.75184253881598,37.325367060720836],[126.75190502120917,37.32544233787859],[126.75201410368166,37.32538030721051],[126.75222103639135,37.32558239234765],[126.75279927325917,37.32592446620052],[126.75303042190737,37.32603757970892],[126.75379723000158,37.32595836562102],[126.75413616588312,37.32599178179802],[126.75475344394614,37.32612957563554],[126.7551456525557,37.325673934453725],[126.75555562309879,37.32582516808216],[126.75602150330639,37.32585433752998],[126.75631355707424,37.325801872781575],[126.7575933074872,37.325438711150184],[126.7577627111579,37.32555555353305],[126.75988709536477,37.32669132539174],[126.76328660543501,37.32808642454832],[126.76403392463477,37.32710436978386],[126.76473053407119,37.32688726759639],[126.76708269283571,37.327061523460536],[126.76902219573594,37.32754532507346],[126.76939800334583,37.32759093379906],[126.77089516157992,37.32747276355851],[126.77119303864802,37.32754425425416],[126.77343524628469,37.32744984505773],[126.77472508384113,37.327008570068266],[126.77804469423428,37.32671592602492],[126.77826676421627,37.3266315588703],[126.77854133750884,37.32638132168873],[126.77913191092081,37.32644676610111],[126.78462292152179,37.32663752298688],[126.78489599860772,37.32658675494026],[126.78519017310802,37.326457635768335],[126.78539157425782,37.32629888298151],[126.7855364285724,37.32610749969493],[126.78704975055852,37.32205298548659],[126.78831277985455,37.32235048837473],[126.78858832699302,37.3224575756723],[126.7888656650484,37.322650082656445],[126.7896566988635,37.32348089434928],[126.78978586255957,37.32356816446103],[126.789988612257,37.323646645847475],[126.7902095301407,37.3236837122143],[126.79378169214756,37.323912049185104],[126.79418198574221,37.32391437303994],[126.7947014924408,37.32384968753389],[126.79995589551369,37.32263867657066],[126.80092913272019,37.32227402768519],[126.80215807279448,37.321634809056526],[126.8029506507687,37.32116266207581],[126.80453950829803,37.320340555206506],[126.80540233912986,37.31983967577643],[126.80818492185354,37.31832708098209],[126.80856801909383,37.317785216843724],[126.81170063883177,37.31619864809033],[126.81206014552987,37.31588129722255],[126.81236768658422,37.315433988338214],[126.81245155192607,37.31521724542389],[126.81252520184641,37.31488555126442],[126.81253717701247,37.31456318330553],[126.81246586229781,37.31430033023233],[126.8122572900092,37.313800107630406],[126.81222254744875,37.31379906093824],[126.81231305607635,37.31400986556007],[126.81184103989114,37.31415327418193],[126.8109329816139,37.31337026537362],[126.81087049989452,37.31336466848167],[126.81077716553514,37.3134258779753],[126.81063336520158,37.313458443483086],[126.81049678563434,37.31344596916528],[126.81042351559641,37.31355775832496],[126.80995993438933,37.313799925528734],[126.80977066953267,37.31356652359953],[126.80974701830009,37.313418086281644],[126.80936694817893,37.31351396971856],[126.80936435246815,37.313425755050325],[126.80904748454547,37.31359841737628],[126.80875085428072,37.31367341355779],[126.80852885418282,37.31377631835605],[126.80799767714159,37.31421823319091],[126.8077475813783,37.314348833155435],[126.80827597674376,37.3153560799097],[126.80805170682937,37.31547530665726],[126.80739569617346,37.315532456736996],[126.80743418310227,37.31531036294754],[126.80706239635938,37.31530387797373],[126.80677003112305,37.31562012580719],[126.8069900980545,37.315583140215274],[126.80701958648717,37.31565341462607],[126.8068400890968,37.315768144439936],[126.80675898987543,37.31563207325941],[126.80672458010731,37.31563291765426],[126.80658826856728,37.31580810490088],[126.80612188096482,37.31558584566723],[126.805770117751,37.31546596857216],[126.8028706138467,37.314724134292845],[126.80295868906276,37.31426358758197],[126.80320682154141,37.3140245109371],[126.80326050460283,37.313600307759785],[126.80287318071177,37.31365419739714],[126.80271068843115,37.31343664213788],[126.80259277961672,37.31311175928954],[126.80282883845871,37.31280431125411],[126.80358141503993,37.31215743714159],[126.80418805626675,37.31213966375413],[126.8037257455298,37.31156095578023],[126.80359473471069,37.31133221846901],[126.80298834876753,37.31049589733375],[126.80320190291188,37.3104597367572],[126.80339289337081,37.31048478980448],[126.80368112942428,37.310080413724954],[126.80421810395745,37.30965014184577],[126.80411116537039,37.309642088557496],[126.80420203568565,37.30934560410197],[126.8041401605914,37.30927338275847],[126.80455128509709,37.308752355180594],[126.80469793313777,37.308434068155684],[126.80474949463526,37.308481628989284],[126.80478567978766,37.30844754022628],[126.80467781808217,37.308391803578104],[126.80495643042724,37.30767470684352],[126.80633596901457,37.307379443724315],[126.80798688047156,37.307176414181065],[126.80789285137644,37.307704253200356],[126.80793709876455,37.308000655313535],[126.80817286447672,37.30783258469409],[126.80851940331608,37.30764943088425],[126.80856236859762,37.30765391596916],[126.8078840952296,37.30595441724846],[126.80766894571889,37.306011514568894],[126.80767547700714,37.30604654819297],[126.80758832900935,37.306033637879885],[126.80747020273807,37.30607501766897],[126.80669102456017,37.30653245058326],[126.80622290358409,37.30661863722595],[126.80584029354284,37.30656134870978],[126.80561879166665,37.30661353921414],[126.80557894635994,37.30650675560982],[126.80488403254618,37.30621585987998],[126.80475627281788,37.30582814280907],[126.80460350314725,37.305273333516055],[126.8050012046619,37.305059243650575],[126.80527210518731,37.30452155453192],[126.80550032510098,37.303908188847586],[126.80539445170898,37.30374927944932],[126.80535094722104,37.30375790227107],[126.8052970185204,37.30366744883017],[126.8053730581125,37.303617657938396],[126.80531208817888,37.303597824383104],[126.80575667992599,37.303396189742614],[126.80579388336484,37.30331624001822],[126.8057116799858,37.30295929712222],[126.80561759060006,37.302967070477834],[126.80559782084129,37.302761603449696],[126.80569023094039,37.302748871678745],[126.80567808126118,37.30264955832615],[126.80560176710435,37.30267520142711],[126.80566801040906,37.30257502667231],[126.80561351135401,37.3023654475387],[126.80641983043111,37.30228557871053],[126.8056891812402,37.300456384776695],[126.80561239291043,37.30036128935597],[126.80522177805027,37.29953386783952],[126.80568670790706,37.29801684679221],[126.80017083874093,37.29699519723582],[126.79980935031838,37.29704341753594],[126.79914524525077,37.29735043572642],[126.7988396364731,37.29737865564835],[126.78582545556856,37.294843409301926],[126.78517309908807,37.29477617341416],[126.7846622381085,37.29480326061689],[126.78416460008566,37.29489902827036],[126.77557882343079,37.2973515888887],[126.77517828666804,37.29646123864548],[126.77525109447873,37.296440293782624],[126.7751916030032,37.296307999215635],[126.7751187953039,37.29632894404274],[126.77490312624215,37.29584954475293],[126.77506942191022,37.29560550413447],[126.77508758374042,37.29549128848944],[126.77506062941104,37.295378247975336],[126.77499134595132,37.29527729033815],[126.77488635754884,37.29519842960171],[126.77468522553346,37.295137675448196],[126.77454119353527,37.29514118367426],[126.77440562639599,37.295180118380294],[126.77424648288711,37.29529568517722],[126.77417043586514,37.295456372696286],[126.77419394473037,37.29562707260249],[126.77426322744041,37.295728030697944],[126.77436821592266,37.295806891980234],[126.77469091305363,37.29591040821131],[126.77536649457994,37.29741218300839],[126.75734700791904,37.30254900156168],[126.75716852385176,37.30263323965747],[126.75335865077304,37.3052248741135],[126.75423558560139,37.307456740514446],[126.75402650558267,37.3073725981752],[126.75363853052627,37.307493424784084],[126.75290692333789,37.30872377300846],[126.75346755277607,37.31000946069358],[126.75099422820553,37.31070659161684],[126.75110604613612,37.31131015492985],[126.75124117668304,37.311619492487615],[126.7513120963118,37.312004560481775],[126.75133539289905,37.31232735700307],[126.75122096988473,37.312712843988244],[126.75144445957892,37.31294569083565],[126.75150827174596,37.313161260776994],[126.7512633062247,37.31365567615295],[126.75164229831621,37.313839745440966],[126.75145202734006,37.31410082103313],[126.75140819089651,37.314427349966415],[126.75064184086573,37.31732279280928],[126.75046877884544,37.31752785940319],[126.74971692999958,37.320384761557676],[126.74966990671349,37.320682449932285],[126.74948040186693,37.32117986222057],[126.74944016904547,37.32120050007775]]]}},{"type":"Feature","properties":{"layer":"zone_industrial","id":"zone_industrial_0127","name":"오정지방산업단지","category":"일반산업단지","color":"#9333ea","sido":"경기도","sgg_code":"41190","type_code":"UHA210","mgmt_no":"15000004119020090000UHA2100001001"},"geometry":{"type":"Polygon","coordinates":[[[126.78648399992598,37.532258323097935],[126.78380649179297,37.53222062169346],[126.7803573842744,37.53000128625793],[126.78100482350047,37.52931810293935],[126.78106101259534,37.52917720249828],[126.78128924297827,37.52882808820605],[126.78145841186452,37.52884260316523],[126.78158733069297,37.52870606360326],[126.7814538849187,37.52853507692972],[126.78153490143318,37.52845314742088],[126.78152695645834,37.528423399864096],[126.78136800641052,37.528423554192265],[126.78082016333536,37.52829062643917],[126.78084037475556,37.52818867182976],[126.78078157212839,37.5281416202268],[126.78079020233783,37.5280538796638],[126.78109918604147,37.5280843696587],[126.78111050681326,37.52804330551634],[126.78161521220134,37.52811055934727],[126.78160037222341,37.5281558516511],[126.78170339987989,37.52816766624776],[126.78179901909881,37.528159645132796],[126.78185517100836,37.52806919980804],[126.78197227412129,37.52810347506664],[126.78200486091593,37.528024518570966],[126.78214358030459,37.527901430396405],[126.78233249595759,37.52782835022028],[126.78235787654576,37.527234823234856],[126.78219283924832,37.52730569532203],[126.78145870917109,37.52739343799231],[126.78085102339513,37.52737725762952],[126.78053749379873,37.52727810282586],[126.77948713141456,37.52668985689998],[126.77820220436243,37.52680726650078],[126.77811831318343,37.53160822667093],[126.77896730645124,37.532325217240604],[126.77978750524902,37.53276130838718],[126.78222207130436,37.533782803592864],[126.7826907528802,37.534072801206094],[126.78288213111824,37.534246506474496],[126.78297638543296,37.53439867824148],[126.78325753819698,37.534243777074614],[126.78338954264076,37.53421527931278],[126.78677528720635,37.5340089400438],[126.786895434771,37.53393239393078],[126.78695534636289,37.533832222386906],[126.78706389960868,37.533418774131995],[126.78671566843134,37.53298116015797],[126.78655226306633,37.53287463588523],[126.78648399992598,37.532258323097935]]]}},{"type":"Feature","properties":{"layer":"zone_industrial","id":"zone_industrial_0128","name":"오성일반산업단지","category":"일반산업단지","color":"#9333ea","subtype":"오성산단, 031-8024-3432","sido":"경기도","sgg_code":"41220","type_code":"UHA210","mgmt_no":"64100004122020110082UHA2100001001"},"geometry":{"type":"Polygon","coordinates":[[[126.94616306556135,37.03238760959629],[126.94731008193867,37.03243008375818],[126.94734046059666,37.032225464527286],[126.94729303559787,37.03206144804589],[126.94740888293285,37.031783881082646],[126.94769560688925,37.03176238573745],[126.9476986757984,37.03155432993758],[126.94766952762126,37.031450423281136],[126.94757350679716,37.0313473873163],[126.94742253955087,37.03106888779376],[126.94728780945738,37.03071722854498],[126.94797739250501,37.03060968340237],[126.94806201269655,37.030622156313655],[126.94832171518952,37.03146918928178],[126.94851559979887,37.03161461869195],[126.94880642062736,37.03168088676394],[126.94958537232014,37.031721327734026],[126.94970504734566,37.03175228674877],[126.95020176632491,37.03199065545382],[126.95194323455425,37.03255753806789],[126.9519888792184,37.0325366522867],[126.9520083081172,37.03221317609483],[126.95174690652478,37.03218134910492],[126.95158689757193,37.03212586607536],[126.95140658345558,37.0320134266035],[126.95081219363621,37.031266727342434],[126.95070387440639,37.03106084044787],[126.95064199730386,37.03085157632376],[126.9505399766342,37.03070740629811],[126.94996511164088,37.03010028688716],[126.94986870761734,37.02989714362005],[126.95026277197671,37.02984928734021],[126.95033945313419,37.029800662597594],[126.95073804077182,37.02937210423777],[126.95089702424166,37.02926963026563],[126.95107853712734,37.029087781301726],[126.95180380001591,37.028695130176224],[126.95187932897115,37.02868678182091],[126.95219238723654,37.02876359345227],[126.95228508784585,37.02896583226569],[126.95226848008292,37.029100535488],[126.95218785747471,37.029164387944945],[126.9519434893337,37.02957048892209],[126.95192375980572,37.02966545355279],[126.95221695349075,37.02970513268773],[126.95223139213682,37.02979704791148],[126.95260944676542,37.02982513746358],[126.95258793360128,37.02989856587287],[126.95315102351988,37.029857257258364],[126.95332076296964,37.02980389279078],[126.95335123928807,37.02977344896478],[126.95332465113367,37.029697838327806],[126.95322582652898,37.02957687445476],[126.95311539011179,37.02951303365899],[126.95317814964213,37.02943827034509],[126.95335630133754,37.02905385577984],[126.95327486746355,37.028980295322825],[126.9536369363074,37.0286871432919],[126.95418362685696,37.02843479230868],[126.95420828520116,37.02854211970191],[126.95417736514784,37.028564544045324],[126.9542809196529,37.02867019082125],[126.95423616920357,37.02870369284934],[126.95447823657295,37.02890634977689],[126.95442922528007,37.02892381112423],[126.95467346339254,37.029070782321064],[126.9547852234587,37.02917652199297],[126.95483822326928,37.029069315398736],[126.95507115524866,37.02895983652711],[126.95515642856412,37.02882110492326],[126.95517991112425,37.028646216203754],[126.95508834297205,37.028048409864745],[126.95514238238577,37.02789290610626],[126.95514205656588,37.027134474333],[126.95553815492454,37.02685250297705],[126.95571488233095,37.026564318567736],[126.95578493000578,37.02650920000383],[126.95584011985478,37.02630503847349],[126.95637011881429,37.02516133094073],[126.9563358436855,37.025159515758546],[126.95607800138448,37.024887437899054],[126.9557079305622,37.0246653076723],[126.95536543566892,37.02441305516949],[126.9547102019632,37.02414265734507],[126.95407398765056,37.023835770087246],[126.95379968946469,37.02380529403625],[126.95314693275292,37.02354453002056],[126.95238068506356,37.02309899575308],[126.95127564241453,37.02399852377379],[126.95112221963437,37.024036483973525],[126.9472168488597,37.023354272513224],[126.94671944436817,37.02330109697939],[126.94629062180015,37.03008536150556],[126.94630050764403,37.03035536294975],[126.94620462530222,37.03144559579433],[126.94629872667511,37.031294412927245],[126.94631933138623,37.03132048147202],[126.94622618661057,37.03145440028805],[126.94616306556135,37.03238760959629]]]}},{"type":"Feature","properties":{"layer":"zone_industrial","id":"zone_industrial_0129","name":"시화국가산업단지","category":"국가산업단지","color":"#6d28d9","sido":"경기도","sgg_code":"41270","type_code":"UHA100","mgmt_no":"15000004127020100557UHA1000001000"},"geometry":{"type":"Polygon","coordinates":[[[126.71769585273488,37.3081536490833],[126.73854676490684,37.32967254109605],[126.74655225757886,37.32472470393173],[126.74763794413595,37.3248344401193],[126.74755392692228,37.325225574252755],[126.74755074894192,37.32546587033012],[126.74758864622959,37.32570427229431],[126.7490812624973,37.33187714691119],[126.74947686925391,37.33163274996754],[126.7492473504379,37.33078228141546],[126.74900314458837,37.32961863056233],[126.74892105089395,37.329469345115704],[126.74889187972839,37.32948739339678],[126.74797852059464,37.32565338952542],[126.7479490841728,37.3252470550787],[126.74816422387298,37.32421097862374],[126.74895533988376,37.32138156328095],[126.74905718082394,37.32118986249707],[126.74938063980206,37.32118861489797],[126.74947130177662,37.32089809265499],[126.74962228273029,37.32058530828742],[126.74960780641791,37.320359300647965],[126.7512117662482,37.314298088120914],[126.75125402853173,37.31424249415204],[126.75139547717569,37.314192407859224],[126.75143646259001,37.313841094703605],[126.75147304123918,37.31375753884334],[126.7512633062247,37.31365567615295],[126.75122096988473,37.312712843988244],[126.75133539289905,37.31232735700307],[126.7513120963118,37.312004560481775],[126.75124117668304,37.311619492487615],[126.75110604613612,37.31131015492985],[126.75099422820553,37.31070659161684],[126.75346758679443,37.31000940670334],[126.75290692333789,37.30872377300846],[126.75363853052627,37.307493424784084],[126.75402650558267,37.3073725981752],[126.75423558560139,37.307456740514446],[126.75335863961193,37.30522483804904],[126.75690525090823,37.30281227051667],[126.74857963930168,37.30518735746893],[126.74848663646792,37.30497936398301],[126.75292871151139,37.303711860152944],[126.75082104504166,37.298998476576365],[126.75504538182534,37.29779294334336],[126.75660111760477,37.30126070385551],[126.75688742795596,37.301179455645254],[126.75749489871258,37.30255667695415],[126.78415581291415,37.29491916814367],[126.78395672062122,37.29451979990837],[126.78369103936457,37.29414597910372],[126.78336376816723,37.29380476054458],[126.78298109170912,37.293502561458844],[126.78255021133567,37.29324508913829],[126.78207925525301,37.29303719665483],[126.78157709835047,37.292882801479294],[126.78105320460999,37.29278480413631],[126.78038283766728,37.29274434094812],[126.76916168349811,37.29283761987128],[126.76839109656808,37.29288507568235],[126.7678220718233,37.29297412861087],[126.76726699255151,37.293108068609264],[126.74614125880096,37.2991393314015],[126.74546050849038,37.29942934301295],[126.74363992562733,37.300559828703015],[126.74329514219545,37.300730920887894],[126.73958509507936,37.301807154655776],[126.73942888923798,37.30146955457679],[126.73922999315884,37.30117436111635],[126.73956730996947,37.30082434738362],[126.73978290538068,37.3005156099186],[126.73991046067201,37.3002707314952],[126.74028604676424,37.299344539372434],[126.74029295504548,37.29921568972419],[126.74023129842004,37.299084075760796],[126.74010801960229,37.298983825595926],[126.73994439804318,37.29893223172481],[126.73978301170222,37.298935452050785],[126.73962282250424,37.29899351131636],[126.73911779802452,37.299438103895774],[126.73885217889408,37.29959515844651],[126.73637247591883,37.30040769009617],[126.73373839299381,37.30105365309361],[126.73350936794851,37.30107103813923],[126.73255114881937,37.30103981548668],[126.73241562099497,37.3010618619109],[126.73225843538081,37.30115093133739],[126.73216857711944,37.301299171027026],[126.73218283440787,37.301463487651745],[126.73229743776811,37.30160040707807],[126.73396695276715,37.302269357499775],[126.73452579793044,37.3024107830987],[126.73498968152593,37.30246704348471],[126.73505785858822,37.302724431036026],[126.73520024584501,37.303057626704046],[126.73286931900803,37.30372227215097],[126.73248320131586,37.30380513651283],[126.73208540924819,37.30383722724068],[126.72984305478003,37.30387452188553],[126.7292914862938,37.30394806677877],[126.72097077859497,37.30631580561427],[126.72054441439022,37.30646445457318],[126.72014761331191,37.306658403756394],[126.71769585273488,37.3081536490833]]]}},{"type":"Feature","properties":{"layer":"zone_industrial","id":"zone_industrial_0130","name":"현곡지방산업단지","category":"지방산업단지","color":"#7e22ce","subtype":"현곡산단, 031-8024-3432","sido":"경기도","sgg_code":"41220","type_code":"UHA200","mgmt_no":"15000004122000000000UHA2000000003"},"geometry":{"type":"Polygon","coordinates":[[[126.93704990067235,37.035422274628814],[126.94113828710242,37.03559184352527],[126.94099816551596,37.03993754069238],[126.9431571384464,37.03972119385725],[126.94921348122207,37.03957660218661],[126.94958807365184,37.032541212955785],[126.93819396468915,37.032056131824504],[126.9376380613774,37.03315000370601],[126.93704990067235,37.035422274628814]]]}},{"type":"Feature","properties":{"layer":"zone_industrial","id":"zone_industrial_0131","name":"장당산단, 031-8024-3432","category":"지방산업단지","color":"#7e22ce","sido":"경기도","sgg_code":"41220","type_code":"UHA200","mgmt_no":"15000004122000000000UHA2000000002"},"geometry":{"type":"Polygon","coordinates":[[[127.05826827192628,37.04413671032317],[127.0595064424079,37.044723887568125],[127.06078751744232,37.044820605840194],[127.06076001307504,37.04479470484814],[127.061983989364,37.04361964340872],[127.06205564575814,37.043515749679514],[127.0619333784957,37.04341516263422],[127.06237856264157,37.043054057018516],[127.06284097705235,37.042737994249116],[127.0668093286881,37.04030425159075],[127.066940234597,37.040423327851194],[127.06744406166803,37.040099502006846],[127.06780061820845,37.039766808765],[127.06846319171036,37.03905645715059],[127.06841158862942,37.038980084585056],[127.06841325245003,37.03892916421451],[127.0682448658392,37.03873851165882],[127.06822376154172,37.03862816054093],[127.067909453823,37.038329821547],[127.06789508472902,37.038208662769655],[127.06762829988068,37.03801082874066],[127.06753632595174,37.03796228527771],[127.06740731030922,37.03794569622761],[127.06671217491542,37.038670179737714],[127.06537101768618,37.03964863255988],[127.06542009064432,37.03963295456193],[127.06442423572555,37.0402272824623],[127.05826827192628,37.04413671032317]]]}},{"type":"Feature","properties":{"layer":"zone_industrial","id":"zone_industrial_0132","name":"추팔산단","category":"지방산업단지","color":"#7e22ce","subtype":"추팔산단,031-8024-3432","sido":"경기도","sgg_code":"41220","type_code":"UHA200","mgmt_no":"39100004122020250516UHA2000000007"},"geometry":{"type":"Polygon","coordinates":[[[127.07163853665142,36.958009515467424],[127.07229758059826,36.9584376788705],[127.07232547880372,36.95849388973337],[127.07234588916434,36.958466754999584],[127.07740911989693,36.961692291320524],[127.08291130066263,36.95584550196551],[127.08281151608902,36.95576951900362],[127.08204403446317,36.95539735445617],[127.08136420863111,36.95487870015003],[127.08083807156753,36.954571684650084],[127.08049311643809,36.954207156493254],[127.08017335465271,36.9539253840489],[127.07960071297447,36.953596281248025],[127.07931758257159,36.9535144686078],[127.07774581810611,36.952370122121266],[127.07740025040852,36.95215543527099],[127.07683369632001,36.95167777164275],[127.0763388088675,36.95134540478272],[127.07563956976006,36.9511072366319],[127.0752408385174,36.95105224850131],[127.0748741742116,36.95106905552516],[127.07405963025768,36.951330500545865],[127.0729246563611,36.95252025728427],[127.07540297480756,36.954008500589495],[127.07515969378332,36.954264378903325],[127.07509212524789,36.954287308284435],[127.0750440533218,36.95438591646956],[127.07416044704182,36.955345211883504],[127.07163853665142,36.958009515467424]]]}},{"type":"Feature","properties":{"layer":"zone_industrial","id":"zone_industrial_0133","name":"고렴일반산업단지","category":"일반산업단지","color":"#9333ea","subtype":"고렴산단, 031-8024-3432","sido":"경기도","sgg_code":"41220","type_code":"UHA210","mgmt_no":"39100004122020170385UHA2100001000"},"geometry":{"type":"Polygon","coordinates":[[[126.93057138107153,37.05415968574796],[126.93067706201886,37.0542536220435],[126.9309107584023,37.054313339869395],[126.93136659470856,37.05460420431083],[126.93169990585407,37.05475659108513],[126.93196698280184,37.055174392427986],[126.93252017253657,37.05573175487444],[126.9325065247789,37.05578058475866],[126.9326380017123,37.055848781793905],[126.93266557398587,37.05594241863225],[126.93273027705405,37.05600282762837],[126.9329140255076,37.056079254350855],[126.93302340411658,37.05619318533668],[126.93307540948226,37.05625939869296],[126.93304856418705,37.05636956564428],[126.93306696417342,37.05641192639407],[126.93322652565615,37.056506720434164],[126.93341896252666,37.05680147981891],[126.93393505277082,37.0568747612554],[126.9341297901181,37.05698777564752],[126.93419747451257,37.05715009615873],[126.9347238286459,37.05753577975842],[126.93518665442356,37.057714630747206],[126.93563665102053,37.058001222333296],[126.9359549365419,37.05816050892385],[126.93654678679508,37.058202193387906],[126.93706460927271,37.05839566440796],[126.93738193630634,37.05844356582334],[126.93764268127029,37.05833957922449],[126.93767764255077,37.05823746215758],[126.93755220055681,37.057920840947936],[126.93663461558319,37.05681684261577],[126.93592472353839,37.05542043864293],[126.93586193629991,37.05510430965833],[126.93578556351336,37.0549767123469],[126.93542522637345,37.05473493616132],[126.93509439313387,37.0543107994264],[126.93502199984827,37.05430192842746],[126.93518845987096,37.05396006663548],[126.93522869905654,37.05396973053712],[126.93538258319688,37.05373770151],[126.9354664742911,37.053710626111496],[126.9351034799099,37.05333958933576],[126.93489593198993,37.052791795337114],[126.93489643716877,37.0525996430245],[126.93507048092364,37.05200154001853],[126.93504604910855,37.051824268358565],[126.93483361775056,37.051299565736336],[126.93451401559666,37.05101073775583],[126.93403605219018,37.05042922429062],[126.93371805621888,37.05016210175953],[126.9327753569466,37.04977233425903],[126.93219628801367,37.0496571112929],[126.93202947182613,37.049645299854745],[126.93206025233356,37.04966919616819],[126.93174338585283,37.04987409330366],[126.93184809627056,37.05006563170147],[126.93239006362818,37.05068372058617],[126.93254856624546,37.050953105854404],[126.93257450147739,37.05110210342726],[126.9324447669324,37.051353335710104],[126.93235902159921,37.051443302411506],[126.93238948503914,37.051445843149274],[126.932011442691,37.05166485204333],[126.931398292084,37.051677556821],[126.9314060999211,37.052477979560805],[126.93136894421052,37.05278396004665],[126.93122597956298,37.05298904845971],[126.93122136086801,37.052877313388876],[126.93116477471683,37.05279663433899],[126.93111094330273,37.05277650861437],[126.93109405408991,37.0528046118909],[126.93114221153284,37.052882042134236],[126.93097138662725,37.05323427600371],[126.93114841006395,37.053109024639575],[126.93085345211824,37.05355334579873],[126.93074945002333,37.05380738474642],[126.93059046950194,37.05405213678637],[126.93057138107153,37.05415968574796]]]}},{"type":"Feature","properties":{"layer":"zone_industrial","id":"zone_industrial_0134","name":"재생사업지구 (경기도 41220)","category":"재생사업지구","color":"#be185d","sido":"경기도","sgg_code":"41220","type_code":"UHA700","mgmt_no":"39100004122020210479UHA7000001000"},"geometry":{"type":"Polygon","coordinates":[[[127.07749773603545,37.00869099988452],[127.07867350763388,37.01009474511286],[127.07866144994631,37.01483944509468],[127.07862799710834,37.014871274716285],[127.07866161669564,37.014893239046884],[127.0786601569357,37.01533882059626],[127.0786322927901,37.01534154192633],[127.07866001619206,37.015421899615],[127.07865816050798,37.016142759142866],[127.08585174429531,37.0162703223983],[127.08595515125481,37.012132521184185],[127.08459312006579,37.01039468086231],[127.08371385625225,37.0097196680399],[127.08364950969296,37.009543102123956],[127.08369489551315,37.009328074484834],[127.08271073867554,37.00867925783342],[127.08272168961243,37.00862284311001],[127.08251414632694,37.008391679251204],[127.08246493870507,37.00839585776683],[127.0817423618828,37.008062320297604],[127.08144186531281,37.008007737755385],[127.08090840751926,37.00779859610711],[127.08062286013649,37.00763974720973],[127.0803719193345,37.00748096473799],[127.08024611893177,37.00719018151507],[127.07749773603545,37.00869099988452]]]}},{"type":"Feature","properties":{"layer":"zone_industrial","id":"zone_industrial_0135","name":"반월특수지역(시화지구)","category":"산업단지기타","color":"#d35400","sido":"경기도","sgg_code":"41270","type_code":"UHA999","mgmt_no":"16110004127020120024UHA9990006000"},"geometry":{"type":"Polygon","coordinates":[[[126.57606486923478,37.29404925506156],[126.57809901976661,37.29543722348823],[126.61274003537882,37.31474343864171],[126.62586155026635,37.31825200211799],[126.65474820895255,37.31474791218698],[126.65649285460601,37.31429280489382],[126.64298368938718,37.31299952552335],[126.63873719649776,37.31227270442365],[126.6322674941657,37.30868139262056],[126.62602886689268,37.30366157139209],[126.62425854504693,37.29972682866177],[126.6245129787504,37.29329776445679],[126.63027444248141,37.28642975733828],[126.62897204975046,37.28397604472694],[126.61172584046408,37.27814064427748],[126.58770914268837,37.290937842179346],[126.58310362101673,37.290500216416014],[126.58288029684708,37.29082972435434],[126.58265932755357,37.29071778328816],[126.58206754753928,37.29064038019895],[126.58132699500693,37.290620246861415],[126.57955222295566,37.29083946000717],[126.57833174463879,37.29106759434077],[126.57820338315038,37.291361788306006],[126.57795510121768,37.29169518011231],[126.5776250336432,37.29154783446017],[126.57732707239646,37.2917122131251],[126.57735778479484,37.29220576900288],[126.5770502277707,37.29231310477165],[126.57731159460799,37.29243223804631],[126.57606486923478,37.29404925506156]]]}},{"type":"Feature","properties":{"layer":"zone_industrial","id":"zone_industrial_0136","name":"칠괴산단, 031-8024-3432","category":"지방산업단지","color":"#7e22ce","sido":"경기도","sgg_code":"41220","type_code":"UHA200","mgmt_no":"15000004122000000000UHA2000000004"},"geometry":{"type":"Polygon","coordinates":[[[127.08780351158703,37.031912567042376],[127.08792664401034,37.03313984328696],[127.08817130596493,37.03323367350099],[127.0885287267052,37.03351950169105],[127.08896152151345,37.033785873222136],[127.0890439579825,37.03388005535563],[127.08908049772661,37.03395880894981],[127.08906165479108,37.03408110707121],[127.08912999405979,37.034319065261684],[127.08951616639581,37.035133896343744],[127.09421252277741,37.034897429594224],[127.096170956423,37.03295182479379],[127.09639320426595,37.032990393300764],[127.0969944901108,37.03297918823072],[127.09815302778043,37.03270991159706],[127.09842214289675,37.032217347336235],[127.09901579715675,37.030725229102714],[127.09848774798981,37.02883359372031],[127.09888087871592,37.02848392662992],[127.09938756971408,37.028264459452295],[127.1000076185327,37.02819122997586],[127.10003873464285,37.028266894095786],[127.10009496229435,37.028206926183294],[127.10009957626691,37.02812474468664],[127.1001488398502,37.02806784617409],[127.10027972088622,37.02811774674105],[127.10043741192814,37.02717563581464],[127.10038395800248,37.026860305500726],[127.09968776511084,37.02591737194576],[127.0992860750281,37.02509971109335],[127.0990908598823,37.02482864930008],[127.09895719238132,37.02470378053785],[127.09880624649486,37.02460064161145],[127.0977937372947,37.02418382083389],[127.09760289517195,37.02407737876569],[127.09707811713528,37.023655650531666],[127.09661610614474,37.02336758868704],[127.0961109380145,37.023254727770905],[127.0958685180611,37.02323834105896],[127.09426997787737,37.0232702377999],[127.09384272215014,37.02330315375719],[127.09362780579238,37.02339272511299],[127.09352522180987,37.02339788674511],[127.0936971526553,37.02356792068269],[127.09311657953127,37.02509120815674],[127.09316204014037,37.025140101229994],[127.09299535666813,37.02540244161772],[127.09430403542858,37.02558578466714],[127.09429936724635,37.02562840899001],[127.09510591086452,37.02570409631838],[127.09525387344377,37.025759575620306],[127.09556605646999,37.025748425627675],[127.09550584810368,37.026045015882424],[127.09549581042266,37.02638094317657],[127.09752897176192,37.02713080874115],[127.0972467241348,37.02789550541796],[127.09660417796579,37.029034434989846],[127.09659821086038,37.02911607678208],[127.09576955437174,37.03054799853491],[127.09561372781965,37.03068517504287],[127.09372217946365,37.03000157610441],[127.09344251818673,37.03006189451325],[127.09332067399514,37.03004910353986],[127.09339287291733,37.029900461107296],[127.09335439415936,37.02977217843431],[127.0933057826154,37.02972229673471],[127.09299462633794,37.02957259887355],[127.09282186646514,37.02955561159796],[127.09244486050449,37.03026071857954],[127.09077926347803,37.03045301028394],[127.09039731852693,37.03060476697522],[127.08953311397953,37.0311495676919],[127.08914551550274,37.031276905523704],[127.0887873351208,37.031282575940935],[127.0884857406259,37.03123684279653],[127.08825675456782,37.03127388222454],[127.08809566758936,37.031344571719124],[127.08797815459883,37.03144554125934],[127.08817988852485,37.03159803541302],[127.08780351158703,37.031912567042376]]]}},{"type":"Feature","properties":{"layer":"zone_industrial","id":"zone_industrial_0137","name":"아산국가산업단지(원정지구)","category":"국가산업단지","color":"#6d28d9","sido":"경기도","sgg_code":"41220","type_code":"UHA100","mgmt_no":"14100004122019790001UHA1000001001"},"geometry":{"type":"Polygon","coordinates":[[[126.7790103395735,37.00724188251373],[126.78729613513447,37.01276898286861],[126.78866038287593,37.01295102069936],[126.78962675529306,37.011839205076015],[126.7898971447136,37.011983858937754],[126.79018109063854,37.011656014189924],[126.79770052276217,37.01266025257254],[126.79767814164433,37.01340029151813],[126.7985922166253,37.01340102870439],[126.7988254171207,37.00788629714452],[126.8002577105953,37.00776753984184],[126.80169033399059,37.00792027704596],[126.80892694044017,37.00855461818151],[126.80901128281114,37.00771827107301],[126.80771138807043,37.00739149038555],[126.80771272766884,37.00725768324413],[126.80881092634478,37.00754655291795],[126.80996322644982,37.00779750149747],[126.81047701915818,37.00780963793191],[126.81113308584403,37.00776388120415],[126.8125050410897,37.0080464965064],[126.81273636806957,37.00807458161088],[126.8129849053199,37.00806284815633],[126.8132039093376,37.00800803209348],[126.81410695677927,37.00761865686465],[126.81500044851042,37.00728299069994],[126.8152235149521,37.00712732918578],[126.81544847991094,37.00705900222596],[126.81566106159326,37.00703743015519],[126.81632133542163,37.00681881648626],[126.81657099357287,37.00679698524432],[126.8183761082021,37.0071322617883],[126.81913597559476,37.00712586263721],[126.81927238709412,37.00707317914387],[126.81929421673262,37.007106462253276],[126.81909717451992,37.007189148458096],[126.81944169543551,37.00712425947144],[126.81948401653992,37.007092426386805],[126.81954880325303,37.00710991642627],[126.82011428795968,37.00706023169822],[126.82106218030246,37.006934534981625],[126.82149044537614,37.00680362854229],[126.82170567411573,37.00667798471098],[126.82176737557582,37.00669841537709],[126.82253634094032,37.00628858871779],[126.82360669821242,37.00601711838826],[126.82360401094115,37.005955309739576],[126.8236635705624,37.005930538372695],[126.82371056709599,37.00582944526623],[126.82374815729654,37.005599052041724],[126.82359638285192,37.00555964599313],[126.82353325819626,37.005508902030655],[126.82338124105631,37.00552067631339],[126.82330318663226,37.005397031005],[126.82340804526952,37.00531000951931],[126.82344210314078,37.00523117163147],[126.82331204693702,37.005081118938996],[126.82320340581279,37.005080018686456],[126.82316298152122,37.0049983747658],[126.8228473748385,37.0050564339118],[126.8229202033167,37.00495453297065],[126.82287336890845,37.00492848455243],[126.82265765364541,37.004473333860886],[126.82286426005828,37.00439904508332],[126.82273351010127,37.004114514468185],[126.82275306729012,37.004082168344304],[126.8232295894889,37.00392745876092],[126.82330014372593,37.00396171539183],[126.82335470396345,37.00407589123244],[126.8234435671461,37.004087891702525],[126.82323382919898,37.00328085463228],[126.82290972181788,37.003200919778244],[126.82319486126092,37.002566307644],[126.82313285011152,37.002323807583714],[126.82361018175928,37.00228920177257],[126.82383591682853,37.002324771833415],[126.82382305131243,37.00220481963754],[126.82411849746195,37.00207118168997],[126.82527049737509,37.00129436957817],[126.82522831774597,37.000926668709816],[126.8255798093371,37.00050359515916],[126.82596532917843,37.00052389938918],[126.82637196382217,37.0000570226674],[126.82649317235253,37.000012598245824],[126.82650948294851,36.999856466111645],[126.82663066199811,36.99972661965637],[126.8267208856226,36.99972143619276],[126.82770358491432,37.00010250162122],[126.82794856832385,36.9999218342111],[126.82802666676304,36.99996267692627],[126.82837458898665,36.999668173107864],[126.82878704411715,36.999202197586094],[126.829079610305,36.99924046801838],[126.82939188149807,36.999159193718775],[126.82964158379937,36.99947439089938],[126.82967122807528,36.999480741333976],[126.8297031728392,36.99936337757],[126.82974068591813,36.99936757679629],[126.82975718823404,36.999322997487056],[126.82989904190549,36.9993887107441],[126.83003149152154,36.99954001231887],[126.83035173902917,36.99991000508342],[126.83045275476319,37.00010225973515],[126.83039137921435,37.00011821040546],[126.83048192080986,37.00022196442939],[126.83059793557018,37.00053957998983],[126.83107202981532,37.00033824073869],[126.83109095805989,37.000162828740194],[126.83164313000417,36.99970785669744],[126.83197436997601,36.99948216051616],[126.83245577260199,36.99922270682237],[126.83245825504913,36.998964011860885],[126.83250111954409,36.99893595936658],[126.832584716791,36.99867539747627],[126.83269461625908,36.99856057668625],[126.83274153413454,36.99841642640132],[126.83279783256967,36.99836879452048],[126.83278357852082,36.99831191645249],[126.83292497618811,36.99812649594949],[126.83302231791467,36.998101854587205],[126.83329804314975,36.99782849909123],[126.83336888444805,36.997696141459244],[126.8332752771604,36.99745370983919],[126.8332256036048,36.997360468302524],[126.83295091748299,36.997061822846035],[126.8329944894776,36.996763448706915],[126.83304171665412,36.99674315144197],[126.83313043408542,36.99650214965751],[126.8334486924226,36.99644979762821],[126.83361458535863,36.996515089965634],[126.83416665750323,36.99659948919362],[126.83449556822056,36.996607431286456],[126.83473166202967,36.99657541460078],[126.83494235484535,36.996497497094076],[126.83504362136175,36.99642330044802],[126.83524994206125,36.99613443460462],[126.83577477933846,36.9959303540966],[126.83620568285319,36.995671733588324],[126.83637622419674,36.995535782434004],[126.83644890478539,36.99554173148463],[126.83649574359258,36.99563283221619],[126.83667637536445,36.99565159123034],[126.83688543986409,36.99559736627262],[126.83686661406206,36.99555477337731],[126.83689085438789,36.99546190614573],[126.83699575624499,36.995419520811346],[126.83700843249015,36.9953234837651],[126.83730105327449,36.99543589250918],[126.83735793732178,36.99541659805965],[126.8374146452631,36.99521780916559],[126.8373669171456,36.99515854254628],[126.83737647983591,36.99509971555701],[126.83758000079779,36.99485337246635],[126.83754804559702,36.99482512468308],[126.83762794958517,36.99454797414968],[126.83830352229909,36.993608542530225],[126.83833701790414,36.993441439074935],[126.83845559606674,36.993252826676816],[126.83835914287286,36.99307554272314],[126.83860647782784,36.992928646614345],[126.83838695881012,36.99283256087139],[126.8383234943897,36.992672983279505],[126.83851324085585,36.99246019362093],[126.83762031644754,36.99212108802836],[126.83730880544739,36.992268560157946],[126.83703941024186,36.99220571569096],[126.83657201120782,36.992302383440965],[126.83643384263546,36.99230219140862],[126.83599973232774,36.99217318374207],[126.83560121545106,36.99210387543902],[126.83538362410258,36.992105643644074],[126.83471169635878,36.9919827860033],[126.83460263260447,36.991926495714075],[126.83433879957224,36.991910626012015],[126.83369760249872,36.992169231212216],[126.83296774948359,36.99302801262123],[126.83272555321027,36.99298456109507],[126.83207159908052,36.99226748180422],[126.83152603331617,36.99179832284332],[126.8315279389257,36.99159819667105],[126.83136978689055,36.99154296847512],[126.83120679151004,36.99160457560209],[126.83077273254742,36.99165434933668],[126.83079532915401,36.99161614919109],[126.83076185182811,36.99158713146689],[126.83111925777698,36.99119385685041],[126.83103737001461,36.99115293859044],[126.83102558876989,36.99110662440285],[126.83079354034815,36.99092367895408],[126.83061430281553,36.99101542092407],[126.82984443442975,36.990795168639224],[126.82917809152924,36.99024725029311],[126.82897029409767,36.98994346614281],[126.82888288795411,36.98960174121203],[126.82886604614144,36.98922065170016],[126.82878399997473,36.98925126806826],[126.82873484191127,36.989004382814976],[126.82841096109019,36.98897255360772],[126.8279139461288,36.98905616865634],[126.82769836108622,36.98882166358834],[126.82787049058662,36.98835750084657],[126.82777596769394,36.98800182496],[126.82753330029081,36.98791212791797],[126.82742158638867,36.98876745483017],[126.82747811511433,36.9894504271506],[126.82756909848229,36.989954793541735],[126.82731407417602,36.99042934967334],[126.82732193307426,36.99063810441573],[126.82708451265871,36.99101185545239],[126.82659737295086,36.99121599832084],[126.82659197453171,36.9912433830672],[126.82667167443304,36.991488313701005],[126.82669499011722,36.991676726898696],[126.82677131590127,36.99190417161466],[126.82685542375938,36.99203466298475],[126.82699267733086,36.9920958676327],[126.82716427632764,36.99225322226588],[126.82761354266293,36.99251298542171],[126.82777638621116,36.99266844308919],[126.82775601100256,36.99285523324048],[126.82778104347717,36.992947053414895],[126.82771124297658,36.9930886994238],[126.82771918287003,36.993242686805914],[126.82743947084745,36.99371129573509],[126.82730486313127,36.99383814089829],[126.82713457711209,36.99423576067499],[126.82715119888533,36.99427190018144],[126.82705232794538,36.99433783978817],[126.82699342641062,36.994472364838664],[126.82670814973824,36.99470317003708],[126.82619136981472,36.99483554186084],[126.82607643141291,36.99490716072336],[126.82604259716888,36.99496031920468],[126.82605648508505,36.99512034362852],[126.8260156761595,36.99523639584029],[126.82535554864187,36.99578314562504],[126.82503614022528,36.99593339406138],[126.82508083438569,36.99598908384415],[126.82498398257816,36.99604484255874],[126.82334590736168,36.99612994399244],[126.8211070105384,36.994416872295716],[126.8169353813742,36.996114581812776],[126.81301089519418,36.99660176282887],[126.81272867847363,36.99639236419093],[126.81266725970556,36.996307376264156],[126.81265865035718,36.99622276066712],[126.81260687125076,36.9962010254631],[126.8128112414588,36.99606731561707],[126.8122759283099,36.99597666244078],[126.81187991412976,36.995755231190635],[126.8115329678631,36.9958648328898],[126.81122697753771,36.9958171895992],[126.81050078633145,36.996309650163724],[126.81069770012839,36.996648554621494],[126.81067739758448,36.99704539126903],[126.81080954539362,36.99726918723812],[126.8101909087565,36.997696833000035],[126.81000376716558,36.99802587395411],[126.80971672029195,36.99837220704005],[126.80937270752135,36.998578005788204],[126.80940318360429,36.99877986871233],[126.80910177633727,36.99859008290541],[126.80851796718537,36.9987602042037],[126.80830042014831,36.99886997062427],[126.80818690760115,36.99896842642071],[126.80808445379803,36.999180417450425],[126.80812050650631,36.99929055140651],[126.8080742981605,36.99926907561135],[126.80805448083622,36.999140487067756],[126.80801765109223,36.99909767107498],[126.80777052612643,36.99904217635367],[126.80745986445876,36.999117854775214],[126.80716154067538,36.99924080490953],[126.80696342714072,36.9991074187898],[126.80585472036242,36.99932627875139],[126.80570063933426,36.999445714379824],[126.80561406890266,36.9995766958573],[126.80566293480695,36.999582390174986],[126.80561301054752,36.99965643916559],[126.80560296531205,36.999740330604624],[126.80563856072474,36.99977341370437],[126.80560586748938,36.99978267686317],[126.80555800875459,36.99978284116575],[126.80555221164657,36.999695346317665],[126.80565175118662,36.99927350154625],[126.80483273165235,36.9993462067565],[126.8047011582898,36.999384455554555],[126.80458685621733,36.999477671343676],[126.8045573621433,36.99957507357495],[126.80435741334618,36.999740620400175],[126.80438188240586,36.999796942117975],[126.804196198349,36.99988497493313],[126.8040731361571,36.99983756306009],[126.80294390702322,36.999754258576665],[126.80239869152489,36.99978937931814],[126.80233205362961,36.99981359652901],[126.80232838687348,36.99991433945818],[126.8017781319614,36.99964638166927],[126.8001876963735,36.99977554029745],[126.79952129009418,36.99990154982074],[126.79945273446356,36.99975852282805],[126.79894792975703,36.9992886805737],[126.79878385458257,36.99901730336516],[126.79868472374437,36.998725411308996],[126.79841233265824,36.998482998203855],[126.79797184975759,36.9982986409412],[126.79756212995785,36.997957872374045],[126.79744399626068,36.99788916069545],[126.79729897246024,36.99786936701864],[126.79706933786771,36.99771375274185],[126.79713319883528,36.99745516428454],[126.7946447570229,36.9974586214563],[126.79422308796977,36.996552405399996],[126.79428364802381,36.99653648101326],[126.79424349535988,36.99644644765342],[126.79405315350886,36.99649853969203],[126.79358049376866,36.99544443786668],[126.79331257071338,36.99551008014579],[126.79297435055499,36.9945538068375],[126.7903851668787,36.99453832758317],[126.78921856208942,36.9949823692222],[126.7890967450306,36.99515993332601],[126.78896869296587,36.99523647568909],[126.78893083915617,36.99534010356242],[126.7877595536797,36.99703183993579],[126.78748149853463,36.99691699265361],[126.78721145919418,36.99731278890619],[126.78747750939033,36.99743051663017],[126.7859465144439,36.999736306890895],[126.78619499640665,36.99991927031673],[126.78575899966225,37.00034561467826],[126.78557866650755,37.00022974212524],[126.78412176713202,37.001630415060696],[126.78390280377434,37.00148874359216],[126.78372134152423,37.00166246215773],[126.78393692411449,37.00180783117243],[126.78336518005949,37.002366997209634],[126.783488353027,37.00245515022345],[126.78312881551086,37.00279816769888],[126.78269104705716,37.00256469544023],[126.78256103984836,37.00272880247111],[126.78117574543954,37.002203770036296],[126.78111771940112,37.00229678824351],[126.78140964705128,37.002408116824306],[126.78138815958336,37.00244550756484],[126.78146823152406,37.00247600416122],[126.78148821185393,37.00243918729983],[126.78189042477065,37.00259213237977],[126.781505536975,37.00326157483819],[126.78154981930946,37.00389920213964],[126.78251131968483,37.00386702743092],[126.78107182524528,37.005254628441676],[126.78102080422141,37.00522038302481],[126.78044068878043,37.005779230691566],[126.7804913710341,37.0058141064748],[126.7790103395735,37.00724188251373]]]}},{"type":"Feature","properties":{"layer":"zone_industrial","id":"zone_industrial_0138","name":"일반산업단지 (경기도 41220)","category":"일반산업단지","color":"#9333ea","sido":"경기도","sgg_code":"41220","type_code":"UHA210","mgmt_no":"64100004122020155183UHA2100001000"},"geometry":{"type":"Polygon","coordinates":[[[126.85056162558888,36.96619304555601],[126.8609055619333,36.97262719529574],[126.86100385488436,36.972612353728664],[126.86089775608271,36.97241390066959],[126.86174579130771,36.971535899220555],[126.8617328057062,36.971451813256394],[126.86224913348346,36.97091690854666],[126.8624259222492,36.97077870997158],[126.86247407094936,36.97067081706358],[126.86273082323923,36.970405299015106],[126.86273099432475,36.97031104632199],[126.86293812778841,36.970096561007956],[126.86305350736603,36.97007029396411],[126.86386177342428,36.96923503190742],[126.86357506247111,36.96911746879165],[126.86256331655926,36.968588256719045],[126.86215049176337,36.96829032661394],[126.86192638014555,36.968087320493275],[126.8614235504069,36.96745471112709],[126.86066944807509,36.96607120231402],[126.86027244699659,36.96554666272371],[126.85986856307791,36.96516412377262],[126.85930002446908,36.964802291429415],[126.85890537148123,36.96459276760184],[126.85789861073734,36.9639096169523],[126.85663659562888,36.96318703971355],[126.85497040356647,36.96215136616848],[126.85481824824318,36.9620953113381],[126.85466890103375,36.96209737947422],[126.85457448361099,36.962030132200915],[126.85440985704334,36.962094896306155],[126.85268860477277,36.96410792778798],[126.85213194193952,36.96470113078211],[126.85106836986209,36.96575639455041],[126.85056162558888,36.96619304555601]]]}},{"type":"Feature","properties":{"layer":"zone_industrial","id":"zone_industrial_0139","name":"서탄산단, 031-8024-3462","category":"일반산업단지","color":"#9333ea","sido":"경기도","sgg_code":"41220","type_code":"UHA210","mgmt_no":"39100004122020260242UHA2100001000"},"geometry":{"type":"Polygon","coordinates":[[[127.03350711726564,37.129180134486184],[127.0338299591861,37.129292147240605],[127.03400615361278,37.12939443196349],[127.03408635559948,37.129600580496685],[127.0342793429868,37.12973272117544],[127.03444723231765,37.12972746654184],[127.03508564874198,37.1296068433206],[127.03550136160426,37.12964915555069],[127.0366500906827,37.12953273757874],[127.03668964870927,37.12960982917728],[127.03665166316242,37.129672238547656],[127.03666592580853,37.12980341900696],[127.03703502415898,37.12983670208561],[127.03730506385507,37.12990691219613],[127.03763777873239,37.12988979932871],[127.03766077768098,37.12985912038418],[127.03819101532179,37.12993647530323],[127.038568823083,37.13003453680649],[127.03887504336288,37.130215417685854],[127.03896601411672,37.130231220521395],[127.03903398636929,37.13036879020373],[127.0391923524382,37.13042403774317],[127.03915362496168,37.13046203854837],[127.03916525477652,37.13065340102027],[127.03924025844977,37.13071717189801],[127.0393198848485,37.13070772148612],[127.03944776249517,37.13093714340951],[127.03973373297022,37.130717716622215],[127.04041208760678,37.12995765383667],[127.0406499014505,37.12948330492792],[127.04136425512047,37.128824989885246],[127.04115558063033,37.12651186907432],[127.04116945421214,37.12579742601289],[127.04126482288714,37.125001085582674],[127.03793805779144,37.12500675896492],[127.03793885439228,37.126668792959286],[127.0377560479832,37.1266688489966],[127.03772479146069,37.12710350997169],[127.03704899189559,37.12695340033775],[127.03614762743885,37.12695366714513],[127.03614756355705,37.12681349888253],[127.03523255072916,37.126813762719884],[127.03513693318646,37.126890379649],[127.03513672188609,37.12641281096458],[127.03432060343083,37.126303570356335],[127.03422064906577,37.12647519511267],[127.0342678606843,37.12805332761285],[127.03414936597501,37.128190113550346],[127.03413977991113,37.12827284212816],[127.03406414079033,37.12831251839332],[127.03402668380981,37.12837765699074],[127.03402456323326,37.128629115220235],[127.03350711726564,37.129180134486184]]]}},{"type":"Feature","properties":{"layer":"zone_industrial","id":"zone_industrial_0140","name":"일반산업단지 (경기도 41500)","category":"일반산업단지","color":"#9333ea","sido":"경기도","sgg_code":"41500","type_code":"UHA210","mgmt_no":"40700004150020110173UHA2100002003"},"geometry":{"type":"Polygon","coordinates":[[[127.45154314992227,37.18481828464154],[127.4516411340865,37.185028395335365],[127.45189884074783,37.18480756235245],[127.45250471329973,37.184882927458425],[127.45244251027898,37.1850468831158],[127.45247627238541,37.185061982194306],[127.4524010924226,37.18524622456588],[127.45226938278273,37.18536299585128],[127.45218032965616,37.18550020251989],[127.45220306638463,37.18551714568827],[127.45207674022924,37.18559808896422],[127.45199942631407,37.18560721312216],[127.45210140074347,37.185692424140164],[127.45244676841278,37.18581995892752],[127.4527723504193,37.18608569741994],[127.45287193983509,37.18575094231168],[127.45292998750698,37.18574035921966],[127.45297074069829,37.18566226402602],[127.45302013893495,37.18565540810768],[127.45314192997871,37.185323631684795],[127.45381186224765,37.185432624987115],[127.45465055883389,37.18466596962561],[127.45462664301003,37.1845459524925],[127.45465765150057,37.18445825284884],[127.45488069912163,37.18446974387053],[127.45503457422352,37.18411892086403],[127.4543106255311,37.18360349256759],[127.45455383969617,37.18349994347156],[127.45449399445769,37.18298288525766],[127.45443125797965,37.18293015293824],[127.45410683659082,37.18287083366058],[127.45333851273035,37.183141654091784],[127.45333432665461,37.18311949546032],[127.45316800661242,37.183159054470934],[127.45270900455937,37.183179905222104],[127.45227704426755,37.183165330558424],[127.45229418937488,37.18318896268545],[127.4521566597125,37.183165247841636],[127.4522045671915,37.183590086183315],[127.45213863571402,37.183732971563416],[127.45237123944564,37.183817955830705],[127.4520737914931,37.18427507650322],[127.45165917903226,37.18428136479557],[127.45154314992227,37.18481828464154]]]}},{"type":"Feature","properties":{"layer":"zone_industrial","id":"zone_industrial_0141","name":"포승(BIX)지구,031-8008-8619","category":"일반산업단지","color":"#9333ea","sido":"경기도","sgg_code":"41220","type_code":"UHA210","mgmt_no":"64120054122020200001UHA2100001000"},"geometry":{"type":"Polygon","coordinates":[[[126.86263239297386,36.96125389681845],[126.86373093976495,36.96180301535508],[126.86533863230085,36.96277326086012],[126.86626164723073,36.96340930698165],[126.86702580282778,36.96403561463587],[126.86714976695447,36.96403854829782],[126.86723048019252,36.963988269197436],[126.86721554350329,36.96360574370582],[126.86728606377962,36.963540675318725],[126.86725716568436,36.96311542281041],[126.86720643082933,36.962912171804106],[126.8685819027854,36.96243722794163],[126.86976079024019,36.961738401955905],[126.87093039855496,36.96146351246189],[126.87108946560329,36.96155514694251],[126.87107560807539,36.961516385252956],[126.87117629376223,36.961405752968666],[126.87232312440597,36.961115055820294],[126.873052924062,36.961019521888936],[126.8741427230438,36.96091752187824],[126.87504564715964,36.96090010472765],[126.8750225600825,36.96094143975264],[126.8751250083699,36.960983358970445],[126.87518174267726,36.96089745621838],[126.8752239710745,36.96089218475172],[126.87646137733041,36.96109209230231],[126.87776481080105,36.95886544461221],[126.87787512132016,36.9587661702385],[126.87818846554548,36.95823287569266],[126.87878612756272,36.957054249548456],[126.87840342599554,36.95680542531839],[126.87806753993644,36.95663098774072],[126.87724565201562,36.95635277777053],[126.87660764919455,36.95609566071912],[126.87639755643318,36.95610670311331],[126.87610688138587,36.95595979058212],[126.87555514580757,36.95588901249416],[126.87544249296434,36.955843298242826],[126.87537199262498,36.95576861383032],[126.87505110884153,36.95562716322106],[126.87491526278956,36.95541688625622],[126.87466969668726,36.9551540490488],[126.87453026188028,36.95453656893288],[126.87464351836485,36.95441990975624],[126.87482641083018,36.95408490251599],[126.8750656623874,36.954022712486555],[126.87519075293054,36.9539458030873],[126.875908250617,36.953366627648045],[126.87599136380983,36.95334869387],[126.87611402426887,36.95338315465804],[126.87646102302477,36.95368511264251],[126.87651564080794,36.95365345204809],[126.87643094651769,36.952852841602656],[126.87638557706633,36.95279061915087],[126.87184042074918,36.950308398569526],[126.87186572632892,36.95041457370416],[126.87061912962055,36.95188845845237],[126.87026825689702,36.95222678805328],[126.86997991317479,36.95256779899451],[126.8699321290878,36.9526723616973],[126.86728099989188,36.95580515982979],[126.86717746065595,36.95587938199642],[126.86621478959941,36.95701671558079],[126.86616744653497,36.957121367293404],[126.86345580736587,36.960325283912674],[126.86335236944109,36.96040013355285],[126.86263239297386,36.96125389681845]]]}},{"type":"Feature","properties":{"layer":"zone_industrial","id":"zone_industrial_0142","name":"LG, 031-8024-3432","category":"일반산업단지","color":"#9333ea","sido":"경기도","sgg_code":"41220","type_code":"UHA210","mgmt_no":"39100004122020170346UHA2100001000"},"geometry":{"type":"Polygon","coordinates":[[[127.09105279856522,37.12635255067616],[127.09121827356876,37.12628500857438],[127.09149608476295,37.126291474854625],[127.09152342741956,37.12634662575036],[127.09156395644997,37.126352397770965],[127.09172071269566,37.12629669245479],[127.09226917815836,37.12630944727762],[127.09240331879492,37.12635083813313],[127.09257645986143,37.1265401973121],[127.09258904882827,37.1267159475953],[127.09269406155254,37.12684632173415],[127.09266323733765,37.127135593358986],[127.09227945917806,37.12740840312297],[127.09172284211951,37.1279581115439],[127.09192897968661,37.12794868263888],[127.0921502306647,37.12802444564306],[127.09240303191753,37.12804005660545],[127.09239688074479,37.12811900280508],[127.09254288130876,37.12810041013302],[127.09270598766835,37.12814818489127],[127.09317344629285,37.12814513922798],[127.0932986512361,37.128099106538045],[127.09343698514455,37.12810602758531],[127.09355683552344,37.12825696953065],[127.09384373154853,37.128297194812895],[127.09391506756779,37.12834444464911],[127.09398104608026,37.128464864332884],[127.09513669269512,37.1275837160449],[127.09567392614302,37.12713330331926],[127.09499918558159,37.126308740520265],[127.09482047462377,37.1263166484163],[127.09477823144947,37.12627137656752],[127.09454353906523,37.12618004973584],[127.09446125392596,37.125965861202616],[127.09477930035507,37.12539086384474],[127.09479024499527,37.12504796736408],[127.09434029749153,37.12462209396237],[127.0940123272104,37.12467107042058],[127.09388321311711,37.12486588030997],[127.09370742023724,37.125031775431076],[127.09349967470463,37.125026170049956],[127.0931330158336,37.12511331579092],[127.09312005740054,37.12419296002257],[127.09318219901888,37.123757800934335],[127.09115211765447,37.1237091824842],[127.09105279856522,37.12635255067616]]]}},{"type":"Feature","properties":{"layer":"zone_industrial","id":"zone_industrial_0143","name":"일반산업단지 (경기도 41500)","category":"일반산업단지","color":"#9333ea","sido":"경기도","sgg_code":"41500","type_code":"UHA210","mgmt_no":"40700004150020140236UHA2100001001"},"geometry":{"type":"Polygon","coordinates":[[[127.51121732550268,37.13765724814486],[127.51166852314488,37.13783170477726],[127.51176826190702,37.13800269025534],[127.51181875151336,37.1379961746127],[127.51208369322825,37.13822839535033],[127.51231844939298,37.13832471484509],[127.51249605884404,37.13832625605161],[127.5129096559555,37.13820059686428],[127.51331881241389,37.13794388043831],[127.51364163568678,37.13810680972158],[127.5138630805544,37.13815994252933],[127.51391836056534,37.138274658863594],[127.51414009382681,37.13819528228283],[127.5142733028237,37.13809669051802],[127.51440654756374,37.138123487819406],[127.51486436473859,37.13806018100379],[127.51499234987737,37.13782661654726],[127.51501690895873,37.13765697861166],[127.51520197367073,37.13730652640729],[127.51525141929383,37.13713240148777],[127.51517313389863,37.13711257535225],[127.51477453575887,37.136848106195515],[127.51455045967802,37.136653161999774],[127.51339847710588,37.13615198903259],[127.51336523478655,37.13623932669224],[127.51319014399941,37.13640719037067],[127.51283276173201,37.13649940457513],[127.51212399434503,37.13681295970254],[127.51219907845446,37.136964489358796],[127.51121732550268,37.13765724814486]]]}},{"type":"Feature","properties":{"layer":"zone_industrial","id":"zone_industrial_0144","name":"진위3산단, 031-8024-3463","category":"일반산업단지","color":"#9333ea","sido":"경기도","sgg_code":"41220","type_code":"UHA210","mgmt_no":"39100004122020250516UHA2100001000"},"geometry":{"type":"Polygon","coordinates":[[[127.09027942797192,37.091375840116854],[127.09030344141392,37.09143303952953],[127.0903656817673,37.09146696292083],[127.09215267894096,37.09174213720937],[127.09217617753501,37.09143198298569],[127.09221745782521,37.09133810588962],[127.09299557734187,37.090826606423335],[127.09303232814717,37.090774055201884],[127.09311722929333,37.0895429595234],[127.09316324041838,37.08942856124354],[127.09330060034985,37.08933903365964],[127.09344066846909,37.089173228954024],[127.09349428085606,37.089215924733715],[127.09367671556619,37.0892155127744],[127.09408591350203,37.08931800517994],[127.09416972516462,37.089147458877775],[127.09451360449232,37.088905795299226],[127.09459364566423,37.088964211401105],[127.09492362382538,37.08875239168827],[127.09585416218394,37.0892429949543],[127.09590984253346,37.089247005423374],[127.09603457045414,37.08942216254457],[127.09622741013591,37.08946733208074],[127.09632557517526,37.08953645516266],[127.09654847383511,37.0896035860402],[127.09720225376607,37.090016467310114],[127.09739698195551,37.08995188413343],[127.0976107118049,37.0900602890345],[127.09805162897663,37.09006695920248],[127.09840163867275,37.09014128164319],[127.09843993388682,37.0901829694921],[127.098435489392,37.09040247167524],[127.09849674815726,37.090414180443695],[127.09844374433244,37.091258410080606],[127.09904044257925,37.09118811564316],[127.0992406111054,37.09131230631469],[127.09956737318832,37.09131278446425],[127.10040035414856,37.090965355421545],[127.10172744186188,37.0905158462593],[127.10215554943879,37.09016421396134],[127.10224135397091,37.090152643568565],[127.10262983536376,37.08988841010513],[127.10288409493825,37.08985110534957],[127.10317443410652,37.08972767270661],[127.10333074638208,37.08951212184698],[127.10341145277062,37.088843717186336],[127.10384485674206,37.08858765876532],[127.1050248123673,37.08762577861396],[127.10517103655405,37.08756642410708],[127.10601418326938,37.087061395915676],[127.10603908921087,37.08696644710409],[127.10602325912598,37.08691346960902],[127.10612928565655,37.08611904501308],[127.10600421083343,37.08540917247822],[127.10602855767418,37.08525143812913],[127.10594259250936,37.08505948851154],[127.105903259469,37.08483621291022],[127.10563962237657,37.0845001682677],[127.10565506030734,37.0844397024486],[127.10503855925747,37.08356729306166],[127.10505232201092,37.08352357952285],[127.1053726330348,37.08336227960433],[127.10520868407038,37.08309359109685],[127.10504115365237,37.08291958911953],[127.10516420223205,37.08281999533689],[127.10509095144099,37.082777430067324],[127.10489641362943,37.082044612468245],[127.10492997432328,37.081979247159964],[127.10490611986744,37.08192077998465],[127.10485035361015,37.08189959054182],[127.10446423779399,37.08114115948523],[127.10452340590733,37.081000632428356],[127.10416399041148,37.08089667307033],[127.10371263033892,37.08094664835519],[127.10309014395864,37.081214636570735],[127.1029570318146,37.08130734370745],[127.10270572311946,37.08135180057584],[127.10233179997715,37.0809840799502],[127.10166283296817,37.08046992361038],[127.10103844842133,37.08030358138043],[127.10069884031458,37.08017833880796],[127.10060773918158,37.08038046930318],[127.10042188285651,37.080405710036565],[127.10005470909917,37.08038341702076],[127.09981354146643,37.080433175612185],[127.09848731771885,37.08043426741827],[127.09848382256318,37.08046266276739],[127.09847874809748,37.080434283435565],[127.09834680724074,37.080434391234576],[127.0978398129017,37.081161538301465],[127.09782076855275,37.08148710773961],[127.09775639764912,37.08166781405726],[127.09780305285315,37.08184961063705],[127.09779086289942,37.082410820359144],[127.09792892902242,37.08260901404712],[127.0981647558912,37.082775383504575],[127.09836876956604,37.082979046417925],[127.09832794643187,37.083670491992926],[127.0984298907448,37.08385029682064],[127.09848222376947,37.083887089471915],[127.09862241160408,37.08417566612637],[127.09838866169628,37.084761791054866],[127.09813584486628,37.084949418239454],[127.09923531104398,37.08544112805717],[127.09923554485849,37.08563201786951],[127.09895290402545,37.08582273495078],[127.09882041186468,37.08605874177638],[127.09853619098503,37.08615900153475],[127.09796663779348,37.0865670434891],[127.09789270726768,37.086760111060606],[127.0977884161048,37.086887741084276],[127.0976195875995,37.086988301368905],[127.09742251252226,37.087049724109846],[127.09740403455194,37.08700605557208],[127.09744973123817,37.086862668677455],[127.09733117374705,37.08685312316348],[127.09691554479103,37.087355620026344],[127.09576921287145,37.08735663577592],[127.09567920021634,37.08732876535509],[127.09560473292873,37.087356766388844],[127.09505092915471,37.08735729459174],[127.09494556388552,37.087301646974566],[127.09475627339461,37.087357517620056],[127.09400214463606,37.08735820727273],[127.09392146177564,37.08732532734764],[127.09387644524004,37.08735830523795],[127.09257062698917,37.08735940516796],[127.09255125015136,37.087304833716395],[127.09251814197357,37.08732679998408],[127.09253001312524,37.087359436345196],[127.09166286648497,37.08775454752264],[127.09180204399196,37.088259621922944],[127.09183819012483,37.08867408277879],[127.09179785545783,37.089090223755974],[127.09168427095031,37.08948307390492],[127.09153718261895,37.08979379057113],[127.09134621927572,37.090088312166664],[127.09043031724708,37.09114406422043],[127.09027942797192,37.091375840116854]]]}},{"type":"Feature","properties":{"layer":"zone_industrial","id":"zone_industrial_0145","name":"원곡산업단지","category":"지방산업단지","color":"#7e22ce","sido":"경기도","sgg_code":"41550","type_code":"UHA200","mgmt_no":"15000004155000000001UHA2000001001"},"geometry":{"type":"Polygon","coordinates":[[[127.11792255926645,37.04158294246721],[127.11690758479334,37.04198333264342],[127.11652138860474,37.04209258374827],[127.11600101416339,37.04212080389787],[127.11555849322146,37.04218760279933],[127.11660827148417,37.04383779704806],[127.11689312709119,37.044232305429034],[127.11759329835061,37.0448804906895],[127.11894363468186,37.04415068422474],[127.12044089855381,37.04322078608033],[127.11910198577758,37.0409589517128],[127.11792255926645,37.04158294246721]]]}},{"type":"Feature","properties":{"layer":"zone_industrial","id":"zone_industrial_0146","name":"첨단복합산단","category":"일반산업단지","color":"#9333ea","sido":"경기도","sgg_code":"41220","type_code":"UHA210","mgmt_no":"39100004122020260131UHA2100001000"},"geometry":{"type":"Polygon","coordinates":[[[127.04910779145247,37.01508123815246],[127.04930656654066,37.01533137725116],[127.04938504653614,37.015515606050705],[127.05079518502984,37.01720729780686],[127.05083180613987,37.01720723753763],[127.05082787753257,37.01724868851962],[127.05176800593523,37.018394044069495],[127.0520092344801,37.01837956954751],[127.05201634199264,37.01845603154525],[127.05186464754091,37.01851705357566],[127.05217349140463,37.018995166382474],[127.05263587422807,37.01944030512638],[127.0526286503373,37.01950988004303],[127.0529290359141,37.019929983403955],[127.05295686254308,37.01991777082267],[127.05302791156335,37.02001081176387],[127.05324810244142,37.020185992557934],[127.05344795184615,37.02029102435191],[127.05389538958545,37.02068220841946],[127.05406494698236,37.0208716830034],[127.05843839673312,37.016588886010894],[127.0603347729996,37.01775855377485],[127.06034714729799,37.01780532232329],[127.06056704625563,37.01756082415243],[127.05865206593265,37.0163798064904],[127.06009932333338,37.01496245180754],[127.05604107914249,37.01376599469324],[127.0555842199639,37.0135791949889],[127.05481192313275,37.01314911064183],[127.05443474786208,37.01286593691083],[127.05404733573012,37.012528801206614],[127.05368764246302,37.01210329275852],[127.05338970616144,37.01167671096064],[127.05273016916388,37.0119284600766],[127.05258486255727,37.012011358400756],[127.05136383282894,37.0133421054196],[127.05090693506192,37.013751104464625],[127.04910779145247,37.01508123815246]]]}},{"type":"Feature","properties":{"layer":"zone_industrial","id":"zone_industrial_0147","name":"포승지구","category":"국가산업단지","color":"#6d28d9","sido":"경기도","sgg_code":"41220","type_code":"UHA100","mgmt_no":"64100004122020080230UHA1000001001"},"geometry":{"type":"Polygon","coordinates":[[[126.82720376974058,36.986858304479505],[126.82822424384247,36.9873508848279],[126.82787823886987,36.987814794014426],[126.83208002840284,36.98983431898419],[126.833626031833,36.99054034554776],[126.83806200643616,36.99229453224781],[126.83935923131162,36.992713599180995],[126.83973057706444,36.99187790756735],[126.85160576727493,36.99192323082606],[126.85696006227518,36.98474386674962],[126.8575822234224,36.9849935180465],[126.86010169015783,36.98622011773973],[126.86063985153217,36.986392592811434],[126.86082407868946,36.98650589638407],[126.86094077848371,36.98663065352405],[126.8613193980417,36.98688934977554],[126.86168240903534,36.987208308460986],[126.86207695591081,36.98766715015545],[126.86226803227065,36.987969685597164],[126.86222277260627,36.98802703108816],[126.8622793848491,36.98815041882782],[126.86241318709124,36.98830522742545],[126.8624727952803,36.98846768024432],[126.86247091818781,36.988696740701876],[126.86258261312693,36.98885915532202],[126.86254875326061,36.98900977567822],[126.86341029887694,36.98870342372807],[126.86328571988818,36.9886457900793],[126.86326335413878,36.988466539921816],[126.86303624426287,36.98790039017087],[126.86285480667509,36.987731767204586],[126.86260802857744,36.98742186882074],[126.8624039167107,36.98706083874716],[126.86197119846003,36.98659231171703],[126.86125818745653,36.9860903827942],[126.86113964790573,36.9859217143035],[126.86000304017286,36.98538710780429],[126.8582829130298,36.984679889467316],[126.8573287404519,36.98424683036981],[126.86437507844417,36.97478873266058],[126.8443747728632,36.96234887953907],[126.83328728321055,36.978124739888166],[126.83267255366256,36.97901070803376],[126.83270268641324,36.97909752464832],[126.83253729016995,36.97933301128673],[126.83242907884805,36.97935718634003],[126.82890841501697,36.98436814678627],[126.82893865809969,36.984454874327476],[126.82880073351647,36.984651198610116],[126.82869251348812,36.98467537021352],[126.8272444848899,36.98673626840254],[126.82725887542375,36.98677981151066],[126.82720376974058,36.986858304479505]]]}},{"type":"Feature","properties":{"layer":"zone_industrial","id":"zone_industrial_0148","name":"고덕국제화계획지구 일반산업단지, 031-8024-3463","category":"일반산업단지","color":"#9333ea","sido":"경기도","sgg_code":"41220","type_code":"UHA210","mgmt_no":"64100004122020165212UHA2100001000"},"geometry":{"type":"Polygon","coordinates":[[[127.04090665032561,37.03510655167387],[127.04308050696577,37.03510857617434],[127.04363982674539,37.03515882979088],[127.04444783626059,37.03535244138178],[127.04518570127318,37.03567979209656],[127.05733541516354,37.04421711378312],[127.0597001369657,37.04272268128821],[127.05972499951673,37.042749701157206],[127.06137767028127,37.041557728623125],[127.06211225611816,37.041156361912066],[127.06251497365885,37.040980897578564],[127.0630297387707,37.0406584905425],[127.06299598907904,37.040623096019196],[127.06314528686647,37.04051569220175],[127.06413169482076,37.03991207199971],[127.06576137441023,37.03880195723006],[127.06662371477051,37.0380244768528],[127.06704099687244,37.03756361132632],[127.06753204031378,37.03689410563793],[127.06777513359113,37.03649118292623],[127.068000513162,37.03600105506655],[127.0680550358819,37.03601273840797],[127.06819187632819,37.03570097249756],[127.06820482150734,37.03496514247736],[127.06841556378431,37.03496610511368],[127.06853189413351,37.03434068782189],[127.06855842845,37.03409549164718],[127.0683808312258,37.0335790984373],[127.06848601512563,37.03331736830916],[127.06864843822335,37.03320697650176],[127.06866950858677,37.033011792749754],[127.06864747886432,37.03301090414659],[127.0686485236229,37.03292097673696],[127.06878552419484,37.03166578912843],[127.06875731956023,37.03142972463482],[127.0688130471392,37.03128199856098],[127.06875939054305,37.031101724757484],[127.06885112428391,37.0310012934639],[127.06893282387581,37.03038239173086],[127.06851336484225,37.030354515928686],[127.0689237072946,37.026629039698],[127.06880817063956,37.02662135606788],[127.06836950999751,37.026472575860346],[127.0678270017087,37.02618561875423],[127.06779712192466,37.02620168353076],[127.06776068433771,37.02617214873942],[127.06778583591537,37.0261467154707],[127.06768225514656,37.02605847729438],[127.06762566555909,37.02585810154808],[127.06734194860762,37.02579609437371],[127.06720550685365,37.025784365956376],[127.0670708273035,37.02586157215831],[127.06689518897349,37.02587879843757],[127.06487480788803,37.02552804414517],[127.06331163456997,37.025330831093335],[127.06260749663836,37.025258127850144],[127.06161861510907,37.02522169797898],[127.06079872206826,37.025127687186554],[127.05909495123076,37.0250570983096],[127.05805255357065,37.0251205034118],[127.05793290725552,37.025021802919454],[127.05407120116179,37.024958302728066],[127.05388722749723,37.02511255743077],[127.05371387182308,37.0251828273028],[127.05357441931784,37.02520091901618],[127.05338416027638,37.025038719352274],[127.05179099054291,37.024982835881],[127.05113741147136,37.025024749556934],[127.0507985467882,37.02496812328999],[127.0506530711854,37.02490025183989],[127.04747994958242,37.024846233857794],[127.04633068263658,37.024929229734994],[127.04599701030972,37.02492421920013],[127.04589007709701,37.024822438147716],[127.04511665550402,37.02480885741794],[127.04508455105062,37.02485284150959],[127.04467616195817,37.024875887015924],[127.04333251146376,37.02484475863863],[127.04333484407591,37.02497928781468],[127.04234128820431,37.02500433225837],[127.04111817198248,37.02509541269336],[127.04090186526024,37.025146755680154],[127.04090665032561,37.03510655167387]]]}},{"type":"Feature","properties":{"layer":"zone_industrial","id":"zone_industrial_0149","name":"진위2일반산업단지","category":"일반산업단지","color":"#9333ea","subtype":"진위2산단, 031-8024-3432","sido":"경기도","sgg_code":"41220","type_code":"UHA210","mgmt_no":"64100004122020225117UHA2100001000"},"geometry":{"type":"Polygon","coordinates":[[[127.0637781879897,37.11969319386147],[127.06414434201409,37.12267158854359],[127.06414991962924,37.122735470510236],[127.06407408015261,37.12273840294896],[127.06409269510647,37.12290644017799],[127.06415958914901,37.12284908863739],[127.06418951562347,37.123061091429804],[127.06542940589277,37.12304038090211],[127.06602377781941,37.123081255254405],[127.06998140153016,37.12387875921167],[127.07077431220907,37.124140515023335],[127.07169402305125,37.12457148097706],[127.07159356004568,37.12439034699785],[127.07159562276493,37.12421103556906],[127.07303768650452,37.1244432144804],[127.07355779871611,37.12475028587177],[127.07455821934732,37.12499762631835],[127.07507445042484,37.12505140652333],[127.07531442655724,37.12510718592747],[127.07532439385322,37.12506960567888],[127.07561272296826,37.125089942854956],[127.07612518702066,37.12520237959481],[127.07651916030257,37.1252128084944],[127.07663489205046,37.12525426489176],[127.07679690392301,37.125224409242115],[127.07717400689538,37.125243677028244],[127.07785720663591,37.125370756484514],[127.07806453898864,37.12542439781167],[127.07859339552543,37.12568341511348],[127.07875522706135,37.12578601214998],[127.07884873991331,37.12588631981666],[127.07908189624023,37.12588118464514],[127.0789851668409,37.124491197580475],[127.07868914087976,37.12147703231663],[127.07864716332945,37.121370915153115],[127.07859846160844,37.120625691763614],[127.07904786790964,37.12053127429975],[127.07915746040655,37.120428473080466],[127.07943064074662,37.12040682166552],[127.08089860539576,37.11948759866611],[127.08106260874504,37.11935267258198],[127.08197521214909,37.11876636961954],[127.08209206913929,37.11871878652109],[127.08245490911663,37.11842250603844],[127.08273695169241,37.11810961926643],[127.08314381716013,37.11810929476889],[127.08324090627417,37.118012445323444],[127.08348215812742,37.11810812422571],[127.08414840874951,37.11804289372074],[127.08457726492678,37.11817076941513],[127.08522441261229,37.118425106175394],[127.08541140711971,37.11837388405251],[127.08585719198219,37.118452734629344],[127.08618982863989,37.11842027571306],[127.08629497997504,37.11836210940954],[127.08645018411364,37.118217540833925],[127.08654716817111,37.11803040282903],[127.0867257638783,37.11779571138211],[127.08692871739377,37.117600098986195],[127.08701797333761,37.11735628964083],[127.08790220632483,37.11654974292328],[127.08785979486788,37.11543633705513],[127.08768164641222,37.115233656618805],[127.0876317367619,37.11509593017998],[127.0877795267447,37.114702042511716],[127.08772566223634,37.11463856613381],[127.08749382007245,37.11450125110469],[127.08711795985306,37.11436154376159],[127.08711037202102,37.11432757936222],[127.08691628314209,37.114413608155104],[127.08550740442267,37.11459191577726],[127.08411533159303,37.11445193234389],[127.08344557878932,37.1142136888453],[127.08339105590528,37.114245632968185],[127.08335537312361,37.11395867068769],[127.08293123943297,37.11408758871391],[127.08229229830233,37.114007272962596],[127.07948025964212,37.11417146309882],[127.0794318016587,37.114205473846695],[127.07936527890621,37.11417821549496],[127.07854117431756,37.11422623952524],[127.07854403069162,37.114258135116685],[127.07847592097394,37.114230075355685],[127.07803625932642,37.11425572472372],[127.07822495633306,37.116187362328866],[127.07810997298047,37.11619465414307],[127.07818720232922,37.11699680668053],[127.07814920554176,37.11701918648245],[127.07819380714744,37.11706384107993],[127.0782129462077,37.11726458428527],[127.07693371249516,37.11733798515313],[127.07699931012878,37.11801814256068],[127.0768311067169,37.118029350564754],[127.0768703963553,37.11843633314854],[127.07708168370432,37.11890021606634],[127.07710499115674,37.11939154763825],[127.07703961127127,37.11948774110473],[127.07711307457065,37.11947525068338],[127.07718391762015,37.120210368867816],[127.07679958703658,37.120253008286234],[127.07635314193392,37.12038480021511],[127.07618227664788,37.12053242899051],[127.07543685843186,37.120954041104696],[127.07525021682318,37.12098814520253],[127.07482797106822,37.12122777281911],[127.07478446411923,37.12116356337839],[127.07471789920831,37.121213973574996],[127.07465839061739,37.12132412845498],[127.0739021485901,37.121751954840036],[127.07263933058236,37.12154812527179],[127.07269177928184,37.12138157850404],[127.07264878547542,37.12137089074499],[127.07258561517236,37.12153952536335],[127.07181466692644,37.1213867963892],[127.0718155352182,37.12125497126681],[127.07161035788369,37.12100750037119],[127.07145628832177,37.1209789557836],[127.07129639180879,37.12087860019485],[127.07129637904458,37.120962758911965],[127.07090042194295,37.12087436337322],[127.0707510001374,37.12088293869045],[127.07057250899946,37.12084909097864],[127.07053918707115,37.12094373036532],[127.06857898416175,37.12077070822566],[127.06823936164932,37.12074858970032],[127.0681454364171,37.120770817539],[127.06753883339977,37.12067165322057],[127.06753756185118,37.12063272827037],[127.06704088180162,37.12051880389237],[127.06695095590139,37.12038983122079],[127.06680911482832,37.12032856547217],[127.0665656402919,37.12001236524857],[127.06640480476818,37.11986974398383],[127.06600113898247,37.119700421358594],[127.06553794825928,37.11964720368848],[127.06518333142122,37.11969077156026],[127.06553236741911,37.1215848395074],[127.06583477276286,37.12286008549631],[127.06544796305091,37.122801590904444],[127.06541466016449,37.12280701520014],[127.06542980251484,37.12286972057498],[127.06538320694179,37.12285768054095],[127.06537122986856,37.12281227374148],[127.06520581282072,37.122806253567745],[127.06473010928796,37.12105670109189],[127.06438329088901,37.11955846382104],[127.06407938528207,37.1195728973438],[127.06402824076613,37.11962276179212],[127.06403369256813,37.11967087536501],[127.0637781879897,37.11969319386147]],[[127.07876143430899,37.12009015965573],[127.0786465839911,37.11859295694474],[127.07823302794142,37.11471962430226],[127.07844554080911,37.1147064843309],[127.07886185497354,37.11861486556001],[127.07897272927777,37.12007080224524],[127.07876143430899,37.12009015965573]]]}},{"type":"Feature","properties":{"layer":"zone_industrial","id":"zone_industrial_0150","name":"한산지방공단","category":"지방산업단지","color":"#7e22ce","subtype":"한산공단, 031-8024-3432","sido":"경기도","sgg_code":"41220","type_code":"UHA200","mgmt_no":"39100004122020240514UHA2000001000"},"geometry":{"type":"Polygon","coordinates":[[[126.96824363958333,37.05372581941862],[126.97213411842857,37.055859221487246],[126.97800801113182,37.05599451870843],[126.97910555612825,37.05586533775783],[126.98042067734526,37.051949720662364],[126.97989438409058,37.05173994756125],[126.97954971692344,37.05169447048561],[126.97922193706208,37.05156726874928],[126.97916279858755,37.05158636026269],[126.97873558930932,37.05125504659815],[126.97871253903752,37.051269369148756],[126.97825575391697,37.05098193005181],[126.9780192550431,37.05088186496544],[126.97797821958461,37.05089014665969],[126.97688427488912,37.05053012838232],[126.97649499228153,37.050462196571985],[126.97646049407663,37.05041893804286],[126.97566720022954,37.05029622274498],[126.9738634962007,37.04955603959586],[126.97345392994595,37.04933554227177],[126.97309182047968,37.04907549801476],[126.97214177975121,37.04814093125471],[126.9716495216988,37.04772203700474],[126.97133784609068,37.047512694102245],[126.97122789341982,37.04754250046751],[126.97097613125541,37.04742971233058],[126.97092255006075,37.047329499746574],[126.97036029921563,37.047143300939055],[126.97004729658272,37.047058590044315],[126.97005333485801,37.04713626372985],[126.9696850531438,37.04709250878965],[126.96935532832472,37.04694514030576],[126.96904554060708,37.04873989362806],[126.96907159675501,37.04879702846469],[126.96901856354943,37.048997321372404],[126.96874855712294,37.050788930437456],[126.96871854166324,37.0507881111869],[126.96824363958333,37.05372581941862]]]}},{"type":"Feature","properties":{"layer":"zone_industrial","id":"zone_industrial_0151","name":"드림테크,031-8024-3432","category":"일반산업단지","color":"#9333ea","sido":"경기도","sgg_code":"41220","type_code":"UHA210","notice_date":"20201230","mgmt_no":"39100004122020250146UHA2100001000"},"geometry":{"type":"Polygon","coordinates":[[[126.964332476454,37.06450724281096],[126.96560907781819,37.065098419551724],[126.96597283756375,37.06561709222775],[126.96692900830317,37.066018024460504],[126.96710422590228,37.06614162046693],[126.96774295287916,37.06643826345546],[126.96771725812654,37.06646764889069],[126.96813704890518,37.06662129120526],[126.9705705649313,37.06776052765431],[126.97216120884293,37.06790004718249],[126.9721964694163,37.06787568208764],[126.9722445656325,37.067924018080426],[126.97253488082957,37.06805310382466],[126.9728519706315,37.06803110473562],[126.97285220741593,37.067401512570754],[126.97341332601988,37.06705486280716],[126.97364761128357,37.06696396452505],[126.97373113019454,37.06688097797577],[126.97357497697773,37.066585968589465],[126.97315492562616,37.06628774248818],[126.97307773244823,37.06620267245922],[126.97320314591533,37.06584965601551],[126.97323610414466,37.06551151203676],[126.97327922835528,37.06544195103946],[126.97349542296664,37.06530472494998],[126.97370702192015,37.06491020713398],[126.9739238663082,37.064742172971],[126.97414350913343,37.06460639720069],[126.97458070178703,37.06446011009976],[126.97464314452216,37.064412926435935],[126.97497681207034,37.064010468446924],[126.97555590055978,37.063489194825],[126.9757992489816,37.06308948094219],[126.97588939392246,37.06300990929248],[126.97669571801897,37.062715053646585],[126.97706943263337,37.062438873401476],[126.97735231599434,37.06217248611909],[126.97761636905017,37.06171220297018],[126.97765478339716,37.06158337627267],[126.97688081256992,37.06128288383079],[126.97622785526586,37.06025200789256],[126.97598592653893,37.05963559971191],[126.9760138168759,37.05947948694642],[126.97572965405448,37.05899033571084],[126.9757843996978,37.05878140829527],[126.97572897236643,37.058645668619356],[126.9757742692606,37.05864951699429],[126.9757732474937,37.05804611754887],[126.97592534757182,37.057996294420626],[126.98227731635512,37.05799770099071],[126.9822916176955,37.05786263341799],[126.98282416182421,37.05785981701807],[126.98282119528034,37.0562021870739],[126.98286208320064,37.05607120540737],[126.98286073320216,37.055431303472936],[126.98282141515574,37.05530514790423],[126.98282171591899,37.05407803868274],[126.98286109118317,37.05396766413893],[126.98286139194683,37.05273787846821],[126.98156820388381,37.052744849756856],[126.98042067734526,37.051949720662364],[126.97910555612825,37.05586533775783],[126.97800801113182,37.05599451870843],[126.97213411842857,37.055859221487246],[126.96952440619893,37.054428102875875],[126.96945469876945,37.05443871665991],[126.96901700083151,37.05477451544722],[126.96896379985802,37.05483099777525],[126.96898379231244,37.05487587639714],[126.96895847745921,37.05492101291651],[126.96890587079787,37.05490189585316],[126.9685919318728,37.05527521136967],[126.96805510727337,37.0557724502183],[126.96767464640635,37.05630352128696],[126.96757661544649,37.056544168247925],[126.96750628587598,37.056936382489354],[126.96758885601797,37.05809148348451],[126.96753389457515,37.05830646224348],[126.96742744556857,37.05850854094126],[126.96670695416125,37.059332537304165],[126.96638595273411,37.059597896876426],[126.96577930794331,37.059998600166274],[126.96572159698123,37.060069226371255],[126.96570652439613,37.06032269176171],[126.9656155043917,37.06069273215478],[126.96551816429947,37.060873186222906],[126.96505400090338,37.06151528840142],[126.96498585146345,37.06168542475492],[126.96491528772692,37.06203588164437],[126.96464145012665,37.062642790925594],[126.96452727186463,37.06319728932972],[126.96448769325815,37.06363858295271],[126.9646952467839,37.064117563942084],[126.96457211234785,37.064286349332356],[126.964332476454,37.06450724281096]]]}},{"type":"Feature","properties":{"layer":"zone_industrial","id":"zone_industrial_0152","name":"지방산업단지 (경기도 41250)","category":"지방산업단지","color":"#7e22ce","sido":"경기도","sgg_code":"41250","type_code":"UHA200","mgmt_no":"14100004125020090000UHA2000003000"},"geometry":{"type":"Polygon","coordinates":[[[127.05810889362094,37.941895048783756],[127.05927941246613,37.94339966489043],[127.05968632136941,37.94307580521894],[127.06011069077017,37.94289694020397],[127.06076266176844,37.94230275643691],[127.06131937372824,37.942261806888766],[127.06161352155947,37.94181731806715],[127.06145807094043,37.94172615107315],[127.0612854502251,37.941560053174214],[127.06131310673871,37.941448918329094],[127.06120480868657,37.941354321511895],[127.06038798544257,37.941364255731905],[127.06016260304824,37.94132400654591],[127.0601503636354,37.941225423787785],[127.06018562352166,37.94108885213619],[127.06058466844546,37.940739325634325],[127.06059804023339,37.94054645664955],[127.06057275252408,37.94044843904838],[127.0604777037303,37.940260606563825],[127.06030589297764,37.940190275739695],[127.06015716350701,37.94014746561713],[127.05974454029209,37.94011202963333],[127.05969706912657,37.9403006449834],[127.05962370073547,37.94039600872744],[127.05948736790442,37.940465033203886],[127.05936478676637,37.94060450356001],[127.05928766387332,37.94084565756759],[127.05910766769058,37.9411178629234],[127.05879289666461,37.94133133890918],[127.05867305885924,37.9413883630155],[127.05850355364335,37.941387940682574],[127.05841204572383,37.941449536540844],[127.05823815225757,37.941660420244524],[127.05820767537107,37.94182334122004],[127.05810889362094,37.941895048783756]]]}},{"type":"Feature","properties":{"layer":"zone_industrial","id":"zone_industrial_0153","name":"세교산단, 031-8024-3432","category":"지방산업단지","color":"#7e22ce","sido":"경기도","sgg_code":"41220","type_code":"UHA200","mgmt_no":"15000004122000000000UHA2000000005"},"geometry":{"type":"Polygon","coordinates":[[[127.08024611893177,37.00719018151507],[127.07749773603545,37.00869099988452],[127.07867350763388,37.01009474511286],[127.07866144994631,37.01483944509468],[127.07862799710834,37.014871274716285],[127.07866161669564,37.014893239046884],[127.0786601569357,37.01533882059626],[127.0786322927901,37.01534154192633],[127.07866001619206,37.015421899615],[127.07865816050798,37.016142759142866],[127.08585174429531,37.0162703223983],[127.08595515125481,37.012132521184185],[127.08459312006579,37.01039468086231],[127.08371385625225,37.0097196680399],[127.08364950969296,37.009543102123956],[127.08369489551315,37.009328074484834],[127.08271073867554,37.00867925783342],[127.08272168961243,37.00862284311001],[127.08251414632694,37.008391679251204],[127.08246493870507,37.00839585776683],[127.0817423618828,37.008062320297604],[127.08144186531281,37.008007737755385],[127.08090840751926,37.00779859610711],[127.08062286013649,37.00763974720973],[127.0803719193345,37.00748096473799],[127.08024611893177,37.00719018151507]]]}},{"type":"Feature","properties":{"layer":"zone_industrial","id":"zone_industrial_0154","name":"국가산업단지 (경기도 41220)","category":"국가산업단지","color":"#6d28d9","sido":"경기도","sgg_code":"41220","type_code":"UHA100","mgmt_no":"14100004122019790002UHA1000001001"},"geometry":{"type":"Polygon","coordinates":[[[126.82109341961487,36.95907289543044],[126.82189952245227,36.963607181191904],[126.82425615614427,36.964674356557154],[126.82168121935457,36.96833886951236],[126.82163769247475,36.968319971037744],[126.8215636629994,36.96842627632143],[126.82169547146844,36.96848621752156],[126.82445575020363,36.96455517113377],[126.82436904377387,36.96451413281308],[126.82428916823275,36.96462664860287],[126.82196035338511,36.96357231128123],[126.82117335222667,36.95912618058027],[126.82921958303103,36.947669881843055],[126.84624438949913,36.9553730981399],[126.84574175128388,36.95607438233173],[126.84554432323958,36.95598437553887],[126.84417259583128,36.957955753692715],[126.84250597486417,36.9572084302239],[126.83586790147652,36.96665484328374],[126.84002770846514,36.96853589916168],[126.8443747728632,36.96234887953907],[126.84433653092093,36.96232531073812],[126.84447845853796,36.96232775118844],[126.84456984825817,36.962224698298705],[126.84471527879472,36.96221633013102],[126.84480511006494,36.962106426789674],[126.8448751224205,36.96207867576807],[126.84500928957048,36.962087052478225],[126.8452016031711,36.96199476479808],[126.84543765089629,36.961930738102545],[126.84692725540684,36.96043409937384],[126.84585881446672,36.95984808274766],[126.84620464367849,36.95918849383888],[126.84832860524236,36.960365901151405],[126.84898821926313,36.960003794797316],[126.84902313084797,36.96000834503092],[126.84906344120105,36.959895671583],[126.84913093764156,36.959832682552026],[126.8491263636977,36.959761401196666],[126.84916228473645,36.95971008567805],[126.84924802281354,36.95967748639867],[126.84768036917878,36.95864084522866],[126.8502443810453,36.956145521717346],[126.84771833481244,36.95500395053963],[126.84726662097607,36.95573802543966],[126.82919041432541,36.94756098878138],[126.82109341961487,36.95907289543044]]]}},{"type":"Feature","properties":{"layer":"zone_industrial","id":"zone_industrial_0155","name":"일반산업단지 (경기도 41250)","category":"일반산업단지","color":"#9333ea","sido":"경기도","sgg_code":"41250","type_code":"UHA210","mgmt_no":"64100004125020205114UHA2100002000"},"geometry":{"type":"Polygon","coordinates":[[[127.04921240203662,37.934630564599985],[127.04921656399848,37.93508634431692],[127.04926184941839,37.93545696927896],[127.04940730806092,37.93593557519393],[127.04955108167677,37.93626913159244],[127.04977587789669,37.93664589932086],[127.04994813251314,37.936865836052164],[127.05103196470353,37.93793466459469],[127.05147147339564,37.93828722953844],[127.05148861604638,37.938236049365514],[127.05170312061394,37.938176046176245],[127.05193575329031,37.938342889329085],[127.05207775984141,37.93839814559742],[127.05226746404365,37.93883267318155],[127.05214146295089,37.93889462141163],[127.05247189763635,37.93917818205625],[127.05258120137793,37.939316697896196],[127.05512707591984,37.941454466059376],[127.05584806344629,37.94078915842972],[127.05507909003195,37.93944586239693],[127.05481602125954,37.93889181907346],[127.05484412170556,37.938863454042036],[127.05441358388704,37.93815071439551],[127.05388215404484,37.93708632141042],[127.05360511235865,37.93621182000921],[127.05351655589398,37.935825278414356],[127.05348063765697,37.93534745812838],[127.05341430979544,37.935349082039],[127.05340608604084,37.93530129123631],[127.05332542661017,37.93530459714648],[127.05330914160223,37.935099930638906],[127.04921240203662,37.934630564599985]]]}},{"type":"Feature","properties":{"layer":"zone_industrial","id":"zone_industrial_0156","name":"제일바이오산업단지","category":"일반산업단지","color":"#9333ea","sido":"경기도","sgg_code":"41460","type_code":"UHA210","mgmt_no":"40500004146020190397UHA2100001000"},"geometry":{"type":"Polygon","coordinates":[[[127.36647254485132,37.17910765322038],[127.36691642899991,37.179217086119685],[127.3672186060232,37.17944133894135],[127.3675060142264,37.17903625810348],[127.36773034794153,37.17907265821018],[127.36791889883962,37.17899371831042],[127.36800833380889,37.179154303885284],[127.36841481522387,37.17901050498876],[127.3685241878892,37.17894025300422],[127.36855072707259,37.17898611467279],[127.36867148634363,37.1789417952096],[127.36938165749132,37.17863160736772],[127.3697964959429,37.17835060285515],[127.36974469332596,37.17828056419443],[127.36942235919321,37.177376723574085],[127.36929961029658,37.17730777983501],[127.36870265403789,37.177335273111204],[127.36840207556668,37.17719127496101],[127.36609251407438,37.17725055682813],[127.3660946878042,37.17769180013849],[127.36620680724165,37.177688993907815],[127.36627141802741,37.17774446972755],[127.36626787464942,37.178137182444125],[127.36594098086599,37.17816818796225],[127.36595576947434,37.1782622833148],[127.36588521018045,37.17829500180033],[127.36627452079709,37.17879332152076],[127.36647254485132,37.17910765322038]]]}},{"type":"Feature","properties":{"layer":"zone_industrial","id":"zone_industrial_0157","name":"진위일반산업단지","category":"일반산업단지","color":"#9333ea","subtype":"진위산단, 031-8024-3432","sido":"경기도","sgg_code":"41220","type_code":"UHA210","mgmt_no":"64100004122020040265UHA2100001001"},"geometry":{"type":"Polygon","coordinates":[[[127.07918483341695,37.121229008092186],[127.07927798841072,37.122095403138296],[127.07940525192974,37.122753090889674],[127.07944617201031,37.12315403413611],[127.07949410224289,37.12325816474392],[127.07973127643284,37.125317435714564],[127.07973538158237,37.12579646145656],[127.08003998706864,37.126002601907274],[127.08007710933208,37.12599041305498],[127.08026032375417,37.12611427680047],[127.08049414101465,37.12620314558469],[127.08070392820206,37.126232830583135],[127.08183151261694,37.12615620306761],[127.08194000634502,37.1261700958789],[127.08201525076214,37.126240237067286],[127.08207768866612,37.1262247865938],[127.08218972902543,37.12629337086339],[127.0823569171327,37.12626334190849],[127.08250059762948,37.12634956499909],[127.08259250039046,37.12631715426969],[127.08264598785462,37.12635045674576],[127.08264057196835,37.1264423681589],[127.08285634733434,37.12659828318377],[127.0831173748075,37.12697663736477],[127.08325532859031,37.127072324557474],[127.0834256451871,37.127124738550755],[127.08437966341344,37.12710254027634],[127.08530728323883,37.12691888378146],[127.0855719299957,37.126894728336566],[127.08580444556934,37.126816802116906],[127.08586970422219,37.1269097446621],[127.08624613066215,37.126716379933],[127.0864390997215,37.126697139464625],[127.08772637681707,37.127423362328805],[127.08842613819618,37.127652980997034],[127.08853069911993,37.127767338366816],[127.08892360039796,37.12790896558248],[127.08887565870914,37.12810236746804],[127.08888724720417,37.12820795363781],[127.08899057737608,37.12841521934123],[127.08901646430107,37.12841889456386],[127.08904096101908,37.1285248045746],[127.08933935553837,37.12893414966996],[127.08948125105285,37.12902261821611],[127.08967876991001,37.12933180382585],[127.08980568132222,37.12930783140026],[127.09006502895102,37.12955894231527],[127.0901828463189,37.129745913349765],[127.09015152105704,37.129807749175846],[127.09036370761669,37.12985660774159],[127.09090494676242,37.12961679042453],[127.09090062155677,37.12947956294644],[127.0908562613993,37.12946139506783],[127.09031544013698,37.129383860136926],[127.09055949162506,37.128776275561705],[127.09024461389589,37.12867334080623],[127.08996468389257,37.128526497735145],[127.08988875363447,37.12845546107982],[127.08993883702428,37.12836387648383],[127.09005777493404,37.12835540788903],[127.09033357307621,37.128241037822896],[127.09045894712214,37.1279628780504],[127.09039420012749,37.12725451660996],[127.09005806310635,37.12705725672457],[127.09016011043148,37.12704123177225],[127.09050265547927,37.126848509608294],[127.09046526069403,37.12681907314757],[127.09048117480756,37.12676328584895],[127.09027565080052,37.12663062427991],[127.09027235408371,37.12612026868426],[127.09033862443368,37.125822960685035],[127.09031392614826,37.12568016181234],[127.09024711388562,37.12551324615904],[127.09014041291974,37.12539672932428],[127.08988987994982,37.12526256889807],[127.08939988172015,37.125123810111084],[127.0889570181272,37.12516630702659],[127.08865521694631,37.125265014686526],[127.08839948381947,37.1255010988712],[127.08817805180071,37.125622002464915],[127.08792052320045,37.12586484483613],[127.0876919861929,37.12597358843822],[127.08751406254467,37.126160146126445],[127.08744983082475,37.126180466464994],[127.08736309668735,37.12610439007924],[127.08740598450406,37.125718346625604],[127.08735563818568,37.1256779256771],[127.08679321457886,37.12567643938319],[127.08671515388389,37.125707401733756],[127.08667517167495,37.125777262304474],[127.08663211547734,37.12631774660215],[127.08649290194668,37.1265069781157],[127.08407471052283,37.126487872521274],[127.08389792959352,37.12638833872133],[127.08409539825358,37.12616068469617],[127.08406123304034,37.12589030158688],[127.08434485847447,37.12573016630677],[127.0843890695954,37.12561507055007],[127.08422367148417,37.1251163614081],[127.08451280544958,37.12474816799304],[127.08466943198486,37.12442818327548],[127.0847926436607,37.12380645805471],[127.08467706819489,37.12348819597733],[127.08433271651491,37.12346834348447],[127.08416222539086,37.123558928527714],[127.08392960056017,37.12352845456024],[127.08391497636909,37.1233247358752],[127.08396435325974,37.12288949128195],[127.08391780914957,37.12282383662623],[127.08401996145298,37.122701221892996],[127.0841182637171,37.12245309257696],[127.08428112969128,37.122182391696725],[127.08427664991844,37.12209850645571],[127.08423245686876,37.122021677171325],[127.08437037508125,37.121781989902466],[127.08446590083211,37.12167262492843],[127.08468338344386,37.12154668504275],[127.08496495571741,37.12147971887238],[127.08560285835298,37.121894475028604],[127.08647464821921,37.12195530552091],[127.0866248122282,37.121604326357804],[127.08735454451214,37.12162046977034],[127.08771583698042,37.12170193345434],[127.08843634432164,37.12171879776049],[127.08863837529181,37.12166530690663],[127.08878756190408,37.121550312452904],[127.08897236110076,37.12109252957592],[127.08895506120594,37.11964995034926],[127.08850065588213,37.11980499610555],[127.08795161362058,37.12005463002294],[127.08787051872842,37.12004388544945],[127.08780031009918,37.12018665496876],[127.0875466492778,37.12025261646926],[127.08752828139569,37.12022884189603],[127.08704263515088,37.12022513849711],[127.08690913911326,37.120184416854485],[127.08628161613399,37.12019171523669],[127.08622722572694,37.1201534591969],[127.08603938816512,37.120219009998245],[127.08613010002692,37.12003449894361],[127.08594902968679,37.1200129125707],[127.08592899689725,37.1199180635648],[127.08560244111196,37.119991353330924],[127.0849524681161,37.12004668693271],[127.08444431973149,37.12004370957095],[127.08418418469269,37.11995279440078],[127.08416666429642,37.12008652346311],[127.08360609492176,37.119992392084384],[127.08299618178887,37.11994631831241],[127.0828742638919,37.12010264531485],[127.0828227200875,37.12009412063641],[127.08285406103082,37.119939928297704],[127.0828134402413,37.11993923531538],[127.08275675791447,37.11986034158448],[127.08230424768486,37.11990588387852],[127.08173424222043,37.11971650835371],[127.08125296627719,37.119799550067626],[127.08104039568357,37.119781401396104],[127.08096373130181,37.119745230308176],[127.08091355441577,37.11985996847619],[127.0809470268255,37.11991139640577],[127.08077134327992,37.11998242716924],[127.08056467022037,37.12000932654976],[127.08039665266747,37.12009494876746],[127.07964169183768,37.120587425764406],[127.07938901605878,37.120854304836264],[127.07918483341695,37.121229008092186]]]}},{"type":"Feature","properties":{"layer":"zone_industrial","id":"zone_industrial_0158","name":"동두천 국가산업단지","category":"국가산업단지","color":"#6d28d9","sido":"경기도","sgg_code":"41250","type_code":"UHA100","notice_date":"20251231","mgmt_no":"16130004125020250874UHA1000001001"},"geometry":{"type":"MultiPolygon","coordinates":[[[[127.02033923371118,37.90996611738258],[127.02667625172612,37.909644029874194],[127.02674188544843,37.909540246053645],[127.02668793441181,37.90898895695636],[127.02669955436428,37.90875119749599],[127.02563962855338,37.90878918659917],[127.02131544344772,37.90904654336821],[127.02130829704502,37.90898427188293],[127.02116481899942,37.908997332445594],[127.02116901562131,37.90904258575347],[127.02068786945516,37.909009690794214],[127.02024263357809,37.90884085496026],[127.02033923371118,37.90996611738258]]],[[[127.02096638691894,37.91247972468499],[127.0232142115194,37.91248098976661],[127.02350880975611,37.91237496711285],[127.02428412651328,37.91231955641346],[127.02536495214459,37.912188769952515],[127.02545785805873,37.91208147672844],[127.02546807418562,37.912024805815726],[127.02552336856328,37.91204155195557],[127.02600263933195,37.9115991750792],[127.02540868962826,37.91152657356022],[127.0253396698539,37.91136766252399],[127.02524404083283,37.911243595983],[127.0253366633236,37.91107154364865],[127.02531585336449,37.91100053611659],[127.02658153109941,37.91092475712971],[127.02669907573679,37.91068430838724],[127.02661522469452,37.910690047228066],[127.02658784243837,37.9106234919387],[127.0265276775226,37.91062738776384],[127.02646781601429,37.91048580942093],[127.02640383037168,37.91048958887064],[127.02639487094235,37.910425696408964],[127.026353030498,37.91041061456822],[127.026602522604,37.91001927632107],[127.01761067211207,37.91038433069082],[127.01590594097189,37.9103251435409],[127.0157413240035,37.91053658609783],[127.01575711459712,37.91069140096614],[127.01609758893359,37.911509219593555],[127.01724362745517,37.912047300016184],[127.01747353241862,37.91243627496998],[127.01746017850184,37.9125253792816],[127.01776234449602,37.91282038529864],[127.01787604370529,37.91289110199168],[127.01823969204187,37.9129484405052],[127.01839214732087,37.91292094023847],[127.0185537262226,37.912810228073795],[127.01864615701615,37.912667623642],[127.01879954649331,37.912553290565754],[127.01913098831646,37.91246402184622],[127.01955541494424,37.912557997243546],[127.02000403327968,37.91257274807335],[127.02025690607103,37.9125713206728],[127.02096638691894,37.91247972468499]]]]}},{"type":"Feature","properties":{"layer":"zone_industrial","id":"zone_industrial_0159","name":"일반산업단지 (경기도 41250)","category":"일반산업단지","color":"#9333ea","sido":"경기도","sgg_code":"41250","type_code":"UHA210","mgmt_no":"14100004125020080010UHA2100001000"},"geometry":{"type":"Polygon","coordinates":[[[127.04921240203662,37.934630564599985],[127.05330914160223,37.935099930638906],[127.05331563077218,37.93423185293915],[127.05337950142962,37.933729312011536],[127.05354602582581,37.93284983876234],[127.0537392939553,37.932332338839345],[127.0535347207117,37.93207684395902],[127.05362759882183,37.93203333290005],[127.0538424589629,37.93086559326159],[127.05380358595673,37.92849515777236],[127.05012663144794,37.92809707970786],[127.04930663938774,37.93295218020236],[127.04924447358383,37.933564839222775],[127.04921240203662,37.934630564599985]]]}},{"type":"Feature","properties":{"layer":"zone_industrial","id":"zone_industrial_0160","name":"일반산업단지 (경기도 41460)","category":"일반산업단지","color":"#9333ea","sido":"경기도","sgg_code":"41460","type_code":"UHA210","mgmt_no":"40500004146020220148UHA2100001001"},"geometry":{"type":"Polygon","coordinates":[[[127.36457501472982,37.155495793671925],[127.36560045931957,37.157722657474764],[127.36567949673993,37.15771981062528],[127.36566912085756,37.157668933378574],[127.36574123989254,37.1576835790364],[127.36672342739895,37.157970125871515],[127.3672659784288,37.15637377162426],[127.36775503739065,37.15592150378648],[127.36752964065383,37.15530224384599],[127.36736194070104,37.15547505978084],[127.36647925791027,37.155477772098386],[127.36584301395627,37.155376037103245],[127.36457501472982,37.155495793671925]]]}},{"type":"Feature","properties":{"layer":"zone_industrial","id":"zone_industrial_0161","name":"반월도금지방산업단지","category":"지방산업단지","color":"#7e22ce","sido":"경기도","sgg_code":"41270","type_code":"UHA200","mgmt_no":"39300004127120190103UHA2000000002"},"geometry":{"type":"Polygon","coordinates":[[[126.88432732217218,37.28821581195112],[126.88442373886812,37.28851581546173],[126.88470534343635,37.28909016738304],[126.8848646542174,37.28949365283296],[126.8851720042927,37.28988256078803],[126.88556566326264,37.29022751011844],[126.88589310587402,37.290431625471854],[126.88674640530913,37.29085943614993],[126.88800919033326,37.29134780480388],[126.88819436617925,37.29136399352411],[126.88905418282897,37.291732704185144],[126.89075436745156,37.293291449608034],[126.89151376829555,37.29270587541785],[126.89240628785615,37.29192676962452],[126.89243136883341,37.29195056191923],[126.89253383505795,37.29185065994996],[126.89230184155012,37.291656436286495],[126.89083301155313,37.291102380003885],[126.8898971181274,37.29093807235166],[126.88790900592349,37.29049653226629],[126.88777084592911,37.290196933086904],[126.88750031425135,37.28914192637401],[126.88749310164171,37.28876501826578],[126.8875233242604,37.28854087091045],[126.88739237730715,37.28832963322367],[126.88729522956359,37.28799084202786],[126.88727842064206,37.28784566973006],[126.88745413388318,37.287460828637386],[126.88748297654506,37.28732885538434],[126.88746075947004,37.28710564859973],[126.88721100515016,37.28678779426732],[126.88707016795429,37.286706024782795],[126.88596878343823,37.28683569452036],[126.88498295324585,37.287058093798535],[126.88437547471725,37.28727040787991],[126.88432732217218,37.28821581195112]]]}},{"type":"Feature","properties":{"layer":"zone_industrial","id":"zone_industrial_0162","name":"복합용지","category":"산업단지기타","color":"#d35400","sido":"경기도","sgg_code":"41270","type_code":"UHA999","mgmt_no":"14500004127020190192UHA9990001001"},"geometry":{"type":"Polygon","coordinates":[[[126.78757839642168,37.303807313151715],[126.78817415058734,37.305133583163396],[126.78943406054914,37.304771841501854],[126.78883853369757,37.303446109739305],[126.78757839642168,37.303807313151715]]]}},{"type":"Feature","properties":{"layer":"zone_industrial","id":"zone_industrial_0163","name":"신길 일반산업단지","category":"일반산업단지","color":"#9333ea","sido":"경기도","sgg_code":"41270","type_code":"UHA210","mgmt_no":"39300004127020240195UHA2100001000"},"geometry":{"type":"Polygon","coordinates":[[[126.74892867314291,37.325304472893194],[126.74898244704141,37.32541544956364],[126.74907555913175,37.3267757787222],[126.74923136061564,37.32745845570618],[126.74933443962634,37.32762107579823],[126.74931919017433,37.32780860923784],[126.7493571557266,37.32797456845852],[126.7494971279487,37.328313849462496],[126.74960480145938,37.32848982323087],[126.74963925327113,37.32870142067645],[126.74969244496681,37.32867007017137],[126.74977893391166,37.32876360916664],[126.7511250137989,37.32784128586446],[126.75178704544417,37.32743489989045],[126.75211382223877,37.32713088109728],[126.75249145972049,37.32668658902382],[126.75268010393128,37.326770078212256],[126.75271036872556,37.32673456945721],[126.75283649514074,37.326739294644035],[126.75480027453314,37.32697635576196],[126.75472835235709,37.32736091561874],[126.75488612391106,37.32736360523106],[126.75614551110155,37.3275860098958],[126.75727290569671,37.32790614208182],[126.75730329131619,37.32796874480293],[126.7574709719514,37.32812107530114],[126.75862994846646,37.32874673348814],[126.75899542700931,37.32900793278101],[126.75965850730339,37.329394405101795],[126.76047821744262,37.330162415580986],[126.76075053108853,37.330289239294125],[126.76095956214226,37.33024816331636],[126.76110909851789,37.330156680031166],[126.76131433835943,37.32995238445717],[126.76140674824293,37.32990287158869],[126.76154033023339,37.32974353538915],[126.762067893697,37.32930182345896],[126.76228215996508,37.32927395571184],[126.76264047704662,37.328922271496666],[126.76288164577132,37.32862888944706],[126.76251987546502,37.328411553394346],[126.7605618216443,37.327588147074174],[126.75986112426149,37.32732493495167],[126.75892594521447,37.32686698661711],[126.7575498841222,37.32612519242244],[126.7572401911502,37.32611959790769],[126.75700061480265,37.32615752274657],[126.75635809455464,37.326366546252316],[126.75565545716445,37.32638473079372],[126.75515159595322,37.32626918082962],[126.75512858867869,37.326286991208406],[126.75477818018766,37.3261351054366],[126.75413616588312,37.32599178179802],[126.75361286439892,37.32596023209028],[126.75303042190737,37.32603757970892],[126.75245554542835,37.32573651062081],[126.75222103639135,37.32558239234765],[126.75201410368166,37.32538030721051],[126.75190502120917,37.32544233787859],[126.75184253881598,37.325367060720836],[126.75152418008076,37.325185643316416],[126.7513994529974,37.324827583379545],[126.75088564149695,37.3245232117894],[126.75051156696136,37.32423589347409],[126.75029854585466,37.32403505382217],[126.75013900224977,37.32380098952255],[126.75007721547037,37.32351784676114],[126.74990894602256,37.32339738266769],[126.74984189551867,37.32327208791092],[126.74991850025356,37.322934276842155],[126.74996383268109,37.32294095068676],[126.74999809679726,37.32257872189513],[126.74996042493511,37.3222708521145],[126.74956790513747,37.32142655967616],[126.74952127920675,37.321550783672635],[126.74957771868286,37.3215724473226],[126.74963607537715,37.321672098640256],[126.7495695731468,37.32190026750132],[126.74962589259066,37.321957980834156],[126.7496014845058,37.32204057078007],[126.74942140596465,37.32209936654305],[126.74948130178969,37.32219765165107],[126.74948969101045,37.32229366458816],[126.7495246766412,37.32227011424917],[126.74948748891077,37.32253417917125],[126.74941259338776,37.32274826505358],[126.74939987007386,37.3227237120833],[126.74924418188505,37.322907414374924],[126.74930759805703,37.32327246411247],[126.74921292788942,37.323616813718054],[126.74926053641781,37.32363797213283],[126.74927640701397,37.32368633686458],[126.74933154730392,37.32403987184211],[126.7491719781192,37.32415516903255],[126.74904550176375,37.32498491299689],[126.74910662352961,37.32509500427007],[126.74892867314291,37.325304472893194]]]}},{"type":"Feature","properties":{"layer":"zone_industrial","id":"zone_industrial_0164","name":"도시첨단산업단지 (경기도 41270)","category":"도시첨단산업단지","color":"#c026d3","sido":"경기도","sgg_code":"41270","type_code":"UHA220","mgmt_no":"16130004127020250070UHA2200001001"},"geometry":{"type":"Polygon","coordinates":[[[126.8270111721318,37.29638034665227],[126.82831605696667,37.29661321489802],[126.82822998519036,37.2969210245648],[126.8289559379608,37.29704088574742],[126.82934411628327,37.29720003208069],[126.8295564637166,37.29735982286149],[126.82968336063034,37.29750227959265],[126.82997975327483,37.2980809446996],[126.8305299853588,37.29723046681278],[126.83009363866158,37.2970495127921],[126.83040077599135,37.296455278090704],[126.83214645288392,37.293714956715064],[126.83227461115305,37.29358074246468],[126.83258582690475,37.293387970249015],[126.8325934214683,37.29332034981374],[126.83200766146267,37.29276225273943],[126.83183273817428,37.292638993568325],[126.83169271302442,37.292584082251075],[126.82828007724353,37.291955895036565],[126.82761984622006,37.29401079693299],[126.82708391531386,37.29598060423915],[126.82708860334127,37.296099456872795],[126.8270111721318,37.29638034665227]]]}},{"type":"Feature","properties":{"layer":"zone_industrial","id":"zone_industrial_0165","name":"반월특수지역","category":"산업단지기타","color":"#d35400","sido":"경기도","sgg_code":"41270","type_code":"UHA999","mgmt_no":"16130004127020150528UHA9990001001"},"geometry":{"type":"Polygon","coordinates":[[[126.71769585273488,37.3081536490833],[126.73854676493823,37.32967253208591],[126.74655225757886,37.32472470393173],[126.74763794410562,37.32483444912948],[126.74755392689195,37.32522558326291],[126.74755074891158,37.325465879340314],[126.74758864619928,37.325704281304496],[126.7490812851246,37.33187712893901],[126.74947686925391,37.33163274996754],[126.7492473504379,37.33078228141546],[126.74900314458837,37.32961863056233],[126.74892105089395,37.329469345115704],[126.74889187972839,37.32948739339678],[126.74797852059464,37.32565338952542],[126.74794332425425,37.3253830972472],[126.74798260462366,37.325042234207444],[126.74816422387298,37.32421097862374],[126.74895533988376,37.32138156328095],[126.74905718082394,37.32118986249707],[126.7494334402178,37.32118841202414],[126.74992894735269,37.32216942002461],[126.74999809679726,37.32257872189513],[126.74996383268109,37.32294095068676],[126.74991850025356,37.322934276842155],[126.74984189551867,37.32327208791092],[126.74990894602256,37.32339738266769],[126.75007721547037,37.32351784676114],[126.75013900224977,37.32380098952255],[126.75029854585466,37.32403505382217],[126.75051156696136,37.32423589347409],[126.75088564149695,37.3245232117894],[126.7513994529974,37.324827583379545],[126.75152418008076,37.325185643316416],[126.75184253881598,37.325367060720836],[126.75190502120917,37.32544233787859],[126.75201410368166,37.32538030721051],[126.75222103639135,37.32558239234765],[126.75245554542835,37.32573651062081],[126.75303042190737,37.32603757970892],[126.75361286439892,37.32596023209028],[126.75413616588312,37.32599178179802],[126.75487148798146,37.32615595140724],[126.75542134678301,37.32634793292098],[126.75565545716445,37.32638473079372],[126.75635809455464,37.326366546252316],[126.75675041425333,37.32625671272816],[126.7569374251466,37.32613510084463],[126.75707021447914,37.32613771788432],[126.75707779826111,37.326165034555764],[126.7572401911502,37.32611959790769],[126.7575498841222,37.32612519242244],[126.7598280372296,37.32730552241103],[126.76260746576361,37.328447266617104],[126.76285408780134,37.328633915638875],[126.76296385706961,37.328510300374866],[126.76326840550938,37.32862618181478],[126.76442394851726,37.32711245016164],[126.76450705009688,37.327057564111136],[126.76700746333647,37.327234280772636],[126.76901969829942,37.32773336372434],[126.76942361599433,37.32777425217149],[126.77106423411601,37.327639782259055],[126.77342481228324,37.327542269944544],[126.77473710673118,37.327100227196176],[126.7780377625765,37.32680871836154],[126.77823333279552,37.32675754899257],[126.77842436988603,37.32663672163046],[126.7791166729685,37.32671686434184],[126.78470182264817,37.32693978081294],[126.785074656824,37.32704092747481],[126.78545116547973,37.32723830899333],[126.7857175675573,37.327470628486026],[126.78600620401025,37.32785913524663],[126.78610072016743,37.32783200632962],[126.7861747993676,37.327691401283396],[126.78635284138808,37.32761342619942],[126.78610524475788,37.327274641382914],[126.78597018978382,37.32699760099581],[126.78590908480187,37.326704296572245],[126.78594049355942,37.326333942939584],[126.78738030339245,37.322431608872876],[126.78743519040084,37.322372240568896],[126.78754816378482,37.32235856911238],[126.7881925142703,37.32250930244603],[126.78850153397555,37.32262915472124],[126.78872915684055,37.32280778684834],[126.78948735198968,37.323600967888126],[126.78966133334015,37.32371895324969],[126.78986203783539,37.32380265713031],[126.79019278256771,37.32386262571828],[126.79364247022076,37.32407479999346],[126.79400481371476,37.32417445849767],[126.79422034937136,37.3240774355351],[126.79443385151271,37.324256689679515],[126.79517944429,37.3239627894899],[126.79816957844943,37.32339347224257],[126.80137891979999,37.32257579450884],[126.80209839020712,37.32219010011657],[126.80249608793012,37.32192416542796],[126.80318493910184,37.32161970332733],[126.8032024708585,37.32157269020576],[126.8042870448116,37.32102183214567],[126.8046600999703,37.3208554753649],[126.80567088339033,37.32052103410036],[126.80614959514617,37.32022545120784],[126.80651711218904,37.320068594222114],[126.80884576748338,37.31846675442783],[126.80833888923827,37.31772892541556],[126.80856801909383,37.317785216843724],[126.81173929980115,37.316171688330904],[126.81206014552987,37.31588129722255],[126.81229984722881,37.315562339146275],[126.81245155192607,37.31521724542389],[126.81254227939615,37.31477817624414],[126.81250226502436,37.3144043667761],[126.8122572900092,37.313800107630406],[126.81222254744875,37.31379906093824],[126.81231305607635,37.31400986556007],[126.81184103989114,37.31415327418193],[126.8109329816139,37.31337026537362],[126.81087049989452,37.31336466848167],[126.81077716553514,37.3134258779753],[126.81063336520158,37.313458443483086],[126.81049678563434,37.31344596916528],[126.81042351559641,37.31355775832496],[126.80995993438933,37.313799925528734],[126.80977066953267,37.31356652359953],[126.80974701830009,37.313418086281644],[126.80936694817893,37.31351396971856],[126.80936435246815,37.313425755050325],[126.80904748454547,37.31359841737628],[126.80875085428072,37.31367341355779],[126.80852885418282,37.31377631835605],[126.80799767714159,37.31421823319091],[126.8077475813783,37.314348833155435],[126.80827597674376,37.3153560799097],[126.80805170682937,37.31547530665726],[126.80739569617346,37.315532456736996],[126.80743418310227,37.31531036294754],[126.80706239635938,37.31530387797373],[126.80677003112305,37.31562012580719],[126.8069900980545,37.315583140215274],[126.80701958648717,37.31565341462607],[126.8068400890968,37.315768144439936],[126.80675898987543,37.31563207325941],[126.80672458010731,37.31563291765426],[126.80658826856728,37.31580810490088],[126.80612188096482,37.31558584566723],[126.805770117751,37.31546596857216],[126.8028706138467,37.314724134292845],[126.80295868906276,37.31426358758197],[126.80320682154141,37.3140245109371],[126.80326050460283,37.313600307759785],[126.80287318071177,37.31365419739714],[126.80271068843115,37.31343664213788],[126.80259277961672,37.31311175928954],[126.80282883845871,37.31280431125411],[126.80358141503993,37.31215743714159],[126.80418805626675,37.31213966375413],[126.8037257455298,37.31156095578023],[126.80359473471069,37.31133221846901],[126.80298834876753,37.31049589733375],[126.80320190291188,37.3104597367572],[126.80339289337081,37.31048478980448],[126.80368112942428,37.310080413724954],[126.80421810395745,37.30965014184577],[126.80411116537039,37.309642088557496],[126.80420203568565,37.30934560410197],[126.8041401605914,37.30927338275847],[126.80455128509709,37.308752355180594],[126.80469793313777,37.308434068155684],[126.80474949463526,37.308481628989284],[126.80478567978766,37.30844754022628],[126.80467781808217,37.308391803578104],[126.80495643042724,37.30767470684352],[126.80633596901457,37.307379443724315],[126.80798688047156,37.307176414181065],[126.80789285137644,37.307704253200356],[126.80793709876455,37.308000655313535],[126.80817286447672,37.30783258469409],[126.80851940331608,37.30764943088425],[126.80856236859762,37.30765391596916],[126.8078840952296,37.30595441724846],[126.80766894571889,37.306011514568894],[126.80767547700714,37.30604654819297],[126.80758832900935,37.306033637879885],[126.80747020273807,37.30607501766897],[126.80669102456017,37.30653245058326],[126.80622290358409,37.30661863722595],[126.80584029354284,37.30656134870978],[126.80561879166665,37.30661353921414],[126.80557894635994,37.30650675560982],[126.80488403254618,37.30621585987998],[126.80475627281788,37.30582814280907],[126.80460350314725,37.305273333516055],[126.8050012046619,37.305059243650575],[126.80527210518731,37.30452155453192],[126.80550032510098,37.303908188847586],[126.80539445170898,37.30374927944932],[126.80535094722104,37.30375790227107],[126.8052970185204,37.30366744883017],[126.8053730581125,37.303617657938396],[126.80531208817888,37.303597824383104],[126.80575667992599,37.303396189742614],[126.80579388336484,37.30331624001822],[126.8057116799858,37.30295929712222],[126.80561759060006,37.302967070477834],[126.80559782084129,37.302761603449696],[126.80569023094039,37.302748871678745],[126.80567808126118,37.30264955832615],[126.80560176710435,37.30267520142711],[126.80566801040906,37.30257502667231],[126.80561351135401,37.3023654475387],[126.80641983043111,37.30228557871053],[126.8056891812402,37.300456384776695],[126.80561239291043,37.30036128935597],[126.80522177805027,37.29953386783952],[126.80568670790706,37.29801684679221],[126.80017083874093,37.29699519723582],[126.79980935031838,37.29704341753594],[126.79914524525077,37.29735043572642],[126.7988396364731,37.29737865564835],[126.78575410282284,37.294830304453],[126.78539242961838,37.294785854668405],[126.78495350664068,37.29477919577733],[126.78451804597714,37.29482362992569],[126.78414908031857,37.294903342729675],[126.78389636688416,37.29442366634781],[126.78361477396686,37.29405735772299],[126.78327303001257,37.293725311769485],[126.78287759068853,37.29343380204641],[126.78243589475147,37.29318830202363],[126.78183150098445,37.29295310362213],[126.78131725302607,37.2928266077867],[126.78078618167453,37.292757582007084],[126.76916168349811,37.29283761987128],[126.76839109656808,37.29288507568235],[126.76763522259436,37.29301384634266],[126.74614125880096,37.2991393314015],[126.74546050849038,37.29942934301295],[126.74360767948104,37.3005795720276],[126.74333176903852,37.30071651227402],[126.73958509507936,37.301807154655776],[126.73942888923798,37.30146955457679],[126.73922999315884,37.30117436111635],[126.73956730996947,37.30082434738362],[126.73982876232942,37.30043510544505],[126.7402968728345,37.299286266812494],[126.74025946465544,37.299125504087726],[126.74013205215874,37.29899752923001],[126.73995891749402,37.29893439023395],[126.73975442247863,37.29894132659889],[126.73958860410673,37.299015961278414],[126.73911858499532,37.29943883547228],[126.73890158256947,37.299574922878115],[126.73668811442474,37.30031472597683],[126.73377618577528,37.30104816123257],[126.73351700104334,37.301071821295125],[126.73250959891377,37.30104246018361],[126.73233022046611,37.30109873595715],[126.73220446115572,37.301215385121175],[126.73216280871692,37.30133215349501],[126.73217476669905,37.30144224110682],[126.73224096853865,37.301551533085735],[126.73235334371755,37.3016332865406],[126.73396695276715,37.302269357499775],[126.73452579793044,37.3024107830987],[126.73498968152593,37.30246704348471],[126.73505785858822,37.302724431036026],[126.73520024584501,37.303057626704046],[126.73286931900803,37.30372227215097],[126.7324439830452,37.303811417618434],[126.72984305478003,37.30387452188553],[126.7292914862938,37.30394806677877],[126.72097077859497,37.30631580561427],[126.72054441439022,37.30646445457318],[126.72014761331191,37.306658403756394],[126.71769585273488,37.3081536490833]],[[126.75288720786685,37.30361112829938],[126.75081926189388,37.29898521868758],[126.75504378852037,37.29778004632074],[126.75659912887996,37.30124790515571],[126.75688741688127,37.301179392550466],[126.75747553914732,37.30251266692628],[126.75734700791904,37.30254900156168],[126.75725544004904,37.30234421644629],[126.75662720295081,37.30257319374987],[126.75361441016341,37.30343280870399],[126.75344357638131,37.303452453569],[126.75288720786685,37.30361112829938]]]}},{"type":"Feature","properties":{"layer":"zone_industrial","id":"zone_industrial_0166","name":"반월특수지역(시화지구)","category":"산업단지기타","color":"#d35400","sido":"경기도","sgg_code":"41270","type_code":"UHA999","mgmt_no":"16130004127020170488UHA9990007000"},"geometry":{"type":"Polygon","coordinates":[[[126.6005815659195,37.254541103769355],[126.60073422059965,37.25480962304001],[126.60099519637228,37.2551237492751],[126.60113731938449,37.255229407184174],[126.60168946847826,37.25535597542915],[126.6018667123787,37.255325911703224],[126.60226657074696,37.25535749914707],[126.60250429862725,37.25532140325197],[126.60254413556551,37.25539598061459],[126.60301709641213,37.25523243237029],[126.60298434206123,37.255114278137256],[126.60318686776198,37.25505860012773],[126.60337240791269,37.255158959180925],[126.60360610126739,37.25431014498787],[126.60075697418476,37.25382943291008],[126.6005815659195,37.254541103769355]]]}},{"type":"Feature","properties":{"layer":"zone_industrial","id":"zone_industrial_0167","name":"도시첨단산업단지 (경기도 41280)","category":"도시첨단산업단지","color":"#c026d3","sido":"경기도","sgg_code":"41280","type_code":"UHA220","mgmt_no":"39400004128020210511UHA2200001000"},"geometry":{"type":"Polygon","coordinates":[[[126.72632086212238,37.66197854127048],[126.72641758685835,37.66239465517241],[126.72677558947207,37.662904502160835],[126.72844074044053,37.6624314936501],[126.72793717469257,37.661702297055974],[126.73009955166013,37.660758515287085],[126.73012854166743,37.660671412995576],[126.72907291317529,37.65930706207562],[126.72966291657053,37.65904954702729],[126.72921166715983,37.658098728834105],[126.72914645390038,37.65829850393344],[126.72899062604634,37.658423018736045],[126.72735593340325,37.65926776609465],[126.72717728978849,37.65930843508484],[126.72676231080062,37.659329993575014],[126.72642783318268,37.6593106540516],[126.72646019323857,37.65947840032353],[126.72632086212238,37.66197854127048]]]}},{"type":"Feature","properties":{"layer":"zone_industrial","id":"zone_industrial_0168","name":"금곡일반산업단지","category":"일반산업단지","color":"#9333ea","sido":"경기도","sgg_code":"41360","type_code":"UHA210","mgmt_no":"64100004136020155172UHA2100001000"},"geometry":{"type":"Polygon","coordinates":[[[127.21039984866988,37.71119853945746],[127.21147461946556,37.71146665884065],[127.21180605611708,37.71200395321501],[127.21204144703191,37.712111234512165],[127.21263368794706,37.71209998574054],[127.21278903855233,37.712240330068624],[127.21287543265703,37.712646978803946],[127.21294896751995,37.71283032841533],[127.2130565545723,37.71273640810616],[127.21289125767778,37.71208946053061],[127.21284695948692,37.7120095072348],[127.21272055670777,37.71201488722526],[127.2125334805234,37.7118246140551],[127.21235706167539,37.711416729515754],[127.21235112959754,37.71089203620679],[127.21242427620624,37.710843415467984],[127.21237831019198,37.71080279207932],[127.21248854733389,37.710668351126714],[127.21249386839207,37.71062113104371],[127.21258875583696,37.710636818216706],[127.2125748019885,37.7106871530751],[127.21298785107011,37.71074119171125],[127.2131588595765,37.71095674708311],[127.2138304982494,37.71092514113445],[127.21362346584549,37.711277322475816],[127.2143835391412,37.71159711973858],[127.21441907449825,37.711558953783715],[127.21434140609328,37.7113626206004],[127.21429953053797,37.71138467971402],[127.21420005898656,37.71120988279399],[127.21431823585488,37.710997456324286],[127.21429838882514,37.71088619595013],[127.21437676067603,37.71069823936185],[127.2152090980068,37.71028835355202],[127.21508549478322,37.710141918405554],[127.2154420728706,37.71000506415964],[127.2144482550255,37.708023298045354],[127.21337308354424,37.707983141506475],[127.21270337376154,37.707801987420524],[127.21219706073056,37.707813884878725],[127.2107678750853,37.70930817587961],[127.21080248919479,37.70936961433265],[127.2108418891754,37.70993107090517],[127.21040185646433,37.71060878227858],[127.21039984866988,37.71119853945746]]]}},{"type":"Feature","properties":{"layer":"zone_industrial","id":"zone_industrial_0169","name":"반월국가산업단지 재생사업지구","category":"재생사업지구","color":"#be185d","sido":"경기도","sgg_code":"41270","type_code":"UHA700","mgmt_no":"39300004127020240201UHA7000001000"},"geometry":{"type":"Polygon","coordinates":[[[126.77626839429047,37.31599390930827],[126.78105909475973,37.32642972967028],[126.78099654585674,37.326513696653386],[126.78079330727546,37.3265065060006],[126.78078012175993,37.326740414170864],[126.77936104125128,37.326688409511036],[126.77935886778235,37.32672533838777],[126.78470182264817,37.32693978081294],[126.785074656824,37.32704092747481],[126.78545116547973,37.32723830899333],[126.7857175675573,37.327470628486026],[126.78600620401025,37.32785913524663],[126.78610072016743,37.32783200632962],[126.7861747993676,37.327691401283396],[126.78554589619931,37.32684820353194],[126.78615398816494,37.3250917747277],[126.78723848424293,37.32218195762307],[126.788311542657,37.32244498558483],[126.78853911614635,37.3225368042942],[126.78879396089731,37.32272413512151],[126.78913576108792,37.32308323958693],[126.79051999129588,37.321999350605196],[126.79083437249078,37.32112861996069],[126.791964195988,37.321234514123326],[126.79209363742336,37.32089595798675],[126.79336699225638,37.32062411279993],[126.79356094927887,37.32008419932081],[126.79140111845942,37.31957004381477],[126.79140376168937,37.31825563326274],[126.7924777838731,37.31739390261866],[126.79481634295503,37.31791862257956],[126.79500534161923,37.31741158522429],[126.79143942652148,37.31591103962614],[126.7917208519538,37.315142252279266],[126.79296385023213,37.31504371455032],[126.79309528847779,37.31467101158829],[126.79210996134313,37.31407603693669],[126.79216768821912,37.313924676635864],[126.79318352343454,37.31323385063417],[126.79351415053723,37.312407533632594],[126.79450643417607,37.312654379514356],[126.79459228110497,37.31265416922919],[126.79465657404904,37.312615627605794],[126.79491997891253,37.31195599601784],[126.79448754845629,37.31184864898404],[126.79468130209594,37.31133053730132],[126.79534640280212,37.311495594438746],[126.79509649533765,37.312113821397126],[126.79756704187595,37.31272573850946],[126.7971893645012,37.313696320959565],[126.80273285994511,37.315071608841244],[126.80285767424675,37.31483998449005],[126.80295868906276,37.31426358758197],[126.80320682154141,37.3140245109371],[126.80326050460283,37.313600307759785],[126.80287318071177,37.31365419739714],[126.80271068843115,37.31343664213788],[126.80259277961672,37.31311175928954],[126.80282883845871,37.31280431125411],[126.80358141503993,37.31215743714159],[126.80418805626675,37.31213966375413],[126.8037257455298,37.31156095578023],[126.80359473471069,37.31133221846901],[126.80298834876753,37.31049589733375],[126.80320190291188,37.3104597367572],[126.80339289337081,37.31048478980448],[126.80368112942428,37.310080413724954],[126.80421810395745,37.30965014184577],[126.80411116537039,37.309642088557496],[126.80420203568565,37.30934560410197],[126.8041401605914,37.30927338275847],[126.80455128509709,37.308752355180594],[126.80469793313777,37.308434068155684],[126.80474949463526,37.308481628989284],[126.80478567978766,37.30844754022628],[126.80467781808217,37.308391803578104],[126.80495643042724,37.30767470684352],[126.80633596901457,37.307379443724315],[126.80798688047156,37.307176414181065],[126.80789285137644,37.307704253200356],[126.80793709876455,37.308000655313535],[126.80817286447672,37.30783258469409],[126.80851940331608,37.30764943088425],[126.80856236859762,37.30765391596916],[126.8078840952296,37.30595441724846],[126.80766894571889,37.306011514568894],[126.80767547700714,37.30604654819297],[126.80758832900935,37.306033637879885],[126.80747020273807,37.30607501766897],[126.80669102456017,37.30653245058326],[126.80622290358409,37.30661863722595],[126.80584029354284,37.30656134870978],[126.80561879166665,37.30661353921414],[126.80557894635994,37.30650675560982],[126.80488403254618,37.30621585987998],[126.80460350314725,37.305273333516055],[126.8050012046619,37.305059243650575],[126.80527210518731,37.30452155453192],[126.80550032510098,37.303908188847586],[126.80539445170898,37.30374927944932],[126.80535094722104,37.30375790227107],[126.8052970185204,37.30366744883017],[126.8053730581125,37.303617657938396],[126.80531208817888,37.303597824383104],[126.80575667992599,37.303396189742614],[126.80579388336484,37.30331624001822],[126.8057116799858,37.30295929712222],[126.80561759060006,37.302967070477834],[126.80559782084129,37.302761603449696],[126.80569023094039,37.302748871678745],[126.80567808126118,37.30264955832615],[126.80560176710435,37.30267520142711],[126.80566801040906,37.30257502667231],[126.80561351135401,37.3023654475387],[126.80641983043111,37.30228557871053],[126.8056891812402,37.300456384776695],[126.80561239291043,37.30036128935597],[126.80522177805027,37.29953386783952],[126.80221257084573,37.2989599210303],[126.80255569054577,37.297795288472884],[126.80250367812896,37.29758823481117],[126.80234639927819,37.29743866986329],[126.80202281213953,37.297330713344515],[126.80012967688008,37.29699359546403],[126.79980935031838,37.29704341753594],[126.79914524525077,37.29735043572642],[126.7988396364731,37.29737865564835],[126.78575410282284,37.294830304453],[126.78539242961838,37.294785854668405],[126.78495350664068,37.29477919577733],[126.78451804597714,37.29482362992569],[126.78416460008566,37.29489902827036],[126.77685049623449,37.29701200616104],[126.78237009100553,37.30928636184237],[126.78233373590254,37.30937149556893],[126.78135724766013,37.30965119080208],[126.78148720877591,37.30987537353875],[126.78159148916397,37.31016795035594],[126.78162281197216,37.31052913983201],[126.78170166331978,37.31083869866565],[126.78174112247736,37.31119521784632],[126.78156711292343,37.31230153462871],[126.7813514487733,37.313106290262674],[126.7813113439164,37.31359033674379],[126.78137989891799,37.31398844728996],[126.78151887912895,37.31448426976688],[126.77626839429047,37.31599390930827]]]}},{"type":"Feature","properties":{"layer":"zone_industrial","id":"zone_industrial_0170","name":"두교산업단지","category":"지방산업단지","color":"#7e22ce","sido":"경기도","sgg_code":"41550","type_code":"UHA200","mgmt_no":"15000004155000000000UHA2000000009"},"geometry":{"type":"Polygon","coordinates":[[[127.44093650350094,37.01486194672584],[127.44138459680991,37.016461372737886],[127.443282888115,37.01618242536575],[127.44420220609076,37.01582593527326],[127.44398455968496,37.01549963298923],[127.4438678965931,37.01541155617648],[127.44387759909468,37.0143908196034],[127.4437731783529,37.01430344493017],[127.4436794258974,37.01428282644076],[127.44367014896916,37.01404306931529],[127.44156713531149,37.01435631073163],[127.44129042039182,37.01444482090227],[127.44123079361985,37.01440082651849],[127.44093650350094,37.01486194672584]]]}},{"type":"Feature","properties":{"layer":"zone_industrial","id":"zone_industrial_0171","name":"광릉 테크노밸리","category":"일반산업단지","color":"#9333ea","sido":"경기도","sgg_code":"41360","type_code":"UHA210","mgmt_no":"64100004136020120431UHA2100002000"},"geometry":{"type":"Polygon","coordinates":[[[127.22605946800209,37.75022021242603],[127.22619352247243,37.75013117652353],[127.22623610499011,37.750145510690466],[127.22635216787933,37.74999804569627],[127.22639772834516,37.74999532798696],[127.22948845388579,37.75086379839232],[127.22954738437119,37.750917507666024],[127.22955304629154,37.750984005467956],[127.22922999279237,37.75170776625094],[127.2303380863969,37.75206452615719],[127.23035388723382,37.75203320520129],[127.23031920326582,37.75193503203628],[127.23034251805308,37.75186389215705],[127.23044821293433,37.7518665790039],[127.23097586676904,37.751375359610286],[127.23138490588885,37.75126616834732],[127.23241329420853,37.75107273176875],[127.23243483161588,37.7511570102765],[127.2325713585356,37.751368774286966],[127.23258447536477,37.75150005424637],[127.23264691773736,37.75155470108295],[127.23265842359879,37.75176263772186],[127.23287753462051,37.75187908017054],[127.23324286452524,37.751828007985694],[127.23343285917049,37.751842364995206],[127.23374440305322,37.75177300850847],[127.23398532092772,37.752591874040384],[127.23421688455325,37.75255618966259],[127.23439713272438,37.752479612627305],[127.23463634669996,37.75274507559092],[127.23483310839285,37.75284664771871],[127.23500150764126,37.75283789031365],[127.235286217019,37.752501277642736],[127.23539289817234,37.75246366724926],[127.23554683734048,37.75224862734382],[127.23552437134063,37.75212292521069],[127.23556327831467,37.752089782798556],[127.23549576963138,37.75200898374528],[127.23551118879583,37.75192201066803],[127.23524554620198,37.75161657227386],[127.23518286626906,37.751505040780756],[127.23526107575437,37.75147804617007],[127.2351667816888,37.751398516324535],[127.23500677407368,37.75112650971101],[127.23535002725107,37.751067672423865],[127.23555727750664,37.75094462265724],[127.23557931791511,37.75085243787913],[127.23565214955602,37.75075386353036],[127.23558823605451,37.75045598945072],[127.23564059810126,37.75043681217063],[127.23561613811319,37.75034797218749],[127.23564321175695,37.75030478052455],[127.2355895078736,37.75019331247965],[127.23562009021278,37.750140131233174],[127.2355500356547,37.75005745423461],[127.23555494489985,37.749926499174265],[127.23542484408422,37.74968896741792],[127.23544139543876,37.74965540089458],[127.2352003840861,37.74952694274671],[127.23490232322052,37.7494384915171],[127.23462620878615,37.74943725397739],[127.23448091141398,37.74904901180795],[127.23457924077604,37.74901263493456],[127.23461244482563,37.74890893199995],[127.23486491748035,37.74875685518396],[127.23492316969015,37.74868421267603],[127.23490855390324,37.7484308469628],[127.23479527746564,37.74808257131105],[127.23489784277025,37.7479647210856],[127.23466384143181,37.747873331383595],[127.23464265218608,37.74782096451309],[127.23454038405744,37.74778395712025],[127.23443059288535,37.747808355842075],[127.2343490980556,37.74778152410954],[127.23429271234208,37.747834197410086],[127.2342840742158,37.7478946778181],[127.23421541475835,37.74793027511704],[127.23389364007706,37.74795924503587],[127.23327645996223,37.748261227180144],[127.23294824925198,37.74824623137159],[127.23295336771736,37.74834499343956],[127.23233065877287,37.74843269743282],[127.2323990199765,37.748541714717135],[127.2322430139443,37.74876397137479],[127.232199243876,37.74903612856443],[127.23197756027942,37.74913352336284],[127.23185850297426,37.74910524072701],[127.23139234078359,37.749275116522995],[127.23100081240429,37.749289799215894],[127.23056675167211,37.74920718764266],[127.22985514756115,37.7489862206169],[127.22975357462958,37.74886497709307],[127.22958770549761,37.748830277866674],[127.22943421556653,37.74895464577719],[127.22929295863368,37.74953498308511],[127.22916969752396,37.749641831643544],[127.22892690626631,37.74971798082086],[127.22881695547858,37.749706570521894],[127.22878590513007,37.74965277108139],[127.22846254488859,37.749555811246516],[127.22832164367351,37.74945618413318],[127.22831472469137,37.749404950912826],[127.22834748023745,37.749385589349714],[127.22821776210327,37.74926937195696],[127.22813970030208,37.749289063854846],[127.22812340103549,37.74951800177712],[127.22799579634444,37.74967824827333],[127.227750873058,37.74969557553235],[127.22759010784277,37.74963064555004],[127.226916253153,37.74947885409594],[127.22636331097247,37.74947691892904],[127.22621905732888,37.74959227346113],[127.22616758529334,37.74970379313492],[127.2261065814077,37.75001417252942],[127.22613082386741,37.750068625328026],[127.22605946800209,37.75022021242603]]]}},{"type":"Feature","properties":{"layer":"zone_industrial","id":"zone_industrial_0172","name":"진관일반산업단지","category":"일반산업단지","color":"#9333ea","sido":"경기도","sgg_code":"41360","type_code":"UHA210","notice_date":"20121220","mgmt_no":"64100004136020120423UHA2100003000"},"geometry":{"type":"Polygon","coordinates":[[[127.15249368276837,37.63635225532193],[127.15339503065138,37.639011052691586],[127.15831940549411,37.63796209124774],[127.1584864342802,37.63738317173936],[127.15858662690813,37.637186174957066],[127.15850198769617,37.636590471528365],[127.1581003283482,37.63571345354625],[127.15710474965452,37.63562810549811],[127.15659139494142,37.63567283005168],[127.15595655734225,37.63586674206862],[127.1552874213353,37.63585680424132],[127.15249368276837,37.63635225532193]]]}},{"type":"Feature","properties":{"layer":"zone_industrial","id":"zone_industrial_0173","name":"용인반도체클러스터 산업단지외 준용시설(전기공급시설)","category":"산업단지기타","color":"#d35400","sido":"경기도","sgg_code":"41550","type_code":"UHA999","notice_date":"20220329","mgmt_no":"40500004155020220157UHA9990001004"},"geometry":{"type":"Polygon","coordinates":[[[127.28317447948628,37.09977049924772],[127.28323867314857,37.099696288857515],[127.28324445964145,37.099685345284854],[127.28317447948628,37.09977049924772]]]}},{"type":"Feature","properties":{"layer":"zone_industrial","id":"zone_industrial_0174","name":"일반산업단지 (경기도 41370)","category":"일반산업단지","color":"#9333ea","sido":"경기도","sgg_code":"41370","type_code":"UHA210","mgmt_no":"40000004137020230046UHA2100001001"},"geometry":{"type":"Polygon","coordinates":[[[127.03052075551062,37.180362402476554],[127.03214865081748,37.18147289452323],[127.03242127210665,37.18171808889243],[127.03288713634002,37.18222949117467],[127.03315538594207,37.18224104334497],[127.03311145209135,37.18220582411036],[127.03376562062375,37.18193704553068],[127.03424312701664,37.1820019702106],[127.03465398973009,37.182118181235865],[127.03471897592085,37.1813657882412],[127.03495316317651,37.18075138800369],[127.03494834974438,37.18056135837532],[127.03468987123166,37.18011686302882],[127.03411569214859,37.18026802904637],[127.03399159999785,37.18027842518119],[127.03376656888675,37.18019468920422],[127.0337768826132,37.18008556949407],[127.0338779294788,37.17990515213687],[127.0338957666171,37.17974629250779],[127.03373352365091,37.179545763461704],[127.03370658647968,37.17949026622749],[127.03371017058215,37.17944458211928],[127.03373753413699,37.17944349342198],[127.03370609443543,37.179392232336994],[127.03352911920088,37.17923486720275],[127.03351051206599,37.179171618656284],[127.03354726014848,37.17899410225542],[127.03323176880522,37.178814608255195],[127.03312522581045,37.17877706302539],[127.0327900060327,37.17881256318871],[127.03250584170888,37.178680724421916],[127.03181274725934,37.178700096035264],[127.03151932917669,37.17879721359797],[127.03139997161263,37.179386799523925],[127.03138778882544,37.17961936308858],[127.03052075551062,37.180362402476554]]]}},{"type":"Feature","properties":{"layer":"zone_industrial","id":"zone_industrial_0175","name":"일반산업단지 (경기도 41370)","category":"일반산업단지","color":"#9333ea","sido":"경기도","sgg_code":"41370","type_code":"UHA210","mgmt_no":"64100004137020090269UHA2100003001"},"geometry":{"type":"Polygon","coordinates":[[[127.02626246446293,37.17179022509379],[127.02647255124857,37.1727542134828],[127.03218359331308,37.17194526236543],[127.03207842544711,37.17138294473016],[127.0320730368985,37.17086385162143],[127.03212940906603,37.170489090637645],[127.03243471717472,37.16925682617882],[127.03311315038964,37.169116894387535],[127.03354348388208,37.169116868939035],[127.03381046234315,37.16889594920354],[127.03396011906774,37.168416099365636],[127.03460008508058,37.16839033257122],[127.03488323899842,37.16809615053027],[127.03484247002942,37.16807210397692],[127.03520875462176,37.16761453739822],[127.03525289423771,37.16762290460076],[127.03527222098437,37.167535226947216],[127.03575376291035,37.16725972793164],[127.03577687759206,37.165837774263956],[127.03490046369106,37.16118193633591],[127.0338525593183,37.16146767985948],[127.03334715406305,37.16168217669491],[127.03300651815023,37.1617775087839],[127.0322739947793,37.16190988535661],[127.03149649119761,37.16189819078334],[127.0310656110417,37.161834865063156],[127.03019504486508,37.161637929094645],[127.02969358369732,37.16159002341553],[127.02923942429322,37.161587157093116],[127.02927850541607,37.16193576447083],[127.0293214050068,37.16195053164183],[127.02937495987477,37.1621626263929],[127.02886612251024,37.16258596843921],[127.02846898275044,37.1624294568578],[127.02791733525186,37.162468326253546],[127.02768574233718,37.16244585137205],[127.02792299431268,37.162877672278725],[127.02670100714,37.16459029460888],[127.02668189058676,37.16466040038472],[127.02660377390335,37.16573888395271],[127.02671952016614,37.16602505091952],[127.0268247924452,37.166062890600564],[127.02727352428528,37.16641605055764],[127.02758979096318,37.166290654322005],[127.02920397794051,37.166879664859174],[127.0295464202131,37.16733227180799],[127.03001007110593,37.167633472270815],[127.0304145855061,37.168567078092046],[127.03049330428347,37.168491785172215],[127.03136893090164,37.16904337057144],[127.03133652672912,37.16910140632734],[127.03131454877023,37.16933163002736],[127.03135785384009,37.16950687326587],[127.03132026523181,37.169552475835026],[127.03131500295035,37.16962798510952],[127.03112391537404,37.16987906541292],[127.03096641854569,37.1702296129104],[127.03054885490347,37.17066203948121],[127.03038191790505,37.17077507186479],[127.03022580818107,37.170937028366296],[127.03015424249354,37.17105805661172],[127.02873858155405,37.17110578557425],[127.02737813357818,37.17160788472854],[127.02626246446293,37.17179022509379]]]}},{"type":"Feature","properties":{"layer":"zone_industrial","id":"zone_industrial_0176","name":"용인 죽능일반산업단지","category":"일반산업단지","color":"#9333ea","sido":"경기도","sgg_code":"41460","type_code":"UHA210","notice_date":"20251215","mgmt_no":"40500004146020250687UHA2100001001"},"geometry":{"type":"Polygon","coordinates":[[[127.306013009866,37.13503274601176],[127.30712967178756,37.134299705403976],[127.30700741289219,37.134122152952365],[127.30696585215749,37.13400196966212],[127.30707521200372,37.133627778446254],[127.30676100836105,37.133577083793725],[127.30593841718137,37.13333331103458],[127.3058558294919,37.133064955609434],[127.30557102399229,37.13314354631609],[127.30467872285425,37.13299848258062],[127.30474699289815,37.132734209689104],[127.30472668185786,37.13241042360645],[127.30474158899719,37.132367044882116],[127.30483780842523,37.132366708624474],[127.30484895139797,37.13231072479121],[127.3047409713599,37.132155839897614],[127.3046891135493,37.13213326602122],[127.30400860621204,37.13228082162063],[127.30405807236623,37.132463086314424],[127.30397664243763,37.1327919257347],[127.30365926586708,37.13332311217169],[127.30338768085277,37.133294105390895],[127.30329693967144,37.133432981257165],[127.30340100769193,37.13362041437451],[127.30341679319227,37.13384320426038],[127.3028316345169,37.134254446282355],[127.30333094430725,37.134582123006986],[127.30385477372297,37.13452033663569],[127.3040360054653,37.13468277539286],[127.30426274033451,37.134741044237835],[127.30435505822159,37.13493290360708],[127.30436389395138,37.13532287413027],[127.3044470560562,37.1355073411442],[127.30454991667624,37.13547242380963],[127.30516388670368,37.135055639223246],[127.3057282995739,37.13509474848226],[127.306013009866,37.13503274601176]]]}},{"type":"Feature","properties":{"layer":"zone_industrial","id":"zone_industrial_0177","name":"일반산업단지 (경기도 41370)","category":"일반산업단지","color":"#9333ea","sido":"경기도","sgg_code":"41370","type_code":"UHA210","mgmt_no":"64100004137020080507UHA2100000001"},"geometry":{"type":"Polygon","coordinates":[[[127.03490046369106,37.16118193633591],[127.03577687759206,37.165837774263956],[127.03573854828794,37.16872465903812],[127.03583084517008,37.16890826625822],[127.0385246422921,37.16890394132704],[127.03856704954934,37.16905161010372],[127.03885933539097,37.16880778441716],[127.03917779239816,37.16866766049991],[127.03945997204583,37.16848501780263],[127.03975656111925,37.16852366758266],[127.03976836188795,37.16848104412343],[127.0403179978143,37.16839814903205],[127.04061958335568,37.16830037609227],[127.04093775328478,37.16826819328602],[127.04135845801777,37.168166143836395],[127.0412821397487,37.1634762938864],[127.04123928848283,37.16334484499895],[127.04123540245621,37.1621581627196],[127.04143341362328,37.16061567747827],[127.0419008191381,37.158440381864224],[127.04183614708582,37.15834191898973],[127.041686386477,37.15828123900208],[127.04001251317915,37.15925772316992],[127.03923612184498,37.15961956466576],[127.0374072697298,37.160345028281995],[127.03490046369106,37.16118193633591]]]}},{"type":"Feature","properties":{"layer":"zone_industrial","id":"zone_industrial_0178","name":"일반산업단지 (경기도 41370)","category":"일반산업단지","color":"#9333ea","sido":"경기도","sgg_code":"41370","type_code":"UHA210","notice_date":"20200717","mgmt_no":"40000004137020200124UHA2100004001"},"geometry":{"type":"Polygon","coordinates":[[[127.03063695577308,37.17243683255152],[127.03069236147856,37.172689590216415],[127.03095119099147,37.17271334992467],[127.03131490207333,37.17281108589006],[127.03150665275349,37.173451250829224],[127.03106329084811,37.17359965687357],[127.03096202108138,37.17372362136612],[127.03149006685506,37.17424945818613],[127.03185452520886,37.174449920852304],[127.0318389538049,37.17473514281472],[127.03178487783413,37.17494980447137],[127.03171508524703,37.17500238946497],[127.03174604080789,37.17514648628667],[127.03258545023019,37.17547880111604],[127.03295051483272,37.17557214355114],[127.03300543724178,37.17561309964512],[127.03358787673189,37.175795279587504],[127.03461003647729,37.17566526547837],[127.03538932622573,37.17502275071737],[127.0355448041273,37.17478855063248],[127.03557699115042,37.17462482983755],[127.03584386317108,37.174338048100196],[127.03630060505576,37.17423160913687],[127.03636636321608,37.17418030211267],[127.03642208641912,37.17339028209381],[127.03634247667307,37.173313545163516],[127.03593805681128,37.17317710037818],[127.0359482093853,37.17190317623274],[127.03641035195521,37.17179571704994],[127.03666909594862,37.1715890299776],[127.03658334519152,37.17120677623851],[127.03313376178652,37.17205098497984],[127.0323071717486,37.17220020018819],[127.03063695577308,37.17243683255152]]]}},{"type":"Feature","properties":{"layer":"zone_industrial","id":"zone_industrial_0179","name":"지곡일반산업단지","category":"일반산업단지","color":"#9333ea","sido":"경기도","sgg_code":"41460","type_code":"UHA210","mgmt_no":"40500004146020220145UHA2100001001"},"geometry":{"type":"Polygon","coordinates":[[[127.13870373941803,37.241107536152604],[127.13929409482395,37.24130307881056],[127.14033439660234,37.24156947214488],[127.1411914393385,37.24166378517571],[127.14137818798748,37.24175037074532],[127.14150995656398,37.24185886218336],[127.14178795012239,37.241678163475044],[127.14166597919228,37.241395300915045],[127.14153771821621,37.24123915861121],[127.14182245138646,37.24047608397664],[127.14235151637213,37.24032852369537],[127.14311172381818,37.24031857976085],[127.14364798365465,37.240409500833756],[127.1436832432353,37.24036528962746],[127.14377159248984,37.23951586505722],[127.1417611724755,37.23910522709191],[127.14161570061465,37.239025179846934],[127.14144714825079,37.23874374160582],[127.14092519588873,37.23858716205839],[127.13996293015997,37.240637594065404],[127.13903301168571,37.240366347844756],[127.13870373941803,37.241107536152604]]]}},{"type":"Feature","properties":{"layer":"zone_industrial","id":"zone_industrial_0180","name":"시화국가산업단지 재생사업지구","category":"재생사업지구","color":"#be185d","sido":"경기도","sgg_code":"41390","type_code":"UHA700","notice_date":"20200928","mgmt_no":"40100004139020200272UHA7000001001"},"geometry":{"type":"Polygon","coordinates":[[[126.70219121353558,37.32842005973768],[126.72295173984945,37.3500181298487],[126.72345864559635,37.349701785195705],[126.72334672881007,37.34969016926591],[126.7206844627827,37.34691964292065],[126.73032490243416,37.3409635049808],[126.73300111809188,37.343727199569855],[126.73298670448142,37.34381656607493],[126.73338078589899,37.343573247333225],[126.73326885333977,37.34356183897908],[126.73204140253506,37.34229242246399],[126.74035033411835,37.3371611799357],[126.73889927218602,37.33566457030719],[126.74170445920126,37.333930719044986],[126.7443831333452,37.336694967067025],[126.74436883610245,37.33678435336311],[126.74487761085362,37.336469731045916],[126.72400920128545,37.31493986746424],[126.70219121353558,37.32842005973768]]]}},{"type":"Feature","properties":{"layer":"zone_industrial","id":"zone_industrial_0181","name":"국가산업단지 (경기도 41390)","category":"국가산업단지","color":"#6d28d9","sido":"경기도","sgg_code":"41390","type_code":"UHA100","mgmt_no":"16110004139020120453UHA1000001001"},"geometry":{"type":"Polygon","coordinates":[[[126.67128012673514,37.329318322336576],[126.68713995414846,37.33371812894003],[126.68798520977626,37.33389617882139],[126.68884808680319,37.33400810728389],[126.691142182947,37.33407918275965],[126.69164128213869,37.33412572211725],[126.69163337633017,37.33453127785706],[126.69253661588947,37.33459680147578],[126.69290766250954,37.33475517811619],[126.69323308206141,37.33497884882113],[126.69593463852715,37.33797662288479],[126.69610122481406,37.33824862049566],[126.69627746888777,37.33875561080876],[126.6964002243381,37.3390119072385],[126.69656694417272,37.3392518462044],[126.69694867403493,37.33967873259473],[126.6969305977004,37.339767706837286],[126.69364624378682,37.34165689817374],[126.69363161782877,37.34170402849152],[126.69525936274462,37.34431902896303],[126.69547276639533,37.345568673035714],[126.69379246182918,37.347861101718124],[126.69368669642914,37.347892632533004],[126.69356887825722,37.348169938775804],[126.70171063914974,37.350374190198565],[126.7079069119521,37.353979837659814],[126.70805366963627,37.35394362046618],[126.70765067367702,37.353696912478085],[126.70956183102345,37.351697338217235],[126.70965137052039,37.3516877380485],[126.71340628586593,37.35397838352864],[126.71377585368019,37.35374742397124],[126.71530023382397,37.35467505285979],[126.7154131051453,37.35467469517054],[126.7160390783828,37.354288156881786],[126.71619151315159,37.35415272316451],[126.71645782858245,37.353988388734514],[126.71666368814107,37.353902314755175],[126.72042105330779,37.3515814485161],[126.72057392209781,37.35144710934026],[126.7208487033615,37.351277378907604],[126.72104991681866,37.35119298012694],[126.72578514328217,37.34826505895247],[126.7259281546525,37.34813681671152],[126.72621003773793,37.347962765338785],[126.72641123605437,37.347878447433025],[126.73044601703792,37.34538635895437],[126.73059919463265,37.34525182713422],[126.73107455101587,37.34499801614119],[126.73488067563318,37.34264741480203],[126.73503474415838,37.34251242865157],[126.73550701349136,37.342260845275625],[126.73905308963536,37.34007128349055],[126.74069357234082,37.33905701879752],[126.74084773722682,37.338921664769906],[126.74111541599903,37.338756196004915],[126.74131815643436,37.33867086481869],[126.74665134641577,37.33537275079236],[126.74676602882126,37.33526190178208],[126.74698438070068,37.3351267679193],[126.74718846158973,37.33504061855918],[126.74915673772249,37.3338238850986],[126.74917487494972,37.3337349658795],[126.74902483453326,37.33352218482243],[126.74886207877364,37.33319801009363],[126.748668165929,37.33250804366679],[126.74853597048211,37.33221400084908],[126.74908128509445,37.331877137949164],[126.74758864616898,37.325704290314654],[126.74755074888125,37.325465888350465],[126.74755392686164,37.325225592273085],[126.74763794407532,37.32483445813964],[126.74655225754843,37.32472471294188],[126.73854676490684,37.32967254109605],[126.71769585270101,37.308153658093474],[126.71749774168808,37.30826754097402],[126.71726637143024,37.308331805278904],[126.71340591774941,37.30875994546736],[126.71237063109768,37.30891809151853],[126.71134632945477,37.309116702445785],[126.71004353616448,37.30943231985384],[126.70741273855882,37.31017959998997],[126.70674091594661,37.31039617482053],[126.70608949889805,37.31064942341162],[126.70540581490575,37.31096608287435],[126.70472764645604,37.31133884096699],[126.69281387753634,37.318689722305066],[126.6925261029932,37.31883936104496],[126.69222272823353,37.31894961063116],[126.68503700752578,37.320174230895745],[126.6844841465217,37.32018380663229],[126.68192164449846,37.320027569493426],[126.68159301288986,37.320041809694835],[126.68127156908524,37.32009826332441],[126.68079092663766,37.31979635348646],[126.6805081393993,37.319753536016975],[126.68047938132067,37.319435424027965],[126.68018863262257,37.319781744902755],[126.67782678706979,37.32000718644795],[126.67765925375564,37.320109408616105],[126.67733217404567,37.320437142999495],[126.67726296778068,37.320561348556126],[126.67661847131512,37.320251223953235],[126.67654521662305,37.32025162649848],[126.6765122833599,37.320330600779826],[126.67691107663288,37.32090191639734],[126.67708057177731,37.3210079810251],[126.67730349290214,37.32103924474974],[126.67738749907707,37.32164333103494],[126.67703157078975,37.32176197533409],[126.67644532118557,37.321795992805775],[126.67627460328116,37.32187138079088],[126.67614352702908,37.32198678380377],[126.67607302561767,37.32210966957156],[126.67604863223828,37.32224344031981],[126.6760723455349,37.322377289307475],[126.67614254111776,37.32250075117287],[126.67591648506219,37.32283700355348],[126.67571088517889,37.32342336342725],[126.67549846043482,37.32381547078443],[126.67522110021639,37.32416649230455],[126.67431318906841,37.32509112776938],[126.67375817026561,37.32576043845327],[126.67128012673514,37.329318322336576]]]}},{"type":"Feature","properties":{"layer":"zone_industrial","id":"zone_industrial_0182","name":"반월특수지역","category":"특수지역","color":"#2c3e50","sido":"경기도","sgg_code":"41390","type_code":"UHA400","mgmt_no":"16110004139020120024UHA4000001001"},"geometry":{"type":"Polygon","coordinates":[[[126.62870048130526,37.31791997008784],[126.65479076465783,37.325175564390435],[126.65484235504742,37.32553765574486],[126.65430494855956,37.32679165293585],[126.65443340671494,37.326827710216584],[126.65496953881788,37.32558055647437],[126.65528009255208,37.32530769926625],[126.69049188553568,37.335106999387236],[126.69066475643754,37.33529892053112],[126.69045318026248,37.335523205159056],[126.69110385327853,37.33569680161805],[126.6913697009407,37.33552830512453],[126.69186419750478,37.337292329493636],[126.69193913248742,37.33778565393783],[126.691921182904,37.33844730713807],[126.69188809641841,37.338617792666206],[126.69177753420745,37.338839379467544],[126.69172621163906,37.33926530140715],[126.69034639040454,37.33979273273107],[126.6901248288243,37.34025112931024],[126.6902692857104,37.34040433136498],[126.69040784387424,37.34076481533152],[126.69032662705312,37.34078380247822],[126.69037164365659,37.34090663974752],[126.69049833847073,37.34087679770682],[126.69134678261834,37.34308348632568],[126.69165078478993,37.34301207520423],[126.69206254819844,37.34365323701993],[126.69257297095133,37.34398704705032],[126.69270739984339,37.3441503112837],[126.69300750947212,37.34502291133861],[126.69307444462437,37.345489092912175],[126.693037815501,37.345642621153964],[126.69282931776105,37.345958605309356],[126.69267817152048,37.34599371100274],[126.6926510370049,37.34603319489912],[126.69276142066954,37.34633407193297],[126.69270356805407,37.34704004939516],[126.69280741431601,37.34731170725672],[126.69306311244979,37.34737668889621],[126.69307174394669,37.34752898356272],[126.6928933331543,37.34776685575667],[126.69332332382021,37.347801035026826],[126.69375565654684,37.34791130084344],[126.69349464710335,37.34826737991225],[126.70209938557018,37.35059602333128],[126.70756917788113,37.35378208147665],[126.70956183102345,37.351697338217235],[126.70965137055528,37.35168772903841],[126.71335999326588,37.35395017703389],[126.7490812851246,37.33187712893901],[126.74758864619928,37.325704281304496],[126.74755074891158,37.325465879340314],[126.74755392689195,37.32522558326291],[126.74763794410562,37.32483444912948],[126.74655225757886,37.32472470393173],[126.73854676493823,37.32967253208591],[126.71769585270101,37.308153658093474],[126.71749774168808,37.30826754097402],[126.71726637143024,37.308331805278904],[126.71340591774941,37.30875994546736],[126.71237063109768,37.30891809151853],[126.71134632945477,37.309116702445785],[126.71004353616448,37.30943231985384],[126.70741273855882,37.31017959998997],[126.70674091594661,37.31039617482053],[126.70608949889805,37.31064942341162],[126.70540581490575,37.31096608287435],[126.70472764645604,37.31133884096699],[126.69281387753634,37.318689722305066],[126.6925261029932,37.31883936104496],[126.69222272823353,37.31894961063116],[126.68503700752578,37.320174230895745],[126.6844841465217,37.32018380663229],[126.68192164449846,37.320027569493426],[126.68159301288986,37.320041809694835],[126.68127156908524,37.32009826332441],[126.68079092663766,37.31979635348646],[126.6805081393993,37.319753536016975],[126.68047938132067,37.319435424027965],[126.68018863262257,37.319781744902755],[126.67782678706979,37.32000718644795],[126.67765925375564,37.320109408616105],[126.67733217404567,37.320437142999495],[126.67726296778068,37.320561348556126],[126.67661847131512,37.320251223953235],[126.67654521662305,37.32025162649848],[126.6765122833599,37.320330600779826],[126.67691107663288,37.32090191639734],[126.67708057177731,37.3210079810251],[126.67730349290214,37.32103924474974],[126.67738749907707,37.32164333103494],[126.67703157078975,37.32176197533409],[126.67644532118557,37.321795992805775],[126.67627460328116,37.32187138079088],[126.67614352702908,37.32198678380377],[126.67607302561767,37.32210966957156],[126.67604863223828,37.32224344031981],[126.6760723455349,37.322377289307475],[126.67614254111776,37.32250075117287],[126.67591648506219,37.32283700355348],[126.67571088517889,37.32342336342725],[126.67549846043482,37.32381547078443],[126.67522110021639,37.32416649230455],[126.67431318906841,37.32509112776938],[126.67375817026561,37.32576043845327],[126.67139326789486,37.329154787370186],[126.6707421553019,37.328963169001916],[126.67041849749886,37.3288219748523],[126.6679607171828,37.328128133849056],[126.65490612383792,37.32447652964625],[126.65432139456452,37.32434506843286],[126.63588102305359,37.31922488749556],[126.62895457233677,37.317273386215845],[126.62870048130526,37.31791997008784]]]}},{"type":"Feature","properties":{"layer":"zone_industrial","id":"zone_industrial_0183","name":"일반산업단지 (경기도 41390)","category":"일반산업단지","color":"#9333ea","sido":"경기도","sgg_code":"41390","type_code":"UHA210","mgmt_no":"64100004139020130301UHA2100001000"},"geometry":{"type":"Polygon","coordinates":[[[126.81712729263397,37.418799045955396],[126.8173285773714,37.418853870808384],[126.81713888525873,37.419323451856094],[126.8188077122687,37.41975699563325],[126.81902607647805,37.41989771022854],[126.81917402783925,37.42005264190029],[126.81932477984519,37.42007765207655],[126.81957554916792,37.419992622508325],[126.81963416767007,37.41990414342715],[126.81970214565665,37.41949545977379],[126.81993293638304,37.41865391067768],[126.82024529964436,37.41846148373571],[126.82043596252548,37.418048933043565],[126.82050741073533,37.41774477129613],[126.8202900100372,37.4173931343582],[126.82003860607706,37.41708964886812],[126.82011404464875,37.41691109428166],[126.82075041836542,37.41707821525383],[126.82139563611912,37.41699693771708],[126.82164252364632,37.4169237911295],[126.8224379463939,37.41628744357348],[126.82246759500477,37.41612305405728],[126.8224297795318,37.41601685774424],[126.82218240241826,37.41577573276848],[126.82219700153945,37.415669615864296],[126.82216754511383,37.41561109559818],[126.82135790691687,37.41529874573043],[126.8214534345057,37.413804294612866],[126.82174861725406,37.41370085722435],[126.82194652291844,37.4134160781027],[126.82218839426841,37.413404461746104],[126.82232280910196,37.41335934468351],[126.82250837542458,37.413274480236154],[126.82248417529996,37.41323840315675],[126.82268792258368,37.41315554817724],[126.8227761230303,37.41321136402185],[126.82289168439041,37.41320910593059],[126.82302914206619,37.41302379534828],[126.82317547176072,37.41295526901122],[126.82325792943294,37.412955843860956],[126.8235310437846,37.412772088643834],[126.82350678033634,37.41261942084275],[126.82368714215794,37.41239344835685],[126.82512310618137,37.41126068557985],[126.82651490801734,37.41132222046499],[126.82674392778743,37.41115064624375],[126.8271427140023,37.41054188101724],[126.82751046036242,37.41016489896591],[126.82748650287888,37.410023314797925],[126.82756206680186,37.409975221873516],[126.82669111635185,37.40928132973884],[126.82640518789029,37.40886463925029],[126.82609657776497,37.40848855002669],[126.82598984896374,37.4081938508941],[126.82598060400528,37.407992911537775],[126.82553203946964,37.40815469720721],[126.82522150247269,37.40761585302294],[126.82497630609824,37.40751226727452],[126.82416818087523,37.40860264275698],[126.82354202172844,37.40930615789426],[126.82283810726041,37.40996123990997],[126.82136709103366,37.41113347617128],[126.82077303769591,37.41170759494672],[126.82034195730546,37.4121938416188],[126.81977305749547,37.41296315276832],[126.81923387056199,37.4139121684385],[126.8175625649394,37.41773139627772],[126.81712729263397,37.418799045955396]]]}},{"type":"Feature","properties":{"layer":"zone_industrial","id":"zone_industrial_0184","name":"일반산업단지 (경기도 41390)","category":"일반산업단지","color":"#9333ea","sido":"경기도","sgg_code":"41390","type_code":"UHA210","notice_date":"20181228","mgmt_no":"64100004139020185423UHA2100001001"},"geometry":{"type":"Polygon","coordinates":[[[126.84465079254295,37.41232546739472],[126.84522284532218,37.41290962979154],[126.8455459043725,37.41343788680628],[126.84565898321858,37.4140994051503],[126.84563675367818,37.414556900266334],[126.84560440239662,37.4146874771817],[126.8457555961972,37.41476006368279],[126.84580529858304,37.414465453486],[126.846192601069,37.4139253292093],[126.84620631685982,37.41384749085187],[126.84618083369917,37.41383636592826],[126.84621648434481,37.41378673100325],[126.84635673058007,37.412983348252254],[126.84630602323196,37.41264969126573],[126.84637749089704,37.4123431078162],[126.84690655746375,37.411579121389586],[126.84718277630166,37.41138219676245],[126.84758076262429,37.41130502134019],[126.84776813296838,37.41115008390171],[126.84840181703323,37.41091352566332],[126.84853767126194,37.410800561475256],[126.84899533935057,37.41062807738311],[126.84928030769419,37.41057962781197],[126.84970472411912,37.4105950041429],[126.84989753614012,37.410443962662605],[126.8500297931229,37.41029283428761],[126.85006391490187,37.410114027161605],[126.85018828792765,37.40993989467989],[126.85039395465967,37.40977032599809],[126.85086627542638,37.40963071325318],[126.85098757115061,37.40953114373727],[126.85132827868934,37.409107921180784],[126.85153954665473,37.40908950235029],[126.8519114483987,37.408915123095085],[126.85202790397541,37.40890248502134],[126.85227369342884,37.40858011607018],[126.85250091283766,37.408445376973845],[126.85271222629261,37.40840287204853],[126.85309991612456,37.40759671917181],[126.85300750523949,37.407176695401375],[126.85343361585048,37.4067006393434],[126.85384631192551,37.40650775315275],[126.8540426296308,37.40622965740766],[126.85389107543476,37.40600573789584],[126.85403349566339,37.405634311034994],[126.85410066248826,37.40530697584157],[126.85462995980087,37.40437651003183],[126.85489745537187,37.40411707102662],[126.85504754636729,37.4041116617437],[126.85512867107096,37.40377075589103],[126.85506686431685,37.40347675996257],[126.8551594454093,37.40340054978665],[126.85557756628424,37.40321751220977],[126.85614876078584,37.40325440045549],[126.85664307635555,37.40292707443221],[126.85704829132001,37.40253309768654],[126.85736148545652,37.402305902030896],[126.85825415506933,37.40200849926547],[126.85905074041986,37.40179980490724],[126.85952174139939,37.401750013792885],[126.86034298088985,37.40176117852632],[126.86095671723514,37.401734545869296],[126.86152399788249,37.400258214721525],[126.8600977055746,37.40059603747985],[126.8597568888568,37.400614262360016],[126.85928919576119,37.40057890363455],[126.85891460040486,37.40049497361211],[126.85611693562561,37.399453374084366],[126.8559863673285,37.39943658076216],[126.85563103695354,37.39930613569976],[126.85546041601583,37.399321278357846],[126.85516681488342,37.39969217796495],[126.85468084488178,37.400409493984924],[126.85356351016001,37.40174100618269],[126.8534165624832,37.40197078780485],[126.8533275172735,37.402023637797186],[126.85269076431189,37.402378585093274],[126.85211804736956,37.40255527236056],[126.85203151590478,37.40261544978139],[126.84968439966048,37.40312981198744],[126.84931398195896,37.40318514452672],[126.84856650171723,37.40322462652369],[126.84954134767477,37.40349821454811],[126.85015645664204,37.40360665650342],[126.85036376576022,37.403701672184134],[126.85012874421928,37.40402016786153],[126.84948524087078,37.404430122956015],[126.8491314644305,37.4047533113106],[126.84896943234368,37.40502111759025],[126.84879353467942,37.405202804970905],[126.84858706963121,37.40551948729545],[126.84856940559824,37.405502426303165],[126.8484345545387,37.40556562000905],[126.84839041616489,37.405615019433284],[126.84829265507153,37.40547920031738],[126.84823276325326,37.40549958468776],[126.84803986189185,37.405937145424886],[126.84786961909323,37.40596365737491],[126.84784280351059,37.40599778891819],[126.84786060199309,37.4060872645576],[126.84789556367372,37.40609613089491],[126.84793346697491,37.40599187893762],[126.84798139454708,37.405995410076024],[126.84800909567957,37.40604759663813],[126.84794534772527,37.40607552633813],[126.84799538657882,37.40631200794935],[126.84783948528677,37.40630630926104],[126.84780105186752,37.40639900050501],[126.84788252845242,37.40650603853639],[126.84790833215438,37.40659696618146],[126.84802543904812,37.40668441733399],[126.84810079037571,37.40679899774198],[126.84765477409307,37.406851514875164],[126.84750831001982,37.40743833366033],[126.84784847566229,37.407733353133835],[126.84814443480023,37.407818027071066],[126.84800641431427,37.407976471147435],[126.84765377161483,37.40825316411434],[126.8471634250008,37.408228386928215],[126.8469863491766,37.40830698518672],[126.84689662289004,37.40828417139802],[126.84685223035908,37.408142735540864],[126.84658184954527,37.40806602079824],[126.8464815789152,37.40829852167019],[126.84643647409463,37.40856333302086],[126.84651954325159,37.40863219816386],[126.84663580290251,37.40866557982528],[126.84657381846318,37.40878471151102],[126.84660663750594,37.40880341446922],[126.84645195342944,37.40893357012344],[126.84649022473658,37.40897033654246],[126.84611452459303,37.40944084733087],[126.84604875652808,37.409602861914145],[126.84590905162334,37.41020064361576],[126.8457702313238,37.41051734665911],[126.84525259093495,37.41128718179134],[126.84474409533028,37.411864444486],[126.84468910372024,37.412083416451274],[126.84479014743724,37.41213015073887],[126.84465079254295,37.41232546739472]]]}},{"type":"Feature","properties":{"layer":"zone_industrial","id":"zone_industrial_0185","name":"일반산업단지 (경기도 41800)","category":"일반산업단지","color":"#9333ea","sido":"경기도","sgg_code":"41800","type_code":"UHA210","mgmt_no":"41400004180020140093UHA2100001000"},"geometry":{"type":"Polygon","coordinates":[[[126.92412767590963,38.018602774171256],[126.92335536603872,38.018785882135184],[126.92324653347251,38.01885788526743],[126.92243766743523,38.01914429959085],[126.92193689873531,38.019383884917126],[126.92180422872474,38.01948749339395],[126.92199639916267,38.01976321440636],[126.92202386400834,38.01985287479335],[126.9223226035543,38.02015542338799],[126.92257326275363,38.0205884837704],[126.92283082214543,38.02085181362696],[126.92299357967578,38.02094597702128],[126.92303916227249,38.021027720867075],[126.92302639196103,38.021151049297174],[126.92317889043444,38.02114592365456],[126.92316058508224,38.02122600402758],[126.92321853108375,38.02124703345857],[126.92320297323424,38.021422613797114],[126.92323464011791,38.021634712473656],[126.92314350626698,38.021658257205374],[126.92310244629421,38.021716430183375],[126.92321889261633,38.02177371508258],[126.92337273855456,38.021788230256846],[126.92361694124928,38.021869652672805],[126.92369260183182,38.02194123532368],[126.92399273735532,38.02200971990747],[126.92463825510477,38.02222689819586],[126.92493324826927,38.02164463821501],[126.92527114491301,38.02064014060221],[126.92623540193532,38.020079652573166],[126.92625420162477,38.01995722847767],[126.92516376631707,38.01939355065222],[126.92492702157473,38.019152401920834],[126.92424847928292,38.01862735725724],[126.92412767590963,38.018602774171256]]]}},{"type":"Feature","properties":{"layer":"zone_industrial","id":"zone_industrial_0186","name":"도시첨단산업단지 (경기도 41390)","category":"도시첨단산업단지","color":"#c026d3","sido":"경기도","sgg_code":"41390","type_code":"UHA220","mgmt_no":"64100004139020230183UHA2200001001"},"geometry":{"type":"Polygon","coordinates":[[[126.86151873200852,37.4015651913826],[126.86184623989634,37.40152102356144],[126.86230835150711,37.40154919353801],[126.8625956872858,37.40166338347831],[126.86267782321225,37.40164818073806],[126.86349776295795,37.40181963931642],[126.864345069247,37.401794369703204],[126.86451689291943,37.40182791539304],[126.86453804252028,37.4017806006596],[126.86496752199072,37.40181837229219],[126.86575549529162,37.401720546538485],[126.86623969059869,37.40175441189801],[126.86694437675466,37.4017463409631],[126.86731574155097,37.40185172203288],[126.8683572933031,37.402043923296524],[126.87010616583464,37.40213471962598],[126.8704114363735,37.402179406344914],[126.87161477322827,37.40208668660342],[126.87190725852116,37.402013899328914],[126.87253367497952,37.40200775457366],[126.87285809944319,37.40195442562502],[126.87321973658278,37.4018353982354],[126.87316281271055,37.40175688523382],[126.8733042894091,37.40138814583106],[126.87049470795564,37.400875516123705],[126.87038262442138,37.40087686954573],[126.86993998868965,37.40076239966624],[126.86833427498615,37.400448851477485],[126.86495716826732,37.3998311212848],[126.8640847903667,37.399738378455986],[126.86335274864071,37.39978840566004],[126.8620819130126,37.40008830303325],[126.86151873200852,37.4015651913826]]]}},{"type":"Feature","properties":{"layer":"zone_industrial","id":"zone_industrial_0187","name":"일반산업단지(1)","category":"일반산업단지","color":"#9333ea","sido":"경기도","sgg_code":"41410","type_code":"UHA210","notice_date":"20170728","mgmt_no":"40200004141020170059UHA2100001000"},"geometry":{"type":"Polygon","coordinates":[[[126.93812002251165,37.32820422871217],[126.93911259139136,37.32808502806538],[126.93946247460066,37.328090266799755],[126.94001617957494,37.32789603353636],[126.94020020104247,37.3279018054846],[126.94035067661454,37.327951169428914],[126.9404555390238,37.32803745168467],[126.94071115082376,37.32797443044701],[126.94089652338916,37.32798407641462],[126.94119773001852,37.327906120454855],[126.94131762350042,37.327821214833314],[126.94144798186284,37.32764395932194],[126.94167928471708,37.32749965117469],[126.94199064383777,37.327420968491616],[126.94218878222176,37.32740864285088],[126.94217318852054,37.32743817964897],[126.94237649653148,37.327452076119705],[126.9429183273164,37.32771302124805],[126.94315941024902,37.32788929079426],[126.94313033683333,37.32798757829604],[126.94597585299292,37.32777139544377],[126.94594264181477,37.327824540337375],[126.9460887708421,37.32780551614608],[126.94610211754174,37.32776092165053],[126.94705289105599,37.3276831630568],[126.94732563229226,37.32778105850528],[126.94728950477877,37.3269007402936],[126.94703642790648,37.32660643027835],[126.94695611537998,37.3264209622582],[126.94691949926917,37.32620731224923],[126.94679154951913,37.326055970982885],[126.94676007555589,37.326049198733784],[126.94674706554696,37.32609721736928],[126.94669073084623,37.32643877001578],[126.9462468024321,37.32638575442601],[126.94587888090973,37.32606525848325],[126.94569902789233,37.32578342313267],[126.94563838170065,37.32526746730349],[126.94365041698732,37.3252214246507],[126.94306332193787,37.325022090571466],[126.94151433839407,37.32501687330507],[126.94080024432647,37.32530645010986],[126.94008065376045,37.32528660757811],[126.93996374470123,37.325851841207246],[126.93982539413415,37.326143971710316],[126.9385453434931,37.3276160954058],[126.93812002251165,37.32820422871217]]]}},{"type":"Feature","properties":{"layer":"zone_industrial","id":"zone_industrial_0188","name":"일반산업단지 (경기도 41460)","category":"일반산업단지","color":"#9333ea","sido":"경기도","sgg_code":"41460","type_code":"UHA210","mgmt_no":"64100004146020205089UHA2100007000"},"geometry":{"type":"Polygon","coordinates":[[[127.07541084147063,37.2281384030091],[127.07551591098795,37.2280631275616],[127.0755424646043,37.227930829222885],[127.07558648582415,37.22786984631332],[127.07566276814144,37.22782098921845],[127.07588525480693,37.22778457382716],[127.07600883059636,37.22750823715422],[127.07597471872376,37.22724111811443],[127.07606404886155,37.22716972653875],[127.07614984750647,37.22702522668948],[127.07620792973948,37.22679246931094],[127.07666097516818,37.22656042606348],[127.0770197353476,37.226279019141195],[127.0775054290869,37.22618141413072],[127.07758239108895,37.22611664297204],[127.07753492386625,37.22607593739948],[127.0774731131616,37.22612552528611],[127.07720758774659,37.22619457083428],[127.07725231835089,37.22607910991453],[127.07713839133083,37.22583297333689],[127.07702588705011,37.22581512341981],[127.07671004788229,37.22590318485238],[127.07661587817366,37.2258871970686],[127.07637141776118,37.22596169670281],[127.07610258962185,37.225984149047726],[127.07546872185004,37.226126496503824],[127.07533073174616,37.226330434034644],[127.07532984466472,37.22650700251574],[127.07538724722427,37.22669577979005],[127.07522234046624,37.227007777737576],[127.07517697936255,37.22731285323766],[127.07495625069615,37.22775504979582],[127.07484981294299,37.2281978509752],[127.07541084147063,37.2281384030091]]]}},{"type":"Feature","properties":{"layer":"zone_industrial","id":"zone_industrial_0189","name":"일반산업단지(2)","category":"일반산업단지","color":"#9333ea","sido":"경기도","sgg_code":"41410","type_code":"UHA210","notice_date":"20170728","mgmt_no":"40200004141020170059UHA2100002000"},"geometry":{"type":"Polygon","coordinates":[[[126.93473399251265,37.32607787502206],[126.93476978814203,37.326172322675475],[126.93494440219898,37.326349202204845],[126.93525335096307,37.32619125465756],[126.93552962760364,37.32623519886173],[126.93659064848397,37.326248598300516],[126.93667246300132,37.32648138701427],[126.93667229284242,37.32667943228443],[126.93631622984968,37.326782755444015],[126.9359686976836,37.32680589100661],[126.93581880207871,37.326744267860654],[126.93549887808902,37.32680724268413],[126.93530200012958,37.32679812243863],[126.93539534563409,37.327001445927884],[126.93555962452139,37.327130573424625],[126.93578433627167,37.327427045640576],[126.93594025781981,37.327696989178065],[126.93613917681992,37.327944709950174],[126.936208973152,37.32812783678584],[126.93675774531093,37.328169684624584],[126.93734378561217,37.32817226544063],[126.9377335492974,37.32823734996061],[126.93785317235157,37.32821075304246],[126.93858710170302,37.3272102958717],[126.93916849781394,37.326556738571995],[126.9394573524404,37.32627866278209],[126.93962880797083,37.326055658682534],[126.93973759307157,37.32577009046066],[126.93976909355365,37.32548150844166],[126.93974669536072,37.32527728833136],[126.93679229465516,37.32519568933118],[126.93527339180498,37.325236989836945],[126.93489749252105,37.32519406121078],[126.9347925268791,37.32560631133713],[126.93473399251265,37.32607787502206]]]}},{"type":"Feature","properties":{"layer":"zone_industrial","id":"zone_industrial_0190","name":"의왕테크노파크","category":"일반산업단지","color":"#9333ea","sido":"경기도","sgg_code":"41430","type_code":"UHA210","mgmt_no":"40300004143020160173UHA2100001000"},"geometry":{"type":"Polygon","coordinates":[[[126.95915531580751,37.33206128330659],[126.95897437679386,37.33197129614773],[126.95831383712715,37.33137232598853],[126.95767706205882,37.3314489492136],[126.95691629035663,37.330743162597955],[126.95645129592339,37.33072986751929],[126.95649738173957,37.329720385843075],[126.9564687292992,37.329519401329364],[126.95638826197876,37.32936015956206],[126.95623852148952,37.32919179089999],[126.95604430590895,37.3290565626838],[126.9556700329113,37.328886034449845],[126.95552625839606,37.32874496824408],[126.95547082747915,37.32861024344181],[126.95546223728606,37.328449947735145],[126.9555569131845,37.32824725388844],[126.95568052411797,37.32812788896585],[126.9556086305462,37.328050246791676],[126.95558130726204,37.328098855507214],[126.95525046338207,37.3282494771463],[126.9549799546863,37.32833586949601],[126.95486377601051,37.32827572537828],[126.95468741843581,37.32828052126053],[126.95436998341427,37.32834752159701],[126.95407662240929,37.328348395490686],[126.95414187504815,37.32829048571481],[126.95405888311717,37.328208459176174],[126.95386216934502,37.328108636644515],[126.95383091619908,37.32792859922744],[126.95382059683054,37.327653512075216],[126.95390093506904,37.32746937486792],[126.95396622003382,37.32718008190189],[126.95390040181285,37.32706274194386],[126.95376520684302,37.32703218776445],[126.95292816105801,37.32729732515726],[126.95155260708766,37.32764717013531],[126.95220189037343,37.32807326697692],[126.95256563249384,37.328457434898446],[126.95311310464739,37.329136762659665],[126.95316545706514,37.32913939703313],[126.95397378247903,37.329862076220316],[126.95523509471987,37.33141576271176],[126.95586436040178,37.33200518712519],[126.95763483814737,37.333235484974466],[126.95858134326856,37.333799062477944],[126.95897877861123,37.33395075829052],[126.96008627308107,37.33278108096006],[126.95986037440893,37.33257277490358],[126.95972545020841,37.33252010750298],[126.95915531580751,37.33206128330659]],[[126.95958613401146,37.33245221107789],[126.95953424951577,37.33241525067809],[126.95931365638471,37.3322076662673],[126.9593166352735,37.33220766732959],[126.95958613401146,37.33245221107789]]]}},{"type":"Feature","properties":{"layer":"zone_industrial","id":"zone_industrial_0191","name":"도시첨단산업단지 (경기도 41460)","category":"도시첨단산업단지","color":"#c026d3","sido":"경기도","sgg_code":"41460","type_code":"UHA220","notice_date":"20241224","mgmt_no":"40500004146020240776UHA2200001000"},"geometry":{"type":"Polygon","coordinates":[[[127.092141210915,37.290342934590555],[127.09214316717014,37.29197388864953],[127.09802203519146,37.29196924139083],[127.0981040239089,37.29203111134861],[127.09817238337696,37.29276711629544],[127.0982862471091,37.2932099427307],[127.0982207040848,37.2932833942253],[127.0964255923947,37.2933875376813],[127.09618206309548,37.29343653250593],[127.09594044501092,37.29355314762492],[127.09575575668609,37.29372369765569],[127.09564606716165,37.29393149943304],[127.09562303683866,37.294166299178016],[127.09578885132652,37.29414363246129],[127.09625894884019,37.29430343323044],[127.09763393741812,37.294469258472645],[127.09760911411348,37.294566508784975],[127.09868427714328,37.2947804275689],[127.09878451079722,37.29475833307573],[127.1010434513971,37.295142744709956],[127.10134942911112,37.295221092876254],[127.10134685837467,37.29327568095305],[127.1024066707357,37.29327478232799],[127.10248350056763,37.29318577611846],[127.10228581382225,37.29283250644762],[127.10207553283625,37.29264108118683],[127.10100845241975,37.29205750255489],[127.10078525371875,37.29198705818066],[127.10057659089118,37.291967131008306],[127.10057008836186,37.29142876171743],[127.10048387447769,37.291164291262234],[127.1003502203013,37.290980115150866],[127.10013525425802,37.290794501936425],[127.1002221943028,37.29071829237848],[127.09998227882481,37.290658807933056],[127.09986033682758,37.29048643402003],[127.09983258275345,37.29035619506824],[127.09974175562937,37.29027035719725],[127.09963236313101,37.29026037440252],[127.09961983347083,37.2902339575568],[127.09943530237679,37.29023470503626],[127.0992036801958,37.29016824717797],[127.09899290765883,37.29023087138215],[127.09851085071884,37.29030636829725],[127.09821571223621,37.28996472267178],[127.09772445292218,37.29002175277401],[127.09766030618393,37.29007408270085],[127.09755692971677,37.290050000979484],[127.09726045507925,37.290082570149174],[127.0969607303339,37.290060016134575],[127.09681021055388,37.29011311802054],[127.09665793348015,37.290042572674786],[127.0964806459942,37.2900547618266],[127.09624680738126,37.29001693471536],[127.09518050579501,37.29009551522461],[127.09469516060634,37.29006752483149],[127.09402941895809,37.29017441372562],[127.09394672756551,37.29021595277417],[127.09381146090097,37.29019291985554],[127.09359715963909,37.290223163170424],[127.09360049923818,37.290122596527105],[127.092141210915,37.290342934590555]]]}},{"type":"Feature","properties":{"layer":"zone_industrial","id":"zone_industrial_0192","name":"농서 일반산업단지","category":"일반산업단지","color":"#9333ea","sido":"경기도","sgg_code":"41460","type_code":"UHA210","mgmt_no":"40500004146020190373UHA2100001000"},"geometry":{"type":"Polygon","coordinates":[[[127.0811194106176,37.223112797982346],[127.08140894734855,37.223089905799334],[127.08167241068017,37.22319432063827],[127.08188366842661,37.22308228618586],[127.08204288043373,37.22274666635495],[127.08251148312227,37.222319451510785],[127.08269701224859,37.22206909631756],[127.08250353403837,37.22201911285862],[127.08257927435173,37.22183143721115],[127.08281386632517,37.22189203363212],[127.08267419450809,37.221731131358176],[127.08274737884432,37.22159820461911],[127.08253042920286,37.221713875727765],[127.08219524033038,37.22181850818982],[127.08189389572011,37.22122091717835],[127.0823775377238,37.220968548658256],[127.08218473693874,37.22076892824677],[127.08201766061362,37.220654906997304],[127.08181594462974,37.220674001842475],[127.08146590811138,37.220788094248256],[127.081347094138,37.220999153253274],[127.08090290044622,37.22146126258188],[127.0808098000688,37.2215151801924],[127.08049281182541,37.22138748916399],[127.08047440424356,37.22132544671509],[127.08037591862934,37.2213691137247],[127.08015751045824,37.2217540666887],[127.07970976742362,37.221790774219954],[127.0796562565487,37.2218206970777],[127.07952948572569,37.222014225210984],[127.07930221837749,37.2222156583076],[127.07929109711964,37.22235784992431],[127.07921097702769,37.22252415363162],[127.07903620379477,37.22262841049994],[127.07873924357364,37.222685081760176],[127.07829290079563,37.222642040871754],[127.07814854671912,37.22267835621891],[127.07812490861514,37.22271252998378],[127.07819428437331,37.222804283167115],[127.0782139911079,37.22290455629175],[127.07841155905155,37.22308795224996],[127.07879898772667,37.22334123503016],[127.07890955189369,37.223327124611565],[127.07907701563632,37.22323511787771],[127.07921261011815,37.22308367211163],[127.07956839973097,37.22284225648238],[127.07965579653903,37.22281644709653],[127.07975304074733,37.22288861036018],[127.07984415978096,37.22285577926583],[127.08018422003592,37.2228666727269],[127.08023244088453,37.22276576912677],[127.08034824880058,37.222843587111804],[127.08047735893688,37.22287358686997],[127.0805709936888,37.22285483681298],[127.08065681078227,37.22296733756327],[127.08067155953552,37.22304257365405],[127.08058963504179,37.223226702072814],[127.08063516852118,37.22333633737786],[127.08065064253384,37.223189024837865],[127.08085116601387,37.222982146795786],[127.08102137520413,37.223168584216886],[127.0811194106176,37.223112797982346]]]}},{"type":"Feature","properties":{"layer":"zone_industrial","id":"zone_industrial_0193","name":"일반산업단지 (경기도 41460)","category":"일반산업단지","color":"#9333ea","sido":"경기도","sgg_code":"41460","type_code":"UHA210","mgmt_no":"40500004146020250016UHA2100001001"},"geometry":{"type":"Polygon","coordinates":[[[127.30071221081214,37.23520391423658],[127.30202960097003,37.23547719686763],[127.30226053964067,37.23537196430354],[127.30236745896093,37.235232320464654],[127.30265604146345,37.23498910015802],[127.30272086352134,37.2348848025559],[127.30273112672864,37.23475092751596],[127.30265313616032,37.23456746762109],[127.30261842784363,37.234346540668966],[127.30329564102433,37.23424776636261],[127.30330102473064,37.233817291527146],[127.30332390655224,37.23381027721757],[127.30336817205982,37.23350243343377],[127.3033317860854,37.23328790828866],[127.30322374888192,37.233168498883096],[127.3028868311051,37.232944448967324],[127.30280461747428,37.23290856261791],[127.30278931537785,37.2329314608419],[127.30239458402937,37.23268862578577],[127.30201910643109,37.23253487109264],[127.30159510389902,37.23241441433029],[127.30120176536256,37.232422195090194],[127.30118415396291,37.2323514271806],[127.30078418623175,37.2338893996675],[127.30092906767432,37.23416490380049],[127.30096722940138,37.234459617410344],[127.3009238540827,37.234681706388805],[127.30071221081214,37.23520391423658]]]}},{"type":"Feature","properties":{"layer":"zone_industrial","id":"zone_industrial_0194","name":"도시첨단산업단지 (경기도 41460)","category":"도시첨단산업단지","color":"#c026d3","sido":"경기도","sgg_code":"41460","type_code":"UHA220","mgmt_no":"40500004146020250218UHA2200001000"},"geometry":{"type":"Polygon","coordinates":[[[127.20899095595723,37.269246894608024],[127.20900620514861,37.26926977213607],[127.20977432240835,37.26932789163169],[127.20968200980037,37.27006955880566],[127.21000395340371,37.270259047103174],[127.21025174425043,37.27049666328208],[127.21037780778649,37.2695348229192],[127.21054420636067,37.26883783272625],[127.210667539958,37.26858699263887],[127.21073305008501,37.26848775427104],[127.21080307788674,37.2684444349879],[127.21092517319336,37.26822737652848],[127.21087881591009,37.26820359916356],[127.21100522513125,37.268119597522364],[127.21043142732137,37.267844976446774],[127.21032073505812,37.26796612637967],[127.20998734131645,37.26783627136015],[127.20998313406217,37.26761059704332],[127.2098361883892,37.267721006972316],[127.20970609299131,37.267891395882145],[127.20899095595723,37.269246894608024]]]}},{"type":"Feature","properties":{"layer":"zone_industrial","id":"zone_industrial_0195","name":"일반산업단지 (경기도 41460)","category":"일반산업단지","color":"#9333ea","sido":"경기도","sgg_code":"41460","type_code":"UHA210","mgmt_no":"40500004146020210002UHA2100001000"},"geometry":{"type":"Polygon","coordinates":[[[127.20378164964754,37.178153010004415],[127.20406240486709,37.178162712261205],[127.20406225548454,37.17810675751244],[127.20502042584836,37.1781479065184],[127.20531538007803,37.17836688556407],[127.20617986073495,37.17861515671042],[127.2066020529801,37.178541441964406],[127.2071819559062,37.178573316058475],[127.20821413800968,37.17820883073715],[127.20837488838835,37.17819368294959],[127.20839765838525,37.177995773340584],[127.20750914289405,37.178019586147045],[127.20698810368489,37.17789210063405],[127.20625026396452,37.17746376765994],[127.20622740388004,37.17742163816302],[127.20551461243845,37.17708813752691],[127.20526016822481,37.17689908512982],[127.20487858447163,37.17644166635625],[127.20461811736229,37.17602879379066],[127.20471590158465,37.17521272796398],[127.20539278783924,37.17555557610383],[127.20543514483634,37.175478553794086],[127.20550310375499,37.175500602585714],[127.20548615989868,37.175564515994836],[127.20616680543428,37.17559117578676],[127.20621206679627,37.17521779377494],[127.20646042994359,37.175324498994],[127.20689553785685,37.17545321712987],[127.20711878141641,37.1754769780575],[127.20736113866272,37.17536553928314],[127.20759101344295,37.175343334398285],[127.20787765691574,37.17536878571763],[127.20780961282212,37.17584988313518],[127.20850022732513,37.176553558873074],[127.20932007986768,37.17662780288495],[127.2104695150201,37.17661540151249],[127.21094880579959,37.176550130520056],[127.21103472347303,37.175942663982646],[127.2121814850616,37.17578636255016],[127.21210672987914,37.17631459905131],[127.21219761034392,37.17631777137847],[127.21223596943918,37.17638483116662],[127.21254334270128,37.176412117511376],[127.21270027962248,37.17651735051342],[127.21286713142634,37.176507231621784],[127.21304191030993,37.176432403178765],[127.21344391478182,37.17615658625622],[127.21366899298874,37.176069863201455],[127.21375277013605,37.17567127021271],[127.21410371809685,37.17553763757432],[127.21420562247457,37.175376437608946],[127.21415832598902,37.175218568944175],[127.21401265716581,37.1751118759677],[127.21392342702521,37.17509438443383],[127.21280000910247,37.174497926330226],[127.2126924736434,37.17433574931194],[127.21278102667733,37.17371008445978],[127.21275668777456,37.173663453598664],[127.21279471911097,37.173613107356395],[127.21292168877069,37.17271642885912],[127.21350860291483,37.17257255531588],[127.21360133677928,37.17191498511164],[127.21332413097757,37.17187817753977],[127.2131970550699,37.1717738920951],[127.21304692461315,37.171760284046606],[127.21303679677217,37.171483680503925],[127.21298525292394,37.17121003421456],[127.213064036816,37.17108077346235],[127.2130460803728,37.17089996523871],[127.21280387014538,37.1705707940696],[127.21268724050277,37.17025815815823],[127.21262050504986,37.16998688144516],[127.21267034637553,37.169815323232314],[127.21267285464849,37.16966466355095],[127.21271065634538,37.16965387371753],[127.21269327210774,37.16943549067527],[127.21262845156195,37.16928972650156],[127.21256555395331,37.16898104938107],[127.21247778092146,37.1689179611045],[127.21246830323463,37.16887031253432],[127.21243039255528,37.16888227384785],[127.21242720839147,37.16863187825549],[127.21273204969876,37.16643763422569],[127.21249862178341,37.166269013346295],[127.21206617312228,37.16582512403513],[127.21182461600353,37.165525143367766],[127.21168275357091,37.16548404591593],[127.21161679636423,37.165409736254134],[127.21140264157258,37.165323885377234],[127.21099214982794,37.16520703383633],[127.21076569687942,37.165229689798416],[127.21044507489817,37.16503950348103],[127.2099815259496,37.1649070637093],[127.20840664333828,37.16469665345099],[127.20831182015849,37.16489414862716],[127.20766581441953,37.16547790122442],[127.20756156673764,37.16564711924497],[127.20742721303033,37.166086343637645],[127.20744878254486,37.16631778552806],[127.20741472285927,37.1668734312024],[127.20750075122864,37.16786425468986],[127.20746812912247,37.16795811051421],[127.2072929161297,37.16815836650735],[127.20635781125314,37.16880757891969],[127.2059815177579,37.16909746521795],[127.20580019780161,37.16929016070646],[127.20519219762386,37.169208761347825],[127.20505663539332,37.169960477355474],[127.20501255263056,37.17043846890417],[127.20494366883322,37.170611498268364],[127.20461128741938,37.17199202309352],[127.20438571211547,37.173147282208625],[127.2041581573212,37.17403187844167],[127.2039999164771,37.17481146477898],[127.20394311193687,37.175462658555475],[127.20396142695529,37.17578556256567],[127.20391901383066,37.175964582975084],[127.20378164964754,37.178153010004415]],[[127.21013857358663,37.168036398958215],[127.21006778716796,37.16800778011401],[127.21000214994568,37.167804258704585],[127.21006797829878,37.16774953935098],[127.21018993223485,37.16783771750271],[127.2101665346674,37.16788649640004],[127.21027617310736,37.16795892779951],[127.21013857358663,37.168036398958215]]]}},{"type":"Feature","properties":{"layer":"zone_industrial","id":"zone_industrial_0196","name":"일반산업단지 (경기도 41460)","category":"일반산업단지","color":"#9333ea","sido":"경기도","sgg_code":"41460","type_code":"UHA210","mgmt_no":"40500004146020210314UHA2100001001"},"geometry":{"type":"Polygon","coordinates":[[[127.26497417795157,37.221436442171466],[127.26498512597486,37.2214708463917],[127.26514226633914,37.22136528519638],[127.26556169229987,37.22129544765786],[127.26570110049964,37.22122807976618],[127.2655041630084,37.22086150997878],[127.26522348800803,37.22081268959402],[127.26501346888384,37.22083474845204],[127.26482078177706,37.2207320643695],[127.26471344906308,37.22056346749255],[127.26472402389487,37.220516923207704],[127.26466640262245,37.22040992737932],[127.26465548235112,37.22030273710636],[127.26479266877314,37.220196342213384],[127.26486399254874,37.22007502002919],[127.2646178139008,37.21997923999562],[127.26463003768869,37.219946748245626],[127.2643865130306,37.21981381194595],[127.26438977543758,37.21975102925112],[127.26400534508377,37.21994369975846],[127.26384101956793,37.22008347461957],[127.26377324472624,37.22008870738975],[127.2635885437734,37.21999411285816],[127.26349615126095,37.22013880003661],[127.26354484173005,37.22022684132234],[127.26356557949535,37.22036595080406],[127.26351562736225,37.220548981906745],[127.26349302390436,37.22058408260682],[127.26333433215062,37.2206403088718],[127.26331251162944,37.22073214624014],[127.26353616737141,37.22085357759842],[127.26362584933709,37.22100149992232],[127.26322183540857,37.221322645559425],[127.26349794414462,37.221548598105755],[127.26208897088331,37.22265749651241],[127.26139116453994,37.22231139022088],[127.26074686497122,37.22294530331954],[127.26218009762755,37.223656186641286],[127.26242455735463,37.22332794658726],[127.26263137118637,37.22349065744294],[127.26386530082878,37.222487690415484],[127.26414389075298,37.22249278221317],[127.264440706646,37.222545002067676],[127.26445602245401,37.222507286431046],[127.2641879449996,37.22221465037925],[127.26413717924221,37.22199937018514],[127.26462885969038,37.22159995965697],[127.26497417795157,37.221436442171466]]]}},{"type":"Feature","properties":{"layer":"zone_industrial","id":"zone_industrial_0197","name":"용인 SG패션밸리 일반산업단지","category":"일반산업단지","color":"#9333ea","sido":"경기도","sgg_code":"41460","type_code":"UHA210","mgmt_no":"40500004146020180618UHA2100001001"},"geometry":{"type":"Polygon","coordinates":[[[127.23449096627864,37.23076675670702],[127.23469892947189,37.230793261451986],[127.23475008817508,37.2308260666324],[127.23509503350404,37.2306741025175],[127.23537849407535,37.230590638611],[127.23525286332693,37.23045244208671],[127.2347602433913,37.22955000519433],[127.23486592773902,37.229454485174855],[127.23485144220511,37.229423364815766],[127.23490503256649,37.22941914147878],[127.23530822587114,37.229054705177646],[127.23508679326294,37.22814498501721],[127.23483834618737,37.22787191938343],[127.23419368459346,37.22767649986297],[127.23291934046519,37.22834574709121],[127.23302361404743,37.228573650249345],[127.23299288268178,37.22873118482615],[127.2330706281733,37.22892481020305],[127.23308643892086,37.22910951921738],[127.23324704090471,37.22930684788916],[127.23325661142805,37.22935962100692],[127.23320531286198,37.22937264226066],[127.23332574885386,37.22957888856934],[127.2333043802605,37.22961077308867],[127.23351824022785,37.22981611548827],[127.2335390479245,37.23008663852669],[127.23369128283883,37.23021482825924],[127.23370627929829,37.230247308322696],[127.23366870635509,37.23025336487151],[127.23376198813855,37.230393518704474],[127.2337714640953,37.23045938404189],[127.23374164901229,37.23050022349855],[127.2338117588516,37.230539776744656],[127.23382854623932,37.23064175936921],[127.23396115153321,37.2307217456554],[127.23393569730528,37.23074053720507],[127.23400945952534,37.23080245594371],[127.23413481349944,37.230843765686046],[127.23417441379306,37.23077862393086],[127.23449096627864,37.23076675670702]]]}},{"type":"Feature","properties":{"layer":"zone_industrial","id":"zone_industrial_0198","name":"국가산업단지 (경기도 41460)","category":"국가산업단지","color":"#6d28d9","sido":"경기도","sgg_code":"41460","type_code":"UHA100","mgmt_no":"16130004146020240853UHA1000001001"},"geometry":{"type":"Polygon","coordinates":[[[127.20340176597969,37.16359186800459],[127.20620861795484,37.16399958046274],[127.20628751878465,37.16394135353545],[127.20748687321435,37.16410694230417],[127.20792370112204,37.16422463417356],[127.20831987338178,37.16446969555593],[127.20854583782162,37.16454506120648],[127.20914270115819,37.16461751556541],[127.20925884315575,37.1646782409466],[127.2093714180375,37.164690252764295],[127.20956655261963,37.16463227927738],[127.20953857971516,37.16458068026757],[127.20959119792374,37.16455425023891],[127.20965885241087,37.164628540040454],[127.20984822699953,37.164646165185395],[127.21026227509797,37.1647519675843],[127.21027516487325,37.16472687770377],[127.2104409437687,37.16479438046755],[127.2104605975971,37.16483386581373],[127.21082791519,37.164944713390526],[127.2110239248992,37.16497146156891],[127.21107319616488,37.1650133272801],[127.21150209740732,37.165122883475],[127.21164959598237,37.16519110172739],[127.21180942526067,37.165150343115116],[127.21183292201002,37.16517867543947],[127.21177331426092,37.165250468638284],[127.21193529152002,37.165334708519865],[127.21199670998153,37.16533126557228],[127.21208182904985,37.16519013629796],[127.21210915593466,37.16519485428792],[127.21223398552942,37.16494061777528],[127.21238149302089,37.164866036911285],[127.21270989123607,37.16500490743354],[127.21283523258062,37.1651658365455],[127.2155620477176,37.16503680540406],[127.21793540278316,37.16532451581979],[127.21937035684948,37.165410099290845],[127.22015425268489,37.16539099511895],[127.22098645258423,37.16506183563997],[127.22186992793046,37.16498450814576],[127.2223212289063,37.165156669456614],[127.22323687229918,37.16510702412716],[127.22358524549793,37.16515475814137],[127.22388397213638,37.16535765472988],[127.2242680703766,37.16503300648449],[127.22434957088565,37.1650286273499],[127.22546107414297,37.16403068435425],[127.22559062107372,37.162785343385806],[127.22555928114704,37.16245847510049],[127.22560924085961,37.16207923730619],[127.22554760298716,37.161606663575924],[127.22573679082427,37.16051034182921],[127.22635531646681,37.15943681334669],[127.22620171327111,37.158489570164896],[127.22600745839492,37.15766654123188],[127.22632532498007,37.15677146676409],[127.2263289907962,37.1566407985946],[127.22603658379411,37.15606059928884],[127.22610971655521,37.155651104778656],[127.22600166537721,37.155413999977874],[127.2260411901117,37.15511713728664],[127.22621907208949,37.15484516064348],[127.22624311907674,37.15468211510705],[127.22617181077611,37.154459708957894],[127.22609527306268,37.15433025598033],[127.22582821599518,37.15401282618462],[127.22621480237585,37.152926724892296],[127.22617923050949,37.15275173627488],[127.22648569244443,37.15227786026743],[127.22692703319795,37.15196074404452],[127.22675824729596,37.15161116000609],[127.22658244374473,37.15147595795615],[127.22653034854821,37.1513471255519],[127.22639354409152,37.151190755577055],[127.22633645793063,37.151048903358785],[127.2261608155543,37.15085332997265],[127.22607122620498,37.15054194346796],[127.22593324265861,37.15029811018208],[127.22567850709704,37.15011142597239],[127.22549482630454,37.14985685695148],[127.22544004067373,37.149593349051536],[127.22537707570535,37.14951822123705],[127.22529711647196,37.14948225811165],[127.225135278152,37.149232269652565],[127.22479391283143,37.148878836238495],[127.22456859375959,37.14857584958684],[127.22464404891909,37.14843164753732],[127.22462144648637,37.14825161504132],[127.22385888595481,37.14771931034949],[127.22353318315369,37.147544287985404],[127.22341058725509,37.14740770194895],[127.22314131304014,37.14720158569386],[127.22310427162002,37.14710596330931],[127.2230248084419,37.147018854036375],[127.22273474638025,37.14705609556604],[127.22228790630838,37.14695681288157],[127.2221968140795,37.146969525146744],[127.22044444196469,37.146597180556775],[127.21948928173875,37.14634723221132],[127.21917500212425,37.146338916365366],[127.218343051699,37.14642625729996],[127.21803512665403,37.1464083396207],[127.2165683660356,37.14602941457757],[127.2153122490834,37.145785663804446],[127.21476126215612,37.14576585106564],[127.2144713972643,37.14580893787223],[127.21423595291225,37.14590777349249],[127.21307624750636,37.14653125924209],[127.21279445727596,37.14660149423653],[127.21247519985653,37.14662072365422],[127.21214202278877,37.14658058864581],[127.2112367672675,37.1463313861253],[127.2094175750731,37.14596115010856],[127.2091147680341,37.145957004383504],[127.20807612743037,37.14614742706561],[127.20739542387815,37.146085267426386],[127.20622549422093,37.145718538344305],[127.20416164141966,37.14516354079279],[127.20334992635235,37.1451499682886],[127.20315172441059,37.14517176867276],[127.20226454529356,37.14538622012202],[127.20063695830524,37.145384991844445],[127.19836733798203,37.14589626425301],[127.19837961065477,37.146049701997484],[127.19853681601384,37.14654627170291],[127.19854192468453,37.14712279209032],[127.19662065655322,37.1476888931209],[127.19642585451814,37.147648450044265],[127.19630107229875,37.14767626339122],[127.19608453594732,37.14775491140864],[127.1959990748767,37.1478720261739],[127.19564549846137,37.14797478504152],[127.1948611689234,37.148003071561874],[127.19405089952858,37.14815375782688],[127.19225726964856,37.14817991393982],[127.19192263629253,37.14792108428978],[127.1909813501311,37.147367707049604],[127.19019601032167,37.14706000718891],[127.18995061506843,37.14687806073658],[127.18974821357173,37.14677565342475],[127.18854628559389,37.14640264643005],[127.18838201550234,37.14628366031847],[127.18829162110441,37.14589553953169],[127.1882747134394,37.14556083438359],[127.1884114744304,37.144843489532505],[127.18850218031656,37.14480515087865],[127.18872832543157,37.14485310832664],[127.18909569059232,37.144852878939815],[127.18921769213705,37.144798334344685],[127.18948274511841,37.14474925750914],[127.18958237999891,37.14467155492414],[127.18950046060844,37.14452596672506],[127.18934131628008,37.14437586044226],[127.18884983064446,37.144013009612074],[127.18857698527451,37.14385411646084],[127.18862257311346,37.143590126303074],[127.18883101135332,37.14339685477001],[127.18879276721268,37.143169480584476],[127.18893932546658,37.14225258129727],[127.1889218672573,37.14218825573237],[127.1887616509636,37.142272045505216],[127.18876039229329,37.14220433339971],[127.18752854285992,37.142464325324255],[127.1873340640758,37.1415638661594],[127.18726687860251,37.141401646833046],[127.1871355381547,37.141340590008824],[127.18664408441596,37.14132483327234],[127.18652477490963,37.14126776666374],[127.18647917241336,37.141199952523124],[127.18648340912962,37.14104473057725],[127.18683678981705,37.14054224720154],[127.1868701106936,37.14032314917163],[127.18676096578723,37.1401367748259],[127.18640224317402,37.139928218536724],[127.18617146419274,37.13966656109683],[127.18612503327779,37.13954910007452],[127.18608985191022,37.13928110061911],[127.18608923751164,37.13889847843111],[127.1859654076767,37.13874401443547],[127.18584423153358,37.13865791808645],[127.18575883123277,37.138718871935616],[127.18456172535949,37.13825885572619],[127.18454040278249,37.138186281787355],[127.18438082526541,37.13829082497028],[127.18438164594544,37.138248357069486],[127.18429907153138,37.13822578689646],[127.18414254720801,37.138116424041684],[127.18413056014732,37.13805992845364],[127.18393060545573,37.13806353417861],[127.18390359619538,37.13802692990583],[127.18179089155068,37.1371323342327],[127.18168986791039,37.137207374369716],[127.18164040109728,37.13719674503236],[127.18159831237669,37.13723625709517],[127.18158849137939,37.137423276622016],[127.18141540589076,37.13778930398902],[127.18140792745719,37.137981960521955],[127.18133604575998,37.13802577066759],[127.18129999885193,37.13811226337935],[127.18130922989532,37.13824633510538],[127.18121192102808,37.138336768187465],[127.18116443986264,37.13847125025707],[127.18097577573619,37.138533393332004],[127.18094085972587,37.13862721878825],[127.18065094378007,37.1389173999044],[127.18064009259331,37.139031345454676],[127.18081921373509,37.13915981710918],[127.18090885454991,37.13941523814439],[127.18090605804697,37.13957983772882],[127.18026843459671,37.139897827450106],[127.1800739338968,37.13993988440011],[127.1798728037374,37.139914813550945],[127.17982417601509,37.13993625067435],[127.17971700142876,37.14026559350867],[127.17974370235062,37.14032480660352],[127.18142337183416,37.14103455145364],[127.18256231130432,37.141456149943295],[127.1841077463465,37.14197007356958],[127.18543657842045,37.142669083083874],[127.18571456624481,37.142711217141745],[127.1860193280713,37.14267795385929],[127.18614769908494,37.14283650139253],[127.18627181935688,37.14285294142172],[127.1864006398536,37.142955352410446],[127.18647739495779,37.142956971696705],[127.18651018083389,37.14302574291453],[127.18679028174898,37.143195108752145],[127.18687581102135,37.14341131770142],[127.18676106063066,37.14365593456046],[127.18683848117031,37.14379161112983],[127.18691449014774,37.14379154633068],[127.18693104281346,37.14408028065192],[127.18689112075904,37.144173241576944],[127.18692183546511,37.144260036948715],[127.18698668417476,37.14431729647814],[127.18692847454776,37.144572880887914],[127.18693149410393,37.14541335051524],[127.18703733168041,37.14562024665803],[127.18705404500508,37.14598821011653],[127.18701727601916,37.146022174250135],[127.18701013510058,37.14614932385063],[127.18708560793189,37.14634349052312],[127.1871321545497,37.14639082197968],[127.18708106343001,37.14709566866224],[127.18701018806165,37.1472172593982],[127.1870707528733,37.14746427803497],[127.1869871386918,37.14763341015737],[127.18701173064304,37.147650698897465],[127.18685872085013,37.14812856771093],[127.18667294238932,37.148588133064564],[127.18658843884845,37.14867955958238],[127.18644077067887,37.14879664743578],[127.18632606289718,37.14884524885421],[127.18618806052454,37.148887155603425],[127.18606284287155,37.148881764114684],[127.18587661196975,37.14910203664013],[127.18566677918757,37.14967210666367],[127.1856857835921,37.14973852066411],[127.18553112431489,37.149940317056945],[127.1855704899269,37.14995024859333],[127.18539798069393,37.15051618734784],[127.18552195682878,37.151183484666184],[127.18543732933801,37.15151831146008],[127.18535768409137,37.15163303070251],[127.18505413668481,37.151773884903314],[127.18453253675037,37.15191654394174],[127.18455498024025,37.16262777999465],[127.19592535639693,37.16260953803316],[127.20332274830486,37.163581433281806],[127.20332912963596,37.16354670499695],[127.20340176597969,37.16359186800459]]]}},{"type":"Feature","properties":{"layer":"zone_industrial","id":"zone_industrial_0199","name":"완장일반산업단지","category":"일반산업단지","color":"#9333ea","sido":"경기도","sgg_code":"41460","type_code":"UHA210","notice_date":"20150508","mgmt_no":"40500004146020150192UHA2100001000"},"geometry":{"type":"Polygon","coordinates":[[[127.1844108804356,37.165046863919606],[127.1843819380284,37.1648722676028],[127.18400757069277,37.164601516334045],[127.1839745258471,37.16453622353432],[127.18403159733464,37.164453103274376],[127.18429773062255,37.164388472077725],[127.1843886718712,37.16431635486038],[127.18438431743596,37.16354313523417],[127.18386383165873,37.163248741810705],[127.18390726890566,37.1631193918731],[127.18401310261324,37.162981673452414],[127.18435415000185,37.16274773576936],[127.18437484637717,37.16260075143216],[127.18432141743443,37.162523308216834],[127.18384137731434,37.162260820982794],[127.18380503425035,37.162204543718076],[127.18392042717043,37.1620908865827],[127.18435191461639,37.16182228932796],[127.18437468276504,37.1616105883638],[127.18432567434867,37.161521947225914],[127.18330780806025,37.161117151993594],[127.18294881590029,37.161045973944155],[127.18259129059801,37.161069537923815],[127.18199657427755,37.16125134710176],[127.18169542901198,37.16128912147499],[127.18115231687165,37.16119260317424],[127.1810734522798,37.16125358054753],[127.18087541146006,37.161263947577666],[127.18070663607783,37.16117723563074],[127.18053962348782,37.16115466648722],[127.18042674740677,37.1612108926249],[127.18022254135016,37.16121355496068],[127.18002813812448,37.1612624259103],[127.17994845229006,37.16124330046371],[127.17992234206069,37.16145609594627],[127.17985228087542,37.16156967143608],[127.1798556916193,37.16164551662211],[127.17971089403456,37.161833650100434],[127.17982345934666,37.161902310598904],[127.17986203755392,37.16187211196784],[127.18006952849457,37.16210977321113],[127.18050303989915,37.162284296033356],[127.18031434554449,37.16287040050944],[127.18011157584242,37.16285396723555],[127.18008740420598,37.162915779906335],[127.17992203180226,37.16295977694477],[127.18136278799099,37.16346446700205],[127.18246963901788,37.16389662383109],[127.18258861902731,37.16389629647765],[127.18259056716467,37.164711157331496],[127.18275944722416,37.16471089710817],[127.18277165477183,37.16547928393978],[127.18310746363892,37.16554593895208],[127.18355296343259,37.16568986838754],[127.18399277360243,37.1654086810496],[127.1844108804356,37.165046863919606]]]}},{"type":"Feature","properties":{"layer":"zone_industrial","id":"zone_industrial_0200","name":"일반산업단지 (경기도 41460)","category":"일반산업단지","color":"#9333ea","sido":"경기도","sgg_code":"41460","type_code":"UHA210","mgmt_no":"40500004146020210120UHA2100001001"},"geometry":{"type":"Polygon","coordinates":[[[127.13188434750339,37.1381215558107],[127.13124077441026,37.1376508383797],[127.13090323531786,37.137840883261575],[127.13050962804778,37.13795503005353],[127.12928871834674,37.13756152550703],[127.12945890505553,37.13750466356582],[127.12953619866386,37.137423304105134],[127.12957083701379,37.137341991202696],[127.12950419436203,37.13726709630517],[127.12922629951555,37.13738922192204],[127.12899375181544,37.137572749447756],[127.12884653637991,37.13763679419846],[127.12885479273756,37.137527847811064],[127.12896230869848,37.1374150091023],[127.12925833422841,37.13723267394203],[127.12940352956733,37.13710654826327],[127.12913881439891,37.13670532713679],[127.12913790519902,37.13663387454171],[127.1288266220797,37.13677730045858],[127.12870490866004,37.136879882448],[127.12854875365088,37.13724741151598],[127.12854915741913,37.13728651682047],[127.12865174279227,37.13738579183308],[127.12859605295463,37.13746460434453],[127.12859701195904,37.137565791659114],[127.1287006935314,37.13797989365666],[127.12867901070953,37.138268795039906],[127.12876125580816,37.13878410852512],[127.12878489276143,37.13918370017057],[127.12884951506807,37.13919489315015],[127.12892745832568,37.13929608687196],[127.12884809615993,37.13955297340327],[127.12888824350841,37.13966628232053],[127.12943664568533,37.139700465723905],[127.12954046922658,37.13973116839526],[127.13056112222142,37.139169413602],[127.13083152459302,37.13894205008752],[127.13126945236529,37.13874630783444],[127.13188434750339,37.1381215558107]]]}},{"type":"Feature","properties":{"layer":"zone_industrial","id":"zone_industrial_0201","name":"산업단지기타 (경기도 41460)","category":"산업단지기타","color":"#d35400","sido":"경기도","sgg_code":"41460","type_code":"UHA999","notice_date":"20230622","mgmt_no":"40500004146020240070UHA9990001000"},"geometry":{"type":"MultiPolygon","coordinates":[[[[127.270397782872,37.187587769689515],[127.27084876078027,37.18739081335571],[127.27130819109396,37.187256323472404],[127.27209623401679,37.18721647537277],[127.272195186953,37.1872525073744],[127.27265669057299,37.187232638369316],[127.27271165573117,37.187180891753684],[127.27368195897888,37.1871371557926],[127.2737529252331,37.18718540586178],[127.27428563349845,37.18717060195546],[127.27449038940061,37.18721156041189],[127.2751408433001,37.187540436898146],[127.27540896828782,37.18777671989958],[127.27551901038868,37.18780164965231],[127.27626047330826,37.1884448458628],[127.27713801679234,37.18908714419377],[127.27740313319708,37.18926405982559],[127.27768063523527,37.189399615112116],[127.2779821155406,37.18949800881531],[127.2788951828125,37.189717828848735],[127.27905698023757,37.18972446007425],[127.27914946146105,37.189707538054655],[127.27926012014127,37.18966601090267],[127.27940175517901,37.18957971923384],[127.2794927825267,37.18946733477732],[127.27954408463995,37.18930507158931],[127.27959080657888,37.18925442240156],[127.27973826269235,37.18880269836572],[127.27996207105993,37.1879511817419],[127.28006928536007,37.18770245785743],[127.2801269285576,37.187648295730746],[127.28050559032289,37.187396247725246],[127.28060518194772,37.187375163023205],[127.28075556982999,37.18739505515078],[127.28075647985787,37.18738834022837],[127.28135660236529,37.18744058153509],[127.28201048530464,37.187482195381264],[127.28215119624463,37.18748290739789],[127.28226855841422,37.1874646895792],[127.28235778055242,37.18742928335556],[127.28248480828779,37.187341914320164],[127.28257629474892,37.18723685186344],[127.28258196892565,37.18712693806907],[127.28255169326304,37.18692847384754],[127.28258677157316,37.18680616401758],[127.28267469225369,37.18668423338021],[127.28299430492703,37.18645623121742],[127.28309963734291,37.18632874450453],[127.28321626819721,37.186032294070266],[127.28329136304608,37.185950661118554],[127.28358561499391,37.18573633242653],[127.28365621338843,37.18566316173935],[127.28370330790094,37.18553539865719],[127.28367328145035,37.18537123683331],[127.28350344110792,37.18520111853216],[127.28340647454112,37.185051811953684],[127.28339534279684,37.184856474010026],[127.28345910725572,37.184702180645516],[127.28364449685287,37.184481208759124],[127.28367186818579,37.184425188727324],[127.28368705878316,37.18436731451402],[127.28365027818874,37.18425826760087],[127.28353066765602,37.184048951391866],[127.28348604175848,37.18388937449909],[127.28348735497201,37.18347012437935],[127.28347237188079,37.183356592380164],[127.28329708140839,37.182706247926674],[127.2832284711889,37.18224674312073],[127.28322328175365,37.181959205049075],[127.28390340336941,37.18164416672586],[127.28394565519345,37.18165318459782],[127.28399604345813,37.181763568617555],[127.28435505314704,37.18196041944674],[127.28551291122447,37.18250156559891],[127.28552868328067,37.18254833706426],[127.28664290579943,37.18318438457735],[127.28692286333876,37.183291700756556],[127.2870434335266,37.183314008472934],[127.28751313107288,37.183342213709345],[127.28765848800896,37.183331689982126],[127.28781748202573,37.18329716534401],[127.28799466912349,37.18322546446507],[127.28809937273161,37.18311975302605],[127.28852489224366,37.18237743374927],[127.28862435554873,37.18231287622405],[127.28884789834964,37.18211525788281],[127.28916024004853,37.1819724593913],[127.28911689734599,37.18200265048065],[127.28914673665247,37.18202264431522],[127.28916170146931,37.18197178907057],[127.28920977539404,37.181962788057945],[127.28942017126731,37.18182681398345],[127.28959458843009,37.181768362789775],[127.29001514415015,37.181769799433404],[127.29016364897082,37.181764698271095],[127.29026911899525,37.18174627623707],[127.29046671019242,37.18167877485946],[127.29124337336211,37.18136630628834],[127.29160338128601,37.18119253302247],[127.29178157567871,37.18103608074841],[127.29231466378324,37.18020721809986],[127.29241655999365,37.18014731882024],[127.29259051123985,37.1799573027943],[127.29261738281373,37.17991404970138],[127.29265073553638,37.17992815020601],[127.2927149327751,37.17983096794515],[127.2926815800489,37.179816858447886],[127.29275467899156,37.17968596422094],[127.29282022606999,37.17954156382763],[127.29283595172235,37.179455006831766],[127.29294900697839,37.17932206798101],[127.29338363373003,37.17892762902434],[127.29380604502109,37.178654832638976],[127.2940728429498,37.17844667256589],[127.29454339035733,37.177839061471126],[127.2946760985601,37.17774622291767],[127.2947552360261,37.177728177399956],[127.29476011979003,37.17774187922159],[127.29476924562366,37.17774892984196],[127.29483752735351,37.177727847580925],[127.2947568673724,37.177727803934374],[127.2949497380999,37.1776838330325],[127.29571448555815,37.177644597499146],[127.29588280637242,37.17768742964578],[127.29643740063837,37.177875170992955],[127.29689490871245,37.178010990284236],[127.29860463230584,37.178475592849956],[127.29891095676516,37.178570100938494],[127.3003969131269,37.179278998605035],[127.30066047240945,37.17938444957648],[127.30090766386341,37.17945686396169],[127.30098850239445,37.179444621726574],[127.30161889843968,37.179629957581426],[127.30242234354597,37.179834998111104],[127.30295682688667,37.18000084648099],[127.3032828021541,37.18007839864292],[127.30529385179382,37.1808121255677],[127.30559058000523,37.18086242666821],[127.30575368302569,37.18085338500747],[127.30614064936753,37.180808978493054],[127.3064483681898,37.180702206152894],[127.30672072175325,37.18016040071055],[127.3067889842198,37.180053667339436],[127.30689538278838,37.17995699943273],[127.30692241075134,37.17992385242794],[127.30693868359236,37.179890480846595],[127.30697383934195,37.17990144604281],[127.30702376334357,37.179799039766785],[127.30698861885897,37.17978806554562],[127.30700537113972,37.17975352136056],[127.30701421775925,37.17959860898605],[127.30714913446783,37.17935541152285],[127.30741907424694,37.17882062973456],[127.30774228048276,37.17755107876819],[127.30779577231164,37.177493498905946],[127.30784600000662,37.177374935726235],[127.30807882193947,37.176945391167706],[127.3081565410173,37.17678078540453],[127.30847663573589,37.17604152318685],[127.30860163302815,37.175698315605125],[127.30864517894615,37.17552084101503],[127.30865867305239,37.175332739883174],[127.30864212207268,37.17467103710877],[127.30868483340544,37.17436544499734],[127.30874162994921,37.174187584577666],[127.30927032118868,37.173090009795175],[127.30932999361706,37.17294994045264],[127.30938776998524,37.172789413257675],[127.30942435927271,37.1727659000167],[127.30943838101354,37.17271951379672],[127.3093727904984,37.172635814886924],[127.30941071288046,37.17245522791103],[127.30979719102008,37.16998176238158],[127.309877204791,37.16990792973483],[127.31016129760678,37.16914239125685],[127.31024605728284,37.168538838959435],[127.31104725198223,37.167409116594015],[127.31111191500077,37.16743447432677],[127.31104947976492,37.16740598414429],[127.31211590762136,37.16592058502367],[127.31227435873242,37.165803592228016],[127.31237133952561,37.16570391640124],[127.31246649486843,37.1655791961874],[127.31258024782484,37.16528649901596],[127.3128772345152,37.16487001221366],[127.31289370224671,37.16487733049893],[127.31290622260724,37.16487749583231],[127.31292641971181,37.16486078240819],[127.31290865230324,37.1648412853906],[127.31287805155007,37.164868829695855],[127.31306103020054,37.164625219374464],[127.31303754575066,37.164614522610314],[127.31257609862412,37.165285041200576],[127.31246235676484,37.16557770229714],[127.31227103859686,37.165801141076855],[127.31211235175273,37.16591830568477],[127.31106269401876,37.16738017970237],[127.3110323507962,37.16736637383111],[127.31101966213546,37.16736645202271],[127.31099958949245,37.16739462610186],[127.31104333780958,37.1674073337351],[127.31024179612648,37.16853757057476],[127.31015686976477,37.169141672941585],[127.30987316673682,37.16990616518145],[127.30979293980484,37.169980187599705],[127.30936806444136,37.172636575032534],[127.30943355310234,37.17272014806323],[127.3093838317738,37.17278731504251],[127.30873733541299,37.17418648742581],[127.3086804164954,37.17436471758927],[127.30863761761776,37.17467094065783],[127.30865416863116,37.175332661453744],[127.3085972494207,37.17569748899302],[127.30815231332183,37.17677954389207],[127.3077381302651,37.177549512664804],[127.30741473471483,37.178819604735835],[127.30700974411077,37.17959784562143],[127.30700094223516,37.17975268579673],[127.30691838392661,37.179922195874184],[127.30678530444676,37.18005150530218],[127.30666905090096,37.180231824431424],[127.30644496680367,37.18069926849066],[127.30613920518783,37.18080548615333],[127.30559077933661,37.18085877692665],[127.3052952794136,37.180808679917895],[127.30369190785838,37.18020715154478],[127.30327313594984,37.18007165641426],[127.3029933689219,37.180006574262954],[127.30301278030636,37.17996627520975],[127.30294382949779,37.1799350942752],[127.3029222838373,37.179939888576634],[127.30301059874809,37.17996704664849],[127.30299177931724,37.18000611877451],[127.30242383902191,37.17983159737501],[127.30098889309241,37.179440899424264],[127.30090804330462,37.1794531416881],[127.30066226105507,37.17938112921612],[127.2989129033293,37.17856683427034],[127.29860620682176,37.17847220998371],[127.29689640440122,37.178007589615916],[127.2958843697333,37.177684046842785],[127.29571521481036,37.17764100051839],[127.2949057157011,37.177682626511654],[127.29467389019156,37.17774297560811],[127.29454000283788,37.17783664603656],[127.29406932077696,37.178444383596904],[127.29338054940517,37.17892499655947],[127.29294540645778,37.17931990531795],[127.29283164491862,37.17945366585263],[127.29275049604496,37.179684622934474],[127.29258664154507,37.17995542911619],[127.29241332946829,37.1801447407524],[127.29231114113205,37.1802048119447],[127.29230347284458,37.18021667950291],[127.29223767781474,37.1801968737946],[127.29228532409755,37.180220652594784],[127.29222102023486,37.1802226485033],[127.29227938201596,37.18025394276173],[127.29201183343312,37.18067189986352],[127.29177784032217,37.18103400848536],[127.29160046525969,37.18118974692271],[127.29124123287524,37.18136313083432],[127.2902677432649,37.181742828588575],[127.2895934713934,37.18176482440002],[127.28941794082284,37.18182365673609],[127.28884503845536,37.18211240850634],[127.28852122376044,37.182375172002644],[127.28809551411017,37.18311784313382],[127.28799175287827,37.18322260619436],[127.28781585886651,37.183293781338755],[127.28751310618881,37.1833386005811],[127.28704411826546,37.18331042967632],[127.2866452703568,37.183181297315194],[127.285532548307,37.182545967063106],[127.28551676495398,37.18249918661489],[127.28399978478829,37.18176124401319],[127.28394884200837,37.18165013147043],[127.28390275835854,37.18164030278084],[127.28388090969655,37.181648860710986],[127.2832189269191,37.18195705289495],[127.28322397911049,37.18224706015578],[127.28329262378976,37.182706754101766],[127.28346789183642,37.18335713465701],[127.28348155008639,37.1838898266997],[127.2835263813275,37.184050114930514],[127.28368241941074,37.18436742467711],[127.28364047028866,37.184479551414476],[127.28345502457691,37.18470057749082],[127.28339080247135,37.18485597121598],[127.28340201845977,37.185052768651424],[127.28349965324053,37.18520309182328],[127.28366900751773,37.18537272472341],[127.2836987120959,37.18553513027871],[127.28365213041906,37.18566149551942],[127.28328799800889,37.18594823630173],[127.28321233115177,37.18603050134217],[127.28309548734761,37.18632723160241],[127.28299090605788,37.18645379746231],[127.28267111386286,37.186681980250874],[127.28258253213464,37.18680483151866],[127.28254713146353,37.18692828643787],[127.28257185307245,37.18723565500056],[127.28235528041475,37.187426252763395],[127.28215077744433,37.187479295203616],[127.28201067469077,37.18747859075713],[127.2806145825305,37.18736510324988],[127.28050359605399,37.18739294558957],[127.28012368709632,37.18764578042975],[127.28006541537705,37.187700529711066],[127.27995769814532,37.18795030899538],[127.2795866675233,37.18925284627874],[127.27953993435334,37.18930350450163],[127.27948859884174,37.18946587589152],[127.27939840113493,37.18957723120927],[127.27925777749388,37.189662916803975],[127.27905658406314,37.18972083880674],[127.27889595809047,37.18971424989037],[127.27798362356427,37.18949460836166],[127.27768267322018,37.18939638462528],[127.27740579172792,37.18926113425338],[127.2762638545237,37.188442441245456],[127.2755214652811,37.187798463289774],[127.27541144570812,37.18777353348721],[127.2751438291388,37.18753769983917],[127.27449198766425,37.18720816880369],[127.2742861948949,37.187166996486404],[127.2737544662169,37.187181735071384],[127.27368481601357,37.18712676019051],[127.27260878692493,37.18717103546597],[127.27270552991472,37.18718109499391],[127.27265450442319,37.18722912028934],[127.27219605239338,37.18724886517882],[127.2720971107235,37.187212833152145],[127.2713072887397,37.18725276640246],[127.27084695838437,37.187387510620624],[127.27060981700154,37.187480631724725],[127.27039450753304,37.18758513706291],[127.27014490690672,37.18780482814879],[127.2697491341421,37.1880056394475],[127.26799574009478,37.18857269443434],[127.26747528893766,37.18873627702168],[127.26688900214926,37.188869369298516],[127.26675375122578,37.18895568581317],[127.26508492703404,37.189156567355234],[127.26482518833086,37.18919996247947],[127.26424977332249,37.18940800242148],[127.26409432220734,37.1894805026343],[127.2629247948868,37.18986674426276],[127.26265314083649,37.18996689965268],[127.26207116946229,37.19015495830222],[127.26193213656317,37.190181871797456],[127.26113717355065,37.190428276872],[127.26079128110388,37.19056717334139],[127.2595520314247,37.19096126517236],[127.25902730654033,37.19115674393221],[127.2587086677727,37.191297196957365],[127.25814843505579,37.19160815458439],[127.25769093398243,37.19191505803735],[127.2575105983717,37.1921028649165],[127.25728569333515,37.19226012324375],[127.25650716268329,37.19299978314583],[127.25639542962769,37.1931624456853],[127.25627333754379,37.19348702088514],[127.25615390858606,37.19390396519703],[127.25607571851842,37.19399727408477],[127.25593285467544,37.19427487707477],[127.255839018663,37.19430748907224],[127.25515173825858,37.19529879456464],[127.25484898005432,37.19566215729252],[127.25416970309206,37.196260702120284],[127.25269983228252,37.197596938830316],[127.25168060393848,37.19844402136055],[127.25110288069885,37.198872757661476],[127.24890872768316,37.20024516071206],[127.24769918157568,37.200942942839674],[127.24623159625922,37.20169667800355],[127.24610589681822,37.20167500621511],[127.24611096140025,37.20165621803356],[127.24607264055065,37.201600324387265],[127.24602505474684,37.201633409774956],[127.2460626824002,37.20161759089669],[127.24610425132752,37.20167472127878],[127.24599102782423,37.20173536988137],[127.24598136053542,37.201783460445945],[127.24599182662885,37.20182239091348],[127.24499922000489,37.20235403183101],[127.24277335316914,37.20363218197336],[127.2422836832353,37.20390074266322],[127.24208959585624,37.2039008306084],[127.24197102082427,37.20395616106396],[127.24194573131919,37.20398792006715],[127.24184797108538,37.20396096102185],[127.24196049200772,37.2040034330868],[127.24198684231969,37.20396163431722],[127.24192900777976,37.20409581776657],[127.24031413183928,37.20496772462819],[127.2387062797574,37.205903776558245],[127.23820942135293,37.2062280641824],[127.23813259932402,37.206294408188874],[127.237140162882,37.20698619693056],[127.23664941931759,37.20734693998064],[127.2347223901139,37.208884853795794],[127.23466948650231,37.20893914657204],[127.23411141923123,37.20935118165908],[127.2337212515983,37.20966232887077],[127.23369224813509,37.209726431747136],[127.23349925563008,37.20987562585388],[127.23335718509811,37.2100073839561],[127.23319641166417,37.2102085766744],[127.2330393560162,37.21047278974564],[127.23190319300613,37.212824478809445],[127.23163525625111,37.21339168231086],[127.23141068192406,37.213911775686206],[127.23136580601711,37.214033214953155],[127.23145051576815,37.21415960173567],[127.23141231935475,37.214094990152816],[127.23143460801228,37.21408902705469],[127.23144665880505,37.214058052911184],[127.23141152712817,37.21409380231647],[127.23137064920498,37.214032818107775],[127.23163949596548,37.21339290850049],[127.23304349480627,37.21047421431219],[127.23336080789485,37.21000953936512],[127.23369612958845,37.209728442472425],[127.23372515549693,37.20966431251992],[127.23467285098918,37.208941563751836],[127.23665253655427,37.20734954681439],[127.23870916098093,37.20590655500903],[127.24031672077376,37.204970683837864],[127.24193027576106,37.20410847483588],[127.24199112647173,37.203962778954875],[127.24209106043759,37.203904440813446],[127.242285091475,37.20390434396993],[127.24277591962466,37.203635141175695],[127.24444734234099,37.20268594646691],[127.24500189897195,37.202356936691885],[127.24597672177687,37.20184348845591],[127.24597171241213,37.20183749784995],[127.24599587745642,37.20182455406626],[127.2460016595685,37.20180121414467],[127.24599507864711,37.20173753303424],[127.24610520986884,37.2016785487303],[127.24623248716435,37.20170048757287],[127.24709714797973,37.2012655581863],[127.2477017256325,37.20094591099344],[127.24809990936345,37.20072038088342],[127.24891144042806,37.200248038383656],[127.2511058183062,37.198875499653276],[127.25168375502366,37.198446600699754],[127.25270314060809,37.19759938265293],[127.2548524680335,37.19566443848402],[127.25515561899375,37.19530064240576],[127.25584403067187,37.194307469302885],[127.25593629923382,37.194277653902056],[127.25615811459828,37.193905424858045],[127.25639964635126,37.19316375213752],[127.25651087511827,37.19300184755609],[127.25728890051349,37.192262657263385],[127.25751389546978,37.1921053446732],[127.2576942086442,37.19191756486896],[127.2581511703339,37.19161102298934],[127.25871104333105,37.19130026436001],[127.25955381092126,37.19096457713827],[127.26079315062142,37.19057044905005],[127.26113899809164,37.190431570694706],[127.26207254403695,37.190158397267226],[127.26265492044459,37.18997021157213],[127.26409633812513,37.189483741925045],[127.26482649559563,37.18920344661465],[127.26675565515647,37.18895907848702],[127.26689097353083,37.188872725777365],[127.2674768212117,37.18873966150781],[127.269751015244,37.18800891498952],[127.27014788968904,37.18780753352902],[127.270397782872,37.187587769689515]],[[127.31106185437407,37.167381353255855],[127.31102333254711,37.167394050498025],[127.31103298883038,37.167368219309814],[127.31106185437407,37.167381353255855]]],[[[127.27365697802631,37.18679140141985],[127.2739400325536,37.1866617844948],[127.2739553714559,37.18664614314023],[127.27378482521071,37.18672274548288],[127.27365697802631,37.18679140141985]]],[[[127.27359616047765,37.18678745035072],[127.27362633141915,37.18681573692668],[127.27363136245309,37.186811742757016],[127.2736212715256,37.18677715682287],[127.27359616047765,37.18678745035072]]],[[[127.27326197041926,37.186972237544495],[127.27340168987662,37.18702337565034],[127.27353864824171,37.18698601035899],[127.27329181609326,37.18696319468952],[127.27326197041926,37.186972237544495]]],[[[127.27260869782108,37.18714925743179],[127.27260877314073,37.18716717902837],[127.27284552807716,37.1870708831337],[127.2732438427198,37.18697024275898],[127.2730561001309,37.187000272470335],[127.27260869782108,37.18714925743179]]],[[[127.23131768468217,37.21449989427668],[127.23132232477003,37.214506814278245],[127.23132472808942,37.21449687113604],[127.23131768468217,37.21449989427668]]],[[[127.20946999227758,37.23675876074531],[127.20947488708289,37.237453515254884],[127.20949372871085,37.237465456957295],[127.20947010028509,37.23747913114896],[127.20950190189207,37.237499285575836],[127.20951221013831,37.23749806008144],[127.20952446913176,37.23748493746358],[127.20975474614461,37.23763084326066],[127.2099152845719,37.237963827623375],[127.20981235183231,37.23821092902792],[127.21008514224316,37.23854554474278],[127.21051024913578,37.23903661754072],[127.21087038246725,37.23952052326243],[127.21103909940479,37.2397268867852],[127.21129316375094,37.24000632619885],[127.21136125513765,37.24011968218456],[127.21140863822463,37.24036106715848],[127.21148720343948,37.240556957519594],[127.21155347120224,37.24064642111314],[127.21179396897766,37.24165929152232],[127.21176482944858,37.24165705462644],[127.21177205211187,37.241688974551565],[127.21189232088417,37.241771890623255],[127.21190087335202,37.24186052844995],[127.21184379805858,37.24191212409149],[127.21217235208958,37.242655273913265],[127.21237221604187,37.2430748193515],[127.21247306273204,37.24326876809852],[127.21255244176672,37.24340682766747],[127.2126759059765,37.24343401711458],[127.21283876201264,37.243647488537604],[127.21284425504385,37.24374591698307],[127.21336631445924,37.244374358208],[127.21323334429376,37.24447498949705],[127.21328756708381,37.24467240874344],[127.21288544752126,37.24486345309961],[127.2125582462986,37.2448822646411],[127.21288679863258,37.244867000771464],[127.21298184438372,37.24483495241514],[127.21329266633164,37.24467417466609],[127.21323829547295,37.24447620605457],[127.21337198540678,37.24437502384011],[127.21299070028365,37.243914257517005],[127.21304963299814,37.24388177801732],[127.21298815613133,37.243911288639644],[127.2128486923596,37.24374475573755],[127.21284550026859,37.243687329361734],[127.21288433947504,37.24372006678683],[127.21290794028369,37.24369603005525],[127.21284541760222,37.243685977954364],[127.21284322208986,37.24364640834495],[127.21267892943027,37.243431047312825],[127.21255234211355,37.243395339627845],[127.21217660895292,37.242654085982664],[127.21184900690874,37.24191285369034],[127.21190550885076,37.24186177265593],[127.2118966894267,37.241770351099824],[127.21180609822311,37.241692671423074],[127.21179920643264,37.24166221059232],[127.21183834467143,37.24165303160522],[127.21179840766432,37.241658661925236],[127.21155773888252,37.240645107040166],[127.21141303118434,37.24036023041831],[127.2113656135749,37.240118593216856],[127.21129704672694,37.240004472194315],[127.2108742767734,37.239518696282694],[127.21051399644712,37.239034619635035],[127.20981734269168,37.238210352596],[127.20992007390198,37.23796373810203],[127.20975851537551,37.23762863810123],[127.20950006056496,37.23746486917338],[127.20954826848194,37.23741043391228],[127.20947933364415,37.23745173240261],[127.20947449003845,37.23675922138701],[127.20955473704026,37.236479443388774],[127.20963949342836,37.235975010652666],[127.20965893176201,37.23569173524364],[127.20968979467428,37.235592071260314],[127.20966543492372,37.23520424428611],[127.20968986414881,37.234834514478365],[127.20975164819583,37.23454193792911],[127.20987146241355,37.234227102729434],[127.20992076009095,37.23406175659206],[127.21040767940417,37.23341107904966],[127.21077956360317,37.233055900034124],[127.21082856909237,37.232989668215716],[127.21105003773029,37.23284375891516],[127.21129223506314,37.23264314648977],[127.2114694670632,37.23248738530249],[127.21157874991931,37.23238114831858],[127.21179076738441,37.232136140163796],[127.21187577958938,37.23202696355265],[127.21199711042436,37.231840719595816],[127.21209453897924,37.23139077504008],[127.21211416194132,37.23118973647883],[127.21228023540418,37.23049638020667],[127.2124290505434,37.230028359088585],[127.21245856786493,37.22977947566927],[127.21245644183698,37.22954617349253],[127.21243534556787,37.229302732363095],[127.21239584764602,37.22918852394377],[127.21231322066522,37.22906423757092],[127.21163034460433,37.2282491547923],[127.21150539513886,37.22804298439927],[127.21149694929866,37.22787012602593],[127.21187843364582,37.22769278234943],[127.21197870880071,37.227303769797714],[127.21210357287293,37.22711450083283],[127.21222695566615,37.22701674390393],[127.21227545200475,37.226931365249065],[127.21244156302598,37.22685410277774],[127.21273294684137,37.22669875794046],[127.21494073810415,37.22586347433551],[127.21531430688424,37.225806341472634],[127.21549755459554,37.22581822864291],[127.21630622654648,37.22600300070144],[127.21715805992919,37.22625168045691],[127.21752450745836,37.22634460364811],[127.21775657227447,37.22636151618134],[127.21821525709265,37.226351063770345],[127.21992298441928,37.22600860465679],[127.22055320088396,37.2257970211676],[127.22093382729102,37.22570785262126],[127.22117826994426,37.22563006333166],[127.22132658457096,37.225652386237265],[127.22174681025099,37.22551492697172],[127.22189417411207,37.22545060700181],[127.22212095458971,37.225325075526094],[127.2223857026536,37.225136427100466],[127.22308733840543,37.224577012864685],[127.22327605023658,37.22438531496913],[127.22360282578664,37.22394503150529],[127.22426438968267,37.22298844403265],[127.22429504924443,37.22287771167681],[127.22470054809197,37.22234563225014],[127.22490843730972,37.22216502339752],[127.22540477189138,37.22179957063349],[127.22635147690491,37.2210639705648],[127.2263776260312,37.22101783273741],[127.22650287719587,37.22093654635686],[127.22658882695617,37.22086985929287],[127.22688584947231,37.220707242496],[127.22795620142887,37.22020845779256],[127.22825538070506,37.2200492844108],[127.22841260336514,37.21994530067232],[127.2287638090428,37.219661493590316],[127.22918396660252,37.21911202544595],[127.22918970978684,37.219051086075375],[127.22951791388111,37.2186477709264],[127.22971995008892,37.21828172172849],[127.22990246316976,37.217872099461445],[127.2299150882793,37.217762148203605],[127.22985684794062,37.21771243296153],[127.22986195073747,37.21767847192602],[127.22999174985473,37.21759154155364],[127.23094459911194,37.21527088114193],[127.23117320085089,37.21457922279427],[127.2313211341712,37.214511718249824],[127.23116934043605,37.21457677944788],[127.23115163796487,37.214601673481766],[127.23094029222496,37.21526982625577],[127.2299878340783,37.21758945869308],[127.22978626049027,37.21769669268417],[127.22983656949219,37.21773906175042],[127.22980841948555,37.217703389760125],[127.229857476496,37.217678002999904],[127.22985213096656,37.21771366746931],[127.22991023577895,37.21776327485021],[127.22971574368681,37.21828041431372],[127.22951401003456,37.21864592229807],[127.22918530109182,37.2190499592388],[127.22917955787696,37.21911088959886],[127.22876024200391,37.21965925684414],[127.228252690509,37.22004638821181],[127.22688340680268,37.220704219649626],[127.22658605805928,37.22086700825791],[127.22637393511474,37.22101561417586],[127.2254016769507,37.22179695445792],[127.22490524115254,37.22216247047279],[127.22469692489545,37.222343458561205],[127.22429080869198,37.222876341062076],[127.22426013809574,37.2229871545312],[127.22327232594463,37.22438326757223],[127.22308396237473,37.224574613405096],[127.22211825317139,37.22532217921122],[127.22174487399408,37.22551166880995],[127.22132611174311,37.225648647802004],[127.22117781965927,37.22562632485396],[127.22055172623054,37.22579361796648],[127.2199214872285,37.22600519247907],[127.21821459327361,37.22634746983858],[127.21752539873162,37.226341042917866],[127.21630769296287,37.22599959211374],[127.21579686686198,37.22586819076431],[127.21549823184586,37.225814659303786],[127.21531420651759,37.22580271947584],[127.21509791520164,37.22582447334772],[127.21493916231705,37.22586008025684],[127.2127307070355,37.226695617307925],[127.21227194061889,37.226928830566926],[127.21222319761237,37.22701465116842],[127.21209991597843,37.227112317809684],[127.21197441233178,37.227302561029504],[127.2118744270962,37.22769048280549],[127.21156795474775,37.22783138158528],[127.21145406471938,37.22782605113546],[127.21146187868105,37.227868566327416],[127.21149249692633,37.22786959329607],[127.21148624298625,37.22804023414361],[127.21150022292518,37.22803886681074],[127.21162636037516,37.228250846803306],[127.21176601417076,37.228444367402886],[127.21230934954214,37.22906609159038],[127.21243087375544,37.229303344022675],[127.21245406008626,37.229779321510854],[127.2124245977366,37.23002771827027],[127.21227582731875,37.230495622168235],[127.21210968698279,37.231189257875215],[127.21199275757964,37.231839592023206],[127.21157511542219,37.23237900128329],[127.21104697653702,37.232841106268104],[127.2108251029964,37.23298729560047],[127.21040413484253,37.23340885973715],[127.20991650814798,37.234060475589615],[127.20974721746062,37.23454121587869],[127.20968537791875,37.23483410788654],[127.20966092707492,37.23520418012581],[127.2096852522516,37.23559173685039],[127.20965446747478,37.2356911303839],[127.20955027283114,37.236478883576964],[127.20946999227758,37.23675876074531]],[[127.2118011917035,37.24169122946627],[127.21178699438964,37.241663935236296],[127.21179476772068,37.24166283117914],[127.2118011917035,37.24169122946627]],[[127.21156005473811,37.22783505381426],[127.21146359909326,37.22786726578157],[127.21147447568421,37.227835791228],[127.21156005473811,37.22783505381426]],[[127.20952314827713,37.23748409280818],[127.20951450008548,37.237486567830196],[127.20949726221647,37.23746769433551],[127.20952314827713,37.23748409280818]]]]}},{"type":"Feature","properties":{"layer":"zone_industrial","id":"zone_industrial_0202","name":"산업단지기타 (경기도 41460)","category":"산업단지기타","color":"#d35400","sido":"경기도","sgg_code":"41460","type_code":"UHA999","mgmt_no":"40500004146020260106UHA9990001001"},"geometry":{"type":"Polygon","coordinates":[[[127.37556227195022,37.185394616464755],[127.3755608826649,37.18534582942581],[127.37547109572482,37.18525502649555],[127.37465306048526,37.18294827026115],[127.37445750461916,37.18260194854425],[127.37259988592278,37.180735621312735],[127.37089574818451,37.17916665264656],[127.37068003670315,37.178891380428404],[127.37049022879495,37.17854480869153],[127.3704275144132,37.17817588259206],[127.37053951101161,37.17759669464374],[127.3711225995701,37.176252331664585],[127.37125493618144,37.17571950119269],[127.3712694878147,37.17352265702539],[127.37118614607587,37.17312142086256],[127.37098793531808,37.17265144174253],[127.37100379243681,37.17249254723957],[127.37096867596314,37.17240757113197],[127.3710072258714,37.172247254304864],[127.3710163460438,37.172288827075334],[127.3710331677251,37.171777702371465],[127.37114215573874,37.171445895334124],[127.3711376861946,37.171471435858706],[127.37122217176811,37.17145382720964],[127.37132061169086,37.171044166630615],[127.37127128888024,37.170643193617515],[127.37109764074162,37.17023093982907],[127.37119362274204,37.17017673096184],[127.37109541950663,37.17022567564643],[127.37100003512501,37.170134390923906],[127.37094033269047,37.17014498411721],[127.37015909286663,37.16960227601333],[127.37010459814314,37.16943086861289],[127.37002985494702,37.16941390913224],[127.36967768854946,37.16949131319677],[127.36898250114915,37.169544821428],[127.3654969773931,37.169701745671276],[127.36418879512476,37.16891308933358],[127.36426312011271,37.16892772908831],[127.36426789745734,37.16889781779744],[127.36433661702286,37.168884551285174],[127.36432050536716,37.16882339263611],[127.36138897260702,37.169395673452755],[127.36140553878569,37.16945580392807],[127.36133373013311,37.169530186980495],[127.35966222149011,37.16986007703988],[127.35948083889318,37.16977320570664],[127.3568479177196,37.17026703608291],[127.35685423094259,37.170299986382574],[127.35652299449869,37.17036641301102],[127.35610174356775,37.170378684979816],[127.35543120209192,37.1702812771761],[127.3553584639593,37.17022535028141],[127.35497352873726,37.16879019728598],[127.35508374583215,37.168770874470745],[127.35496228961499,37.16831823633755],[127.3548750963367,37.16829604231308],[127.35475983917706,37.168316100794016],[127.3547853070236,37.1684103372743],[127.35468719053843,37.16838535540225],[127.35466700447174,37.168310709903615],[127.3541329131377,37.168388312463534],[127.35421958585701,37.16839784889864],[127.35421254060782,37.16843968737296],[127.35372173372137,37.16826611004157],[127.353730944385,37.16819831505668],[127.35279741807311,37.16828976678291],[127.35280517916763,37.168341607939986],[127.35044975949647,37.16857575623078],[127.3503454146472,37.16851088180658],[127.35033933093545,37.168470875283674],[127.33964447432041,37.16951317924709],[127.33965135018595,37.16955027368708],[127.33958162330724,37.16953567745515],[127.33946872241137,37.169433865983855],[127.3383293834149,37.162392344910934],[127.33835708805184,37.162297989676276],[127.3382420165661,37.16201366706715],[127.33824799523771,37.16195033353848],[127.33798460533507,37.16166267461626],[127.33771684658997,37.16141762897021],[127.33733783407347,37.161187296730155],[127.33703693413186,37.16106173211668],[127.33678221999257,37.16098806252868],[127.3365162748853,37.16094084282886],[127.33610044614909,37.16091042679725],[127.3359617387826,37.16084485266983],[127.33592157291221,37.16078675838637],[127.33590604392673,37.160445891135325],[127.3359449391129,37.16011079017902],[127.33618416744933,37.159652734450844],[127.33626422794886,37.15937820261485],[127.33628852089933,37.15840510226579],[127.33640850310837,37.157485650078506],[127.33637023601949,37.157160903611626],[127.33628589771732,37.15689866676559],[127.33614902485019,37.156649994781844],[127.33581691432414,37.156176152072184],[127.3354568290434,37.15578065220199],[127.3353043208141,37.15569503176051],[127.33480198897227,37.15578836126432],[127.3342044780868,37.15594409208732],[127.33091211087745,37.1571219467308],[127.33018494403309,37.157486835317975],[127.33091997571022,37.15713395385607],[127.33383869096686,37.15608528524839],[127.33454159255544,37.155864772209526],[127.33448754523121,37.15589027954065],[127.33448074699234,37.15590595884632],[127.33449705802096,37.155962228495675],[127.33448775385041,37.155907047450064],[127.33454592204252,37.155863723839566],[127.33480648158286,37.15580139579996],[127.3353005109981,37.155709297062835],[127.33544378818505,37.1557897895252],[127.33580280791958,37.15618362550194],[127.33613389879744,37.156656011432595],[127.33627005657176,37.156903360913724],[127.33635358505789,37.15716322129377],[127.336391581233,37.15748526538967],[127.33627165351842,37.15840435698751],[127.33624745785791,37.15937659205378],[127.33616817327024,37.15964838250493],[127.33592828972608,37.16010850344752],[127.33588632402225,37.16055419854088],[127.33590216054905,37.16077831628772],[127.3359498249012,37.160854437385666],[127.33580096203654,37.16086535455707],[127.33595464471391,37.160857298124],[127.33609627196279,37.16092378308421],[127.33671207627664,37.1609867922302],[127.33727240843079,37.16117100195648],[127.33760453575938,37.16135424351902],[127.33784365228702,37.161545758434016],[127.33822248216518,37.16198291578545],[127.33833961704343,37.16229841777077],[127.33831212309218,37.16239205156544],[127.33865294932973,37.164451072645214],[127.3386059428874,37.1644557746622],[127.33859376296166,37.164375075568046],[127.33855713288348,37.1643788470059],[127.3385879353581,37.164381129152574],[127.33860207651246,37.164459795314976],[127.33865355061893,37.16445463907751],[127.33945243890325,37.16943837259449],[127.33957410098033,37.169548079277554],[127.33965521517145,37.16957116691145],[127.35034829390874,37.16852980429212],[127.35044725258123,37.168591297632155],[127.35045436542958,37.16863717593323],[127.35371459172387,37.16831869824458],[127.35371963277018,37.168281641294506],[127.35420935264746,37.168456303123186],[127.35420176795257,37.168495935641324],[127.35469131474264,37.16840058879544],[127.35478941998983,37.16842557069748],[127.3552997635445,37.17028955378751],[127.35533209992708,37.170330418745145],[127.35603327782268,37.17043965628338],[127.35653790840615,37.17043034251339],[127.35953316859184,37.169827236460065],[127.35966060003739,37.16987437251082],[127.36134375131793,37.16954213143836],[127.36143008170326,37.16945290011054],[127.3641653861111,37.168917603122395],[127.36546904330393,37.16970184948641],[127.36540136032654,37.16970598588922],[127.36540201746445,37.1697678946507],[127.3689803271537,37.169607414726954],[127.36984055909126,37.16952687590977],[127.37013254922793,37.16960351191844],[127.37092190941178,37.170153664543484],[127.37087213977833,37.170206305515286],[127.37110573775853,37.17046243794086],[127.37120005543002,37.17065822902687],[127.37124653428363,37.17104638007157],[127.37116095844544,37.17140640698818],[127.37112683410264,37.17143952768798],[127.3710096447222,37.17180052708485],[127.37099626817245,37.17221448145344],[127.37095147790835,37.172408994335804],[127.37098668558129,37.172494204435644],[127.37097080695989,37.172653315253996],[127.37116983639434,37.173124949769914],[127.3712526240586,37.17352341245762],[127.37123808523742,37.17571836439219],[127.37110643321196,37.17624843551723],[127.37052457339108,37.17758154957114],[127.37041062095942,37.178175376538206],[127.37047412389279,37.178549012647416],[127.37073546187537,37.178990809048294],[127.37088200332833,37.17917453456693],[127.37134184847375,37.17962010771736],[127.37130804666731,37.17964158594947],[127.3713460019722,37.179624365697876],[127.37245675375075,37.18061958265837],[127.37444310229557,37.182609003984],[127.374636999975,37.18295248365193],[127.37545581121908,37.185261400048454],[127.37556227195022,37.185394616464755]]]}},{"type":"Feature","properties":{"layer":"zone_industrial","id":"zone_industrial_0203","name":"원삼일반산업단지","category":"일반산업단지","color":"#9333ea","sido":"경기도","sgg_code":"41460","type_code":"UHA210","mgmt_no":"40500004146020190098UHA2100001000"},"geometry":{"type":"Polygon","coordinates":[[[127.29918225300722,37.15428702434278],[127.2998021968637,37.15458776323171],[127.29977719569862,37.15451659602679],[127.30011300711669,37.15444722493267],[127.30027703401137,37.15444984635427],[127.30059654368777,37.15417422316704],[127.30065583650577,37.15395104059918],[127.30058813296073,37.153763904794204],[127.30000504501015,37.15348132096639],[127.30031404664415,37.153082398468285],[127.3004357933935,37.153062020577124],[127.30060321820001,37.15284587735622],[127.30041361312604,37.15274203037651],[127.30013491563578,37.15247326446124],[127.30026628103163,37.15234666364152],[127.30022812142835,37.15227291812478],[127.30034621461759,37.1520774669975],[127.30054199017535,37.1519499985987],[127.30073911246308,37.15148939582348],[127.30102134588432,37.15108626079616],[127.30173536998808,37.15065782879332],[127.30216875173348,37.15046308061906],[127.30190680824785,37.14994405508447],[127.30140538113505,37.14992900553329],[127.30072432176713,37.14999877807],[127.29997802910938,37.1498068131606],[127.29965940242654,37.14962577635468],[127.29925165653547,37.149530580084736],[127.29894965020272,37.14957939081318],[127.29803750628044,37.15087927223034],[127.29811485869001,37.15124324085473],[127.29793934323924,37.15136857233372],[127.29791786462359,37.15154569701309],[127.29777777372655,37.15178114035344],[127.29773956575784,37.15196507476711],[127.29779036130792,37.15205309524776],[127.2980411554936,37.15220156480666],[127.29823479939536,37.15258763227361],[127.29834036770188,37.152637788313015],[127.29855776591,37.15266537755687],[127.29870397673687,37.15274948949805],[127.29869320469014,37.15280602875961],[127.29879945410512,37.15295081215581],[127.29838000409309,37.15334456340807],[127.29848477098427,37.15341237066962],[127.29867628105676,37.15361857959394],[127.29882563453316,37.15370282689227],[127.29885776788534,37.153670762502486],[127.29921405891898,37.15369363626976],[127.2993735281917,37.153742400906296],[127.29952136907252,37.15385625546578],[127.29918225300722,37.15428702434278]]]}},{"type":"Feature","properties":{"layer":"zone_industrial","id":"zone_industrial_0204","name":"일반산업단지 (경기도 41460)","category":"일반산업단지","color":"#9333ea","sido":"경기도","sgg_code":"41460","type_code":"UHA210","mgmt_no":"40500004146020250370UHA2100001000"},"geometry":{"type":"Polygon","coordinates":[[[127.20357739911361,37.18002876989232],[127.20431074796579,37.180155141285645],[127.20424941823944,37.18044081487862],[127.2041480957778,37.18065747359953],[127.20414944207857,37.18082001105097],[127.20405020852478,37.180861908166335],[127.2040446708767,37.18102746687473],[127.20397629963041,37.18111422833106],[127.20457815912309,37.18138636863345],[127.20527748182478,37.18153851717302],[127.20590215496307,37.18174437558255],[127.20641425416427,37.18197165405578],[127.20651083016507,37.18215894064925],[127.2070126825349,37.18230173414054],[127.2070475034648,37.183445047050334],[127.20710005392608,37.18360039531134],[127.20718389913398,37.183659745864716],[127.2076629868918,37.183713687889934],[127.20799351863003,37.183719996356835],[127.20829992393327,37.18368342018496],[127.20833056549681,37.183707821090174],[127.20833109185655,37.18389674245132],[127.20850399682628,37.18398572515719],[127.20901175380541,37.18467155105419],[127.20928491659654,37.1848811331513],[127.21023078338985,37.1853505464341],[127.21058559094845,37.18543834050694],[127.21149077876514,37.18547477297413],[127.21166538066018,37.18541348967479],[127.21178320740542,37.18533034840529],[127.21219146210395,37.18488593034783],[127.21272028499695,37.184783368972155],[127.212624399956,37.18470134646747],[127.21269212338815,37.1845541931579],[127.21267976011629,37.18388340468713],[127.2133857240976,37.18314954916256],[127.21378806949002,37.1828626028157],[127.21377742354615,37.18253521784244],[127.21303313825122,37.18253923392834],[127.21291976857798,37.18244974613635],[127.21291835813184,37.18228307316696],[127.21211325538842,37.18223525567087],[127.21176197899999,37.182124672387665],[127.21161248504211,37.18227499775737],[127.2113223709779,37.18225052580214],[127.21098793286416,37.18228732153842],[127.210652932767,37.18220208865863],[127.21041052298176,37.18185076590216],[127.21031653541155,37.181833973874134],[127.2102977226817,37.18149202397548],[127.21019893013286,37.18108745706981],[127.21036214039934,37.18083479547622],[127.20952895782838,37.18079095645871],[127.20925525582143,37.18072063241176],[127.20916925015803,37.18057901254016],[127.2090824097325,37.18054787135496],[127.2085259145459,37.18054924134139],[127.2083857855924,37.18058774449648],[127.20810867110187,37.18052075762553],[127.20788907020484,37.18051695043473],[127.20786435269649,37.180546115299535],[127.20770682102868,37.18050855459345],[127.20769565445129,37.18053502874488],[127.20745452650532,37.18047880829653],[127.20742994907468,37.18044762074271],[127.20738502354426,37.180458141932604],[127.20724607452767,37.18038792143671],[127.20714034738137,37.18038060825108],[127.20679859427877,37.18022541890682],[127.20613244038962,37.17982132547919],[127.20592294299608,37.17961702335946],[127.20542130311492,37.17927357975015],[127.20516249519646,37.17918991213084],[127.20477480010781,37.17894377212503],[127.20431850575292,37.17873092480355],[127.20420016814829,37.178638950204466],[127.203993109128,37.178340913569755],[127.20380527990335,37.17836194042832],[127.20365462512166,37.179770290123145],[127.20357739911361,37.18002876989232]]]}},{"type":"Feature","properties":{"layer":"zone_industrial","id":"zone_industrial_0205","name":"도시첨단산업단지 (경기도 41460)","category":"도시첨단산업단지","color":"#c026d3","sido":"경기도","sgg_code":"41460","type_code":"UHA220","notice_date":"20240712","mgmt_no":"40500004146020240000UHA2200001000"},"geometry":{"type":"Polygon","coordinates":[[[127.08974180503654,37.21720784925196],[127.09004294863936,37.21964772685036],[127.09037796160689,37.219660297799784],[127.09053466328439,37.21972898366624],[127.09108703315795,37.21960434963117],[127.09134504626589,37.219757754791],[127.09164072958303,37.21979128318647],[127.09165033375437,37.219766884682365],[127.09233361491017,37.21989844641792],[127.09285807410087,37.22009080293452],[127.09324550305034,37.22030782571775],[127.09353521716979,37.22042426783922],[127.0936444657911,37.22041813692328],[127.09362508958726,37.22050402124515],[127.09407126225243,37.22052171227624],[127.09394262169997,37.21964032380926],[127.09402604281391,37.219595116498176],[127.09576923521814,37.219571270163144],[127.09586776236128,37.219615180567224],[127.09560968716166,37.21925549182944],[127.09553872361033,37.21935123880462],[127.09397734767794,37.21937382265951],[127.09388728455096,37.219321668559225],[127.09363198357762,37.217862233810095],[127.09317442522017,37.21782621371693],[127.09291888923056,37.217762527319486],[127.092565857863,37.217581374439504],[127.09257897579484,37.217668756409566],[127.09251415145484,37.21763424226299],[127.09247500426265,37.21767526072873],[127.09170595067697,37.21771629659682],[127.09172853020031,37.2177457434714],[127.09135831124817,37.217766018988804],[127.09126778847887,37.21760805387745],[127.09123650539149,37.217402315641756],[127.09094703103368,37.217409382481144],[127.09077845938981,37.217360276708234],[127.08974180503654,37.21720784925196]]]}},{"type":"Feature","properties":{"layer":"zone_industrial","id":"zone_industrial_0206","name":"일반산업단지 (경기도 41460)","category":"일반산업단지","color":"#9333ea","sido":"경기도","sgg_code":"41460","type_code":"UHA210","mgmt_no":"40500004146020210101UHA2100001001"},"geometry":{"type":"Polygon","coordinates":[[[127.19705181468234,37.257799276970665],[127.19698732305899,37.25704844904844],[127.1962284164432,37.2570404408977],[127.19581899738915,37.2569081257134],[127.19563393142764,37.25691861321309],[127.19542154952167,37.25700221941919],[127.19427040665747,37.25686958851957],[127.19424394667463,37.257188778459806],[127.19411778523742,37.25731179633022],[127.19409913827312,37.257425177066786],[127.19405164661976,37.25741173935891],[127.19367463600318,37.2575210212024],[127.19371266443919,37.257624758223166],[127.19369072258921,37.2576842623995],[127.19389142321275,37.25765960609849],[127.1938830222571,37.25776846484863],[127.1938402279795,37.257828633906485],[127.19389872605396,37.25782610536591],[127.19385318563874,37.25791439120657],[127.19358569216628,37.25804836203202],[127.19362167763053,37.25819066669521],[127.19388149154486,37.258534977562284],[127.19393884546324,37.25865760458301],[127.19382989359913,37.258679047341424],[127.19388904087322,37.258885647871864],[127.19401028946216,37.25895573003125],[127.19408483960083,37.25883847340422],[127.19425040569261,37.25887072934339],[127.19430613306874,37.258930286426846],[127.19636506930343,37.25918107278182],[127.19643898405327,37.25895064579816],[127.19642524518663,37.258869124957066],[127.19657231344466,37.25841953503386],[127.19672542535375,37.25834413454665],[127.19672056555947,37.258295937265665],[127.1968751753437,37.25827648834683],[127.19698742144695,37.25822196933778],[127.19705181468234,37.257799276970665]]]}},{"type":"Feature","properties":{"layer":"zone_industrial","id":"zone_industrial_0207","name":"전기공급시설","category":"산업단지기타","color":"#d35400","sido":"경기도","sgg_code":"41460","type_code":"UHA999","mgmt_no":"40500004146020250545UHA9990001001"},"geometry":{"type":"Polygon","coordinates":[[[127.29605890183682,37.12083093135491],[127.29982682971114,37.1251262033797],[127.29960712638486,37.12533197984474],[127.30014632086814,37.12553321565859],[127.30187812509266,37.132993158988945],[127.30268983730518,37.13683973397325],[127.30280912168078,37.13723358669604],[127.30298253526463,37.13761432648908],[127.30322470537341,37.13800064873918],[127.30352255409369,37.138361166693166],[127.30387185227897,37.13869077275291],[127.30426762933114,37.138984775677855],[127.30470427491038,37.13923900848151],[127.30517559535913,37.139449864360046],[127.30567490394358,37.139614341543066],[127.30616519705396,37.13972489387805],[127.30615800690254,37.139674813936246],[127.30557953259039,37.13953640204239],[127.30502648330541,37.13933551544384],[127.30462286248908,37.139138848628136],[127.30424742952322,37.13890918404459],[127.30385820363978,37.13860962287543],[127.3035169093262,37.13827468017838],[127.30326152405044,37.13795643055321],[127.30302290472136,37.13756868469402],[127.30286331961622,37.13721264365955],[127.30275154482882,37.136845109635374],[127.30193961251386,37.13299775172577],[127.30020611737007,37.12553001946246],[127.30026268495969,37.125526993562254],[127.30034397758112,37.12543013272749],[127.30036865041302,37.12546328335012],[127.30043583705152,37.12537921692003],[127.30039069778677,37.12537818638576],[127.30040389782768,37.125326784073906],[127.30014494838062,37.1251895845131],[127.30002334171397,37.1250154649061],[127.29995024894345,37.12500252057691],[127.2998655446781,37.125087405728124],[127.29615151636445,37.120853588002056],[127.29605890183682,37.12083093135491]]]}},{"type":"Feature","properties":{"layer":"zone_industrial","id":"zone_industrial_0208","name":"LCD일반산업단지","category":"지방산업단지","color":"#7e22ce","subtype":"엘지디스플레이","sido":"경기도","sgg_code":"41480","type_code":"UHA200","notice_date":"20160309","mgmt_no":"64100004148020080001UHA2000001001"},"geometry":{"type":"Polygon","coordinates":[[[126.75040140108625,37.81394097705389],[126.75053698888308,37.81492671415748],[126.75063871652544,37.81520696354626],[126.75063593126058,37.81545615084357],[126.75066602245766,37.81557153627682],[126.75083224715132,37.81583830947371],[126.7507746507897,37.815900460415456],[126.75151546885662,37.81872285745383],[126.75150052360945,37.81894481921163],[126.75155852818085,37.81892043653717],[126.75166992751774,37.819093654797385],[126.7514958527714,37.81911743084362],[126.75136213669573,37.81919661052347],[126.75095883105413,37.819332697370285],[126.75073325784439,37.819535362974],[126.75095555073527,37.820081377691665],[126.75366796875853,37.819443524284914],[126.75468893800426,37.81899118506851],[126.75546755801088,37.818694888658754],[126.75727214556422,37.81761775919269],[126.75817800256098,37.81695644620297],[126.75958482799663,37.8160768653327],[126.76082768404046,37.81542505266994],[126.7617486790214,37.814840593717115],[126.76242313763868,37.81449329755344],[126.76317835169098,37.81392894223341],[126.7644665464101,37.81324772154882],[126.76523670517037,37.81265320116382],[126.76593235154347,37.812274033637095],[126.76626015338474,37.812148105421464],[126.76639649481162,37.8120556699875],[126.76664212936896,37.811733530198005],[126.76723449482574,37.81233663370686],[126.76766675940009,37.81235893517715],[126.77041128700269,37.812817798961234],[126.77141255568375,37.8128987722326],[126.77215569352343,37.8129068885026],[126.77266730216014,37.81286923279988],[126.77339715490204,37.81276595815144],[126.77832049406918,37.81163199482192],[126.77849665874868,37.811584307876146],[126.77885761795426,37.811413359870784],[126.7721712308907,37.804615751234856],[126.77059253051124,37.80454158237152],[126.76931790935238,37.805342273956306],[126.76846273811863,37.80570610070104],[126.76814702425463,37.80539293620629],[126.7678345481024,37.80419720663917],[126.76753666231757,37.80424661812151],[126.76737830992482,37.803690957866664],[126.76676091916788,37.802298121482714],[126.76650620231305,37.80198480368089],[126.76629027272169,37.801973020775606],[126.76618364102853,37.802441662393754],[126.76609661251652,37.803316221125144],[126.76566867540618,37.80344951668976],[126.76596905054252,37.80375977419734],[126.76662644432794,37.80485456981014],[126.76661953853895,37.8053857561149],[126.76648282543502,37.805470452028445],[126.76635667083382,37.805634434425414],[126.76592471869382,37.80591944278137],[126.76587447948978,37.8061491745889],[126.76542588834786,37.80645153613055],[126.76530852913679,37.806469680254295],[126.76476601731859,37.8067030183568],[126.76479548973953,37.806790379602226],[126.76473516851392,37.80690449879043],[126.76466122292784,37.80691119736088],[126.7644981005068,37.80703583099509],[126.76422800604148,37.80716124002875],[126.76417185921039,37.807283475873675],[126.76390946752723,37.80716627397626],[126.76372270561737,37.80711949824269],[126.7636996318392,37.807197203612986],[126.76361615332652,37.80723739760534],[126.76363190875443,37.80731716345522],[126.7633404613343,37.80740784076895],[126.76345785897618,37.8076224139454],[126.76339880039475,37.8077350033668],[126.76334336210579,37.80770678167513],[126.76338757764682,37.807622902567545],[126.76331383253459,37.80753157739122],[126.76323667444919,37.80751295188927],[126.76264193908176,37.80770283883991],[126.76220915728526,37.807920080358016],[126.76215505347284,37.807971054272855],[126.76221490796705,37.80800306948038],[126.76203232319389,37.808033871300935],[126.76197327843244,37.80796212577868],[126.76170112855968,37.807948238033056],[126.76165449923954,37.807900032403296],[126.7615104883818,37.80801190729945],[126.7613848023911,37.808215806301185],[126.76138616753286,37.808285182184036],[126.7608305557598,37.80834828602748],[126.76039585448292,37.808524433638475],[126.75922959887095,37.81009518813194],[126.7592592818463,37.81011651157416],[126.75789056131597,37.810664979600155],[126.75769771129237,37.810775937900225],[126.75765213604083,37.81075277927196],[126.75753609836579,37.81095336051267],[126.75739134629586,37.811045227698585],[126.75708993262822,37.811120913056],[126.75683956917962,37.811246706342295],[126.75617045768823,37.81135189693829],[126.75578349551631,37.81133505349437],[126.75540784287865,37.81150337737878],[126.75505735314691,37.81158309935039],[126.75463415160473,37.811910969375184],[126.7543402768521,37.812278210455155],[126.75406975610015,37.81245242655527],[126.75244008936484,37.81317227356263],[126.7518853519776,37.81319866835057],[126.7515877113913,37.8132625451531],[126.75115689392356,37.81351786005501],[126.75093058863753,37.81357630089746],[126.7509518862791,37.81386068549379],[126.75055063661841,37.81394126805697],[126.75040140108625,37.81394097705389]]]}},{"type":"Feature","properties":{"layer":"zone_industrial","id":"zone_industrial_0209","name":"금파일반산업단지","category":"지방산업단지","color":"#7e22ce","sido":"경기도","sgg_code":"41480","type_code":"UHA200","mgmt_no":"64100004148020060004UHA2000001001"},"geometry":{"type":"Polygon","coordinates":[[[126.84245707669906,37.924834712264705],[126.84290128385015,37.92496198293777],[126.84307162941127,37.92487058757703],[126.84343924689573,37.924801710157176],[126.84366558246435,37.92491301786776],[126.84426036015934,37.92499579903097],[126.84438153942578,37.924758475082974],[126.84446147080688,37.92444938172327],[126.84471937523996,37.9239361850168],[126.84340018723648,37.92254554198003],[126.84300680478059,37.92221905525584],[126.84251368373177,37.92189234239355],[126.84225655813631,37.92177694556723],[126.84184674864598,37.92179332780429],[126.84146957796267,37.92265023332337],[126.84128953248694,37.92281053455817],[126.84125953480515,37.92300734753066],[126.84122363736248,37.923040272781165],[126.84123761636853,37.92330696791995],[126.84119756177618,37.92336871734636],[126.8411278741638,37.92345907603604],[126.84098928415494,37.92348762682425],[126.84042397216325,37.923773089662966],[126.84029386241747,37.92387615836865],[126.83980483097524,37.92350015883401],[126.8396725194393,37.92320654315761],[126.83961793350191,37.923618734884315],[126.83974129878173,37.9236353105209],[126.83972378399713,37.9236870900712],[126.8397878786426,37.92371060242237],[126.83986453068462,37.92381674751344],[126.8400203759199,37.923907505215915],[126.84048068483409,37.924104719503426],[126.84093328461084,37.924187034541845],[126.84158092154853,37.924225935855084],[126.84179065790441,37.92432703507013],[126.8422428794578,37.924638740009435],[126.84245707669906,37.924834712264705]]]}},{"type":"Feature","properties":{"layer":"zone_industrial","id":"zone_industrial_0210","name":"오산일반산업단지","category":"지방산업단지","color":"#7e22ce","subtype":"오산지방산업단지","sido":"경기도","sgg_code":"41480","type_code":"UHA200","mgmt_no":"15000004148020070001UHA2000001001"},"geometry":{"type":"Polygon","coordinates":[[[126.83488244921462,37.77371731238417],[126.83539302023692,37.77459200529129],[126.83536591023912,37.77463476246058],[126.83549432514081,37.7746168342442],[126.83587959691812,37.77480513555773],[126.83632891661081,37.77497552431564],[126.83637304116805,37.775080556490586],[126.83812184478963,37.776008329666546],[126.83854124291075,37.775921076313864],[126.83841010350936,37.775835123913254],[126.83845978628733,37.775488595105216],[126.83851513996738,37.775402360150004],[126.83854611380826,37.77525338494865],[126.83851492371096,37.77498386600519],[126.83855673734149,37.77496410281398],[126.83854145307134,37.77479118830002],[126.83859554467728,37.77460737805732],[126.83857770713651,37.774511762001836],[126.83864107650035,37.77444481850635],[126.83864433693957,37.77430382345171],[126.83908895036788,37.7742974096785],[126.8393224310496,37.774400980790446],[126.8393797995752,37.774482776416356],[126.83954319767842,37.77419334387304],[126.8395488799222,37.774106886964034],[126.83986978761769,37.77375959472495],[126.84020352518793,37.773168781777194],[126.84042321835031,37.77288285763356],[126.84044120597831,37.7725910535851],[126.8407098526618,37.772230497516674],[126.84072533033327,37.77210654708727],[126.84069108546917,37.771829456369446],[126.8408261454243,37.77151781970741],[126.84096452358011,37.77135079085819],[126.84089904944426,37.77117562783448],[126.8407640820668,37.77101502855053],[126.84062148597936,37.7709077823298],[126.84047981710232,37.77095933974552],[126.84037475375078,37.77113028770806],[126.84001223951634,37.77151391409444],[126.83954774690547,37.771379484606825],[126.83968430753258,37.77105812096892],[126.83977505098196,37.771000755535574],[126.83998300473667,37.77076121523542],[126.83988560349644,37.77069672637931],[126.83982405475729,37.770534190522895],[126.83972630919624,37.77047165613573],[126.83979402956251,37.77044772058665],[126.8398282088409,37.77033611197441],[126.83997627027505,37.77020477540781],[126.84051826377247,37.76997847612282],[126.84001982019767,37.769593986681045],[126.83939014567122,37.76922472099814],[126.83828892677712,37.7688425467364],[126.8382799385963,37.768904159711504],[126.83794168811117,37.76896928032481],[126.83673693527174,37.76942195425408],[126.83696362089172,37.7704835975518],[126.83681363809781,37.77055744662919],[126.83682572633876,37.771043349197264],[126.83674329427313,37.77146650315198],[126.8367722491875,37.77156330631735],[126.83655235705606,37.77178607542286],[126.8364671599062,37.77202236698649],[126.83623962997866,37.77232530086162],[126.83615748408238,37.77237826994559],[126.83554086846728,37.77253235849273],[126.8356846471827,37.77269770612723],[126.83622079130467,37.77286964100716],[126.83628250642641,37.77293432609348],[126.83562821116419,37.773166213831765],[126.83533282531683,37.773340763255604],[126.83505136128582,37.77346128326377],[126.83488244921462,37.77371731238417]]]}},{"type":"Feature","properties":{"layer":"zone_industrial","id":"zone_industrial_0211","name":"법원1일반산업단지","category":"일반산업단지","color":"#9333ea","sido":"경기도","sgg_code":"41480","type_code":"UHA210","mgmt_no":"64100004148020105057UHA2100001001"},"geometry":{"type":"Polygon","coordinates":[[[126.87326334881826,37.84112203010623],[126.87439098045493,37.84161282664522],[126.87440129794233,37.842684053078244],[126.87450661859661,37.84275439541572],[126.87503250855374,37.842760529258314],[126.87520108584587,37.842818812171075],[126.87531943095013,37.84297361336967],[126.87532600485751,37.84328274380623],[126.8755491328128,37.84327816262965],[126.8758744785092,37.84338613712799],[126.87752073002326,37.843416108618655],[126.87766937864203,37.84338211920783],[126.87793206622689,37.843411486699175],[126.87860433524563,37.843412145228385],[126.8786049625074,37.84304104644805],[126.87856744400928,37.84276993079891],[126.87839342043954,37.842555567201295],[126.87839418374674,37.842458617246635],[126.87817778133014,37.84231478908407],[126.87802031930084,37.84200794217578],[126.87779852103466,37.84182419575523],[126.87769264748906,37.84166216652522],[126.87709680537976,37.84104723768547],[126.87670831093197,37.8410286905644],[126.87649754304863,37.8408491157265],[126.87644302521554,37.84085455360831],[126.87628332968369,37.84076610021646],[126.87628630694373,37.8389783473111],[126.87648229063001,37.83851765853569],[126.87628753507458,37.83825193375485],[126.87628816459862,37.83787957334527],[126.87725474949796,37.83788059717642],[126.87750807553715,37.83800720388856],[126.87780517125601,37.83824405978251],[126.87800907241476,37.83831514222387],[126.87809267564519,37.83840898233282],[126.87837447010926,37.838469568639326],[126.8787182242365,37.83863987305223],[126.87901711489428,37.83864018432736],[126.87901780677727,37.83815313352699],[126.87995153011839,37.83816100229161],[126.87995613857218,37.83535279294319],[126.8794105366883,37.8352144557617],[126.87929278020039,37.83516650235314],[126.87909121737141,37.83501163648658],[126.87909223619896,37.83439512867509],[126.87874082528079,37.834256954035844],[126.87811112270967,37.83426424225741],[126.87803060980413,37.83424103957128],[126.87797606094458,37.83432937425791],[126.87733283834837,37.83427644286847],[126.87692501793477,37.83420653112707],[126.87696320738094,37.833714375234464],[126.87654768160695,37.8336284081686],[126.8759696341087,37.833610152852415],[126.87608388115639,37.83397031098043],[126.87610225727299,37.83418727855099],[126.87563649272826,37.83418428602804],[126.87526101467496,37.83433476567164],[126.87459537136974,37.83433405021112],[126.87459146783782,37.83657921399589],[126.87559734095665,37.83658055502627],[126.8755946716851,37.838217607694816],[126.87556186088135,37.839054029024325],[126.87548171790826,37.83922477166653],[126.87526927221867,37.83935446954604],[126.87506174579384,37.83940378090845],[126.87506122983379,37.839439827204515],[126.8751066711106,37.8394402183483],[126.87530851233814,37.83959387494041],[126.87530760676577,37.84013199096663],[126.87522154862388,37.840146286814885],[126.87499778746245,37.83995510917105],[126.87455820512703,37.840450219411345],[126.87415612635613,37.84061050499507],[126.87350824109083,37.840760458710704],[126.87336268888332,37.84102911560169],[126.87326334881826,37.84112203010623]]]}},{"type":"Feature","properties":{"layer":"zone_industrial","id":"zone_industrial_0212","name":"탄현중소기업전용 국가산업단지","category":"국가산업단지","color":"#6d28d9","subtype":"탄현영세중소기업전용","sido":"경기도","sgg_code":"41480","type_code":"UHA100","mgmt_no":"15000004148020060001UHA1000001001"},"geometry":{"type":"Polygon","coordinates":[[[126.73781241144835,37.82725584538289],[126.73816151665888,37.82586583591752],[126.73806820053346,37.82575598208266],[126.7376229330526,37.82566579166202],[126.7376966695551,37.825819478079296],[126.7376295341427,37.825949154041545],[126.73740442260487,37.82591396306598],[126.7374219899799,37.82582904322694],[126.73639727618551,37.825659435523505],[126.73646286119732,37.825423895585324],[126.73490198195883,37.82511369075636],[126.73485357416911,37.82530908651687],[126.73491987711265,37.825569880349825],[126.734849374947,37.825939469073646],[126.7347375635845,37.826267430560534],[126.73446881055966,37.82661755985781],[126.73310919427593,37.82799859269268],[126.73382681718813,37.82872737914236],[126.73411679919937,37.828540911399216],[126.73435308207647,37.82847234504062],[126.73449109597074,37.82847103630451],[126.73482651354328,37.82859928006321],[126.73536899447933,37.82895142546998],[126.73547583255359,37.82896500083083],[126.73566640317823,37.82881533356238],[126.73571454795774,37.82866165078033],[126.73551635965934,37.82849705104815],[126.73492610180739,37.82788100122692],[126.73507104275141,37.8276903286631],[126.73570061347674,37.827131452856676],[126.73588375955745,37.826833472709254],[126.7366379383085,37.82715897112358],[126.73686690612439,37.827164891481],[126.73711153111485,37.82711210486097],[126.7372891588896,37.82702222867029],[126.73769087273479,37.8271287200151],[126.73781241144835,37.82725584538289]]]}},{"type":"Feature","properties":{"layer":"zone_industrial","id":"zone_industrial_0213","name":"월롱일반산업단지","category":"일반산업단지","color":"#9333ea","subtype":"2007.10.25 월롱첨단산업단지","sido":"경기도","sgg_code":"41480","type_code":"UHA210","mgmt_no":"64100004148020070366UHA2100001000"},"geometry":{"type":"Polygon","coordinates":[[[126.77859268086603,37.84124955165461],[126.77919816233101,37.84369863412914],[126.77935161968536,37.84369775249259],[126.78067469239902,37.84361720996357],[126.78393444239323,37.84350614584385],[126.78320183324843,37.84025711025635],[126.78306555717984,37.83989695714113],[126.78287602120878,37.839549453354756],[126.78175219389703,37.83769695574728],[126.78143787537908,37.836696607924836],[126.78141931894642,37.836537862722565],[126.78181990465337,37.833397761232256],[126.78220856496448,37.82850302324528],[126.78000376197504,37.828398009390185],[126.77916642961338,37.8293510295026],[126.77631536341482,37.8297132169065],[126.77589648182527,37.82997693308403],[126.77377167740367,37.829865279758884],[126.77352422673873,37.83228155274205],[126.7733979695659,37.83388199152042],[126.77349885125571,37.83437387791315],[126.77356433689427,37.83455944629056],[126.77370257836337,37.834775769505136],[126.77389656807415,37.83499047949841],[126.77421407711407,37.83524497911828],[126.77455120890528,37.83540239377798],[126.77500923116479,37.83552727264433],[126.7760409785857,37.835654654958105],[126.7783820054475,37.8357968589692],[126.77828194360701,37.8372419117091],[126.77828623826804,37.83914919342435],[126.77832617951837,37.83995292090342],[126.77859268086603,37.84124955165461]]]}},{"type":"Feature","properties":{"layer":"zone_industrial","id":"zone_industrial_0214","name":"일반산업단지 (경기도 41500)","category":"일반산업단지","color":"#9333ea","sido":"경기도","sgg_code":"41500","type_code":"UHA210","mgmt_no":"40700004150020110007UHA2100004000"},"geometry":{"type":"Polygon","coordinates":[[[127.4895993816616,37.21634202346789],[127.49064015669381,37.21791192598474],[127.49089844765464,37.21779949140207],[127.49095815634281,37.21788610431544],[127.49109294449644,37.217857525150656],[127.49142093857792,37.217687315385135],[127.49189931654051,37.217374479357446],[127.49253313135851,37.217195251141604],[127.49315271035651,37.21661097398653],[127.4932691216765,37.216615626652526],[127.49377279018842,37.21638268982394],[127.49391194254314,37.216350124771395],[127.4930835134109,37.21603459971318],[127.49248890010212,37.215674129473115],[127.49170380389944,37.21545284340458],[127.49151907542813,37.21535395338204],[127.49140598296859,37.215339554098655],[127.49061572692786,37.2155587975326],[127.49011492742594,37.21580053927797],[127.48994887922994,37.215942776479736],[127.4895993816616,37.21634202346789]]]}},{"type":"Feature","properties":{"layer":"zone_industrial","id":"zone_industrial_0215","name":"신촌일반산업단지","category":"일반산업단지","color":"#9333ea","sido":"경기도","sgg_code":"41480","type_code":"UHA210","mgmt_no":"64100004148020105061UHA2100001001"},"geometry":{"type":"Polygon","coordinates":[[[126.69226224780915,37.72890481918771],[126.69237772029433,37.72926073102912],[126.69231912195936,37.72946743780459],[126.69236708008675,37.72958270628108],[126.69236158917995,37.729975780766615],[126.69266822953631,37.729998297641366],[126.6926449459566,37.731919803934964],[126.69435829082528,37.7319300466775],[126.69435737580459,37.73195932548672],[126.69733517235554,37.7319609200766],[126.69739106121592,37.73199773333759],[126.69756931100879,37.73190584466444],[126.6971902350339,37.728070560456864],[126.69707680315047,37.72806999730056],[126.69707321291716,37.72803259817048],[126.69709988993876,37.72802771177557],[126.69706546680156,37.727763461272815],[126.69712230822404,37.7274835895205],[126.69716505578104,37.72743225503846],[126.69701333464825,37.72741943000147],[126.69693193920281,37.72657637108699],[126.69696160807277,37.726560951210914],[126.69692216250372,37.72647084333189],[126.69689798644181,37.726225269073836],[126.6969492989724,37.72615972160856],[126.69730344807692,37.72610018152034],[126.6962746150618,37.72623581970321],[126.69673012980984,37.72624762954588],[126.69673751485315,37.726327744045506],[126.69657349339488,37.726604275216836],[126.69662105147586,37.72663013866718],[126.69675689032663,37.72652672625474],[126.69689464211818,37.72795573544789],[126.6968667511971,37.72800773889144],[126.69602758063252,37.728004125827866],[126.69599468989564,37.72805809822054],[126.69238482646263,37.728042381106285],[126.69247840483187,37.72831651838815],[126.69245472978271,37.7284451134555],[126.69249133886045,37.72850701529921],[126.69248719198016,37.7286314270427],[126.69240827835216,37.72864977994051],[126.69237185160407,37.72881690264616],[126.69226224780915,37.72890481918771]]]}},{"type":"Feature","properties":{"layer":"zone_industrial","id":"zone_industrial_0216","name":"파주출판문화정보 국가산업단지","category":"국가산업단지","color":"#6d28d9","sido":"경기도","sgg_code":"41480","type_code":"UHA100","mgmt_no":"64100004148020100001UHA1000001001"},"geometry":{"type":"Polygon","coordinates":[[[126.68328158998274,37.70559113715416],[126.68336469347884,37.70734644724537],[126.68353929290362,37.70865654936084],[126.68378610664233,37.709974062265],[126.68414939482238,37.71131927720177],[126.6845726979063,37.71255617618297],[126.68541836612675,37.71469996192514],[126.68579409620037,37.714889359837976],[126.68609547193662,37.715710573603836],[126.6859391638964,37.7160365829132],[126.68693697583599,37.718616522908626],[126.68732778091808,37.719914949673274],[126.68781459738233,37.72120354862619],[126.68863871164785,37.72323946914516],[126.68872907535501,37.72338594389957],[126.68900962295223,37.72371598910956],[126.68936678279613,37.72399726928165],[126.6906995450771,37.724668907013886],[126.69078027278252,37.724997366866745],[126.69083592424164,37.72503467816659],[126.69105438038811,37.72594451220931],[126.69098836225393,37.72605894053132],[126.69013641752626,37.72692270574363],[126.68981906513201,37.727375311498285],[126.68970644615098,37.72761943523032],[126.68964002124963,37.72786517665022],[126.68966391219084,37.729271449537904],[126.6895709592509,37.73064605955898],[126.68903600036282,37.73426788786383],[126.6892840601852,37.73456140196209],[126.6892229808087,37.73509645500657],[126.68888221786081,37.735292744715515],[126.68865255731032,37.73690004997788],[126.68885978967784,37.73677383487737],[126.68900086216387,37.73654428423091],[126.68920517230491,37.736357155937185],[126.68954312680836,37.736222816858216],[126.6896786048998,37.73627146672255],[126.68984420216567,37.73617153782648],[126.69008216686518,37.736128380133394],[126.69005854544557,37.736052997548015],[126.6900927976328,37.73575712297803],[126.69048585769195,37.735628692877654],[126.69074919999538,37.73543036552031],[126.69079355594168,37.73534921592498],[126.69067070445188,37.73523834435058],[126.69072743102407,37.73504740046631],[126.69114333784162,37.73501588150062],[126.69126426156664,37.7348819568834],[126.69138015258417,37.734649003470224],[126.69166193296618,37.73432593966489],[126.69171085925488,37.73415488597172],[126.69191664829813,37.73388180523442],[126.69203966894815,37.7334885891566],[126.69189495061642,37.733480370802305],[126.6918294518165,37.73321819972512],[126.69239965920373,37.73317942338801],[126.69243468371126,37.73304995723602],[126.69262821112783,37.73294447559232],[126.69274935392797,37.733032258108416],[126.6929613410713,37.73305721113856],[126.69322515381141,37.732714257324695],[126.69298801476056,37.73262984768475],[126.69276482774907,37.73268519493309],[126.69275508355443,37.73255669256513],[126.69264852794706,37.73251037439482],[126.69266822953631,37.729998297641366],[126.69236158917995,37.729975780766615],[126.69236708008675,37.72958270628108],[126.69231912195936,37.72946743780459],[126.69237772029433,37.72926073102912],[126.69226224780915,37.72890481918771],[126.69237185160407,37.72881690264616],[126.69240827835216,37.72864977994051],[126.69248719198016,37.7286314270427],[126.69249133886045,37.72850701529921],[126.69245472978271,37.7284451134555],[126.69247840483187,37.72831651838815],[126.69231533848892,37.72777456859881],[126.69229628015319,37.727532106204336],[126.69224864710402,37.72738264706512],[126.69228610232248,37.72733636387143],[126.69225674346717,37.727137796258226],[126.69217887336345,37.727036531222765],[126.69217918680468,37.726936624534346],[126.69210655995023,37.72687569118934],[126.69206436028156,37.7267809525443],[126.69200695462138,37.72656776972603],[126.69159953333782,37.726036132715855],[126.69160729437135,37.72599745685792],[126.69155505311734,37.725939081422595],[126.69153954072962,37.72577730918756],[126.69151648826919,37.72578355529865],[126.69153457827356,37.72568882180022],[126.6915092669229,37.72558388342015],[126.69147662711042,37.725549921465394],[126.69154198484247,37.72529971633738],[126.69159682253365,37.72521941372017],[126.69179236192628,37.72507014285817],[126.69185210497268,37.725089292048715],[126.69212153212705,37.725010750909455],[126.6921389377645,37.72487033679403],[126.69227599934003,37.724669980329466],[126.69234953830578,37.72468837260932],[126.6929991314321,37.72433644714692],[126.69324403149727,37.72427978664733],[126.69335325196137,37.724172947927116],[126.6937967080058,37.72393787425195],[126.69449156230793,37.72339769468775],[126.69468447345888,37.72288483825036],[126.69502749468185,37.722546842921],[126.69510573978852,37.72172253155258],[126.69505275409772,37.72149800939824],[126.69522626772554,37.72151518214247],[126.69528598291346,37.72136703901089],[126.69508938149261,37.72089707321023],[126.69509500335482,37.72066121609417],[126.69484690329729,37.71973645469753],[126.69461983111083,37.71924213682569],[126.69463028861388,37.719181619416055],[126.69449013903512,37.71917233501475],[126.69451145551483,37.71911896349039],[126.69441008330945,37.71889291845923],[126.6944464751806,37.71867696260215],[126.69424641637654,37.71834407655935],[126.69398028273095,37.71775298232918],[126.69402064154411,37.71772993287112],[126.6940415073054,37.71745627503493],[126.69410014539088,37.71742858821409],[126.69379596128036,37.71726336913331],[126.69368355581948,37.7170598366888],[126.6924672436316,37.715299012699305],[126.69238894018193,37.7151056591243],[126.69252294429513,37.71509080213885],[126.69231347048286,37.71504379035971],[126.69223491614004,37.714951884379694],[126.69217445256976,37.714679680170605],[126.69215936139004,37.714708678594],[126.6921238960243,37.71466251932866],[126.69166462147582,37.714538593181615],[126.6914150235558,37.71450531313723],[126.69120429933199,37.71439700362521],[126.69098150519316,37.71413731827583],[126.69090695108856,37.71392998161483],[126.6908188319637,37.713929389059054],[126.69083721536681,37.71389969672824],[126.69065636481484,37.71369949468933],[126.69058327758471,37.713684255899416],[126.69028609200583,37.71336975666128],[126.6899678127705,37.71313691823502],[126.6899339675935,37.71306726547897],[126.68911556885233,37.71250541295125],[126.68860806491314,37.71231477495901],[126.68835761357131,37.710869425216835],[126.68827205324253,37.7106120541187],[126.68822176677544,37.710596261779514],[126.68820645962894,37.71043395767907],[126.68823585689267,37.710428071414476],[126.68813366235227,37.710269951132865],[126.68788357799819,37.7100060428244],[126.6878027959778,37.70985328587278],[126.68781887855204,37.70958925638667],[126.6878660522251,37.709428568977074],[126.6878975994024,37.70936991009465],[126.68795676384514,37.70937781572686],[126.68794537815305,37.70911937120086],[126.68785840216847,37.70887580773315],[126.68789034717976,37.7088572427675],[126.68784118154028,37.708656539554724],[126.68776204076228,37.70859903674297],[126.68780954457894,37.70838680609801],[126.68793058658183,37.708242793750195],[126.68796826012998,37.70826414765995],[126.68805204281117,37.70818879761945],[126.68808074355947,37.70821345219405],[126.68825995751588,37.70804328599108],[126.68842547800018,37.70794706125147],[126.68859859291942,37.70777067069104],[126.68872447125854,37.70758160415335],[126.68881401228938,37.70740391938888],[126.68876315527132,37.70703862401319],[126.68878808741721,37.706880571044124],[126.68862832317986,37.70683828844956],[126.68830984984514,37.70688577963707],[126.68830565917777,37.706776751919854],[126.68818384668933,37.70667352924704],[126.6881551958997,37.70661020546944],[126.68816540051711,37.706513595236856],[126.68809786802018,37.706406354253005],[126.68797894464802,37.70637395478083],[126.68774095361441,37.706015278782694],[126.68757213491966,37.70557688000492],[126.68799270945074,37.70472145275536],[126.68804909547097,37.7047689122752],[126.68799915980897,37.70459001027098],[126.6882916483178,37.70452800841443],[126.68838788182603,37.704537904315416],[126.68817931212911,37.704356517812876],[126.68791103203569,37.704190369624044],[126.68754678303381,37.7038445203431],[126.68707343983067,37.70320573693479],[126.68690013620403,37.702918687013124],[126.68651891027717,37.702112198303084],[126.68486799331386,37.69827445217707],[126.68465161806213,37.697855111546076],[126.68380600931222,37.69593260074726],[126.68407362229634,37.696857801646495],[126.68346812063476,37.69686185522984],[126.68344466024088,37.69765562310007],[126.68389349630269,37.69833561973402],[126.68422605273597,37.698684557660016],[126.6846714356495,37.69899875932426],[126.68465801118352,37.69984310725345],[126.68426089614037,37.7001403308488],[126.6842398823361,37.70030850239225],[126.68390908832716,37.70047501108907],[126.68335418834758,37.701314466310485],[126.68333894710412,37.70188249213183],[126.68362469194072,37.702176607716154],[126.68359077970179,37.70268276801123],[126.68331661579207,37.702862311411096],[126.68328158998274,37.70559113715416]]]}},{"type":"Feature","properties":{"layer":"zone_industrial","id":"zone_industrial_0217","name":"당동일반산업단지","category":"지방산업단지","color":"#7e22ce","sido":"경기도","sgg_code":"41480","type_code":"UHA200","mgmt_no":"64100004148020060006UHA2000002001"},"geometry":{"type":"Polygon","coordinates":[[[126.77164597262642,37.86124520257913],[126.7718842234834,37.8619566903346],[126.77207839963683,37.862004097986855],[126.7722473740196,37.86211650420918],[126.77235440156818,37.862259034240175],[126.77236876455873,37.862809924656986],[126.77393110601753,37.863260893653866],[126.77410350824853,37.86328033571086],[126.77427953119238,37.863097694403486],[126.77479143161689,37.86278091924147],[126.77514404615717,37.862487620559385],[126.77624185786676,37.86138895587444],[126.77635353990723,37.861397007678015],[126.77684001829996,37.86173642060842],[126.77705213336056,37.861801224441436],[126.77726739993008,37.86202995116252],[126.77756781311906,37.86220773806474],[126.77765166152764,37.86258926595253],[126.77904324930516,37.86358897505797],[126.77905449615245,37.863628007057756],[126.77432232975235,37.86777609208706],[126.7748449743375,37.86826603974983],[126.77584663288765,37.86835848130452],[126.77657358406468,37.868472354765984],[126.77848015222139,37.868551732834305],[126.77854428536126,37.86851752847547],[126.7788083778061,37.86852703770342],[126.77900531448,37.86860849467433],[126.77934448345556,37.86859553095448],[126.77945737395271,37.86865908002447],[126.77953237474205,37.86856322625581],[126.77960640901276,37.86860010616034],[126.78013096873434,37.86863834752092],[126.78035256378901,37.86874821020292],[126.7808670357148,37.86878930333574],[126.78157259670071,37.87019609024133],[126.78339887377066,37.87069581555907],[126.78362955833057,37.87068684588026],[126.78369735364438,37.870647735380025],[126.78430231934702,37.8705805076976],[126.78583313991676,37.87020990022011],[126.78647369071776,37.870265668852674],[126.78667152911216,37.870181999328416],[126.7862838559872,37.86987166515648],[126.78602048006182,37.8695517189889],[126.78581330362795,37.869221081923506],[126.78574071285465,37.86906986121451],[126.78507154320772,37.866873779657006],[126.78489338131538,37.86643433349658],[126.78458147270291,37.86591329474611],[126.78412175100983,37.86534196207185],[126.78375190939597,37.865008831437805],[126.78322590728831,37.86462006541651],[126.77727877555152,37.86030823764776],[126.77708069812573,37.86010870713117],[126.77671732002423,37.85960455875613],[126.77391050900724,37.86052073997616],[126.77392432334152,37.860562669467356],[126.77348657544385,37.86065325911264],[126.77164597262642,37.86124520257913]]]}},{"type":"Feature","properties":{"layer":"zone_industrial","id":"zone_industrial_0218","name":"선유일반산업단지","category":"일반산업단지","color":"#9333ea","sido":"경기도","sgg_code":"41480","type_code":"UHA210","mgmt_no":"64100004148020105060UHA2100001001"},"geometry":{"type":"Polygon","coordinates":[[[126.79982168264941,37.854561391504035],[126.80026310167457,37.85515595813121],[126.80065065180179,37.855588711967314],[126.80076288263658,37.85576927207659],[126.80172681908462,37.85698475140788],[126.80223928772807,37.85753726683877],[126.80293338273965,37.858162342012506],[126.80314274217913,37.85839937243977],[126.80336676619363,37.85880454298428],[126.8035978020704,37.859520639992404],[126.80388013326119,37.860136367538004],[126.8040782867825,37.86044527259248],[126.80435738434751,37.86074196995463],[126.8052544782546,37.86214109969088],[126.80632632820101,37.86334707997287],[126.80670606546134,37.86306481319858],[126.8075239658427,37.86262136866758],[126.80773819777771,37.86257036774982],[126.81003991503067,37.862639901957166],[126.81025892982275,37.863112081065154],[126.81074792533971,37.86320107651722],[126.81088473311853,37.86329562667687],[126.81113456311704,37.86314512316179],[126.81130837595589,37.862946656335176],[126.8119903027097,37.863181009741616],[126.81242246646428,37.86345324837337],[126.8124216784945,37.86349478051645],[126.81255676570221,37.863507610564746],[126.81373181921724,37.864045730862905],[126.81587375408363,37.86531404923767],[126.81632099115606,37.865159431231874],[126.81646984899389,37.86516588176579],[126.8168750727769,37.864950832537424],[126.81705956371464,37.86474967119075],[126.817244108319,37.86466346976708],[126.81749325671996,37.86414392606132],[126.81767125943176,37.863945546503096],[126.81777969505505,37.863754085477375],[126.81798259097394,37.86350691323637],[126.81796928520691,37.86346499870715],[126.81825044190644,37.863003163447566],[126.81829723135147,37.862877825168255],[126.81833405968665,37.86255291275805],[126.81823584871007,37.86196678732947],[126.81814177081888,37.861822940616264],[126.81817162328036,37.86165342982655],[126.81829305659508,37.86148865636926],[126.81833852772432,37.86134457639459],[126.81859319134912,37.861114691506124],[126.81873375759339,37.86070218821954],[126.81908152854717,37.859994226619136],[126.81906736277435,37.85993240003276],[126.81933981266256,37.859352434841064],[126.81828667672411,37.85915412506893],[126.81822002959066,37.85908536953368],[126.81806764216878,37.85908657372957],[126.81804119220763,37.85898400527702],[126.81839448430036,37.85765134053957],[126.81701493177277,37.85739836463713],[126.81682591608067,37.857416447554215],[126.81538406400566,37.8572241684426],[126.81521505337537,37.8571496634937],[126.81380843748684,37.85691219351375],[126.81318022488118,37.85689001826592],[126.81204196262757,37.85662953157989],[126.81084903012743,37.85562755959242],[126.81038967593213,37.85560807530427],[126.81028827397867,37.85553727676006],[126.81024786126913,37.855346121151705],[126.81028084653609,37.85524544931437],[126.81026353773505,37.854995950121456],[126.8102350119455,37.85499788586212],[126.810154720239,37.854805133815745],[126.80977302867942,37.85459116963335],[126.80951965879105,37.85436416964],[126.80934921866564,37.85410099645355],[126.80919537212894,37.85379298314739],[126.80912473905188,37.85355790181205],[126.80914060063458,37.8534881947293],[126.80900886679994,37.853285447431986],[126.80898566472632,37.853162971325304],[126.80888788765868,37.85301091240301],[126.80853076966723,37.852179928301204],[126.8083679298082,37.851881268893145],[126.80815752930884,37.85169541936761],[126.80814982649692,37.8516428817205],[126.80797074709676,37.85168970686502],[126.80802545778312,37.85184151563543],[126.80547170813198,37.85242011205135],[126.8039323760564,37.852867830698465],[126.80125769291787,37.85385462012527],[126.8004108082492,37.85423977145934],[126.79982168264941,37.854561391504035]]]}},{"type":"Feature","properties":{"layer":"zone_industrial","id":"zone_industrial_0219","name":"적성일반산업단지","category":"일반산업단지","color":"#9333ea","sido":"경기도","sgg_code":"41480","type_code":"UHA210","notice_date":"20180413","mgmt_no":"64100004148020110002UHA2100001001"},"geometry":{"type":"Polygon","coordinates":[[[126.90402066394286,37.9688720631283],[126.90405882826833,37.969013990642516],[126.90409139125106,37.96900266594649],[126.90416927794408,37.969055074246185],[126.90425877263769,37.969452636927635],[126.90473247856883,37.9697614146787],[126.90472300682576,37.96986780626226],[126.90517648378005,37.97059369432247],[126.90517771770133,37.9706945089544],[126.9052068275037,37.970713452238776],[126.90515684054661,37.97073314157919],[126.90549761597181,37.971053789530366],[126.90590723878609,37.97173261049803],[126.90601298014546,37.97181017602398],[126.90629315674617,37.97191382946257],[126.90659413581608,37.97239066248241],[126.90671063801577,37.97250922817826],[126.90708498805147,37.97310756379067],[126.90715512421312,37.973173928205036],[126.90796938953605,37.97446875816895],[126.90809924034117,37.974386426692284],[126.90823780567895,37.97416274677399],[126.90911663478838,37.973550180421235],[126.90938135740882,37.97327893919278],[126.9094981054279,37.973114161191305],[126.90998099837522,37.973210126191105],[126.91009903988304,37.973194181517435],[126.91022875617803,37.97330860972817],[126.91030464053956,37.97333083136929],[126.91035851026976,37.9733007822149],[126.91051572294307,37.973084141237884],[126.910543277579,37.97298181739527],[126.91052672789905,37.97292783914481],[126.9104805005985,37.97294429031552],[126.91053694908457,37.972853250402814],[126.91106117701432,37.9726529284677],[126.91153925610861,37.97268257524181],[126.91210547244305,37.972766522833766],[126.91223568619083,37.972754098876905],[126.9123769779921,37.97256866038091],[126.91571158495015,37.971245301670585],[126.91568602904944,37.97117232603771],[126.91578696009941,37.97102976503832],[126.91590879681887,37.97092667071748],[126.91612115239936,37.97081628145501],[126.9152683686347,37.96941978225651],[126.91551586119003,37.96920426369794],[126.91402652710451,37.966775420738486],[126.91175612852611,37.96724625515885],[126.91108069343791,37.967496934146524],[126.91104489623413,37.96737240757903],[126.91104854919914,37.967177720155675],[126.91088287387574,37.96697668598479],[126.91093813277217,37.96683086852763],[126.91085599708241,37.96680765143652],[126.91084962177266,37.9665320530551],[126.9108814083907,37.96650252715611],[126.91082569888255,37.965997154413685],[126.91073536360666,37.96597960675216],[126.90991999457157,37.96542607587649],[126.90950508460884,37.96533475844883],[126.90912973346528,37.96536942020908],[126.90900341568185,37.96527976880111],[126.90886665731426,37.96525794882727],[126.90875542838258,37.96529597037344],[126.90739985767351,37.96681358579243],[126.90726828039732,37.96674293788712],[126.90696085711767,37.96642502442946],[126.90679974734805,37.9663120086983],[126.90605381727326,37.965937701298834],[126.90604331963327,37.965783634302895],[126.90568648472453,37.96619092339813],[126.90579785377689,37.966134886340555],[126.90593166142048,37.966151031642774],[126.90660774820248,37.96659150158122],[126.90698930554346,37.96704758759684],[126.90705479052401,37.96727557462408],[126.90694727643029,37.967342156799965],[126.90688482204251,37.967324448412114],[126.90632699954116,37.96765130492578],[126.9060104104659,37.9677325821498],[126.90593471243903,37.967835406466],[126.9054551133547,37.96812475371811],[126.90442372152407,37.96864040798989],[126.90433371336648,37.96863240550894],[126.90404160549156,37.968784780726445],[126.90402066394286,37.9688720631283]]]}},{"type":"Feature","properties":{"layer":"zone_industrial","id":"zone_industrial_0220","name":"축현일반산업단지","category":"일반산업단지","color":"#9333ea","sido":"경기도","sgg_code":"41480","type_code":"UHA210","mgmt_no":"64100004148020110001UHA2100041031"},"geometry":{"type":"Polygon","coordinates":[[[126.74613190918186,37.80717691723662],[126.74625318066177,37.80625478814759],[126.74674037062557,37.80610970877244],[126.74850648811201,37.8052820737255],[126.74873853197441,37.80495566227133],[126.74850473823506,37.80458676208205],[126.74824389250224,37.80342839103374],[126.74767327911545,37.802739648061014],[126.74646386890274,37.80211402908395],[126.74535992580103,37.8018281951034],[126.74528304331524,37.80196290013813],[126.74391038403017,37.80161586993561],[126.74350008311993,37.80190963679221],[126.74220856194697,37.80256953999342],[126.7409985349144,37.803135640103314],[126.74113429829164,37.80360019964572],[126.74122609835271,37.80368247902177],[126.74115811735903,37.80383413882853],[126.74111350328158,37.80383097699549],[126.74095573099788,37.80394252610703],[126.74092369083776,37.804141835395605],[126.74079805014061,37.80422174193197],[126.74054871205831,37.80428083273877],[126.74046903390771,37.80417425406445],[126.7403854216483,37.80424983862666],[126.74035791643077,37.80445068941445],[126.74051601153548,37.804699701845685],[126.74074016939976,37.804762183567526],[126.74075542061493,37.80488132285203],[126.74100347049725,37.80509251361879],[126.74111626019697,37.80530962151406],[126.74110463255991,37.805581232065286],[126.74106883324302,37.805686834291585],[126.74084018619499,37.8057053386175],[126.74052963428454,37.805668703168536],[126.73950136637633,37.80539262220061],[126.73893466908946,37.80532595154147],[126.73839644914374,37.8051927976393],[126.73809497077282,37.80505460300087],[126.73798739799483,37.80493777956215],[126.73797994215518,37.80489496778489],[126.73802676748939,37.804819212577385],[126.73829713305354,37.80465944794907],[126.73841735287654,37.804540160491044],[126.73865237947413,37.80416255660138],[126.73884337097182,37.803938285764126],[126.73880256629394,37.80391756303195],[126.73817623642434,37.80458548010225],[126.73790149337184,37.80479478688116],[126.7378507274458,37.80489296686123],[126.73779905368774,37.80486320996372],[126.73782367994961,37.80483533565375],[126.737642993701,37.804906376378604],[126.73723408722056,37.8049401463432],[126.73628957783838,37.80480918797366],[126.73578903500828,37.8048113034505],[126.73579305529256,37.80486185578118],[126.7362403380212,37.80486106189154],[126.73685667197158,37.80499515794848],[126.73770030532879,37.80497921135288],[126.73796941856065,37.805236133792775],[126.73830234028864,37.80536787613158],[126.73901730543311,37.805517227064854],[126.73940170537286,37.80554249867546],[126.74033633120115,37.80580792193052],[126.74069794113085,37.80586923982702],[126.74180884762518,37.8058193759105],[126.74258614041301,37.80571558570007],[126.7429681553385,37.80561785182813],[126.74414676891763,37.80559719707784],[126.74453356206607,37.80581724244615],[126.74472643867789,37.806356430759784],[126.74470225430478,37.80651963006263],[126.7444887670178,37.80694711539416],[126.74421421911065,37.80693912829319],[126.74394449327254,37.80760253843981],[126.74577879368188,37.80805403609923],[126.74613190918186,37.80717691723662]]]}},{"type":"Feature","properties":{"layer":"zone_industrial","id":"zone_industrial_0221","name":"일반산업단지 (경기도 41480)","category":"일반산업단지","color":"#9333ea","sido":"경기도","sgg_code":"41480","type_code":"UHA210","notice_date":"20141024","mgmt_no":"40600004148020140142UHA2100001001"},"geometry":{"type":"Polygon","coordinates":[[[126.77055323628788,37.835150357229324],[126.77181721336633,37.836006096417044],[126.77268716358442,37.83670297721179],[126.77316934297157,37.83696765574497],[126.77370159908637,37.837162858191185],[126.774152907071,37.837265041577105],[126.77473488256636,37.837322112327314],[126.77787684876319,37.83732972411032],[126.77791892653514,37.83636254921473],[126.77785723809595,37.83619067586988],[126.77772109973705,37.83607049242929],[126.77740571147704,37.83598849230345],[126.77571220155721,37.835863062419165],[126.77483309979888,37.83573776400217],[126.77445240326581,37.83562770995692],[126.77409330383577,37.83546927057226],[126.77378174221026,37.835271694857],[126.77358396059954,37.83510411481061],[126.7732506858631,37.83466932176587],[126.77313838276828,37.83443371402698],[126.77307235974375,37.834205448558514],[126.77302834447187,37.833692355749996],[126.77309043216447,37.83293830355669],[126.7729856912444,37.83306564725951],[126.77293882992909,37.833777357458985],[126.77289942929355,37.83381228272313],[126.77245435703114,37.83391608081463],[126.77192826162214,37.83413877926328],[126.77135505920457,37.83448791208705],[126.77055323628788,37.835150357229324]]]}},{"type":"Feature","properties":{"layer":"zone_industrial","id":"zone_industrial_0222","name":"일반산업단지 (경기도 41480)","category":"일반산업단지","color":"#9333ea","sido":"경기도","sgg_code":"41480","type_code":"UHA210","mgmt_no":"64100004148020185211UHA2100001001"},"geometry":{"type":"Polygon","coordinates":[[[126.79245220160766,37.815927420284666],[126.79271730615987,37.81618104804834],[126.79308138931559,37.81669687325853],[126.79325421920436,37.81653139540025],[126.7933493231733,37.816757611498346],[126.79339015278201,37.81702416619932],[126.7934485520248,37.81712484224755],[126.79352431821724,37.817180339336716],[126.79470690913118,37.81725263241694],[126.79486081015436,37.81713401335041],[126.79482034710263,37.81527991616488],[126.794855273174,37.8148629282314],[126.79499626600183,37.81432502971094],[126.79506799194341,37.8141995000854],[126.79520929528125,37.81374081322973],[126.7953552158897,37.81348334320844],[126.7956359931875,37.813197323437116],[126.79595833419891,37.813000902833664],[126.79834412542593,37.812076766755496],[126.79862669567412,37.81188052246539],[126.79882694438659,37.811650602538506],[126.79895496800539,37.81138273623317],[126.80033614607454,37.8066340432171],[126.8003505665328,37.806224153503926],[126.80009743951017,37.80452400600079],[126.79966464068228,37.80454839275705],[126.79964016994782,37.80449849222508],[126.79948603547858,37.804494344904725],[126.79861174855584,37.80458545105247],[126.7983194324964,37.80456089185065],[126.79761336237344,37.80458862845494],[126.79552845320167,37.804549305806624],[126.79549202822014,37.80478557042165],[126.79512578385086,37.806183276315835],[126.79450483896213,37.808269652006885],[126.79435715015742,37.80882938676274],[126.79435164778549,37.809002314394505],[126.79421694054759,37.809357366952355],[126.79401351873548,37.81008931870089],[126.7941560684445,37.81024835305903],[126.79405251413434,37.810442793854676],[126.79406025131553,37.810563228393086],[126.79358645468595,37.81221528379653],[126.79348509271199,37.81274798926626],[126.79327990581791,37.81324120270326],[126.79316563828587,37.813212503636194],[126.79292497661055,37.81407074521807],[126.79319576976836,37.81410876695337],[126.7930390789986,37.81415860954083],[126.79298120122176,37.81433787701797],[126.79295816960948,37.81432589867058],[126.79284607177227,37.81474028078937],[126.7932852314895,37.814850667342895],[126.79328132998484,37.814889248084796],[126.79336558189082,37.814906686197],[126.79314157685148,37.81525602947955],[126.79300355183466,37.815561080736565],[126.7931660154335,37.81559589255552],[126.79313317035387,37.815612465970695],[126.7930804584447,37.81579597704815],[126.79299182877263,37.81578011665379],[126.79296496522393,37.81587460564226],[126.79249354127963,37.815790234116186],[126.79245220160766,37.815927420284666]]]}},{"type":"Feature","properties":{"layer":"zone_industrial","id":"zone_industrial_0223","name":"파평일반산업단지","category":"일반산업단지","color":"#9333ea","sido":"경기도","sgg_code":"41480","type_code":"UHA210","mgmt_no":"64100004148020205103UHA2100001001"},"geometry":{"type":"Polygon","coordinates":[[[126.84677771030519,37.946666667762635],[126.84701883851473,37.94686002673671],[126.84727580024813,37.94695216855952],[126.84736150500503,37.94704392339579],[126.84801228113609,37.94705003567326],[126.84863450177903,37.94716559717089],[126.84868171009391,37.947212641958316],[126.84855016580103,37.947427991275305],[126.84852353921497,37.94758912386058],[126.84842842669987,37.947704192935],[126.84834728252473,37.94792458971047],[126.8483002301535,37.947911906430775],[126.84818587351982,37.94795799313317],[126.84869024487232,37.94820032356081],[126.84913067662922,37.948355872628746],[126.849229748541,37.94843353485035],[126.84948509108355,37.94852039029142],[126.84999178291896,37.94860072209142],[126.8503777049422,37.94865380569842],[126.85099534330102,37.948676084645456],[126.85123751970266,37.9487321437055],[126.85139173557263,37.94880645099582],[126.85269609331603,37.948949644028616],[126.85269577448148,37.94897233802465],[126.8528480236514,37.948928276876856],[126.85408054125799,37.948756957584706],[126.85472164856725,37.948792895454275],[126.85503612760631,37.94883346883338],[126.85512069272897,37.94888627843066],[126.85519983186654,37.9488411232143],[126.85539796692441,37.94881278297461],[126.85707008193133,37.9487119075933],[126.85891393891369,37.94865471358234],[126.85959649689595,37.948565554101414],[126.8606478481095,37.94827315074777],[126.86118437343981,37.94822018662715],[126.8614946105875,37.947648952736714],[126.86178748427885,37.94774909684936],[126.86178936196796,37.94771280965135],[126.86199238981703,37.94753681982828],[126.86233060245766,37.94760031249233],[126.86261160190459,37.94754199408563],[126.86264717747083,37.9474577181136],[126.86256993914007,37.947125048883365],[126.86236519531546,37.946885105658474],[126.86218811740144,37.94593647870482],[126.86144409604942,37.94576132849992],[126.85986444616788,37.94470613352738],[126.85848223894054,37.9441654891696],[126.8584366961725,37.944107999526615],[126.85802101727228,37.94392155942746],[126.85705080290535,37.94327628845847],[126.85672524481892,37.94280575604817],[126.85571669066522,37.94251422198905],[126.85520928144679,37.94267591268315],[126.85535805556346,37.94276503738434],[126.85536360966232,37.94287868757963],[126.85518837729346,37.94298862647861],[126.85418702166167,37.942962358065536],[126.85386383397032,37.9430510819305],[126.85341171085095,37.943340973462895],[126.85338304626347,37.94339560579723],[126.85257481262106,37.94396677494157],[126.85248885212039,37.94421988138669],[126.8516020748517,37.94417235697733],[126.85157579423905,37.945253213726176],[126.85150622133139,37.94533355101749],[126.85106130180212,37.94533205496318],[126.8509122054108,37.94527821386335],[126.850519283085,37.94530203535803],[126.85019931220013,37.94534615723113],[126.85017974543874,37.94543982872685],[126.84926148906418,37.945540097710044],[126.84898446892399,37.94562028199646],[126.848690817461,37.94576531995183],[126.84847963280475,37.94579106429578],[126.84831156475055,37.945894227214275],[126.84813225132305,37.94589012860342],[126.84780779755617,37.94599260933234],[126.84773424367458,37.946048361826755],[126.847391427353,37.94618304364261],[126.84709746143965,37.9462202719947],[126.8468524719466,37.9465021482757],[126.84677771030519,37.946666667762635]]]}},{"type":"Feature","properties":{"layer":"zone_industrial","id":"zone_industrial_0224","name":"문발일반산업단지","category":"지방산업단지","color":"#7e22ce","sido":"경기도","sgg_code":"41480","type_code":"UHA200","mgmt_no":"64100004148020070001UHA2000001001"},"geometry":{"type":"Polygon","coordinates":[[[126.70746428636565,37.72948258189132],[126.70779751979082,37.729838030626304],[126.70780290093253,37.72977664358136],[126.70794927814016,37.72996097528249],[126.70810103216823,37.730223145135426],[126.70809667437943,37.730263848687315],[126.70820033854703,37.73038339380452],[126.7081310218795,37.73037058985588],[126.70841629489841,37.730707375670704],[126.70892172964318,37.731065051101005],[126.70893347256336,37.73102129357814],[126.7089576301946,37.7310801862353],[126.70920628676667,37.7312825280482],[126.7104582959226,37.730997408636824],[126.710652897527,37.73089653090046],[126.71148746442341,37.731129322983854],[126.71206088822188,37.731423274125916],[126.71394516541073,37.731498430802446],[126.7144688836065,37.73097769076442],[126.71457852031291,37.73049306077902],[126.71470177355806,37.73047759390096],[126.71439743525009,37.729827170467935],[126.71427430982321,37.72939864397408],[126.71407836920271,37.72931996301705],[126.71407372054205,37.72929003979031],[126.71398242438283,37.72931423318732],[126.71373053392824,37.72930100510991],[126.71341644487292,37.729179869620985],[126.71401312431546,37.72873805362516],[126.71437625027892,37.72858604559556],[126.71444897547842,37.72864136150202],[126.71455602905297,37.72864891991328],[126.71475700098772,37.728569764002],[126.71488902880776,37.72845476209755],[126.7151176811031,37.72843369473675],[126.71512473415183,37.728369563463716],[126.715556330522,37.72766741120797],[126.71507364919985,37.72717224254906],[126.71481733423309,37.72657248043707],[126.71400000680752,37.72661481726593],[126.71377533606443,37.72675157558574],[126.71289022945645,37.726837976451],[126.71249136311584,37.726760237395155],[126.71188699009579,37.726587031011405],[126.71173566703393,37.72661738192695],[126.71146791929354,37.72671700045609],[126.71115413849407,37.72698552527634],[126.71091579173687,37.72707899832074],[126.71065845259065,37.72727189010474],[126.70878383418899,37.72814271380636],[126.70847306907544,37.72867828361341],[126.70833769167355,37.72903607885081],[126.70746428636565,37.72948258189132]]]}},{"type":"Feature","properties":{"layer":"zone_industrial","id":"zone_industrial_0225","name":"남이천일반산업단지","category":"일반산업단지","color":"#9333ea","sido":"경기도","sgg_code":"41500","type_code":"UHA210","mgmt_no":"40700004150020200241UHA2100001001"},"geometry":{"type":"Polygon","coordinates":[[[127.42760020899205,37.172280589324025],[127.42772727506897,37.17247097316954],[127.42781678463051,37.172510026754814],[127.42797781024218,37.17267217562798],[127.42876695783464,37.17272267474526],[127.42935045444632,37.17302440101839],[127.42989751459844,37.17315388673322],[127.43010063408312,37.17335165188803],[127.43018394208742,37.17362797051105],[127.43028827242775,37.17375869469227],[127.43158156106128,37.17399125250083],[127.43232207774302,37.174179944009836],[127.43273064941098,37.174229637134836],[127.43262265395613,37.1737915830195],[127.43262375836944,37.17372832584806],[127.43270937101354,37.17381406387463],[127.43270845773208,37.17347500505979],[127.4326888047298,37.17336523953511],[127.43267872384129,37.17343402572882],[127.43262758233101,37.17348971598914],[127.43249059308417,37.173517335649976],[127.43171819420081,37.17326505722312],[127.43183285262832,37.17309209133764],[127.43178153220319,37.17303686359163],[127.43191898090224,37.17283227838826],[127.4314772702763,37.17265574581851],[127.43137571338748,37.1725575402277],[127.43003510718691,37.17213638278376],[127.42970955357902,37.17199059955635],[127.42967837216486,37.172011976823526],[127.42955035608698,37.17195333090506],[127.4288904437756,37.17147698880031],[127.42862050743422,37.17136938637198],[127.42850303180182,37.17158281617322],[127.42823316255347,37.17190762293191],[127.42796617926686,37.17192489288087],[127.42760020899205,37.172280589324025]]]}},{"type":"Feature","properties":{"layer":"zone_industrial","id":"zone_industrial_0226","name":"일반산업단지 (경기도 41500)","category":"일반산업단지","color":"#9333ea","sido":"경기도","sgg_code":"41500","type_code":"UHA210","mgmt_no":"40700004150020150125UHA2100001001"},"geometry":{"type":"Polygon","coordinates":[[[127.44655533108102,37.197741028739344],[127.44720002012875,37.197778989765645],[127.44722723911312,37.19748308561517],[127.44728230566211,37.197461893261355],[127.4473000828379,37.19748737079893],[127.4486786846002,37.197568530954946],[127.44884558198784,37.195887672188896],[127.44918169320228,37.195907459914906],[127.44929813523592,37.19464150263974],[127.44784182148734,37.19455576766914],[127.44776707537356,37.195368353322394],[127.44677899732947,37.195310169553714],[127.44655533108102,37.197741028739344]]]}},{"type":"Feature","properties":{"layer":"zone_industrial","id":"zone_industrial_0227","name":"법원2일반산업단지","category":"일반산업단지","color":"#9333ea","subtype":"변경고시","sido":"경기도","sgg_code":"41480","type_code":"UHA210","mgmt_no":"64100004148020205168UHA2100001001"},"geometry":{"type":"Polygon","coordinates":[[[126.85389777372077,37.84032782330117],[126.85485679686207,37.84116865776026],[126.85511714957202,37.841474068881595],[126.85534223547072,37.84187981898755],[126.85576147949013,37.84213672966312],[126.85562976305204,37.84219348830063],[126.8559977254755,37.84255501542729],[126.85605047404349,37.84253207045019],[126.85618274596942,37.84267290736507],[126.85677959573889,37.84289345505568],[126.85744513854544,37.84320714241044],[126.85828946531129,37.84381460755047],[126.85864310383684,37.84419157813552],[126.85876981407993,37.84420407474181],[126.858769744772,37.844240031377616],[126.85870690595544,37.84424587440103],[126.85871000732399,37.84431670145714],[126.85902541420548,37.84555856772052],[126.85916506804362,37.84567717483393],[126.85932828973216,37.84598909895034],[126.85949742084603,37.84614696838763],[126.85945467802713,37.846330979859104],[126.85945952419391,37.846499525447],[126.85957274768874,37.84678117117311],[126.85968841912697,37.846906325630606],[126.85967049948493,37.84698465920891],[126.86040925407445,37.847283858530844],[126.86091810094472,37.84745017790742],[126.86137120965927,37.847556335755904],[126.86152067808464,37.8475116915452],[126.86245677177,37.847674322020545],[126.86253364836898,37.84770903607837],[126.86258670727663,37.84782434752217],[126.8632392173405,37.84786502736927],[126.86445014389342,37.84729436120425],[126.86443201834066,37.84622845935848],[126.86425920024433,37.84614152409478],[126.86310504675335,37.8453421432299],[126.86296336714236,37.84517376118183],[126.86255020162567,37.844531008636515],[126.862463727104,37.84439393587469],[126.86247727604939,37.84436030157136],[126.86221511236938,37.84405390464627],[126.8616316291843,37.84464073734856],[126.86148623513547,37.844552578256334],[126.86186544001244,37.844173118006175],[126.86203589993734,37.84389155842638],[126.86168877509233,37.843486144869885],[126.86165744159736,37.84345583590119],[126.86160421146234,37.84347566554404],[126.86154633218365,37.84341262069146],[126.8615942870266,37.84339475787698],[126.86132761642847,37.84310829149642],[126.86137168449643,37.84307302689046],[126.8610750185905,37.842818778068725],[126.86062916121266,37.84264286749325],[126.86064310187227,37.842624558940926],[126.86024097975039,37.84242231951868],[126.85984205691997,37.84212260927907],[126.8596038393277,37.84182737093059],[126.8596841175037,37.84177865441333],[126.85951823614789,37.84153658668276],[126.85951089050154,37.84146890780543],[126.85907298338545,37.84099316619895],[126.85896275236831,37.84090355090036],[126.85888992669545,37.840946681087104],[126.85863024648148,37.84069778639486],[126.85816489887367,37.840458632443706],[126.85790614130346,37.840280929991835],[126.85741969102212,37.839778833353286],[126.85749378012063,37.83971678575007],[126.85724815944798,37.83948660879407],[126.8568456952412,37.83922286771811],[126.85656463477441,37.83885282798361],[126.85645754526634,37.83887351698949],[126.85389777372077,37.84032782330117]]]}},{"type":"Feature","properties":{"layer":"zone_industrial","id":"zone_industrial_0228","name":"일반산업단지 (경기도 41500)","category":"일반산업단지","color":"#9333ea","sido":"경기도","sgg_code":"41500","type_code":"UHA210","mgmt_no":"40700004150020120038UHA2100001001"},"geometry":{"type":"Polygon","coordinates":[[[127.39674659580056,37.29448722144655],[127.39705050550779,37.29476771342897],[127.3971254685917,37.294900895649654],[127.39714440913991,37.295270072243454],[127.39706543562339,37.29533816531689],[127.39703234226435,37.29543875816766],[127.3970722993594,37.29538682473892],[127.3971256252418,37.29539601717481],[127.39715367658879,37.29559896930493],[127.39730272040518,37.29535633868714],[127.39764222485222,37.29536923191421],[127.39792824386915,37.29546073749617],[127.39826271052229,37.295115551613904],[127.39886233147979,37.29461599441568],[127.3998016641312,37.29433586240033],[127.39995375513332,37.294091443146904],[127.39980825447259,37.29381036260519],[127.3996509830387,37.29339272609818],[127.39739352168111,37.293654116451364],[127.39737931883403,37.29378679481],[127.39705909083226,37.293710557417896],[127.39701671135435,37.29372830505563],[127.39698444159139,37.29383314800424],[127.39705824014166,37.29390350572088],[127.39698303463221,37.294036207660085],[127.39684807567674,37.294136050536906],[127.39684403751238,37.29423722207753],[127.3968138419792,37.29425575789085],[127.39683389754468,37.29432106926853],[127.39674659580056,37.29448722144655]]]}},{"type":"Feature","properties":{"layer":"zone_industrial","id":"zone_industrial_0229","name":"일반산업단지 (경기도 41500)","category":"일반산업단지","color":"#9333ea","sido":"경기도","sgg_code":"41500","type_code":"UHA210","mgmt_no":"40700004150020110002UHA2100002000"},"geometry":{"type":"Polygon","coordinates":[[[127.47994053219975,37.129162471547794],[127.47997162657042,37.12924491803009],[127.48007152950494,37.12935323515403],[127.48114516259014,37.12962140005446],[127.48131711424566,37.129692607815166],[127.4820147203102,37.129800340877104],[127.48272850635571,37.12986826797532],[127.48290233026835,37.12993270797495],[127.48313887307069,37.129967428695444],[127.4832628180776,37.12990340127679],[127.48327000186913,37.129864987480666],[127.48319948253089,37.12971146529774],[127.48310280456371,37.1296386930483],[127.48295045274193,37.1293930556738],[127.48292174326248,37.12915998125998],[127.48285273543293,37.12903168203159],[127.48283419844518,37.12891218833132],[127.48257651888431,37.12844084218965],[127.48358285586438,37.12830490416651],[127.48349730824513,37.128194783600335],[127.48340297277996,37.12813623859574],[127.48301107847416,37.12803117393083],[127.48257292040711,37.12778693971513],[127.48223320595905,37.1279054538598],[127.48219448869234,37.127975622227616],[127.48200090121838,37.127861838806204],[127.4818215202271,37.12808354755521],[127.48165484701322,37.12798522462499],[127.48171245948441,37.127884875905515],[127.48150047796804,37.12780556815587],[127.48143013729715,37.12783452425137],[127.48139226604242,37.127669848946645],[127.48131911337663,37.12762947174797],[127.48126949399592,37.127552119400654],[127.4812956749971,37.12750141062478],[127.48114673003941,37.127383894990245],[127.48100202345843,37.12791855819712],[127.48067811555426,37.128358200321685],[127.48044987111973,37.128412554723546],[127.48026291316366,37.12853458182238],[127.48044159946318,37.1285964198186],[127.48041448476788,37.12865625978045],[127.48028011929985,37.12881326033795],[127.4799794412926,37.128991854397285],[127.47994053219975,37.129162471547794]]]}},{"type":"Feature","properties":{"layer":"zone_industrial","id":"zone_industrial_0230","name":"일반산업단지 (경기도 41500)","category":"일반산업단지","color":"#9333ea","sido":"경기도","sgg_code":"41500","type_code":"UHA210","mgmt_no":"40700004150020160124UHA2100001001"},"geometry":{"type":"Polygon","coordinates":[[[127.35502231323564,37.26090151453212],[127.35512168919179,37.260974868065816],[127.35519956181996,37.26097462646557],[127.35563125273104,37.26130764568349],[127.35572059406886,37.26143578436744],[127.3558633684446,37.26154673359674],[127.35596428640945,37.26171304115276],[127.3559968268434,37.261699950869776],[127.35614691618701,37.26190661237735],[127.35669933820265,37.261547634692995],[127.3573901824883,37.26174825617438],[127.35770097946698,37.26208771303384],[127.35872098799452,37.26142232846498],[127.35920369346903,37.26133276841966],[127.35829272007265,37.260928953762566],[127.35813332755691,37.26081334511783],[127.35751362311632,37.2601267051487],[127.35670763136623,37.260543329720115],[127.35647008018888,37.26050553203366],[127.35620460161094,37.260315281982635],[127.3560143801303,37.260264159503265],[127.35584813229539,37.2603132587482],[127.35547342485181,37.260571713976915],[127.35545842394063,37.260519426935815],[127.35530169153905,37.26069428991433],[127.35502231323564,37.26090151453212]]]}},{"type":"Feature","properties":{"layer":"zone_industrial","id":"zone_industrial_0231","name":"캠프스텐턴 산업단지 예정지","category":"산업단지기타","color":"#d35400","subtype":"24.9부터 행정절차 이행중으로 행위제한됨.\r\n기업지원과로 문의","sido":"경기도","sgg_code":"41480","type_code":"UHA999","notice_date":"20240924","mgmt_no":"40600004148020260083UHA9990001001"},"geometry":{"type":"Polygon","coordinates":[[[126.83906493336174,37.79205563652776],[126.83908174579483,37.79241423896839],[126.83920380385472,37.792772806230566],[126.83921067598942,37.79295291616666],[126.83930906248901,37.793130269074844],[126.83927273548113,37.79349195158693],[126.83917605740967,37.79367516229313],[126.83924566465006,37.79403374724974],[126.83921925006523,37.79419232357668],[126.83924335161348,37.79457737886277],[126.83934239568349,37.79516130543662],[126.83938901033362,37.795261681638706],[126.83944565666242,37.796705274430145],[126.83994629015831,37.7969169650604],[126.84006578534002,37.79690375874208],[126.84016003912072,37.79668765933182],[126.84105752398871,37.79671824710744],[126.84142576953305,37.796695665664934],[126.84159743676479,37.796650229534244],[126.84185460580977,37.79646964908736],[126.84188234924491,37.79632446217882],[126.8420546229696,37.79619177797574],[126.84331233429565,37.7959099528398],[126.84352268466117,37.79625196634557],[126.84376694744027,37.796291358946384],[126.8444324519342,37.79609423682799],[126.84514114235732,37.79609123341654],[126.84507943084473,37.79646435298896],[126.84606359538819,37.79646565565778],[126.8460232238029,37.79663220648742],[126.84604585023864,37.79719656582372],[126.8474695940047,37.79698513556274],[126.8475384312919,37.796887580340254],[126.84759125510793,37.79687961287149],[126.84756924387563,37.79680103909023],[126.8476051381695,37.79675511039052],[126.84840379562087,37.79659636713091],[126.84837384279905,37.79649243938438],[126.84841171402644,37.79644553997707],[126.84812029688946,37.79601564086501],[126.84810135894989,37.79566413663181],[126.84781240408226,37.79559350374016],[126.84715049592633,37.795705680863605],[126.84704674456594,37.7955805016861],[126.84688649584727,37.79551050369512],[126.84684532638691,37.79552175660867],[126.8467421217678,37.795265489284894],[126.84668047622392,37.79461565930073],[126.8470215727267,37.79459393462981],[126.84707665400177,37.7944497733346],[126.847036331741,37.79410897115472],[126.84696430761028,37.79391145993433],[126.84720636974895,37.79367961970824],[126.84735793868606,37.79358122685939],[126.84729525643293,37.79353197983261],[126.84736897070655,37.79349549761473],[126.84742743765736,37.79340961418594],[126.84824411498275,37.793056767135255],[126.84838010421109,37.792941991385064],[126.84838698003864,37.792707536331264],[126.84849649609392,37.792563490105444],[126.84844988863492,37.79252050816475],[126.84850619480721,37.792512490743874],[126.84849369711088,37.79243982166408],[126.84842164346591,37.79241507798634],[126.84829728354862,37.79161599620833],[126.84871377649849,37.79147150166028],[126.84879986763451,37.79138860846691],[126.84870539215653,37.791347492604146],[126.84853631848989,37.79142607056199],[126.84810919687654,37.7915111417964],[126.84790001138416,37.79160623513211],[126.84788530355856,37.79158695357742],[126.84703284423703,37.79201606205476],[126.84634066010823,37.792206604964434],[126.84575412939351,37.79017276715791],[126.84509284971534,37.78844647516451],[126.84498647147053,37.78804458066094],[126.84496471734836,37.787792852338164],[126.84485121889767,37.78779069235431],[126.84481029335944,37.78782272089101],[126.84386092624233,37.78784783434486],[126.84393416797995,37.78750808358753],[126.84399174701268,37.78689885457096],[126.84405045978033,37.78484527158198],[126.84409903222466,37.78470231001712],[126.84425923856992,37.784426462578224],[126.8444170315256,37.7842068762806],[126.84449382880594,37.78417428301927],[126.84430115955992,37.782857245330895],[126.84449620720908,37.782411523945626],[126.84313825538871,37.78179921974961],[126.84178175450245,37.78141983463857],[126.84149456228775,37.78144468971644],[126.84123923821592,37.78150957181081],[126.84071258724964,37.78172118223974],[126.84074275244919,37.781724629010114],[126.84074330027359,37.781791399499205],[126.84062879016534,37.78193032355411],[126.84062611412726,37.782007513683105],[126.84065959855555,37.783307933926714],[126.8403706524123,37.784435092331364],[126.84034784871615,37.784428673377526],[126.84038624311822,37.784600420714455],[126.84018605623619,37.785573726725225],[126.84021158014686,37.785686750304315],[126.83992073425554,37.786844753188305],[126.83997132502212,37.78691576365951],[126.83995021434522,37.78699696470321],[126.83988037880091,37.78700522076363],[126.83989763213262,37.78714706355587],[126.83978426964515,37.78719764070863],[126.83951033186192,37.78779158746041],[126.83950663109724,37.787978710432895],[126.83945326045367,37.788140808677824],[126.83949762684274,37.78851503569156],[126.83932416670157,37.78954981232278],[126.83939181946084,37.79007408005802],[126.83926253473405,37.790763545726946],[126.83929172807936,37.791041800250426],[126.83912016337133,37.791009372850596],[126.83914359872152,37.79130389067449],[126.83919125153784,37.791483777554944],[126.83916947442387,37.79153129985112],[126.83923313858737,37.79165263781411],[126.8391444343967,37.79159126881694],[126.83906493336174,37.79205563652776]]]}},{"type":"Feature","properties":{"layer":"zone_industrial","id":"zone_industrial_0232","name":"일반산업단지","category":"일반산업단지","color":"#9333ea","subtype":"2018.01.17.(산업입지 및 개발에 관한 법률)","sido":"경기도","sgg_code":"41480","type_code":"UHA210","mgmt_no":"40600004148020180015UHA2100001001"},"geometry":{"type":"Polygon","coordinates":[[[126.73140610456183,37.82021042358474],[126.73188134928608,37.82037876419614],[126.73241368203782,37.820439984596554],[126.73257863117723,37.82042964004344],[126.73282752335304,37.82052910498186],[126.7330860400474,37.820577291407396],[126.7338592431892,37.82103580393122],[126.73383307168079,37.821068223595105],[126.73391706869754,37.8211102634309],[126.73442895487595,37.82157762917481],[126.73453733142333,37.821630913602306],[126.73551410050283,37.8217911585078],[126.73561020977294,37.82184816218357],[126.73569584020535,37.82171397022923],[126.73554755033484,37.82168636383073],[126.73597554426851,37.82130587754891],[126.73607857639212,37.820818796582486],[126.73609089023057,37.820342430580006],[126.73571130829225,37.819839341703556],[126.73475302229393,37.81952390708646],[126.73434371129126,37.8188909199283],[126.73409887104292,37.818950547623],[126.7335864341238,37.81898361917124],[126.73358669307466,37.81903137897157],[126.73347229260102,37.81921929053614],[126.73329328718856,37.819389342271464],[126.73313339463847,37.8193557331315],[126.73299817175382,37.8193656597218],[126.73268825754651,37.81947985063705],[126.73254573602175,37.819476029616325],[126.7322348939743,37.819557684016765],[126.73201287507486,37.819536968022426],[126.73171333051629,37.81965982017277],[126.7315662243464,37.819742208099235],[126.73146647160937,37.81985140848058],[126.73150191324477,37.81999931711505],[126.73146130534829,37.82010977022152],[126.73152563657845,37.820190192067095],[126.73149348565539,37.82022076858707],[126.73140610456183,37.82021042358474]]]}},{"type":"Feature","properties":{"layer":"zone_industrial","id":"zone_industrial_0233","name":"일반산업단지 (경기도 41500)","category":"일반산업단지","color":"#9333ea","sido":"경기도","sgg_code":"41500","type_code":"UHA210","mgmt_no":"40700004150020140224UHA2100001001"},"geometry":{"type":"Polygon","coordinates":[[[127.43780527063224,37.32146531528402],[127.43786639618398,37.32244684955341],[127.43794312334593,37.32303367070241],[127.43789003680392,37.323394012831784],[127.43920167120643,37.32338869111422],[127.43949590843425,37.32334129005088],[127.43983252950495,37.32318649198232],[127.43985516703495,37.32290963308759],[127.43991612374703,37.32290557793965],[127.43986035548271,37.32218483405921],[127.43986683114541,37.321582604840835],[127.43968703858674,37.32091363312886],[127.43956948105725,37.320705608506636],[127.43955815521247,37.32056000964694],[127.43949902481594,37.32046824343637],[127.43940377515135,37.320163420627],[127.43924155116703,37.31990996933078],[127.43821332678756,37.32008444840357],[127.43821651493957,37.320124604091156],[127.43829225015564,37.32016565434591],[127.43834586547582,37.32035548146426],[127.4383670296202,37.32065752418962],[127.4383937381545,37.32068946584155],[127.43821485149411,37.320620972884136],[127.43808390741438,37.320654892874195],[127.43794107930552,37.32063737229427],[127.43782529302223,37.3207036277462],[127.4378359153216,37.32116330673285],[127.43780527063224,37.32146531528402]]]}},{"type":"Feature","properties":{"layer":"zone_industrial","id":"zone_industrial_0234","name":"공도지방공단","category":"지방산업단지","color":"#7e22ce","sido":"경기도","sgg_code":"41550","type_code":"UHA200","notice_date":"19931013","mgmt_no":"64100004155019930323UHA2000000010"},"geometry":{"type":"Polygon","coordinates":[[[127.17462110455232,37.00437780508762],[127.17472621283439,37.006014001453075],[127.1790442328258,37.005899483544304],[127.17909912464222,37.00452135357802],[127.17841482992938,37.00438001479965],[127.1780795272577,37.00440720386809],[127.17808510258811,37.004364673905926],[127.1775322189063,37.00430754705538],[127.17550045311253,37.00438513360877],[127.17477651699508,37.004357259111345],[127.17462110455232,37.00437780508762]]]}},{"type":"Feature","properties":{"layer":"zone_industrial","id":"zone_industrial_0235","name":"안성 제2일반산업단지","category":"일반산업단지","color":"#9333ea","sido":"경기도","sgg_code":"41550","type_code":"UHA210","notice_date":"20060306","mgmt_no":"40800004155020060032UHA2100001000"},"geometry":{"type":"Polygon","coordinates":[[[127.2606864983497,36.97373975186161],[127.25990130381308,36.97415758059988],[127.2599455443234,36.97465346409574],[127.25993344115804,36.97493018411873],[127.2597664961138,36.97532874222964],[127.25964793973851,36.97543708421003],[127.25941708628835,36.97552537780696],[127.25868397299189,36.975641458833536],[127.25838230014023,36.975660692087224],[127.25704246390683,36.97476953477686],[127.25686828934562,36.97459860576468],[127.25644901164397,36.974348088268094],[127.25569056676075,36.97470670305525],[127.25422970709397,36.97728143162923],[127.25369610640831,36.97909108080427],[127.25383253096247,36.97923675630266],[127.25393294450413,36.97913644228682],[127.2555693587566,36.980961532742405],[127.25647705220227,36.98086484775462],[127.2604647173065,36.98082280515585],[127.2605513859374,36.980870967823044],[127.262537038959,36.98082293461496],[127.26316269109707,36.98073405392821],[127.26355970878643,36.980604648822336],[127.2638054033349,36.98057017175039],[127.26401365654189,36.980844404468215],[127.26411136355053,36.98111677285259],[127.26422104544527,36.981092219174464],[127.26420438126709,36.981067098010065],[127.26426128141787,36.9810281807814],[127.26450613411768,36.98102944980199],[127.26481745154331,36.98070041673415],[127.26536236780098,36.980582238306944],[127.26538708812839,36.98020812872906],[127.26494323476079,36.97948555036237],[127.26500582672364,36.97908154014576],[127.26565550512152,36.97878390376451],[127.26664836367864,36.97857177598132],[127.26689809292708,36.977993781358414],[127.26654807477496,36.97756952553626],[127.26648234939226,36.977400738444246],[127.2666530987053,36.97727234133225],[127.26568526806614,36.9760904301705],[127.2654154530701,36.97565636886863],[127.26510542123812,36.97504567704041],[127.26497953474299,36.97466401704139],[127.26485741678822,36.97368405147535],[127.2630627218411,36.973268891551655],[127.26085733857549,36.97369063055115],[127.2606864983497,36.97373975186161]]]}},{"type":"Feature","properties":{"layer":"zone_industrial","id":"zone_industrial_0236","name":"용인반도체클러스터 산업단지외 준용시설(전기공급시설)","category":"산업단지기타","color":"#d35400","sido":"경기도","sgg_code":"41550","type_code":"UHA999","notice_date":"20220329","mgmt_no":"40500004155020220157UHA9990001003"},"geometry":{"type":"Polygon","coordinates":[[[127.27901448892781,37.099612088538954],[127.27930931300956,37.09976858772697],[127.27943802935069,37.09979751643201],[127.27961112227831,37.099909229206105],[127.279916880881,37.10017585548852],[127.28026533784524,37.10040409468131],[127.28064816403605,37.10073987421856],[127.28077791855718,37.1007997503326],[127.28093670800813,37.10077398448783],[127.28065794897795,37.100586058734905],[127.28055453179505,37.10037044484913],[127.28049637468611,37.100318581666954],[127.28033481123364,37.10034229903439],[127.28032333995654,37.100272476043045],[127.28037118912852,37.1002128757296],[127.28009048001206,37.100010626392496],[127.27940988100164,37.099664216890986],[127.27927506877975,37.099620119615054],[127.27901448892781,37.099612088538954]]]}},{"type":"Feature","properties":{"layer":"zone_industrial","id":"zone_industrial_0237","name":"장원 2일반산업단지","category":"일반산업단지","color":"#9333ea","sido":"경기도","sgg_code":"41550","type_code":"UHA210","mgmt_no":"40800004155020080251UHA2100001000"},"geometry":{"type":"Polygon","coordinates":[[[127.42483728011668,37.06834542708457],[127.4254032976178,37.068395523019376],[127.42570696672706,37.06836174708923],[127.4261545450272,37.0684678401947],[127.42715750159046,37.068590745162446],[127.42800979209282,37.0685641392263],[127.42836761902124,37.06870185839937],[127.42888913562524,37.068697791032754],[127.42901786047703,37.068663474431325],[127.4296805840265,37.06835129135407],[127.42971509172881,37.067830985858635],[127.42795754621251,37.066594991850295],[127.42750533242487,37.0664084305747],[127.42664037347234,37.06627424827901],[127.42652849524987,37.066824502164366],[127.4265700955783,37.06682193827134],[127.42651184550238,37.067266386853966],[127.42655041622577,37.06726491509185],[127.42638798731336,37.06820729225004],[127.42598845930621,37.068115679294856],[127.42547171578008,37.06807156427879],[127.42538011927901,37.06824735471066],[127.4248578796857,37.068197706141845],[127.42483728011668,37.06834542708457]]]}},{"type":"Feature","properties":{"layer":"zone_industrial","id":"zone_industrial_0238","name":"지문일반산업단지","category":"일반산업단지","color":"#9333ea","sido":"경기도","sgg_code":"41550","type_code":"UHA210","mgmt_no":"40800004155020110083UHA2100001000"},"geometry":{"type":"Polygon","coordinates":[[[127.13825060446221,37.045991249889695],[127.13825206892838,37.04680767865633],[127.14086569139047,37.04681486470866],[127.14083275493607,37.04688279883751],[127.14192235269402,37.04710343828417],[127.1418999068298,37.04721497196076],[127.14192995469344,37.047300276512374],[127.14229632565682,37.047345039883545],[127.14230529849412,37.0472366938819],[127.14237540519524,37.04719109774232],[127.14250946918278,37.04716667274417],[127.14261451057003,37.0472104568881],[127.14265666555816,37.04718615000633],[127.14287638784725,37.047288718240104],[127.14303827353955,37.04730027516228],[127.14303678385399,37.04649788523237],[127.14369954316271,37.04649709280723],[127.1435128967906,37.04557544294112],[127.14286432879769,37.04429543045185],[127.14274210086371,37.044219643005256],[127.14271781338029,37.04403371849981],[127.14267500499278,37.043959170014354],[127.14273392401853,37.04371949688265],[127.14280157651277,37.04366164886188],[127.14299286718763,37.043331557885665],[127.14294770187725,37.043331611734274],[127.1431312844268,37.0429131529346],[127.14273672916858,37.042782247472786],[127.14249607302752,37.04273739916803],[127.14240521830882,37.042636001750644],[127.14223645673859,37.04261478363948],[127.14177913952553,37.04272364258354],[127.14144739597297,37.042712825021084],[127.14120055749935,37.04279630251234],[127.14079575604941,37.04281998091679],[127.13928429455981,37.04341490083153],[127.13902091142619,37.04347078426376],[127.13885124603632,37.04523837170534],[127.13825060446221,37.045991249889695]]]}},{"type":"Feature","properties":{"layer":"zone_industrial","id":"zone_industrial_0239","name":"농공단지 (경기도 41550)","category":"농공단지","color":"#a16207","sido":"경기도","sgg_code":"41550","type_code":"UHA300","mgmt_no":"14100004155020080001UHA3000001001"},"geometry":{"type":"Polygon","coordinates":[[[127.24859048589092,36.96318927998487],[127.2490481515087,36.96414529951613],[127.24860013226908,36.9642597595395],[127.24839445015702,36.96434371735607],[127.24828419014885,36.9643398646647],[127.24839413264438,36.96458619828987],[127.24843908982088,36.96453963618199],[127.24863160755429,36.964482143336205],[127.24896546583987,36.96514623683292],[127.24947032279029,36.96498043945854],[127.24963620716106,36.96536647542324],[127.24949006249511,36.965426684420336],[127.24940789905988,36.96552404630946],[127.2502886881189,36.96529861960886],[127.25120759487129,36.96499400053982],[127.2515432875945,36.96491696379106],[127.25166047977282,36.96482898795635],[127.25162560305246,36.96478471934808],[127.25207711452393,36.96467070010338],[127.25231737486493,36.96457170498255],[127.25239134859932,36.96460471741623],[127.25250266664845,36.96456810562789],[127.25253411980647,36.96455108985149],[127.25275177926336,36.96407408507679],[127.25285269465262,36.96411495168984],[127.25299179529097,36.96386750030843],[127.25305114286927,36.96364965596818],[127.25299795862163,36.96347103064105],[127.25288677141569,36.963488819085526],[127.25271344504137,36.96314496477984],[127.25269122617897,36.962985286550655],[127.25250253225958,36.9624814868631],[127.2523863182518,36.962345993919094],[127.25234745330371,36.96221532045814],[127.25260649800596,36.9620738892775],[127.25260788247935,36.96202703024336],[127.25248951578233,36.961909473413186],[127.25231746743124,36.96194678116506],[127.25197938819969,36.96135613459544],[127.2513130096313,36.961448682449266],[127.2508307267956,36.96173487854641],[127.25056016211002,36.96195649001725],[127.24963204544676,36.96256142601289],[127.2493870193369,36.96270312780901],[127.24927898667376,36.962724060068524],[127.2488315967853,36.96302000596893],[127.24879208327202,36.96301340225558],[127.24860896160747,36.96311062240745],[127.24859048589092,36.96318927998487]]]}},{"type":"Feature","properties":{"layer":"zone_industrial","id":"zone_industrial_0240","name":"방초일반산업단지","category":"일반산업단지","color":"#9333ea","sido":"경기도","sgg_code":"41550","type_code":"UHA210","mgmt_no":"40800004155020090124UHA2100001000"},"geometry":{"type":"Polygon","coordinates":[[[127.43338349582963,37.14030621169175],[127.43338781237226,37.14107743820964],[127.43374133077562,37.14114967513824],[127.43418161163758,37.14157492189898],[127.4349295430986,37.14158087565662],[127.43544471322882,37.141158589437595],[127.43587096508026,37.1410576428239],[127.43671843134355,37.141057598011315],[127.43653919616713,37.1403583406471],[127.43648084459328,37.13992881839632],[127.43646882717628,37.13956758764458],[127.4365144111548,37.13873241090578],[127.43566582904742,37.13873551282601],[127.43543403244891,37.139020524830215],[127.43519078588763,37.13920067834133],[127.43490222214521,37.13950445853215],[127.4346255772346,37.13964277120921],[127.43427927568581,37.13963310628634],[127.43397736415055,37.13957805485359],[127.43392913833209,37.13985121204864],[127.43381616527738,37.140158538792704],[127.43338349582963,37.14030621169175]]]}},{"type":"Feature","properties":{"layer":"zone_industrial","id":"zone_industrial_0241","name":"볼빅일반산업단지","category":"일반산업단지","color":"#9333ea","sido":"경기도","sgg_code":"41550","type_code":"UHA210","mgmt_no":"40800004155020150246UHA2100001001"},"geometry":{"type":"Polygon","coordinates":[[[127.32278948298298,37.06167431598002],[127.32285235509654,37.06182332555602],[127.32285060820672,37.062091594528255],[127.32289716608194,37.06210457886033],[127.32291659025904,37.06221010369099],[127.32301615212862,37.06225819391166],[127.32330760993639,37.06249854590759],[127.32344420757465,37.062676747778994],[127.32375471750716,37.06293629363378],[127.32405975556149,37.06313514899157],[127.3249514723586,37.06357870169913],[127.32518146507282,37.06373808497241],[127.32525312519635,37.0638315818437],[127.32536724057563,37.063858626600684],[127.32587756863913,37.06364122975352],[127.32594883951262,37.06354545021127],[127.32616419199564,37.063427110279285],[127.3263271231548,37.06314464090073],[127.32661245250286,37.06284406697855],[127.32665595638981,37.06226236627633],[127.32632464654012,37.061859553000545],[127.32569543451929,37.06126900594823],[127.32555816499823,37.06097047159954],[127.32548084202054,37.06093019805628],[127.3251306277633,37.06094968878728],[127.32462385786441,37.06141911793338],[127.32429425595944,37.0615328372088],[127.32422236298409,37.06152957272182],[127.32389051618429,37.06136011113785],[127.32355382149302,37.06146647694401],[127.32344932794062,37.061405902816546],[127.32336567640156,37.06127532258618],[127.32316009666552,37.06074392899434],[127.32298543448668,37.06061127046161],[127.32281843346675,37.06096745331057],[127.32289864045586,37.06151318970405],[127.32280722849296,37.06156579804507],[127.32278948298298,37.06167431598002]]]}},{"type":"Feature","properties":{"layer":"zone_industrial","id":"zone_industrial_0242","name":"용인반도체클러스터 산업단지외 준용시설(전기공급시설)","category":"산업단지기타","color":"#d35400","sido":"경기도","sgg_code":"41550","type_code":"UHA999","mgmt_no":"40500004155020250545UHA9990001000"},"geometry":{"type":"Polygon","coordinates":[[[127.28057478695477,37.10069736383564],[127.28089983237616,37.100896335826185],[127.28103330476809,37.10110152540121],[127.28126594176248,37.101181630441296],[127.2814480798151,37.10141729560846],[127.28150020968639,37.10138381540247],[127.28595961318786,37.109481908242586],[127.28596187818543,37.109846884454676],[127.28616033630674,37.109846399196144],[127.28615195605829,37.11003617263572],[127.28629843901254,37.11004525496441],[127.28945324803003,37.1134350471874],[127.29339896895901,37.117810445343224],[127.29598789878044,37.1207607534439],[127.29606655507082,37.12076748716183],[127.29344723307432,37.117782547010435],[127.28960302167717,37.113517967900506],[127.28632876272623,37.109998083949435],[127.28636373343173,37.10968670321344],[127.28640544547689,37.1097003981652],[127.28641081540425,37.10960519773352],[127.28602419928836,37.109481086509646],[127.28145979485745,37.10119228299793],[127.28152638758812,37.10105085803007],[127.28155619768755,37.10079401336926],[127.28126481946025,37.10095900889384],[127.28115825781481,37.100938265601854],[127.28065794897795,37.100586058734905],[127.28058698274941,37.100476999603686],[127.28055015728717,37.10032788919601],[127.28033481123364,37.10034229903439],[127.28032333995654,37.100272476043045],[127.2804016029114,37.10017498683074],[127.27940988100164,37.099664216890986],[127.27927506877975,37.099620119615054],[127.27901448892781,37.099612088538954],[127.27930931300956,37.09976858772697],[127.27943802935069,37.09979751643201],[127.27961112227831,37.099909229206105],[127.279916880881,37.10017585548852],[127.28010424332513,37.10027945154731],[127.28042348429176,37.100531447698586],[127.28057478695477,37.10069736383564]]]}},{"type":"Feature","properties":{"layer":"zone_industrial","id":"zone_industrial_0243","name":"용인반도체클러스터 산업단지외 준용시설(전기공급시설)","category":"산업단지기타","color":"#d35400","sido":"경기도","sgg_code":"41550","type_code":"UHA999","notice_date":"20220329","mgmt_no":"40500004155020220157UHA9990001002"},"geometry":{"type":"Polygon","coordinates":[[[127.2810084039959,37.100824256710595],[127.28101276572917,37.100832635272894],[127.28102177741114,37.100832920391824],[127.2810084039959,37.100824256710595]]]}},{"type":"Feature","properties":{"layer":"zone_industrial","id":"zone_industrial_0244","name":"동문일반산업단지","category":"일반산업단지","color":"#9333ea","sido":"경기도","sgg_code":"41550","type_code":"UHA210","notice_date":"20230828","mgmt_no":"40800004155020230258UHA2100001001"},"geometry":{"type":"Polygon","coordinates":[[[127.13443207159355,37.06372334270359],[127.1343483206067,37.06326129821306],[127.1343948610143,37.063133916561945],[127.134636221295,37.06280115286831],[127.13474006296025,37.06255418945189],[127.13480289788029,37.062152541074454],[127.13493630220967,37.06193405394873],[127.13495878567015,37.06168166726518],[127.13495769359655,37.06072434945729],[127.13486599327044,37.06037764143169],[127.13450455034948,37.05976280854792],[127.13444341387216,37.059945550126336],[127.13447195097203,37.06003678709044],[127.13429361827042,37.06023462658168],[127.13355140452978,37.06062334576946],[127.13340426319961,37.06077923161382],[127.13341962694108,37.06089920943531],[127.13222842657224,37.06175117892144],[127.13230291679521,37.06190960323837],[127.1323403840209,37.06212791710544],[127.13181005567625,37.062605407670276],[127.13181008532806,37.06274108104324],[127.13184618927005,37.06284661019192],[127.13196382911774,37.06298307336778],[127.13224662866666,37.06306754326575],[127.13240649256332,37.06315987934303],[127.13258973886788,37.063295116115526],[127.13289346028765,37.063598619302915],[127.13341537982429,37.06392069351029],[127.1336500648492,37.06415652939661],[127.1337616018662,37.064174867923164],[127.13391207464609,37.064308661412824],[127.13423373165787,37.064368916607975],[127.13432865733047,37.064178244114245],[127.13443207159355,37.06372334270359]]]}},{"type":"Feature","properties":{"layer":"zone_industrial","id":"zone_industrial_0245","name":"안성제4일반산업단지","category":"일반산업단지","color":"#9333ea","sido":"경기도","sgg_code":"41550","type_code":"UHA210","notice_date":"20140204","mgmt_no":"64100004155020140025UHA2100004000"},"geometry":{"type":"Polygon","coordinates":[[[127.24931152975168,36.95901344707241],[127.24958462629382,36.95908982906048],[127.24978953215685,36.95908624704524],[127.2498437596954,36.95905000036768],[127.24996886510036,36.95864191008955],[127.25005391517558,36.95855423728602],[127.25008935488476,36.95857596923062],[127.25055934742714,36.95853434577872],[127.2515624796622,36.95839644503149],[127.25157840350212,36.958184207261866],[127.25155387393569,36.95796223290111],[127.25191702257504,36.95786820595339],[127.25205683239776,36.95771978257701],[127.25219918265375,36.957387425286406],[127.2524847729104,36.95716605752333],[127.25297685264782,36.95711770983789],[127.2532175269688,36.95788555056813],[127.25356009753243,36.95781706276732],[127.25361989308036,36.957461099491255],[127.25354307703387,36.956877092578026],[127.25443394574803,36.95682032274971],[127.25491057080463,36.95668342383093],[127.25448949088103,36.95579180204338],[127.2545171727603,36.95574245399938],[127.25902456223503,36.95437113448633],[127.25880621415652,36.95270443827584],[127.25871020239963,36.952498929621974],[127.25859116526098,36.95242412737782],[127.25784050567403,36.95242493903008],[127.25778719070846,36.952295388632564],[127.25707388484079,36.952252232208004],[127.25678945215668,36.95166714167973],[127.25697157677502,36.95120197272366],[127.25684855681098,36.950840994085446],[127.25703537876299,36.95070723233155],[127.2570473149457,36.95061700847821],[127.25713835008104,36.9505649643814],[127.25778837182679,36.950503136972536],[127.25787420454408,36.95072137365961],[127.25787934025026,36.95084679299131],[127.25798296252272,36.95124736988132],[127.25791152590824,36.95207534675009],[127.25846197218434,36.95206658796998],[127.25844165482336,36.952101233414815],[127.25859606482157,36.95221164202661],[127.25865601202926,36.95210941983265],[127.25854737271635,36.951687318632516],[127.25853989777245,36.95153433135022],[127.25761407932103,36.94908025592066],[127.25725638380095,36.94911175359562],[127.25698697249842,36.94922280596642],[127.25565412496734,36.9491584450535],[127.25551617939993,36.94916838173677],[127.25521530310708,36.949305178189995],[127.25512907939249,36.94923715053343],[127.25497564718998,36.94918134075571],[127.2547242327809,36.949235851815516],[127.25462148160544,36.949296172945104],[127.25454257932093,36.94920127704695],[127.25438066591403,36.94926271519414],[127.25420980958408,36.94926794470205],[127.25375245406349,36.94914051295295],[127.25354713583587,36.948942620945644],[127.25350911902771,36.948887285140316],[127.25353530509153,36.948861548765905],[127.25340705142065,36.94867800034464],[127.25312733784483,36.948559380277935],[127.25317615174939,36.94848421679778],[127.25264540496742,36.94839874641847],[127.25232818221372,36.948412842905114],[127.25208723488053,36.948235207797936],[127.25043374190741,36.94809243953662],[127.2501361270543,36.94802521154815],[127.24994471697008,36.94802696372783],[127.24840977263665,36.95045416271832],[127.24856339400898,36.95067352674142],[127.24852630264898,36.95073010166128],[127.24865414123856,36.95103097687867],[127.24880850330953,36.95120104990479],[127.24909490432485,36.95140770172523],[127.24899339741805,36.95143845993561],[127.24888089753948,36.95154168784222],[127.24958077666766,36.952987273159856],[127.24946389802749,36.953021668197856],[127.24940150077049,36.953134073079916],[127.24941073409228,36.95359270370859],[127.24935937828663,36.95392503920812],[127.24939421469936,36.95389991646585],[127.24937084758594,36.95393033164412],[127.24937602040539,36.95407143001659],[127.24941580536189,36.954152804624925],[127.2495382748917,36.95428392639924],[127.24940426963576,36.95430024543074],[127.24925295928355,36.95455475591007],[127.24929227126755,36.95480202039596],[127.2492863628074,36.95516165379743],[127.24922651603318,36.95533415526885],[127.24913200725044,36.95544725770417],[127.2491294811522,36.95574209635517],[127.24786868192396,36.95573516717861],[127.24717883544785,36.956572077641674],[127.24709663600052,36.95684851875781],[127.24706572624788,36.95739788094069],[127.2470193643422,36.95757594005475],[127.24700961706293,36.957757437667134],[127.24705143495771,36.95812246870384],[127.2470155380078,36.95865751390284],[127.24694169512466,36.959019630206775],[127.2469934224634,36.959533318817044],[127.24730297469627,36.96071633634799],[127.2481823025176,36.960373364373545],[127.24870366481385,36.960032483201196],[127.24899559413751,36.95975828942686],[127.24932438242185,36.95930681172854],[127.24927106138408,36.959033805801845],[127.24931152975168,36.95901344707241]]]}},{"type":"Feature","properties":{"layer":"zone_industrial","id":"zone_industrial_0246","name":"장원산업단지","category":"지방산업단지","color":"#7e22ce","sido":"경기도","sgg_code":"41550","type_code":"UHA200","mgmt_no":"15000004155000000000UHA2000000005"},"geometry":{"type":"Polygon","coordinates":[[[127.42370743271725,37.06779354574211],[127.42445489065697,37.067913769443244],[127.42450360213361,37.06777829281645],[127.42461348900905,37.06779585001145],[127.42456511554082,37.067931415582876],[127.42460223266725,37.06793741941202],[127.42450944289962,37.06807887409979],[127.42451125783852,37.0681647475063],[127.42538010808501,37.06824736376121],[127.42547171583021,37.06807157328919],[127.42598845930621,37.068115679294856],[127.42638798731336,37.06820729225004],[127.42655040498177,37.06726491513215],[127.42651184555268,37.06726639586438],[127.4265700955783,37.06682193827134],[127.4265285064938,37.06682450212408],[127.42660909617169,37.06642805393645],[127.42593577633276,37.06595771545168],[127.42584441966662,37.06592157643064],[127.42571480901182,37.06578816969146],[127.42552464595055,37.065690408889324],[127.42517995448053,37.0654182501959],[127.42510005150532,37.065215409846495],[127.42494069214261,37.06504156982212],[127.42488185388527,37.06517327134753],[127.4248377977982,37.06518295276491],[127.42449761618292,37.06583761409535],[127.42424305421822,37.06614808926555],[127.4239675702585,37.06637234399767],[127.42385344273998,37.067143029381704],[127.4237722460706,37.06736169899876],[127.42370743271725,37.06779354574211]]]}},{"type":"Feature","properties":{"layer":"zone_industrial","id":"zone_industrial_0247","name":"안성테크노밸리일반산업단지","category":"일반산업단지","color":"#9333ea","sido":"경기도","sgg_code":"41550","type_code":"UHA210","notice_date":"20240103","mgmt_no":"64100004155020230399UHA2100001000"},"geometry":{"type":"Polygon","coordinates":[[[127.21210594707884,37.0660037179964],[127.2123351522893,37.066216953087334],[127.2125212739355,37.06612268626135],[127.21238947436306,37.0658601073577],[127.21242493345113,37.0658421491898],[127.21385639865734,37.06583958641272],[127.21595838040429,37.06539316654723],[127.21629525235926,37.065361749710696],[127.21668914069248,37.06562431771187],[127.21669381576251,37.067279382950545],[127.22179089242388,37.067270027351704],[127.22201476181449,37.06674799478337],[127.22192973128149,37.06632378791926],[127.2220460288036,37.0659856368704],[127.22201565925678,37.065849939077054],[127.22218514016487,37.065108174631874],[127.2221661384798,37.0643552720333],[127.22207455489558,37.06399326872082],[127.2220863237152,37.06363479458089],[127.22199197390722,37.0630935386166],[127.22196072833874,37.06242149294848],[127.22198845802909,37.06222050409847],[127.22245283721888,37.061964062264394],[127.2215151752314,37.060780779137204],[127.22128182346009,37.06082098464922],[127.22109087704041,37.06081288625072],[127.22111900070158,37.06045151634951],[127.21993388646017,37.06045371330163],[127.21993311156028,37.06018339536672],[127.2185630509981,37.060185909983815],[127.21833766325467,37.0600061092265],[127.2179537993416,37.06000680119388],[127.21795207755088,37.059400658135125],[127.217886077036,37.05934800317215],[127.2155708157756,37.05935219439891],[127.2155371737574,37.059379287040294],[127.21501450900557,37.05935319689172],[127.21455756030392,37.05972106710871],[127.21455988807683,37.06055358359329],[127.21385452369991,37.060535700633615],[127.2132452444999,37.060416551584304],[127.21295123088399,37.06044422505609],[127.21282259763632,37.06050139252754],[127.21277679544991,37.060478136529994],[127.21243900612913,37.060495821791086],[127.21200399700406,37.06039180963905],[127.21171836181547,37.06037150151763],[127.21125231881835,37.06042118212846],[127.21074341425843,37.060560376190246],[127.20988594819103,37.06056189443629],[127.20990071919093,37.06597876939449],[127.21137166524734,37.06591502104311],[127.21139226219442,37.06617541006246],[127.21180874247726,37.06615424534121],[127.21210594707884,37.0660037179964]]]}},{"type":"Feature","properties":{"layer":"zone_industrial","id":"zone_industrial_0248","name":"마산2 일반산업단지","category":"일반산업단지","color":"#9333ea","sido":"경기도","sgg_code":"41550","type_code":"UHA210","notice_date":"20180130","mgmt_no":"40800004155020180043UHA2100001001"},"geometry":{"type":"Polygon","coordinates":[[[127.22903758571368,36.971399444158166],[127.22932557916924,36.97146586005068],[127.22961915689592,36.97166478604638],[127.22930157257922,36.971956957532626],[127.22966026669768,36.97206981365798],[127.22979515687685,36.97239059940738],[127.23100294958668,36.97289763231229],[127.23157917521593,36.97307114601349],[127.232164866579,36.97304976245764],[127.23222846386223,36.973425370246844],[127.23253582254465,36.97337444741195],[127.23311484878678,36.97342842024543],[127.23360588402406,36.97331561063392],[127.23358049609827,36.97324298835],[127.23288288224441,36.97242997383946],[127.23267537496918,36.971945670257654],[127.23297321378945,36.971586388947905],[127.23297036552752,36.97064572318848],[127.23287990706626,36.97044153499286],[127.23287669196715,36.9693792422257],[127.2332765455394,36.96846894103377],[127.23319224711177,36.96831065992818],[127.2330352110807,36.96822175947302],[127.23426819049932,36.967924056518804],[127.23498168750618,36.9676955209052],[127.23512406597702,36.96770591864674],[127.23539575730321,36.96801117376186],[127.23552154121211,36.968099348752894],[127.23521383145946,36.9677339547688],[127.23480555127213,36.96709948830991],[127.23456058573485,36.966840152366245],[127.23460217820717,36.96695381387266],[127.23474847360367,36.96711856814316],[127.23493574605529,36.9674119697525],[127.23493464122949,36.96748411226693],[127.23489428756055,36.967537409283636],[127.23456743564695,36.96763214187925],[127.23444245859461,36.96762388994439],[127.23425917254059,36.96773575781566],[127.23280169938499,36.96809512646394],[127.23255984390069,36.96819856355867],[127.23245449990914,36.968284659290234],[127.23227818148243,36.968265809126116],[127.23228134458105,36.968461760493724],[127.2319434426225,36.96866693448945],[127.23192638277303,36.968796731886236],[127.23161535577901,36.9691712735233],[127.23092390901213,36.96976899912827],[127.23091746730319,36.9700136633081],[127.2309440969163,36.97004097759812],[127.23071548251951,36.97009892593638],[127.23023529398968,36.970536072835486],[127.22992162485191,36.97065162718444],[127.22965923720267,36.97063370460249],[127.22948443957263,36.970832673994224],[127.22932876258123,36.9712603811326],[127.22903758571368,36.971399444158166]]]}},{"type":"Feature","properties":{"layer":"zone_industrial","id":"zone_industrial_0249","name":"덕산지구","category":"지방산업단지","color":"#7e22ce","sido":"경기도","sgg_code":"41550","type_code":"UHA200","notice_date":"19930823","mgmt_no":"64100004155019930265UHA2000000001"},"geometry":{"type":"Polygon","coordinates":[[[127.37618885263318,37.07868032428529],[127.37640364755494,37.078679852824045],[127.37640765639011,37.079302210069365],[127.37636088320215,37.07931800026764],[127.37649235725569,37.07933333518808],[127.37649578516027,37.080609402772346],[127.37883631957546,37.080597042232796],[127.37883047242897,37.07813033323213],[127.37618771986632,37.07813699871637],[127.37618885263318,37.07868032428529]]]}},{"type":"Feature","properties":{"layer":"zone_industrial","id":"zone_industrial_0250","name":"용인반도체클러스터 산업단지외 준용시설(전기공급시설","category":"산업단지기타","color":"#d35400","sido":"경기도","sgg_code":"41550","type_code":"UHA999","notice_date":"20220329","mgmt_no":"40500004155020220157UHA9990001005"},"geometry":{"type":"Polygon","coordinates":[[[127.28329933375656,37.099612769894215],[127.28359898163447,37.099478097291026],[127.28365799982154,37.09950998947667],[127.28381943224444,37.09949416115773],[127.2839420982034,37.099423181126035],[127.28399437757695,37.0993760934943],[127.28406918004976,37.09912373635431],[127.28415132405554,37.09896733328752],[127.28440661259808,37.09875682323093],[127.28424627759007,37.098670956386066],[127.28417456268635,37.09880032997556],[127.2841360814774,37.098797673466954],[127.2840704819903,37.09887758238407],[127.28380347131255,37.09927927894828],[127.28365732329374,37.099366984271185],[127.28340886325225,37.09942080962408],[127.2833536183726,37.09946914750525],[127.28329933375656,37.099612769894215]]]}},{"type":"Feature","properties":{"layer":"zone_industrial","id":"zone_industrial_0251","name":"용인반도체클러스터 산업단지외 준용시설(전기공급시설)","category":"산업단지기타","color":"#d35400","sido":"경기도","sgg_code":"41550","type_code":"UHA999","notice_date":"20220329","mgmt_no":"40500004155020220157UHA9990001006"},"geometry":{"type":"Polygon","coordinates":[[[127.2843932766044,37.098467759761654],[127.284460349656,37.09864515312362],[127.2844508225883,37.098690733320375],[127.28446829854053,37.098695476238305],[127.2845229851105,37.09848830075284],[127.28447621395964,37.098404064370385],[127.28448550588386,37.0983073677374],[127.28442922210532,37.09836330451999],[127.2843932766044,37.098467759761654]]]}},{"type":"Feature","properties":{"layer":"zone_industrial","id":"zone_industrial_0252","name":"용인반도체클러스터 산업단지외 준용시설(전기공급시설)","category":"산업단지기타","color":"#d35400","sido":"경기도","sgg_code":"41550","type_code":"UHA999","notice_date":"20220329","mgmt_no":"40500004155020220157UHA9990001007"},"geometry":{"type":"Polygon","coordinates":[[[127.28572567076958,37.0973981002639],[127.28573460738083,37.09739043787709],[127.2857354975513,37.09738482215451],[127.28572567076958,37.0973981002639]]]}},{"type":"Feature","properties":{"layer":"zone_industrial","id":"zone_industrial_0253","name":"용인반도체클러스터 산업단지외 준용시설(전기공급시설)","category":"산업단지기타","color":"#d35400","sido":"경기도","sgg_code":"41550","type_code":"UHA999","notice_date":"20220329","mgmt_no":"40500004155020220157UHA9990001008"},"geometry":{"type":"Polygon","coordinates":[[[127.28574949899435,37.09736589341766],[127.28577237935109,37.09735096211357],[127.28586575521157,37.09726675066993],[127.28584401063866,37.0972484662838],[127.28574949899435,37.09736589341766]]]}},{"type":"Feature","properties":{"layer":"zone_industrial","id":"zone_industrial_0254","name":"용인반도체클러스터 산업단지외 준용시설(전기공급시설)","category":"산업단지기타","color":"#d35400","sido":"경기도","sgg_code":"41550","type_code":"UHA999","notice_date":"20220329","mgmt_no":"40500004155020220157UHA9990001009"},"geometry":{"type":"Polygon","coordinates":[[[127.28642867801295,37.096748075309286],[127.28649519023972,37.09668476035661],[127.28654691910921,37.0966237605754],[127.28648622715325,37.09667930346444],[127.28642867801295,37.096748075309286]]]}},{"type":"Feature","properties":{"layer":"zone_industrial","id":"zone_industrial_0255","name":"마정일반산업단지","category":"일반산업단지","color":"#9333ea","sido":"경기도","sgg_code":"41550","type_code":"UHA210","notice_date":"20150908","mgmt_no":"40800004155020150241UHA2100001001"},"geometry":{"type":"Polygon","coordinates":[[[127.1948629352377,37.01472669857942],[127.1949223168996,37.014782963870076],[127.1956806638153,37.014965246917896],[127.1955695955761,37.01555952323788],[127.19794056099886,37.016186066575806],[127.19839974465005,37.015926535941254],[127.19862346506974,37.015847167634476],[127.19870017303633,37.01586695389347],[127.19877917903229,37.01578026565493],[127.19883559930484,37.015645849106185],[127.1991297043132,37.01538397687255],[127.1993468668351,37.015281163219775],[127.19937316975073,37.01530205126828],[127.19948503338657,37.01514292467584],[127.19951600632362,37.01501919189473],[127.19941771687455,37.015026699570356],[127.19937557087326,37.014966965707835],[127.19944375039337,37.014835421688865],[127.1996647274405,37.01462722974585],[127.19801310103603,37.014464836363246],[127.1978532893249,37.01461970676552],[127.19630257594099,37.01424363161553],[127.1957992099263,37.01382650347477],[127.19524752228726,37.01357775429362],[127.1948629352377,37.01472669857942]]]}},{"type":"Feature","properties":{"layer":"zone_industrial","id":"zone_industrial_0256","name":"안성 제5일반산업단지","category":"일반산업단지","color":"#9333ea","sido":"경기도","sgg_code":"41550","type_code":"UHA210","notice_date":"20190521","mgmt_no":"64100004155020195073UHA2100001001"},"geometry":{"type":"Polygon","coordinates":[[[127.25443394574803,36.95682032274971],[127.25449408999314,36.9569140781333],[127.25446035106035,36.95697218854893],[127.25489333033084,36.95741720080064],[127.25501174618812,36.95785207040274],[127.25561428772886,36.95808648699432],[127.25830765344155,36.957267099436955],[127.25859508709398,36.95722542433507],[127.25994848696462,36.95681363980957],[127.25996839066987,36.95685577602915],[127.26110722960277,36.956509259740706],[127.2610760529284,36.95647056344295],[127.26169807845875,36.9562812820462],[127.26229450022946,36.95754388205443],[127.26352642647424,36.95812033907706],[127.26516872774134,36.95876728332302],[127.26472709748968,36.95936470538395],[127.26610292670689,36.959949755063086],[127.26647392819267,36.95900383101981],[127.26655387905143,36.958551716328046],[127.26724535095454,36.95672301633046],[127.2672255277411,36.95663732297275],[127.26740180920352,36.956308466890846],[127.26820299694299,36.953425134362625],[127.2685287414475,36.95312293706211],[127.26872900728934,36.95275051175131],[127.26905796474968,36.95236039636701],[127.26926683303321,36.95220484072388],[127.27119610105117,36.95161762055136],[127.27155096277468,36.951446419907235],[127.27183179548717,36.95125114767175],[127.2723183314352,36.95114163024776],[127.27277220840286,36.951140396159744],[127.27285781539621,36.951200455825756],[127.27249178180163,36.9500010706249],[127.27241661449813,36.94930923033358],[127.27237521823457,36.949311658554045],[127.27232448359159,36.9494606597899],[127.27232811654618,36.94976382904385],[127.27223074979112,36.94988893177541],[127.26810120275005,36.95114591846463],[127.2677752695197,36.95075653594],[127.26725652922885,36.95087552312418],[127.26669022051412,36.95071674810466],[127.2659497748284,36.950370816371],[127.26503892582562,36.95028053435472],[127.2641468742607,36.95023966409037],[127.26248346075344,36.95074588170794],[127.26335485829271,36.95259041241301],[127.25896861153552,36.95392651872714],[127.25902456223503,36.95437113448633],[127.2545171727603,36.95574245399938],[127.25448949088103,36.95579180204338],[127.25491057080463,36.95668342383093],[127.25443394574803,36.95682032274971]]]}},{"type":"Feature","properties":{"layer":"zone_industrial","id":"zone_industrial_0257","name":"용월산업단지","category":"지방산업단지","color":"#7e22ce","sido":"경기도","sgg_code":"41550","type_code":"UHA200","mgmt_no":"14100004155000000001UHA2000001001"},"geometry":{"type":"Polygon","coordinates":[[[127.38370532218893,37.0756276423626],[127.38375263528752,37.07547596790165],[127.38356036137806,37.07550527706087],[127.38356643587318,37.07562222390285],[127.38336199011273,37.07561937712446],[127.38211355857572,37.076021351085],[127.38144196280173,37.07587459522876],[127.38117966190673,37.07643637106067],[127.38034255892147,37.076327199183496],[127.38020677109527,37.076517666024145],[127.38009857080755,37.07674938521654],[127.38136464258322,37.07730695811136],[127.38238676155532,37.07767470916709],[127.38273882476567,37.077888678752366],[127.38304682123268,37.07797770414204],[127.38355915923894,37.078197526093724],[127.38369028891363,37.07820708737683],[127.3838098069025,37.07830505271011],[127.38409688164778,37.07839038537882],[127.38374829436822,37.07588369284317],[127.38417713940271,37.07582946302705],[127.384143001382,37.07563764769836],[127.38370532218893,37.0756276423626]]]}},{"type":"Feature","properties":{"layer":"zone_industrial","id":"zone_industrial_0258","name":"가유산업단지","category":"일반산업단지","color":"#9333ea","sido":"경기도","sgg_code":"41550","type_code":"UHA210","notice_date":"20170410","mgmt_no":"40800004155020170072UHA2100001000"},"geometry":{"type":"Polygon","coordinates":[[[127.25417412350698,37.093859609476155],[127.25428190019461,37.09385851479271],[127.25423539137164,37.094008306810856],[127.25438892362705,37.09416896269153],[127.2547030470361,37.09429884686653],[127.25491046808094,37.09429971939378],[127.25529158954647,37.09453808145535],[127.2553560766158,37.09451463305148],[127.25508033055362,37.094796659624656],[127.25485022470276,37.09490525140996],[127.25482103673332,37.095007088330604],[127.25473143382351,37.09512928302291],[127.25468189340145,37.0951116289273],[127.25458592327794,37.095372419910525],[127.2554664428878,37.09605101699284],[127.2561762266392,37.09633378785012],[127.25651097684457,37.09637859900482],[127.25694135522777,37.09630383106662],[127.2569660787094,37.09607236799394],[127.25726699397744,37.09602387321288],[127.25747271632167,37.09613030390692],[127.25767567927886,37.095667469510715],[127.25789413405865,37.09508265198089],[127.25803919845329,37.09458699934137],[127.25836843773399,37.093007649814346],[127.25836494914198,37.092840510949046],[127.25832290291689,37.092750216788254],[127.25645541754693,37.09270795864767],[127.2555771202274,37.09261193441279],[127.2550439282825,37.09265187507235],[127.25470763012433,37.092758684220136],[127.25458640770638,37.09285610415289],[127.25431774805577,37.093580804134554],[127.25417412350698,37.093859609476155]]]}},{"type":"Feature","properties":{"layer":"zone_industrial","id":"zone_industrial_0259","name":"안성 하이랜드산업단지","category":"일반산업단지","color":"#9333ea","sido":"경기도","sgg_code":"41550","type_code":"UHA210","notice_date":"20231208","mgmt_no":"40800004155020230346UHA2100001000"},"geometry":{"type":"Polygon","coordinates":[[[127.14016350738281,37.06480382689342],[127.14016009809109,37.06347422835333],[127.14020487499415,37.06250075528456],[127.14068250847792,37.06158047850818],[127.14122857267932,37.060202585034006],[127.14054010622239,37.06009341883091],[127.14054311855791,37.059938909574974],[127.14058865910474,37.05984953355447],[127.14094582904063,37.05941715239753],[127.14111428851344,37.059106086590674],[127.14109491063495,37.0589861865476],[127.14102568080003,37.05887841040858],[127.1409889367676,37.05864407738269],[127.14088369577392,37.0583271700546],[127.1408806523501,37.05815692623718],[127.14096238627403,37.0579529009441],[127.14113750312627,37.05780402809207],[127.14094698733182,37.057586365403445],[127.14155469426312,37.057051957162656],[127.14168790681315,37.05704405066467],[127.14186724387082,37.05716791542204],[127.14196802960218,37.05720122568877],[127.14198812097474,37.05718318057837],[127.1414752564247,37.05683363248781],[127.1405199082009,37.05663318727343],[127.1404382879654,37.05694261888887],[127.14043874247872,37.05706858739781],[127.14027274998325,37.057288731901075],[127.1400667565481,37.05733690938272],[127.13950498814107,37.05715815289966],[127.13943301428785,37.05716580555336],[127.13920654454452,37.05700081310726],[127.13923161506199,37.056913227410405],[127.13941040173486,37.05676638922967],[127.13937803560798,37.05664928824702],[127.13920410944242,37.0563935874464],[127.1389987829137,37.05618730120392],[127.13882468363862,37.05615244235702],[127.1385719950457,37.05599072285048],[127.13840494477456,37.05606182964655],[127.13810998387139,37.056087579710365],[127.13799855518643,37.05620529710783],[127.1378382794842,37.05629315514205],[127.13753455512969,37.05632278843016],[127.13713383022964,37.056176454516546],[127.13687118212013,37.05616549115909],[127.13668406968499,37.056209406219736],[127.13633404948914,37.05651319352689],[127.13643066937765,37.056792594416365],[127.13644077109254,37.05716409250014],[127.13633731073139,37.0573397378062],[127.1362703807758,37.05808914037003],[127.13616219227482,37.058262267883336],[127.13624877223953,37.05845815142146],[127.13621111739413,37.05859056076559],[127.13621810519535,37.05879103999113],[127.13618134559901,37.05898481088618],[127.13605637294785,37.059204362219745],[127.13610234384889,37.05971233095462],[127.13608890164947,37.05993139528039],[127.13593282529649,37.06011097441564],[127.13593267005932,37.0601504412679],[127.13646012331995,37.06010523967318],[127.13731044730578,37.0602299769893],[127.13776823642547,37.06115890118711],[127.13775169239221,37.06379687894124],[127.13881116851789,37.06472447521388],[127.14016350738281,37.06480382689342]]]}},{"type":"Feature","properties":{"layer":"zone_industrial","id":"zone_industrial_0260","name":"안성축산식품복합 일반산업단지","category":"일반산업단지","color":"#9333ea","sido":"경기도","sgg_code":"41550","type_code":"UHA210","mgmt_no":"40800004155020240376UHA2100001000"},"geometry":{"type":"Polygon","coordinates":[[[127.19764767434266,37.07454184147028],[127.19814776098173,37.0753147379621],[127.19871401508836,37.07536221197253],[127.19917038663571,37.07554696310498],[127.19935240333498,37.07578381029265],[127.19948863666367,37.07585052291584],[127.200623773435,37.075914607629315],[127.20104014570103,37.076079658380884],[127.20176478558538,37.07578323111355],[127.201960481081,37.075304913941395],[127.20221428856998,37.0748557736194],[127.20242891226614,37.07456783613549],[127.20147513419413,37.07350916736271],[127.2014270953934,37.07348374825972],[127.20131757227657,37.073541456649934],[127.20126449058729,37.073531255916016],[127.20123949654567,37.07358855153492],[127.20083314249179,37.07333633376475],[127.2010998365761,37.07299429237987],[127.20126230950007,37.07308125979391],[127.20131409969586,37.072847905404956],[127.2014110231951,37.072634397433646],[127.20147375385622,37.07259797886305],[127.20149276775985,37.07253316038178],[127.20163083630038,37.072366861620296],[127.20189807924822,37.072270267031705],[127.20267671703152,37.071843854581196],[127.20265220790347,37.071781839931646],[127.20271968168868,37.0716684438483],[127.20271472926419,37.07156452363309],[127.20099244670533,37.071397618159494],[127.1995121401521,37.071296079633576],[127.19948389436256,37.07156049870937],[127.19847263383734,37.071615317879456],[127.1986020172613,37.07214516235198],[127.19827322244954,37.07284519441724],[127.19806016698242,37.07357072307114],[127.19804643781417,37.073802156776864],[127.19777728970496,37.07401872233932],[127.19776863455904,37.074364897940875],[127.19773784395808,37.074460578669566],[127.19764767434266,37.07454184147028]]]}},{"type":"Feature","properties":{"layer":"zone_industrial","id":"zone_industrial_0261","name":"북좌산업단지","category":"일반산업단지","color":"#9333ea","sido":"경기도","sgg_code":"41550","type_code":"UHA210","notice_date":"20180208","mgmt_no":"40800004155020180057UHA2100001001"},"geometry":{"type":"Polygon","coordinates":[[[127.32596189830795,37.0412653107063],[127.32599846939986,37.041301055076964],[127.32606868443618,37.041305413416694],[127.32600808291414,37.04137305994445],[127.3262344327302,37.04138914645417],[127.3265238896471,37.04130049106446],[127.32697219793323,37.041412553164264],[127.32763007217832,37.041510882209124],[127.32769197810391,37.04138586044865],[127.32764094830421,37.041381026838756],[127.32760907790713,37.041306560294956],[127.32760280272055,37.04123488878977],[127.3276526555431,37.041130138094594],[127.32771855296856,37.04101335008892],[127.32780894762294,37.04093179841883],[127.32791021262946,37.040918778835774],[127.32794306353873,37.04064462043793],[127.32807626797236,37.04054902931925],[127.32816340028656,37.0405431668321],[127.32816576637892,37.04051037055036],[127.32808409324272,37.04045501765507],[127.32807927686973,37.04035137235099],[127.32810385859901,37.040327570631554],[127.32792157714321,37.03997624221135],[127.32786270027717,37.039978746931375],[127.32779966247934,37.03987570324706],[127.32783657990007,37.03977433097577],[127.32790030866681,37.03978146333401],[127.32789888364913,37.039726898728816],[127.32795051239425,37.03974061508915],[127.32801565085572,37.03970946624595],[127.32782090868419,37.039561019787314],[127.32780204147461,37.03950178156099],[127.32747130733081,37.0391091592111],[127.32730397955221,37.038999526562336],[127.32712239424379,37.0388254074905],[127.32704409197748,37.03871125908527],[127.32706623726797,37.038682859813335],[127.32692526726117,37.03850436694579],[127.32664878226927,37.038735635495605],[127.32638775606355,37.03885207431957],[127.32619357319163,37.03889708242318],[127.32632813889943,37.0391977871885],[127.32616891001392,37.039720192220486],[127.32615830265944,37.04050244517986],[127.32620230780397,37.04090087499465],[127.32612844119912,37.04112913673627],[127.32596189830795,37.0412653107063]]]}},{"type":"Feature","properties":{"layer":"zone_industrial","id":"zone_industrial_0262","name":"안성제3지방산업단지","category":"지방산업단지","color":"#7e22ce","sido":"경기도","sgg_code":"41550","type_code":"UHA200","mgmt_no":"15000004155000000000UHA2000000012"},"geometry":{"type":"Polygon","coordinates":[[[127.26251761807309,36.971390642263344],[127.26280388661958,36.97205773794419],[127.26329282531775,36.9729517189256],[127.26329293029414,36.97312337387937],[127.26321940226465,36.97321448167956],[127.26339093713344,36.97334598509881],[127.26485694470745,36.973683935382425],[127.26486637297766,36.973757352241904],[127.26531573053707,36.97385570743084],[127.26531183275772,36.97416135236454],[127.26540231801293,36.97473401989361],[127.26568451209401,36.97534208771032],[127.26609175892068,36.976016249481624],[127.26698116169224,36.977063567737495],[127.26790609560327,36.9765850879201],[127.2702836633523,36.976206269367246],[127.27024009017087,36.976005770351726],[127.27044888549563,36.97559485723119],[127.27058562677348,36.975073553943176],[127.27055028846263,36.974988743593705],[127.27069938892038,36.97466720785621],[127.27138439756793,36.97397263471032],[127.2713755656706,36.97389496394391],[127.27142156651482,36.97376792469108],[127.27138502060491,36.973636991194084],[127.27134840994931,36.97365310455985],[127.27093109564937,36.97001423231668],[127.26997920749068,36.97008039191761],[127.26995821690127,36.97005749794557],[127.2690294284272,36.970184925035575],[127.26888124039938,36.97010224255492],[127.26860789556464,36.970116193702765],[127.26859123389752,36.97019115576952],[127.26838790169927,36.97012620375137],[127.26839415002301,36.97018216463689],[127.26756928441466,36.97023347595814],[127.26723836071352,36.97020162504296],[127.26706113260873,36.970409530661556],[127.26700859168541,36.970384904570416],[127.26277582294237,36.97135480622135],[127.26273136659802,36.97132963782584],[127.26251761807309,36.971390642263344]]]}},{"type":"Feature","properties":{"layer":"zone_industrial","id":"zone_industrial_0263","name":"마산일반산업단지","category":"일반산업단지","color":"#9333ea","sido":"경기도","sgg_code":"41550","type_code":"UHA210","mgmt_no":"40800004155020150330UHA2100001001"},"geometry":{"type":"Polygon","coordinates":[[[127.2196908689427,36.96658177285518],[127.21972231662814,36.96666228052776],[127.21976161520912,36.96666067646701],[127.22026387382165,36.966962154274796],[127.22033039344231,36.96689796500455],[127.22040507824063,36.966940178051416],[127.22102093929728,36.96823501754867],[127.22124115576266,36.968141925287185],[127.22163029105639,36.96843974087767],[127.22179401329075,36.968441104246814],[127.22204389205659,36.96868451730885],[127.2222183539986,36.96847316056043],[127.22225120668432,36.96853347175131],[127.22272083681375,36.96848760690089],[127.22275908020372,36.96824526265925],[127.22306140348931,36.96798077303075],[127.22348369410116,36.96792240541655],[127.22377193050743,36.96774249752172],[127.22399987383868,36.967516296364025],[127.22435344162983,36.967344257183306],[127.22425580205427,36.96719833047906],[127.22409754671278,36.96709512934766],[127.22396462276373,36.96685201510592],[127.22382557290355,36.966853753298004],[127.22377001370488,36.966824355989374],[127.22359490790468,36.96661027193139],[127.22354468116158,36.966417850373944],[127.22341788982632,36.966375376258796],[127.2227906031363,36.966360057161985],[127.22277481804788,36.96624485661328],[127.22249418002154,36.966130879137644],[127.22194361785265,36.965805054135494],[127.2216075159612,36.965736132332665],[127.22168099214203,36.965674650659274],[127.22168061301637,36.965640482447576],[127.22092099249242,36.965894244684996],[127.2206867926523,36.96590981533751],[127.22028504562988,36.966119876856425],[127.21992263277807,36.966353418868906],[127.2196908689427,36.96658177285518]]]}},{"type":"Feature","properties":{"layer":"zone_industrial","id":"zone_industrial_0264","name":"개정지방산업단지","category":"지방산업단지","color":"#7e22ce","sido":"경기도","sgg_code":"41550","type_code":"UHA200","mgmt_no":"64100004155020070210UHA2000001001"},"geometry":{"type":"Polygon","coordinates":[[[127.19524886514371,36.96067162718912],[127.19867762749661,36.962708686720596],[127.19879409835585,36.96264523746931],[127.198881518707,36.96253781864488],[127.19935044243131,36.96231011936415],[127.19936882520499,36.96201981486941],[127.19949062492006,36.96178598887321],[127.20006375731485,36.96105713051835],[127.20178065203281,36.95949206274284],[127.20248996801472,36.95903259295375],[127.20251109837439,36.95893379878846],[127.20248432428662,36.95882053325535],[127.19971630758974,36.95716181812424],[127.1988562762107,36.95744702780203],[127.19847257581542,36.957455098753236],[127.19795591161171,36.957782181794585],[127.19740460443049,36.95789028507537],[127.19721743263835,36.958027143438514],[127.19711218516368,36.95839377727407],[127.19677545463144,36.958976267218],[127.1961702971178,36.959640167560856],[127.19536897161434,36.9604035580586],[127.19524886514371,36.96067162718912]]]}},{"type":"Feature","properties":{"layer":"zone_industrial","id":"zone_industrial_0265","name":"통진(팬택)산업단지","category":"일반산업단지","color":"#9333ea","subtype":"기업지원과 확인","sido":"경기도","sgg_code":"41570","type_code":"UHA210","mgmt_no":"64100004157020080000UHA2100000001"},"geometry":{"type":"Polygon","coordinates":[[[126.5684266315301,37.698201999929495],[126.56865851659565,37.69819704913852],[126.56945145700828,37.698301675674465],[126.57006600492467,37.69830464651672],[126.57079393595505,37.69892984508154],[126.57088746978883,37.6989359077915],[126.57195352349358,37.69846017802337],[126.57197413796392,37.69840704231338],[126.57140506386912,37.697651304495686],[126.57144093189876,37.697460278233],[126.57067202090164,37.69737387121474],[126.5693416340317,37.69741592513996],[126.56882903999315,37.69722756436364],[126.56882154114258,37.69729458642882],[126.56875578018169,37.69729594882842],[126.56866065857818,37.697350792632506],[126.56853257065124,37.697570202127444],[126.5684266315301,37.698201999929495]]]}},{"type":"Feature","properties":{"layer":"zone_industrial","id":"zone_industrial_0266","name":"강문일반산업단지","category":"일반산업단지","color":"#9333ea","sido":"경기도","sgg_code":"41550","type_code":"UHA210","mgmt_no":"40800004155020160026UHA2100001000"},"geometry":{"type":"Polygon","coordinates":[[[127.14395652092747,37.03415839791073],[127.14413592701884,37.034364085806395],[127.14502818693055,37.03504770563226],[127.1449162163477,37.035189984706676],[127.14519691217193,37.03531464148117],[127.14548279210808,37.03539258887369],[127.14573933041602,37.03537777912278],[127.1461328304667,37.03526610821215],[127.146214315564,37.035063727803085],[127.14634998001378,37.034941070907756],[127.1463462632559,37.03501986495375],[127.14628271230615,37.03514876839906],[127.14630162196379,37.03534661114921],[127.14640309092674,37.03538101626706],[127.14648419581441,37.03532778114309],[127.1464851350165,37.03540796615699],[127.14698528568965,37.03562580927259],[127.1474664646229,37.035824967409404],[127.14758160845722,37.035798100005216],[127.14761102600296,37.035817454798384],[127.14770719439443,37.03575392810473],[127.14787315628179,37.03550649712686],[127.14791941598259,37.03536465679925],[127.14802309064054,37.03525383246418],[127.1483704251977,37.03426633559927],[127.1484246035613,37.0342102220096],[127.14850925510767,37.03392835273032],[127.14861617209534,37.03380429613475],[127.14863270211357,37.033738605690644],[127.14861593519676,37.03365234005496],[127.14851981407361,37.03370946985202],[127.14769249729999,37.0335221143286],[127.14762368539627,37.03335535702755],[127.1476287586928,37.033257909108215],[127.14790459778969,37.032774298411425],[127.14793874698947,37.03241952313403],[127.14753156416296,37.03219681188641],[127.14684248636158,37.03235834562164],[127.14630561593403,37.03258402610459],[127.1459048627566,37.03314334888371],[127.14550796862238,37.03338046109711],[127.14579916203219,37.03360915927217],[127.14521898668633,37.03411572380694],[127.14442953174422,37.03364257050966],[127.14395652092747,37.03415839791073]]]}},{"type":"Feature","properties":{"layer":"zone_industrial","id":"zone_industrial_0267","name":"안성가율지방공업단지","category":"지방산업단지","color":"#7e22ce","sido":"경기도","sgg_code":"41550","type_code":"UHA200","notice_date":"19930823","mgmt_no":"64100004155019930265UHA2000000004"},"geometry":{"type":"Polygon","coordinates":[[[127.30273019563862,37.068279541592105],[127.30287250355887,37.06858329747433],[127.30370558183007,37.0691469817219],[127.30350625673121,37.06927635916631],[127.30323933264597,37.0696196760726],[127.30317485673812,37.06962837310974],[127.30342458783495,37.069798443858126],[127.30382174825955,37.069489557659324],[127.30395491788452,37.06930828504616],[127.30510368465653,37.07007264039638],[127.30633473407875,37.068924495535214],[127.30617892745671,37.068437466551295],[127.30396104029326,37.06698175514603],[127.30273019563862,37.068279541592105]]]}},{"type":"Feature","properties":{"layer":"zone_industrial","id":"zone_industrial_0268","name":"지방산업단지 (경기도 41550)","category":"지방산업단지","color":"#7e22ce","sido":"경기도","sgg_code":"41550","type_code":"UHA200","mgmt_no":"15000004155000000000UHA2000000008"},"geometry":{"type":"Polygon","coordinates":[[[127.25472256077099,37.01949493071543],[127.25525070168048,37.015805054633226],[127.24956430675432,37.0149618873267],[127.24954550019902,37.012864188030804],[127.24367328882,37.01304290475253],[127.24341058344729,37.01832841985301],[127.24362628398409,37.01887189319453],[127.24399496568255,37.019505566136004],[127.24453712286083,37.02015644460173],[127.24571669716502,37.02088051106296],[127.24596811297017,37.020614087654415],[127.24755481269233,37.02134272989174],[127.24778871320726,37.0212879462534],[127.24811879331439,37.020864046235026],[127.24813759727208,37.0207748012213],[127.2486660066413,37.01980086155179],[127.24963936761596,37.019544755706264],[127.25472256077099,37.01949493071543]]]}},{"type":"Feature","properties":{"layer":"zone_industrial","id":"zone_industrial_0269","name":"월정일반산업단지","category":"일반산업단지","color":"#9333ea","sido":"경기도","sgg_code":"41550","type_code":"UHA210","mgmt_no":"40800004155020080250UHA2100002000"},"geometry":{"type":"Polygon","coordinates":[[[127.45586375176647,37.086773269641995],[127.45669939707544,37.08677661607577],[127.45696002261565,37.0867346986323],[127.4574432720551,37.0867809491923],[127.45851377321728,37.0867926516177],[127.45911566495208,37.08690735078179],[127.45927277359127,37.08690884395559],[127.4593370004388,37.086406771788894],[127.45944498676513,37.08618300150206],[127.45944271431752,37.08594172589217],[127.45954684490204,37.08572217830991],[127.45949414154897,37.085479115112626],[127.45948064735752,37.08505321165132],[127.45941720470195,37.085006592753984],[127.4589852891985,37.084944257596234],[127.45695242091577,37.08478172787096],[127.45686552964666,37.08546075397659],[127.45656546126092,37.08543610845744],[127.455980978511,37.085857421091085],[127.45586375176647,37.086773269641995]]]}},{"type":"Feature","properties":{"layer":"zone_industrial","id":"zone_industrial_0270","name":"율생일반산업단지","category":"일반산업단지","color":"#9333ea","subtype":"기업지원과 확인","sido":"경기도","sgg_code":"41570","type_code":"UHA210","mgmt_no":"64100004157020060002UHA2100002003"},"geometry":{"type":"Polygon","coordinates":[[[126.57543244151037,37.64507047582922],[126.57552013913309,37.64551135783508],[126.57585698623977,37.64595531926523],[126.5759515639889,37.64671220484111],[126.57599765204871,37.64681463114903],[126.57640312925953,37.64668592979932],[126.57648302969297,37.64699117793321],[126.57606479651292,37.64696218186078],[126.57614125760777,37.64706562761542],[126.57612961505798,37.647316947181324],[126.57694055394278,37.64731970617892],[126.57711622838389,37.64735205239526],[126.57715534246583,37.647388051688566],[126.57713526388248,37.64749159098284],[126.57768845539243,37.647430619821826],[126.57797563350387,37.647302452078655],[126.57807441358035,37.64712756803508],[126.57828521210537,37.6471004033813],[126.57830032472228,37.647013063522955],[126.57876650498058,37.646713432561626],[126.5785773586499,37.6463993342481],[126.5783432361681,37.64612613150576],[126.5780256669594,37.645960105494595],[126.57773351902709,37.64592886495532],[126.57737029701099,37.64571753458987],[126.57722210429087,37.645442034696075],[126.57687295782543,37.64514530541063],[126.57624509533305,37.644825767280835],[126.57574358309094,37.64488796338487],[126.57543244151037,37.64507047582922]]]}},{"type":"Feature","properties":{"layer":"zone_industrial","id":"zone_industrial_0271","name":"미양2지방산업단지","category":"지방산업단지","color":"#7e22ce","sido":"경기도","sgg_code":"41550","type_code":"UHA200","mgmt_no":"15000004155000000000UHA2000000013"},"geometry":{"type":"Polygon","coordinates":[[[127.24737817488983,36.96110819519428],[127.24738241016611,36.96197142926015],[127.24751440575184,36.96216379757383],[127.24769388770257,36.96263137396009],[127.24826304598939,36.96319863825034],[127.24850921771383,36.96303850032229],[127.24859048589092,36.96318927998487],[127.24860896160747,36.96311062240745],[127.24879208327202,36.96301340225558],[127.2488315967853,36.96302000596893],[127.24927898667376,36.962724060068524],[127.2493870193369,36.96270312780901],[127.24963204544676,36.96256142601289],[127.25056016211002,36.96195649001725],[127.2508307267956,36.96173487854641],[127.25138511758638,36.96142034498272],[127.25193447250464,36.961352417761745],[127.25200744156416,36.96137795362024],[127.25231746743124,36.96194678116506],[127.25248951578233,36.961909473413186],[127.25260788247935,36.96202703024336],[127.25260649800596,36.9620738892775],[127.25234745330371,36.96221532045814],[127.2523863182518,36.962345993919094],[127.25250253225958,36.9624814868631],[127.25252949641423,36.96260232762175],[127.25335011707307,36.961304396960216],[127.25378624538727,36.96042137781896],[127.25367155769177,36.96004701574585],[127.25317948073335,36.95940916738124],[127.2529985837059,36.95927373093042],[127.25296370831788,36.95920883696042],[127.2528710005113,36.95916932266512],[127.25237693320271,36.95863976680815],[127.25221224380262,36.95860769377012],[127.2520574645344,36.95853309567375],[127.25156626710344,36.95841812604095],[127.25157111868451,36.95844589610709],[127.25153588066792,36.95840010535619],[127.25055934742714,36.95853434577872],[127.25008935488476,36.95857596923062],[127.25005391517558,36.95855423728602],[127.24996886510036,36.95864191008955],[127.2498437596954,36.95905000036768],[127.24978953215685,36.95908624704524],[127.24958462629382,36.95908982906048],[127.24933823843106,36.95900888593737],[127.24927106138408,36.959033805801845],[127.24957672019127,36.96037710055114],[127.24905685174114,36.961289969474024],[127.24737817488983,36.96110819519428]]]}},{"type":"Feature","properties":{"layer":"zone_industrial","id":"zone_industrial_0272","name":"동항2일반산업단지","category":"일반산업단지","color":"#9333ea","sido":"경기도","sgg_code":"41550","type_code":"UHA210","notice_date":"20160727","mgmt_no":"40800004155020160215UHA2100001000"},"geometry":{"type":"Polygon","coordinates":[[[127.18189582883211,37.06469458131067],[127.18283786124904,37.065155337060865],[127.18218708780743,37.066068026879094],[127.18393650354022,37.06699761742468],[127.18501993243362,37.06588206886429],[127.18576933405457,37.06527538300598],[127.18632779024507,37.06492333344506],[127.1867736846409,37.064689343338415],[127.18798493484705,37.06420229440628],[127.18664166899705,37.061935869044255],[127.18477710282536,37.06265135325626],[127.1843829083137,37.062860188625976],[127.18244151032431,37.064165627383964],[127.18189582883211,37.06469458131067]]]}},{"type":"Feature","properties":{"layer":"zone_industrial","id":"zone_industrial_0273","name":"동항산업단지","category":"지방산업단지","color":"#7e22ce","sido":"경기도","sgg_code":"41550","type_code":"UHA200","notice_date":"19930823","mgmt_no":"64100004155019930265UHA2000000006"},"geometry":{"type":"Polygon","coordinates":[[[127.1793715172193,37.066463523946304],[127.18125401271209,37.06737660009259],[127.1828378500051,37.06515533707804],[127.18097636962261,37.064274836382125],[127.18086617130542,37.06427597619598],[127.17946143219322,37.066225652313776],[127.1793715172193,37.066463523946304]]]}},{"type":"Feature","properties":{"layer":"zone_industrial","id":"zone_industrial_0274","name":"금산지구","category":"지방산업단지","color":"#7e22ce","sido":"경기도","sgg_code":"41550","type_code":"UHA200","notice_date":"19930823","mgmt_no":"64100004155019930264UHA2000000003"},"geometry":{"type":"Polygon","coordinates":[[[127.49255911344221,37.07385213915574],[127.4926445440398,37.074242897470285],[127.49288139881632,37.074881999032975],[127.492711900644,37.07504279151792],[127.49311153943316,37.07560747596274],[127.49308562360568,37.075684884870654],[127.49393560458448,37.075550120586584],[127.49395375980598,37.07509876085917],[127.49390891057959,37.07501485158615],[127.49393154801938,37.07497841806301],[127.4940935485844,37.074959336866016],[127.49413474477198,37.07488007117257],[127.49437660128832,37.074776346194064],[127.4954230703133,37.07458615974436],[127.49556079142052,37.07447872107332],[127.49566306984929,37.0743197093427],[127.4958863304824,37.074104553195305],[127.49632071404174,37.07414667738966],[127.49652065305506,37.07372441070998],[127.49642084334818,37.072997964030066],[127.49646356906241,37.07295040827408],[127.49641816796809,37.07286659233248],[127.49598081391811,37.07299107694742],[127.49556708222582,37.0731672452065],[127.49490741271727,37.073196725296015],[127.49463669616644,37.07326751163375],[127.49414218061928,37.07351930291796],[127.49368284180908,37.073573524993044],[127.49340370899536,37.07355862605789],[127.49316086360793,37.07348439475609],[127.49278529619797,37.073442078457205],[127.49257796125562,37.07348255639493],[127.49255911344221,37.07385213915574]]]}},{"type":"Feature","properties":{"layer":"zone_industrial","id":"zone_industrial_0275","name":"김포항공산업단지","category":"일반산업단지","color":"#9333ea","subtype":"기업지원과 확인","sido":"경기도","sgg_code":"41570","type_code":"UHA210","mgmt_no":"64100004157000000000UHA2100001001"},"geometry":{"type":"Polygon","coordinates":[[[126.5712342281805,37.61854610433348],[126.57288628698886,37.61898012416539],[126.57677092098511,37.61989805412093],[126.57735343594452,37.62001078893282],[126.57771427453027,37.62016910710571],[126.57777141908032,37.62028885353385],[126.5779680242104,37.6203802333607],[126.57803101044934,37.620440707536346],[126.57804023599772,37.62038983561885],[126.5780884193495,37.620360177272744],[126.57822709559888,37.62052803068254],[126.57838247995169,37.620595935739004],[126.57866482815759,37.62064605989551],[126.58040237862906,37.61790780693839],[126.58098657476353,37.61782484720815],[126.58090572572993,37.61751311925646],[126.58061079860406,37.61720474533401],[126.58050672474741,37.617049082132006],[126.58005110075536,37.61672277161336],[126.57991603377462,37.61667246526661],[126.57970467358341,37.61653368068661],[126.57963341985425,37.61635512311913],[126.57953080794611,37.61631412229139],[126.57923900497549,37.61632037639465],[126.57881645811156,37.616213179335425],[126.57795885161374,37.615789259184034],[126.57729608788372,37.61558082570628],[126.57709977732699,37.615565524073986],[126.57676728285716,37.61561739523262],[126.57635301856233,37.615747716064035],[126.5759149091586,37.61582866613535],[126.57539512585979,37.61577246166698],[126.57484657921347,37.61553703718649],[126.5741728964519,37.61484373228657],[126.57320215575169,37.614049607835035],[126.57323753699222,37.61390368823838],[126.57305578405175,37.61370112006768],[126.57243110873303,37.61542430694974],[126.5712342281805,37.61854610433348]]]}},{"type":"Feature","properties":{"layer":"zone_industrial","id":"zone_industrial_0276","name":"일반산업단지 (경기도 41570)","category":"일반산업단지","color":"#9333ea","sido":"경기도","sgg_code":"41570","type_code":"UHA210","mgmt_no":"64100004157020175246UHA2100001000"},"geometry":{"type":"Polygon","coordinates":[[[126.5946267363889,37.60561228759036],[126.59466204105277,37.60691295091747],[126.59594707568252,37.608049279450995],[126.59656103814187,37.60918279761179],[126.59662351516556,37.609189931467284],[126.5970433584669,37.61055926898107],[126.59707489727938,37.610524220985525],[126.59715992594842,37.61127373687662],[126.59720358184545,37.61140216738461],[126.59685076611952,37.613172492575785],[126.59691512937216,37.613329636164934],[126.59724802728729,37.61357959940881],[126.59790070383693,37.61391379781971],[126.59961944187224,37.61449632383205],[126.59970594528176,37.61454785686131],[126.59968120398327,37.61465193438711],[126.59977494152338,37.61482412359158],[126.59979174720502,37.61493193745473],[126.59982044506165,37.61490085238333],[126.60039614349633,37.61483332733367],[126.60056165608754,37.61487067661111],[126.60059619741813,37.61489664294574],[126.6006080908499,37.61498929460982],[126.6010182772548,37.615023618013375],[126.6014724226942,37.615006886582],[126.6019182159156,37.614935985508744],[126.60260122554847,37.61492833144843],[126.60440024813614,37.61474403178813],[126.60460989983729,37.61464726954882],[126.60505689783307,37.614632221139225],[126.60529095290102,37.614668424551304],[126.60569688729103,37.614500718693975],[126.60694432797474,37.61419326657816],[126.60708626992265,37.61418829016381],[126.60732669449956,37.61402620607674],[126.60768629109569,37.61385969902649],[126.60772855806421,37.613662418259615],[126.60766264552502,37.6136378989891],[126.60766417563818,37.6135539331519],[126.60756526208158,37.61341939364874],[126.60752059834716,37.61321004696814],[126.60760264592574,37.61296261556234],[126.60763431464996,37.6129709111334],[126.60784351350898,37.61236959505843],[126.60808184440693,37.61190693677508],[126.60812613993039,37.61168749854607],[126.60815933147963,37.611662462937375],[126.60809358733678,37.61150523068285],[126.60820612988371,37.611464476242524],[126.60823226567247,37.61151897328975],[126.60857906716323,37.61129972267994],[126.60822442344094,37.610420846362786],[126.60818500997051,37.60982311542701],[126.60820895221985,37.60959722132798],[126.6081415524802,37.608808480100976],[126.608120123957,37.60811628746886],[126.60796766332429,37.60733198350654],[126.60801059213433,37.607066239389745],[126.60808280218099,37.60568327335074],[126.60829005944441,37.604650119875274],[126.60827572957425,37.60437554437862],[126.60774398895839,37.6044562109123],[126.60750616416789,37.60462741374534],[126.60734786758059,37.60462117298948],[126.60723160703553,37.60451855978554],[126.60685665557153,37.60456455382956],[126.60664602723276,37.6044192244719],[126.60621003562711,37.60403518304353],[126.60605163897613,37.604028850118766],[126.60494709629593,37.60480414680942],[126.6046835282838,37.60483578617944],[126.60459443755543,37.604899672199984],[126.60440773565274,37.604868383913846],[126.60375676780835,37.604945703065496],[126.60363140941443,37.605440052020285],[126.60205434615362,37.60654598960769],[126.6015682773716,37.60609825184183],[126.60155044611774,37.60617973882144],[126.60099397809552,37.60605487738253],[126.6010218913484,37.60592648380911],[126.60097730417635,37.605920404072975],[126.60042599725014,37.60845839374151],[126.5997781918077,37.60832017900986],[126.5987064663118,37.608393928891815],[126.59812922828242,37.60848703736171],[126.59815101860488,37.608547738533055],[126.59754003713255,37.60875461218008],[126.59751071809532,37.60872911329836],[126.59756669944471,37.60869757253707],[126.59704668644747,37.60824647466145],[126.59702107860466,37.60827396578222],[126.59690437141315,37.608215668992315],[126.59721090512593,37.60782730850484],[126.59718241902071,37.60781748938102],[126.5971058848649,37.60723161951039],[126.59712122224126,37.60696533440558],[126.59764243813233,37.606607998931665],[126.59733819905293,37.6063391961954],[126.59718647565758,37.606448739808314],[126.5967258751765,37.60610287976999],[126.59666041556177,37.60601131422952],[126.59603729120822,37.60543727111998],[126.59585901942978,37.60555781285365],[126.59567463125408,37.60540119285482],[126.59571916331332,37.605371415530655],[126.59568230671289,37.60533706970624],[126.5952084052448,37.605096842548235],[126.5946267363889,37.60561228759036]]]}},{"type":"Feature","properties":{"layer":"zone_industrial","id":"zone_industrial_0277","name":"학운산업단지","category":"일반산업단지","color":"#9333ea","subtype":"기업지원과 확인","sido":"경기도","sgg_code":"41570","type_code":"UHA210","mgmt_no":"64100004157020060001UHA2100001001"},"geometry":{"type":"Polygon","coordinates":[[[126.5810522279856,37.6026630144383],[126.5813034076205,37.60294375234491],[126.58170221902435,37.6031510447418],[126.58206924276637,37.60343336427344],[126.5822580953923,37.603722798276216],[126.58260569382509,37.60401675981336],[126.58265172355046,37.60390646345603],[126.58277682361079,37.603852218086864],[126.58285143928853,37.60397573638391],[126.58296203284284,37.60406496492318],[126.5830984934056,37.604085180164255],[126.58301543495169,37.60427598279775],[126.583124207374,37.60438718855092],[126.5832155361414,37.60433732788201],[126.58328691068414,37.60412972554282],[126.58339315641088,37.60398423388195],[126.5836354921781,37.603985812930546],[126.5837834771525,37.60405129720646],[126.58415125019927,37.603978718237975],[126.58524173745268,37.60439656817334],[126.58532069569678,37.60435125722069],[126.58522064039524,37.604321262219294],[126.58518261238405,37.604256257768135],[126.58521597291964,37.60422403038437],[126.58546444698571,37.60432329319128],[126.58581931477555,37.60435157291117],[126.58633408138863,37.60417688354548],[126.58670592727204,37.60414548557252],[126.5869463244848,37.60435569917732],[126.58708169939321,37.604267743759564],[126.58702462087228,37.60416210202351],[126.58646602533926,37.60392993943378],[126.58625726849087,37.60404011535256],[126.58597913211354,37.604041208674346],[126.5858773854115,37.60396922276249],[126.58580499499736,37.60401473742132],[126.58524213906212,37.60389769885286],[126.5851707686619,37.60381296252902],[126.58523458751705,37.603647380906196],[126.58508127287595,37.60360341298173],[126.58502077958659,37.60340399358034],[126.5847909307552,37.603194335851526],[126.58452935049569,37.60288762046891],[126.58476122517565,37.602429301678384],[126.58367338657004,37.602515372958955],[126.58206998891546,37.60233228331583],[126.58171520798406,37.60225020433575],[126.5810522279856,37.6026630144383]]]}},{"type":"Feature","properties":{"layer":"zone_industrial","id":"zone_industrial_0278","name":"기업지원과 확인","category":"일반산업단지","color":"#9333ea","sido":"경기도","sgg_code":"41570","type_code":"UHA210","mgmt_no":"40900004157020160186UHA2100001001"},"geometry":{"type":"MultiPolygon","coordinates":[[[[126.63135062606433,37.617899358005644],[126.63136161570203,37.617793689997534],[126.63133356120335,37.61774996773969],[126.63115723112116,37.617616971039844],[126.63114879985052,37.61755389429128],[126.6310033961822,37.6174474650853],[126.63095966082145,37.619426969556265],[126.63107553249397,37.61951645784592],[126.63235448918995,37.61946296543899],[126.63282875958846,37.61949454071549],[126.6331701831154,37.6193412607856],[126.63306309783204,37.61927263253505],[126.63308484026757,37.619165781641684],[126.63306185875624,37.61903711363669],[126.63292016346281,37.61858446243876],[126.63268411659449,37.61835465184395],[126.63255368722689,37.61829551852323],[126.63238501350843,37.61828335042969],[126.63227693984508,37.61818599525954],[126.63189052898228,37.61812442021461],[126.63183833452845,37.61820243438738],[126.63181677822399,37.61852303312593],[126.63153920880443,37.61858403323049],[126.63134349412894,37.61857714868219],[126.63119062265936,37.6185326293634],[126.63111721037352,37.618435192698854],[126.63105829002694,37.61845091898004],[126.63102277426707,37.61840656957652],[126.63106658680502,37.61831965484689],[126.63135062606433,37.617899358005644]]],[[[126.62529148545879,37.610936706729554],[126.62571197538375,37.61107751763906],[126.62679903642002,37.61159083686826],[126.62693493588058,37.61175065104973],[126.62699031652721,37.6119317429124],[126.6271034120663,37.61198661085034],[126.62707937281145,37.61210528329283],[126.62698731814167,37.61228122220018],[126.62679316555905,37.61253522184731],[126.62674686783348,37.61269727762678],[126.62767557087729,37.61318933623325],[126.62852979832024,37.6137056857455],[126.62902002745489,37.61408375211057],[126.62970241270868,37.61467721472546],[126.63003579111506,37.61500874267212],[126.63029556278848,37.615360850699446],[126.63047647922087,37.61570690795271],[126.63094034694588,37.61696473146723],[126.63100241168476,37.61735825637597],[126.63156759329362,37.61705467075578],[126.63159990134822,37.616978243138306],[126.6320082847752,37.61673889889907],[126.63208966218741,37.616579293504515],[126.632076983322,37.616461171897974],[126.63222640060154,37.616097194747695],[126.63207229405623,37.61569884136093],[126.63197789740232,37.615271483107975],[126.63175021485793,37.61475272662412],[126.63171986647072,37.614669228157204],[126.6317418383266,37.614651106292975],[126.63170234821911,37.61456106511731],[126.63167010325836,37.61456095505857],[126.63123575346947,37.6136548686217],[126.6311184442698,37.613477927134475],[126.63102917799598,37.61338102621731],[126.63089901149702,37.613359940100906],[126.63057653360667,37.6131671991499],[126.63046903187528,37.61306838447648],[126.63035633902444,37.612712883185374],[126.62944861878721,37.61185547564457],[126.62931830968768,37.611690906802814],[126.62924348690913,37.611535171239076],[126.62919676923403,37.61153502386349],[126.62915489941714,37.61118040247425],[126.62926556812877,37.61000436415565],[126.6292440288837,37.609794963231344],[126.62889871996033,37.60910197721914],[126.6284584239936,37.6083903730511],[126.62834640228206,37.6083232024353],[126.62653584460021,37.60806827146968],[126.62624787573291,37.60796769007798],[126.62622049276118,37.60844080520202],[126.62564545002753,37.60978098040651],[126.62529148545879,37.610936706729554]]]]}},{"type":"Feature","properties":{"layer":"zone_industrial","id":"zone_industrial_0279","name":"상마일반산업단지","category":"일반산업단지","color":"#9333ea","subtype":"기업지원과 확인","sido":"경기도","sgg_code":"41570","type_code":"UHA210","mgmt_no":"64100004157000000000UHA2100000005"},"geometry":{"type":"Polygon","coordinates":[[[126.54523693726743,37.68821070355789],[126.54576900179907,37.6883395263088],[126.54596621739533,37.688274157624235],[126.54605850192154,37.6882001846545],[126.54643710104556,37.688693481610464],[126.54625510015451,37.68940417907092],[126.54619746352849,37.689429633985576],[126.54551853196446,37.689381151801506],[126.5455307745849,37.689492558079365],[126.54563938976423,37.68969596479295],[126.54567863710848,37.69000766924595],[126.54587452300221,37.69026044338352],[126.54602113676577,37.69032414918131],[126.54634867270534,37.69034397361247],[126.54649031629765,37.69043074229584],[126.547174728449,37.68989847975498],[126.54903369798966,37.68929072008339],[126.54884254892067,37.68813414170736],[126.54876741020698,37.68799906926529],[126.54855561107293,37.687759861262776],[126.5481383096177,37.68742102742912],[126.54759283079858,37.68709395192665],[126.54689406875127,37.68675006578278],[126.54655221180667,37.686905785288246],[126.54638641526095,37.687080653106364],[126.54565587525215,37.68755831494764],[126.54542184864358,37.68802555025994],[126.54523693726743,37.68821070355789]]]}},{"type":"Feature","properties":{"layer":"zone_industrial","id":"zone_industrial_0280","name":"한강시네폴리스 일반산업단지(스마트도시과 문의)","category":"일반산업단지","color":"#9333ea","sido":"경기도","sgg_code":"41570","type_code":"UHA210","mgmt_no":"40900004157020175056UHA2100001001"},"geometry":{"type":"MultiPolygon","coordinates":[[[[126.72040346769793,37.63756269059212],[126.72199554545477,37.63984875904254],[126.73077782362982,37.63597103481149],[126.73137699254356,37.63563885805616],[126.73217191951913,37.635107766427055],[126.73303808006129,37.63476370281528],[126.73341244340625,37.63455234727825],[126.73419977200301,37.633877014418445],[126.73503749092724,37.63339150848633],[126.73547915205616,37.63308664185496],[126.7369290785558,37.631885468416534],[126.73790142691422,37.63102647377813],[126.73918913187364,37.630130890078036],[126.7400027819238,37.62965203425985],[126.74094124054956,37.62917559278077],[126.7417477018208,37.628825872948624],[126.74243134008526,37.62861157405087],[126.7414699328497,37.627251624227746],[126.74227309323207,37.62677252210663],[126.73977359632696,37.62398868834116],[126.73959837194724,37.62374268412393],[126.73934999936084,37.62331497020879],[126.73915847771113,37.62286912835026],[126.73890338751787,37.622075980033564],[126.73886979674842,37.62165568932207],[126.7367055992787,37.62415393902528],[126.732994286989,37.628858345423325],[126.7324792775247,37.62942741828143],[126.73191258141502,37.629964611328155],[126.730906412119,37.63075047303256],[126.72979041439118,37.6314361459081],[126.72904397294238,37.63180938375236],[126.7257646253012,37.63326733771146],[126.72677321145493,37.634741542075105],[126.72040346769793,37.63756269059212]]],[[[126.73628247417977,37.633760407091515],[126.73623395530572,37.63427569214788],[126.73783654952427,37.63355263843803],[126.73841306559797,37.63320137353084],[126.73889695543318,37.6328101666175],[126.7391830603158,37.632506083978285],[126.73943036750563,37.632184183248015],[126.74084232542351,37.6298360603464],[126.73984257347176,37.63038592977727],[126.73889786137379,37.63101382058785],[126.73837976234866,37.631410555430996],[126.73723550008107,37.63245803161378],[126.73666915406035,37.63306887577527],[126.73643863435018,37.63338400599435],[126.73628247417977,37.633760407091515]]]]}},{"type":"Feature","properties":{"layer":"zone_industrial","id":"zone_industrial_0281","name":"학운4 (기업지원과 확인)","category":"일반산업단지","color":"#9333ea","sido":"경기도","sgg_code":"41570","type_code":"UHA210","mgmt_no":"64100004157020110174UHA2100001001"},"geometry":{"type":"Polygon","coordinates":[[[126.60945331059942,37.61354223137404],[126.60954738432191,37.61373640683489],[126.61028618191597,37.61409266253153],[126.61360186189263,37.61552312216924],[126.61396503074478,37.61531736125387],[126.6142892753978,37.615060205976455],[126.61454030859278,37.61492047718557],[126.61537545747085,37.61457849940864],[126.61553905615473,37.61445938499557],[126.61581670049844,37.61438560183541],[126.61727511588961,37.61375634250444],[126.61910886994396,37.613166933720976],[126.62132990395628,37.60734670966426],[126.6208525034677,37.60738544450895],[126.6202212016238,37.60750276807548],[126.61959364217162,37.607663004895166],[126.61961679969795,37.607709966676396],[126.61958646455892,37.607751115240156],[126.61948348554282,37.607691308449965],[126.6191154462636,37.60776806005762],[126.61879447936182,37.60795858537788],[126.61871976589336,37.60793237691469],[126.61843001889741,37.60804155417652],[126.61831112521831,37.60797799169338],[126.61824002272844,37.60799850129628],[126.61822627050233,37.60811395286754],[126.61760629856938,37.60831429719399],[126.61473699376205,37.60911078032504],[126.61410658417812,37.609354940536754],[126.61410590293347,37.60937929169852],[126.61406363023039,37.609373999340065],[126.6135845785631,37.609603156752],[126.6128857326349,37.61001932510793],[126.61196117013017,37.6107487257016],[126.61139888495008,37.611343909304956],[126.61018581306965,37.61282338631227],[126.60973487286557,37.61326183671405],[126.60961157475784,37.61342879260941],[126.60945331059942,37.61354223137404]]]}},{"type":"Feature","properties":{"layer":"zone_industrial","id":"zone_industrial_0282","name":"양촌일반산업단지","category":"일반산업단지","color":"#9333ea","sido":"경기도","sgg_code":"41570","type_code":"UHA210","mgmt_no":"64100004157020100099UHA2100000004"},"geometry":{"type":"Polygon","coordinates":[[[126.61109663765306,37.61787784896175],[126.61113413888512,37.618244219443746],[126.61142388313641,37.61902325969535],[126.61144704564133,37.61922938925337],[126.6113522071082,37.619517477833014],[126.61122319337588,37.6197776131706],[126.61119513457619,37.62003150519788],[126.61122264848483,37.62014187552675],[126.61150594841523,37.620703308618154],[126.61190042908756,37.62105842451071],[126.61200375680306,37.62127085507394],[126.61196542726134,37.62197393928916],[126.61192639561037,37.62216022208164],[126.61166677500373,37.622897623202086],[126.61170249583898,37.62315037444541],[126.61183917368119,37.62333246231128],[126.61236967644578,37.62367288924262],[126.61257902608499,37.6235608675432],[126.6131228991361,37.62340075377579],[126.61394576393332,37.62289170573266],[126.61482966938078,37.6225361978018],[126.61507629406671,37.62250880519496],[126.61521551629633,37.62252890228175],[126.6160226616651,37.62225160895983],[126.61676577051904,37.622134294630186],[126.61732583278898,37.62212620863373],[126.61774365634524,37.62237632733045],[126.61887566552936,37.622473074078584],[126.61891469793335,37.621995954297425],[126.61902651661981,37.6214616783053],[126.6192130160729,37.621506412403946],[126.61955184420707,37.621422655798966],[126.62001382006385,37.621434295204395],[126.62050121304138,37.62134851136121],[126.62087173004441,37.621325200574915],[126.62076729078264,37.6210592291902],[126.62072884228664,37.621000100275964],[126.62067748214903,37.62098959134107],[126.6206853722968,37.620752930662476],[126.62104274332793,37.62059695337335],[126.62167337583286,37.621031272787434],[126.62179104251045,37.62116923036481],[126.62214442305316,37.62110747889867],[126.62213891569634,37.621076737944364],[126.62227373046674,37.620938601317356],[126.62241820507403,37.62057101720381],[126.62249186253874,37.62025239869816],[126.62277319086303,37.620323902367886],[126.62278171587776,37.62038502485492],[126.62287816743212,37.62041812986486],[126.62285835427355,37.6204632321755],[126.62291367165344,37.62052206314582],[126.62285109203621,37.62057745252122],[126.6228985103445,37.6206527459955],[126.62349015804566,37.62068375328246],[126.62349166253438,37.620724419109926],[126.62364967601357,37.62071752818033],[126.62378691089347,37.62090859585416],[126.6246674132817,37.6216487599783],[126.6249286657017,37.621639440003385],[126.62506671801955,37.621487408476064],[126.62546736769532,37.620856291466716],[126.62567908662362,37.62067316701741],[126.62561379035883,37.620593583123465],[126.6259324781115,37.62058207429303],[126.62642259088997,37.62062886212487],[126.62702921245511,37.6208499329596],[126.627657329181,37.621176518912385],[126.62773748191331,37.62129831436929],[126.62779064079004,37.621495075512264],[126.62767326723875,37.622065381350296],[126.62779925734768,37.622466534107545],[126.62833840013978,37.6224741867534],[126.62859214182429,37.62226821514378],[126.62907230534155,37.622154857275795],[126.63011248723359,37.62222372665869],[126.63033610808728,37.62231083376963],[126.63059282816386,37.621207766219044],[126.63061179764458,37.620672646520084],[126.6305880933149,37.62004044768636],[126.63063124952643,37.61992633964378],[126.63065309800284,37.619655214692905],[126.63065422938872,37.61883451961771],[126.63069118316974,37.61864633183819],[126.6304136591925,37.61865005441278],[126.63008403475249,37.61881263455688],[126.63005229171557,37.61879550620279],[126.62989649815022,37.618851146479095],[126.62960809642728,37.61899196138427],[126.62868008971343,37.619559350584424],[126.62840886112019,37.61957191788475],[126.62856171698387,37.61949266474377],[126.62852523435065,37.61947200719755],[126.62823382533264,37.619556318053064],[126.62699678471196,37.61960762836618],[126.62700531743987,37.61894525829468],[126.62695049751306,37.618944904111245],[126.62695203153498,37.61717142853862],[126.62682737172248,37.61668838006566],[126.62656704645264,37.61626841926549],[126.62651302917023,37.616289060171596],[126.62619477234831,37.61583539812192],[126.62663049140717,37.615723530381324],[126.62685791205489,37.61581615215196],[126.62697267722955,37.61578768521445],[126.62704185551556,37.61572501662585],[126.62724511606412,37.61564394290924],[126.62747676439294,37.61588758047408],[126.62786621691937,37.61574114423396],[126.62796419157695,37.61574073361933],[126.62906226548725,37.616038372986935],[126.62950333225459,37.61619383109584],[126.62959751189071,37.61625052904088],[126.62973869369672,37.61644423324245],[126.62978241230529,37.61642175646658],[126.62992078812053,37.61647390828631],[126.63020028535063,37.61661840360494],[126.63027658020684,37.61674144665761],[126.63057019335434,37.617054377897844],[126.63061697491287,37.61716777760591],[126.63060407201142,37.617279908547],[126.63098631729154,37.6171526932488],[126.63091304305337,37.616883990361025],[126.63047649054701,37.615706907988354],[126.6302955177081,37.615360805508814],[126.63003583619508,37.615008787862834],[126.62970242412437,37.614677196741894],[126.62902000484806,37.61408374302941],[126.62852976443276,37.61370566761885],[126.62767562768641,37.61318930037414],[126.62674690172004,37.61269729575393],[126.62679316555905,37.61253522184731],[126.62698731814167,37.61228122220018],[126.62707937281145,37.61210528329283],[126.6271034120663,37.61198661085034],[126.62699031652721,37.6119317429124],[126.62693493588058,37.61175065104973],[126.62679903642002,37.61159083686826],[126.62571197538375,37.61107751763906],[126.62529148545879,37.610936706729554],[126.62564545002753,37.60978098040651],[126.62622049276118,37.60844080520202],[126.62624787573291,37.60796769007798],[126.62278806089392,37.60739774413237],[126.62215924735357,37.607342332701265],[126.62220251919646,37.607367086478014],[126.62139754496262,37.6071715703583],[126.61910886994396,37.613166933720976],[126.61727511588961,37.61375634250444],[126.61581670049844,37.61438560183541],[126.61553905615473,37.61445938499557],[126.61537545747085,37.61457849940864],[126.61454030859278,37.61492047718557],[126.6142892753978,37.615060205976455],[126.61396503074478,37.61531736125387],[126.61332833507764,37.61567511831895],[126.61306555275752,37.61565569353633],[126.6128506596093,37.616032044280885],[126.61230408246826,37.6165255992293],[126.612045199297,37.616800443611],[126.61151419838615,37.617497486442915],[126.61109663765306,37.61787784896175]]]}},{"type":"Feature","properties":{"layer":"zone_industrial","id":"zone_industrial_0283","name":"일반산업단지 (경기도 41570)","category":"일반산업단지","color":"#9333ea","sido":"경기도","sgg_code":"41570","type_code":"UHA210","mgmt_no":"40900004157020240179UHA2100001000"},"geometry":{"type":"Polygon","coordinates":[[[126.58499101208021,37.608641263727236],[126.58500065193952,37.60874040509607],[126.58788422723707,37.61228849794377],[126.58795203139883,37.61233612687721],[126.59067830700367,37.6157246666338],[126.59091499182749,37.616122369838955],[126.59078198229528,37.616726461119896],[126.59060885881665,37.61708642855375],[126.59029834244062,37.617487542060005],[126.58939362167473,37.61840283951202],[126.58935858007378,37.61857462306875],[126.58938722875044,37.61874023213729],[126.58958655807459,37.61901104024193],[126.59118848934425,37.618148532210085],[126.59461302695597,37.616381847509295],[126.59563018188787,37.61592983530618],[126.59649347827755,37.61563683100729],[126.59761111260744,37.61535171872991],[126.59784315770779,37.615357197761405],[126.5992199104169,37.6152011650509],[126.59935986700694,37.61516569315423],[126.59947729102505,37.6150868975149],[126.59951027822666,37.61495546748935],[126.59943131389751,37.61443344362712],[126.5976946518373,37.61382748224068],[126.59719439056389,37.61354555700049],[126.59697215780803,37.61338774637367],[126.5968805983436,37.61328123449535],[126.59685076611952,37.613172492575785],[126.59688100441333,37.61298679707665],[126.59720358184545,37.61140216738461],[126.59715992594842,37.61127373687662],[126.59707489727938,37.610524220985525],[126.5970433584669,37.61055926898107],[126.59662351516556,37.609189931467284],[126.59656103814187,37.60918279761179],[126.59626260623418,37.60863149302212],[126.59447438271766,37.60717134358638],[126.59444902238876,37.607190717209015],[126.59424631631315,37.60702243627153],[126.59392655445815,37.60682546012768],[126.59356227810618,37.60669238868032],[126.59184748645178,37.606336059152305],[126.5909770969227,37.60634934239535],[126.5908091085721,37.606418493504385],[126.59060816136888,37.60642644342766],[126.58538747648699,37.60866725893905],[126.58527848349759,37.60851262751183],[126.58499101208021,37.608641263727236]]]}},{"type":"Feature","properties":{"layer":"zone_industrial","id":"zone_industrial_0284","name":"학운3-1일반산업단지(투자유치과 문의)","category":"일반산업단지","color":"#9333ea","sido":"경기도","sgg_code":"41570","type_code":"UHA210","mgmt_no":"40900004157020250281UHA2100003001"},"geometry":{"type":"Polygon","coordinates":[[[126.60850675540243,37.60724626803281],[126.60853535254479,37.6073148735319],[126.60850796244885,37.60765614439769],[126.60855137794091,37.608825990889294],[126.60865580601849,37.609280728037795],[126.60864908043027,37.60948927269099],[126.6087241334434,37.61028181411376],[126.60874792159436,37.610384307262265],[126.60882591168526,37.610476412315194],[126.60887874472643,37.61065962143189],[126.60957499859474,37.60975000353496],[126.6100506954795,37.60920186057559],[126.6128268549235,37.60614253446191],[126.61275996337541,37.60613081767848],[126.61278987879741,37.60610345443208],[126.61268772644047,37.60607125037361],[126.61189369810307,37.605953703123184],[126.61157242775018,37.60586190469169],[126.6107290889531,37.605548566534054],[126.61060029976409,37.60545843874828],[126.61031526179852,37.60534052945423],[126.60978891292129,37.60515011903244],[126.60922852047555,37.604992875210264],[126.60899562517348,37.604881433859276],[126.60894797521738,37.60489571804075],[126.60887002199254,37.60509931381695],[126.60861636231137,37.60600971784603],[126.6085936778321,37.60661057592107],[126.60850675540243,37.60724626803281]]]}},{"type":"Feature","properties":{"layer":"zone_industrial","id":"zone_industrial_0285","name":"학운4-1","category":"일반산업단지","color":"#9333ea","sido":"경기도","sgg_code":"41570","type_code":"UHA210","mgmt_no":"40900004157020170136UHA2100001001"},"geometry":{"type":"Polygon","coordinates":[[[126.60919075685493,37.612564628866004],[126.60917693194905,37.61296057085073],[126.6096228640353,37.61255948742609],[126.61039257279107,37.61177550677673],[126.61108521899358,37.61098038225465],[126.61158374751433,37.610477303513576],[126.61222359929363,37.60994816411038],[126.61293235635247,37.609477874609425],[126.61388956028294,37.608965798884164],[126.614394901244,37.60873938431465],[126.61595270927353,37.608252748739716],[126.61805190101025,37.60767860199919],[126.61802117355452,37.607586440329094],[126.61793983803555,37.6075399018326],[126.61768538001121,37.60753675003257],[126.61713200384948,37.60744202226719],[126.61577643394318,37.60738410851512],[126.61532501600445,37.60746112535329],[126.61499644593384,37.60741883004801],[126.61488014974074,37.607363994074205],[126.61479348108425,37.607276135157605],[126.6143963835811,37.606602461209505],[126.61435337135627,37.60662215963351],[126.61426137491263,37.60658143997989],[126.61401439239671,37.606655158141805],[126.61392911567528,37.606628966022605],[126.61385437626802,37.606553786293084],[126.61339962518508,37.606366167880275],[126.61341499899973,37.60644567560228],[126.6133546867634,37.60654948604691],[126.61067433912446,37.60937859985069],[126.61007547314775,37.610083962678154],[126.60925625184613,37.61142001230953],[126.60945540407535,37.6116914804783],[126.60948246910051,37.61184315961984],[126.6094436388449,37.61205351665965],[126.60938617832544,37.612054469990355],[126.60938848335206,37.612159044931516],[126.60922851595862,37.61215948635947],[126.6092181845414,37.612263424652895],[126.60930815139044,37.612501635406716],[126.60919075685493,37.612564628866004]]]}},{"type":"Feature","properties":{"layer":"zone_industrial","id":"zone_industrial_0286","name":"일반산업단지 (경기도 41570)","category":"일반산업단지","color":"#9333ea","sido":"경기도","sgg_code":"41570","type_code":"UHA210","mgmt_no":"64100004157020140174UHA2100001000"},"geometry":{"type":"Polygon","coordinates":[[[126.58154085969251,37.60036861457995],[126.58209413186788,37.601965221067225],[126.58201669591729,37.602001705718834],[126.58202339306997,37.602321576284744],[126.58367338657004,37.602515372958955],[126.58485637236748,37.602425132723404],[126.58513474043932,37.60232043051137],[126.5856145940898,37.60204795512258],[126.586018152859,37.601932339583094],[126.58654340444349,37.602027979192414],[126.58675100312864,37.6020029409685],[126.58674525430074,37.602446922195774],[126.58692416997161,37.60244836168838],[126.58693497982995,37.602520658006526],[126.58686079284502,37.60258418655604],[126.58659757399502,37.60295878865669],[126.58669202147496,37.60336627205568],[126.58630376114336,37.603336165640115],[126.58627370142672,37.603487784368134],[126.58621128810886,37.603551714308],[126.58626433309244,37.60370632835574],[126.58598626615205,37.60361372036652],[126.58596241042906,37.60381031958399],[126.58523458751705,37.603647380906196],[126.58517036364951,37.60381248358267],[126.58524213906212,37.60389769885286],[126.58580499499736,37.60401473742132],[126.5858773854115,37.60396922276249],[126.58597913211354,37.604041208674346],[126.58625726849087,37.60404011535256],[126.58646602533926,37.60392993943378],[126.58702462087228,37.60416210202351],[126.58708134066303,37.60426708478696],[126.58694563609926,37.604355264290525],[126.58746057006692,37.60468115319789],[126.58736180026179,37.604766309325065],[126.58728786978634,37.60508959054639],[126.58723427073365,37.605197699791916],[126.58677943777961,37.60546882794884],[126.58647124318573,37.60576290441073],[126.58634007485905,37.60580857305503],[126.58622120346098,37.60602565052399],[126.58604994289978,37.60615307650659],[126.5859469559195,37.60620172703434],[126.58570707551677,37.60624602105822],[126.58534506579574,37.606054819291515],[126.58531031933292,37.606152722983836],[126.58522844488972,37.60619261776737],[126.585365541723,37.60644501421692],[126.58523599498135,37.60672773418322],[126.58510274177604,37.60688286269026],[126.58429785289144,37.60729275722799],[126.58434678214121,37.60735266490211],[126.58443106872983,37.607307013019984],[126.58517389533583,37.60821799985706],[126.58508172313051,37.60827632819799],[126.58538747648699,37.60866725893905],[126.59060816136888,37.60642644342766],[126.5908091085721,37.606418493504385],[126.5909770969227,37.60634934239535],[126.59184748645178,37.606336059152305],[126.59356227810618,37.60669238868032],[126.59392655445815,37.60682546012768],[126.59424631631315,37.60702243627153],[126.59444902238876,37.607190717209015],[126.59472708028404,37.60697742373804],[126.59466208728412,37.606912779891296],[126.59457192404034,37.60358957689456],[126.5945990915248,37.60348767997181],[126.59439996965732,37.60351546416158],[126.59440148351682,37.60357015868435],[126.59413844249853,37.603606911897344],[126.59387113770822,37.603740144424],[126.59384504436062,37.604516606239955],[126.59387798802099,37.60458086957385],[126.59375913933637,37.604632175094636],[126.59369140908122,37.604633833127785],[126.59333541208133,37.60450051927288],[126.59330649308804,37.60454952248833],[126.59304102163021,37.6044501272449],[126.5926717737586,37.60456570540717],[126.59263765647187,37.604488463607844],[126.592281007441,37.60464003316237],[126.59172248946449,37.60463782495041],[126.59170108843215,37.604183207876936],[126.59173909452726,37.60400548702083],[126.59191535949797,37.60374751852442],[126.59189991938523,37.60356871113026],[126.59185021130637,37.60354691515891],[126.5916097405324,37.603597796311576],[126.59052307583053,37.60252185475437],[126.59250626724906,37.6018865275115],[126.59275422531951,37.60185278899948],[126.59288641018553,37.60205407452627],[126.59309959323947,37.60082065379474],[126.59320211519884,37.60083416277888],[126.59322932972918,37.60018501262302],[126.59297937427384,37.59969455655818],[126.59288308971834,37.59970034989505],[126.59272808310396,37.599407445937935],[126.59260841801971,37.59948514617692],[126.59238165980382,37.59932975262393],[126.59224826339272,37.59933010102783],[126.59180464474403,37.5990941275938],[126.58522965165474,37.59957413668566],[126.58154567196611,37.60029817529691],[126.58154085969251,37.60036861457995]]]}},{"type":"Feature","properties":{"layer":"zone_industrial","id":"zone_industrial_0287","name":"학운7 일반산업단지(투자유치과 문의)","category":"일반산업단지","color":"#9333ea","sido":"경기도","sgg_code":"41570","type_code":"UHA210","mgmt_no":"40900004157020190201UHA2100001001"},"geometry":{"type":"Polygon","coordinates":[[[126.59048746067926,37.596751907283206],[126.5906844943847,37.59695056512162],[126.59229148512561,37.598141446954585],[126.59270065958088,37.59838244387262],[126.59296678938097,37.59859351839236],[126.5933277552447,37.598952076997534],[126.59396159122436,37.599462770061585],[126.5972854958887,37.59940885273096],[126.59697192953749,37.598686960197256],[126.59724117437719,37.598494253576945],[126.59693904437228,37.598101572293665],[126.59688049684804,37.59783680845177],[126.59672874167619,37.59753096471141],[126.59645678147938,37.597335105138654],[126.59639724470912,37.59737646292001],[126.596290483236,37.59724970724842],[126.59558090225266,37.59673373857254],[126.59474428754822,37.59626480943246],[126.59394770525215,37.595726366978965],[126.59391466107363,37.5957497323635],[126.59291485149383,37.59489629272371],[126.5924464047354,37.594645468599225],[126.59131257388273,37.59433252516527],[126.59048746067926,37.596751907283206]]]}},{"type":"Feature","properties":{"layer":"zone_industrial","id":"zone_industrial_0288","name":"팔탄(한미약품)일반산업단지","category":"일반산업단지","color":"#9333ea","sido":"경기도","sgg_code":"41590","type_code":"UHA210","notice_date":"20180720","mgmt_no":"64100004159020185153UHA2100001000"},"geometry":{"type":"Polygon","coordinates":[[[126.8609248693377,37.17916588812414],[126.86133354813204,37.17926972237979],[126.8618850883714,37.17973206112384],[126.86216842800108,37.17979789175304],[126.86178416256708,37.180095649871184],[126.8621989473756,37.181066178508146],[126.86312838817204,37.18105876164333],[126.86341037884601,37.181584392005114],[126.86369538668953,37.181529922132604],[126.86405766244509,37.181572034346374],[126.86378800961447,37.18229943378436],[126.86422622381002,37.18192485447211],[126.86531916816423,37.18121996509789],[126.86517759359899,37.18115683713595],[126.86505572648517,37.1811749881229],[126.86505955921854,37.18098496171025],[126.86513261773413,37.180748971472845],[126.86492358981327,37.180473433796585],[126.86485684234702,37.18014384388957],[126.86489870543313,37.18000922164056],[126.86489090666657,37.1798875712728],[126.86481045126268,37.17971647774109],[126.864737577355,37.179431536563186],[126.86442182479874,37.17894991331068],[126.86420842752703,37.17882174455554],[126.86388087857304,37.17870075038849],[126.8638435407162,37.17862465861618],[126.86377890405656,37.17860592281738],[126.8635123934328,37.17874310359025],[126.86328685078696,37.178792605578295],[126.86319158223763,37.17876288600055],[126.86302469537705,37.17877002561662],[126.86300105635232,37.17880229152786],[126.86293336726439,37.17877166688554],[126.862769582216,37.17852967015992],[126.8627101414178,37.1785701386773],[126.8626857168091,37.178631678637096],[126.86262828920823,37.17864267621021],[126.8626685412469,37.179033237313185],[126.86113826778893,37.1786701055169],[126.86106306418125,37.178775718280086],[126.8609248693377,37.17916588812414]]]}},{"type":"Feature","properties":{"layer":"zone_industrial","id":"zone_industrial_0289","name":"일반산업단지 (경기도 41570)","category":"일반산업단지","color":"#9333ea","sido":"경기도","sgg_code":"41570","type_code":"UHA210","mgmt_no":"64100004157020195214UHA2100001002"},"geometry":{"type":"Polygon","coordinates":[[[126.59645715622274,37.59733490820955],[126.59678043678794,37.59759519250858],[126.59688085987916,37.59783668355939],[126.59693938505039,37.59810139326584],[126.59724142412739,37.598494137305245],[126.5969721344337,37.598686762684416],[126.59728563274692,37.59940867300414],[126.59745232499685,37.5994076490464],[126.59760127642572,37.5994457566717],[126.59765934800964,37.599520628415675],[126.59790127132239,37.600365302558494],[126.59808220868702,37.600608031839236],[126.59811183035211,37.60071325914006],[126.59807832117953,37.601707571396915],[126.59811470934339,37.60226898660805],[126.59819129372808,37.60238255523809],[126.59824856790354,37.60241057312072],[126.59857626073531,37.60248786993665],[126.59877252233646,37.60258234955563],[126.59878744160608,37.603390189558475],[126.59867580297278,37.603436839574655],[126.59788177369563,37.6033832846147],[126.59794213115171,37.603473750898075],[126.5977698038356,37.60374467094959],[126.59781446369523,37.604080698928925],[126.59730157421842,37.60405792369233],[126.59709943087195,37.60417306981827],[126.59721390837412,37.604267668172604],[126.59721904677174,37.60421380735437],[126.59739873575676,37.60415057952207],[126.59791416545507,37.604187499352776],[126.5985767260909,37.604471841076695],[126.59853118109362,37.60484505941232],[126.59803579374734,37.60483072619974],[126.59796275478949,37.604898977753834],[126.5980436869213,37.604954457304714],[126.59799649113772,37.6054545272824],[126.59814704780578,37.605443013897364],[126.59817974049523,37.605520961009454],[126.59707024070518,37.60634973866618],[126.59718618209364,37.60644857662682],[126.5973379054403,37.60633904202391],[126.5976421218686,37.6066078446834],[126.597717122912,37.60655618704425],[126.59809678930677,37.606592055890665],[126.59840686128754,37.606521478712246],[126.59986376231001,37.60530455017264],[126.60013683904266,37.60511204845766],[126.6010216309307,37.60592647391562],[126.60099370635277,37.60605486745058],[126.60155016295332,37.60617974687158],[126.60156800553212,37.60609825993039],[126.60205404029024,37.606546006591984],[126.60362897881252,37.6054435125873],[126.60375428060621,37.60494916344467],[126.60440524867482,37.6048718082685],[126.60459196195731,37.60490308758709],[126.60468104136741,37.60483920153043],[126.60494459816384,37.60480754410877],[126.60604908463249,37.60403218418539],[126.60620748133795,37.60403850810398],[126.60664350701805,37.604422531636075],[126.60685414673316,37.60456785202642],[126.60722908703346,37.60452183092383],[126.60734537027643,37.60462443519622],[126.60750365559352,37.604630666908065],[126.60818245562305,37.60414198858002],[126.60744451201857,37.60322353038062],[126.60615776734778,37.60182782060875],[126.60541702444822,37.60108322879372],[126.60500769596926,37.600711354354715],[126.60433128170276,37.60025904168631],[126.60384901018453,37.59999011570846],[126.60299372562548,37.599338418835444],[126.60144109392269,37.59867444331227],[126.60095362609762,37.59850207269928],[126.6007941498499,37.59839104445354],[126.59986242150471,37.59806128201653],[126.59981141005132,37.598002031292246],[126.59986058203677,37.597900009711935],[126.59983915352878,37.597858671998544],[126.5995141760895,37.59766534195691],[126.59934881069398,37.59772142311243],[126.5992237496481,37.597707356121106],[126.59895567140651,37.59755257309352],[126.59733302920492,37.596813739759526],[126.59718978746486,37.59679077877222],[126.59709122260034,37.59689435990131],[126.59645715622274,37.59733490820955]]]}},{"type":"Feature","properties":{"layer":"zone_industrial","id":"zone_industrial_0290","name":"화남 일반산업단지","category":"일반산업단지","color":"#9333ea","sido":"경기도","sgg_code":"41590","type_code":"UHA210","mgmt_no":"64100004159020260015UHA2100001000"},"geometry":{"type":"Polygon","coordinates":[[[126.67202138032252,37.15927072121991],[126.6736171366744,37.159836733156],[126.67212361855495,37.16257273797427],[126.67205145488927,37.16262147323017],[126.67222623207442,37.16267804007886],[126.67477963160178,37.15802668532746],[126.67466073968133,37.157984729141404],[126.67472080780348,37.157878147704984],[126.67128953577921,37.15665472861377],[126.66875478140233,37.16126765864452],[126.66954577260843,37.16156800605964],[126.66952397584065,37.16217579099208],[126.67017829530997,37.1626224145818],[126.67202138032252,37.15927072121991]]]}},{"type":"Feature","properties":{"layer":"zone_industrial","id":"zone_industrial_0291","name":"무송일반산업단지","category":"일반산업단지","color":"#9333ea","sido":"경기도","sgg_code":"41590","type_code":"UHA210","mgmt_no":"55300004159020260259UHA2100001000"},"geometry":{"type":"Polygon","coordinates":[[[126.8516463087574,37.184384616487094],[126.8514937215757,37.183748482840485],[126.851358909498,37.18367460648832],[126.8512239979444,37.183668128135835],[126.8506879777142,37.18391999241802],[126.85034213260391,37.18440155750216],[126.85020827613948,37.18465030973479],[126.84996465469786,37.184581482851314],[126.8485701580216,37.18455285805645],[126.84850612565307,37.1845130662815],[126.84830186405397,37.18448405898138],[126.84818070780015,37.184524755713724],[126.84803875526434,37.18463577007666],[126.84803328637776,37.18473384188584],[126.84790027694463,37.18485503146341],[126.84778173743797,37.1850489360751],[126.84725079073168,37.18554230773471],[126.84720330188223,37.18576821026065],[126.847170504696,37.18578061099409],[126.84759280122685,37.18655206828826],[126.84740913394647,37.186660982286966],[126.84743988478472,37.18673027667065],[126.8472914683342,37.18764718617104],[126.84729116870128,37.1877945518299],[126.84842270098908,37.187860290726654],[126.85175480052672,37.18793979515523],[126.85176085272326,37.18785769950395],[126.85197406988922,37.1877480862267],[126.8520036922939,37.18681525269003],[126.85180917284343,37.18658243810195],[126.85082845473661,37.186221614575224],[126.85089646389525,37.18605789085134],[126.85117088804984,37.185736746067924],[126.85127799046474,37.18574124296821],[126.85144105793215,37.18561230264532],[126.85145692399864,37.18553922085754],[126.85181470137289,37.185413148465294],[126.85183935851985,37.185370614186844],[126.85192325615029,37.18534340040491],[126.85195029180434,37.18536250067025],[126.85201423745696,37.185144717381704],[126.8519226466683,37.1847787139121],[126.8516463087574,37.184384616487094]]]}},{"type":"Feature","properties":{"layer":"zone_industrial","id":"zone_industrial_0292","name":"하저 준산업단지","category":"준산업단지","color":"#8e44ad","sido":"경기도","sgg_code":"41590","type_code":"UHA500","mgmt_no":"55300004159020240018UHA5000001000"},"geometry":{"type":"Polygon","coordinates":[[[126.88280150667234,37.18196511078863],[126.88268199488243,37.1820055831783],[126.88250763787015,37.18196874460421],[126.8827912952919,37.18166120439451],[126.88278933707883,37.18158125251854],[126.88286319153353,37.18149269948752],[126.88275000595115,37.181103694134734],[126.8828005298697,37.180912488468955],[126.88299247402371,37.18079823858026],[126.88306024571364,37.180803946897676],[126.88303280412656,37.18047833503057],[126.88243519918822,37.18039417291374],[126.88220178147178,37.180558072918814],[126.88220006593994,37.1808397926378],[126.88235186980074,37.18110966486416],[126.8817870091834,37.18123172805177],[126.88123110830679,37.18110666742142],[126.88117888343774,37.18112522102662],[126.88074267690952,37.180987304506004],[126.88058987782915,37.181006458128664],[126.88023063178944,37.18073453338562],[126.87964579926641,37.18037618158464],[126.87954319662938,37.18035719908513],[126.87952779504468,37.18042505011593],[126.87964234120447,37.18146338162118],[126.87922064274612,37.18128879279536],[126.87897360140104,37.18109657850599],[126.87877554527692,37.18089858466595],[126.87864716469633,37.180636688393726],[126.8785283058667,37.180579943290354],[126.87835623847853,37.18068981850596],[126.87806802537509,37.180784723279594],[126.87789682866418,37.18093318157224],[126.87886728692837,37.181687429310266],[126.87909490112574,37.18200719398037],[126.87955470577762,37.18209431276961],[126.87927944898401,37.1823439886239],[126.87903374614257,37.18339215709628],[126.87956791595005,37.183628187573966],[126.87969699117123,37.18350468769484],[126.87976086173461,37.18354972458242],[126.87979776600716,37.18348637384833],[126.87985789832369,37.18346085487641],[126.8798663202519,37.1834127386099],[126.88002788848955,37.18333564859855],[126.88010307394336,37.18326291205535],[126.88014013462688,37.18327046475083],[126.88024244926591,37.183408763058765],[126.88042010664071,37.18329130405534],[126.88064683712156,37.18335999706867],[126.88070208067744,37.18351889895237],[126.88054129862945,37.18358337602773],[126.880647557066,37.18372804840634],[126.88060365335122,37.18400045313699],[126.8803644117143,37.1842617376098],[126.88027665916916,37.18431935990632],[126.880318604686,37.18435009246411],[126.88036144382244,37.18432196053859],[126.88046635838771,37.18439882792368],[126.88050101781766,37.18438009451987],[126.8808558892734,37.184418822950974],[126.88090865955722,37.184306606248875],[126.88090825985078,37.1838567492359],[126.88190144515973,37.18355312097003],[126.88209202650977,37.183386853785734],[126.88206504348922,37.18333709781281],[126.88214220483873,37.183309954938764],[126.88239298440456,37.183354466715734],[126.88245997428552,37.183393342125626],[126.8824919340185,37.18345818653164],[126.88252346490343,37.18315029443052],[126.88247997603479,37.18322023506844],[126.88240083897912,37.183257837331674],[126.88219081607696,37.18321978207066],[126.88210124103901,37.183149085805674],[126.88197539084398,37.18290111695273],[126.88182824292244,37.182897922888834],[126.88181045661486,37.18286510681455],[126.88208490221105,37.18254720601189],[126.88214347857208,37.18241456783696],[126.88220799832453,37.182383699866556],[126.88222099375359,37.18211881412584],[126.88238993425588,37.18203374501678],[126.88267404480997,37.18210597888302],[126.88275666480843,37.18217338794596],[126.88280150667234,37.18196511078863]]]}},{"type":"Feature","properties":{"layer":"zone_industrial","id":"zone_industrial_0293","name":"일반산업단지 (경기도 41590)","category":"일반산업단지","color":"#9333ea","sido":"경기도","sgg_code":"41590","type_code":"UHA210","notice_date":"20220112","mgmt_no":"55300004159020220030UHA2100001000"},"geometry":{"type":"Polygon","coordinates":[[[126.90555678179702,37.071925423629],[126.90580912519522,37.072502596827064],[126.90571875999647,37.072985259932],[126.90573417051638,37.07326772889407],[126.90584578705266,37.07334192245209],[126.90605150615833,37.073396242107655],[126.906365605939,37.07342437335522],[126.90666795683829,37.07353206733277],[126.90685159075855,37.073659291042006],[126.90688672435662,37.07372893526626],[126.90685117935116,37.07381840958336],[126.90712202572826,37.07392406788281],[126.90741873730714,37.07399310882446],[126.90749148048405,37.073977037455336],[126.9075116429369,37.07402289055054],[126.90763316449457,37.07397335618112],[126.90781706061078,37.07401759061635],[126.90796839456934,37.07411347510571],[126.9080927720078,37.07411917773073],[126.90817906743307,37.07404668298353],[126.90816976006532,37.07393351105233],[126.90828000871832,37.07372233431093],[126.90840338590074,37.07360747347476],[126.90841422390531,37.07352663852616],[126.9085743588139,37.07339527182462],[126.90873276471885,37.07334427845627],[126.90872405054735,37.073278953514894],[126.908849409301,37.0732626431215],[126.90990503878892,37.0740960279824],[126.91026719374233,37.07402122143004],[126.91062012320947,37.07358193536659],[126.91098082950609,37.07351227960285],[126.91104757717804,37.073544047970685],[126.91101784511152,37.074244196983656],[126.91124122176198,37.07425426084729],[126.91129203451807,37.07440082148824],[126.91115816159092,37.074549917745756],[126.91134465384211,37.07474085988946],[126.91188253576661,37.07472892291635],[126.91229548745497,37.074519529617895],[126.91231519184318,37.074363759513176],[126.91222552162823,37.07403739882017],[126.91207091352351,37.07388111897685],[126.9118705935756,37.07359149198911],[126.91163553214592,37.07351712053626],[126.91177956698972,37.07309204450993],[126.9118555668968,37.072160996412485],[126.91210014026791,37.07214692615637],[126.91209018938937,37.07201199330801],[126.91186892873985,37.07202488274655],[126.9119119141234,37.07164611683901],[126.91178231283124,37.0715438472129],[126.91151881297694,37.071512975397575],[126.91141837777332,37.071414070441136],[126.91133353211774,37.07138790214656],[126.91132497588067,37.071310953764225],[126.91126168165428,37.07123221568745],[126.911081923879,37.07115387543442],[126.91094499545518,37.07102107124178],[126.91080168536267,37.071072998217176],[126.90932542460145,37.07072996943873],[126.90922141730441,37.07074254852881],[126.9091847207186,37.0708206873079],[126.90885131376781,37.0709760051373],[126.90831514831237,37.07049777776616],[126.90780427129468,37.07051939735442],[126.90757392824963,37.070459519675246],[126.90721102595718,37.070459231770876],[126.90721336661039,37.07066675776489],[126.90709461454092,37.07078120661397],[126.9067597470443,37.07078756245908],[126.90649636928255,37.070978080095756],[126.90565330038886,37.07081512020799],[126.90555678179702,37.071925423629]]]}},{"type":"Feature","properties":{"layer":"zone_industrial","id":"zone_industrial_0294","name":"장안첨단일반산업단지","category":"일반산업단지","color":"#9333ea","sido":"경기도","sgg_code":"41590","type_code":"UHA210","notice_date":"20170118","mgmt_no":"64100004159020225012UHA2100001000"},"geometry":{"type":"MultiPolygon","coordinates":[[[[126.84181366392697,37.10687642462136],[126.84257153484803,37.10765496583437],[126.84281173584316,37.10802868597225],[126.84297223172474,37.108374726697726],[126.84318695556853,37.10963991858109],[126.84350339237751,37.11198867689981],[126.8435269319319,37.11230155538417],[126.8434949194176,37.112492807202806],[126.84324137018824,37.113118613761884],[126.84345231219677,37.11318025711507],[126.84337615254834,37.11339181391194],[126.84346747438033,37.113572147094516],[126.84373155731483,37.11361194705201],[126.8438255992141,37.11357163269891],[126.84422591785888,37.11367893963115],[126.84442539880745,37.11367992490123],[126.84441875692991,37.113790656025294],[126.84498902225617,37.113763477357615],[126.84530861337004,37.11406395080028],[126.8458069751996,37.11426148720876],[126.84643665575364,37.11445225518657],[126.84763053629996,37.114726200042334],[126.84836889877059,37.114812395914306],[126.84865949433012,37.11420960324983],[126.84789120392402,37.11295623100616],[126.84787630767467,37.11269995100463],[126.84806402129531,37.11273254201729],[126.84845744872662,37.11184821208924],[126.84902532031022,37.11143571869921],[126.84910705342439,37.11101665178386],[126.84916571720913,37.110993029348926],[126.84912826527781,37.11076185994437],[126.84896089455967,37.11057359401619],[126.8489519394718,37.110494830053916],[126.84918154157792,37.1100575715825],[126.84920820433295,37.10983342265381],[126.84916505300626,37.109751821493965],[126.84925023144946,37.109633622000295],[126.84909802843039,37.10928823121368],[126.84906961182222,37.108983997539696],[126.84895116948722,37.1087471373022],[126.84888860885262,37.108639110057545],[126.8487898209162,37.108643758482074],[126.84875265941629,37.108605235442255],[126.84858977471895,37.108314884832474],[126.8485975616757,37.10819090928854],[126.8485601725888,37.10815382758515],[126.84853388956702,37.10785284028772],[126.84846628200293,37.10756991091308],[126.8484011683591,37.10750143654914],[126.8483591189568,37.10732062998469],[126.84843532044515,37.10707834371817],[126.84838130447767,37.10686229032432],[126.84840322128892,37.106816815181425],[126.84870497094573,37.10658238859657],[126.84886881767423,37.10639166535108],[126.84887973938766,37.10633103818322],[126.8489466793718,37.10627390711589],[126.84903625183723,37.106262939299015],[126.84910050409466,37.10619958738564],[126.84920512046733,37.10603554895784],[126.84947755221133,37.10577603328942],[126.84952161300707,37.10568301043198],[126.84951697120086,37.10564137558288],[126.84941051598523,37.105544104993],[126.84938449825532,37.10544675730642],[126.84942568785817,37.10532678914739],[126.84940533710832,37.10509591185742],[126.84945788979158,37.105088049935475],[126.84933832573849,37.10468323117627],[126.84947253563259,37.10468349342059],[126.8492242689138,37.10439402516547],[126.84924847932766,37.10438234249011],[126.8491816842831,37.10425565797233],[126.84915575479467,37.10411460898291],[126.84916908502088,37.10397451148237],[126.84931950519997,37.103743853372976],[126.84827388573704,37.103953543858744],[126.84779788254855,37.10396165909978],[126.84642809355914,37.10380750671039],[126.84642763025734,37.10375884893524],[126.84613856685102,37.103732610188686],[126.84613870057454,37.103777302874974],[126.84558942484475,37.1036996315617],[126.84541570826333,37.103710125635025],[126.8448085019207,37.103608685607306],[126.84466752863847,37.10363777464445],[126.84461217524235,37.10353110618002],[126.8444933096765,37.10351013440376],[126.84456696010314,37.10357608126522],[126.8445440328518,37.103570842801936],[126.8442775746229,37.104147257465726],[126.8440576258964,37.10453559220864],[126.84375366842065,37.10496373168182],[126.84324343395588,37.10552999779733],[126.84181366392697,37.10687642462136]]],[[[126.8412901216105,37.10632345986554],[126.84146202419468,37.106536612050775],[126.84167154377293,37.10673044193733],[126.84318653267044,37.10530249470384],[126.8434542286927,37.10500261911736],[126.8438022463624,37.104539938370344],[126.84408202834457,37.10405094519292],[126.84425504068626,37.10367408169282],[126.84418367582944,37.103694350965895],[126.84419313380687,37.103581550965266],[126.84429086330837,37.10359609750678],[126.84430826593825,37.10355827611129],[126.84402873246553,37.10354835401716],[126.84376413702661,37.10365856225798],[126.84363468362274,37.10375237041211],[126.84354297397374,37.10387262972329],[126.84346117649245,37.10387846772522],[126.84323812233863,37.10402747566052],[126.84286103472336,37.104079863938026],[126.84255952945146,37.1039780911121],[126.8423517278371,37.10409485992034],[126.84218482733559,37.10412680360056],[126.84171106032545,37.10569923401347],[126.8412901216105,37.10632345986554]]]]}},{"type":"Feature","properties":{"layer":"zone_industrial","id":"zone_industrial_0295","name":"동탄일반사업단지","category":"일반산업단지","color":"#9333ea","sido":"경기도","sgg_code":"41590","type_code":"UHA210","mgmt_no":"64100004159020100357UHA2101112002"},"geometry":{"type":"Polygon","coordinates":[[[127.08763434573005,37.183814562316996],[127.08769384787631,37.18335516521205],[127.08797475169979,37.1826018652725],[127.08792648054985,37.18174743726487],[127.08795064887205,37.181610550529065],[127.08768445397305,37.1785554719035],[127.08765425229866,37.178535400494816],[127.08761015273944,37.178573006245074],[127.0869777947275,37.17861509245377],[127.08677458447825,37.17865686726505],[127.08597060724188,37.17869582769364],[127.08596386447756,37.178606989174355],[127.08575599214262,37.17860857882431],[127.08576409436401,37.178704985191445],[127.08548360211738,37.17871788907596],[127.0855823309039,37.17950515468424],[127.08531702596854,37.18113822121352],[127.08542036320473,37.18130547260674],[127.08526675388678,37.18140136263706],[127.08520518478112,37.18183652196656],[127.08526163988391,37.18197127877183],[127.08546527780844,37.18220540698539],[127.08509932816298,37.182960022531695],[127.08517239909605,37.18294573441393],[127.08530983770237,37.18299023913214],[127.0852919099394,37.18297024856065],[127.08611625205909,37.18327782097079],[127.08608652197967,37.183278022404984],[127.08763434573005,37.183814562316996]]]}},{"type":"Feature","properties":{"layer":"zone_industrial","id":"zone_industrial_0296","name":"아산국가산업단지","category":"국가산업단지","color":"#6d28d9","sido":"경기도","sgg_code":"41590","type_code":"UHA100","mgmt_no":"16130004159020140056UHA1000001000"},"geometry":{"type":"Polygon","coordinates":[[[126.748856881994,37.03745881395842],[126.74952645496569,37.03816578232567],[126.74967253487549,37.038279978314506],[126.75242796718696,37.03943227580642],[126.75450778186065,37.03977222562755],[126.75561080455782,37.04003806055616],[126.7575782291152,37.040784158897026],[126.75820017188096,37.04077659630552],[126.76173784437017,37.04056890181151],[126.76220007939379,37.04022556419744],[126.76242650810475,37.039973244252444],[126.76262910989205,37.03981299199972],[126.76265931131817,37.03974156212162],[126.76291013978582,37.039485559919704],[126.7630003463434,37.03932253094961],[126.76293722675985,37.039270583686786],[126.76386271054673,37.03856253481645],[126.76471999974692,37.03779161924745],[126.76499556225643,37.03740606133093],[126.76534279202806,37.03704793873524],[126.7656202914613,37.0368482644253],[126.76648425997456,37.03611176989713],[126.76716764867209,37.03564573747983],[126.76738362077187,37.03536654436906],[126.76756132911845,37.03502596675408],[126.7678180091709,37.03477555208149],[126.7685799442872,37.03484586464393],[126.76866244416917,37.03491885987995],[126.76898784645829,37.034949683697235],[126.76986522184697,37.0351285495584],[126.77099989758099,37.03529997960525],[126.77122416901544,37.03539773037628],[126.77126635463291,37.03549710992848],[126.77134849993267,37.03553970958209],[126.7711936746241,37.03611654322608],[126.77120757096719,37.03616730031935],[126.77125815588106,37.03620245002099],[126.77219427820964,37.03629920820008],[126.77220546149275,37.035746001119854],[126.77298649790838,37.03578544270463],[126.77356806323625,37.03577663143796],[126.77587449433176,37.03566615306577],[126.7769622501764,37.03587737223108],[126.77757679228593,37.035815188397244],[126.7782793069824,37.03587940653659],[126.77860232594774,37.03595930772254],[126.77917204574456,37.03604291434707],[126.78051655098963,37.036464512538345],[126.78069648665648,37.036538744079294],[126.78090209485764,37.036725467351765],[126.78105750016478,37.036821260348574],[126.78115701131676,37.03684667507389],[126.7813566209733,37.03681091273057],[126.78165426985493,37.03668729738314],[126.78198737757232,37.036661873193395],[126.78383295720016,37.036855578506966],[126.78417777477377,37.036704650869666],[126.78480031188288,37.03655846473265],[126.78512643314106,37.036617989690335],[126.7851473454645,37.036576128154465],[126.78535193075957,37.03656848148138],[126.7853654174513,37.036648160465944],[126.78547970056675,37.03665710892768],[126.78607974612835,37.03687229353639],[126.78624695921127,37.036884761394994],[126.78688834702072,37.03678905831086],[126.7872094355902,37.03680054151403],[126.78742433403116,37.03648249192576],[126.78742736045949,37.03640536595211],[126.78747742794427,37.036343255529694],[126.78754056236401,37.03635896687237],[126.78772234168903,37.03653567858551],[126.78771207008387,37.03813490262799],[126.78779333789109,37.03833850113379],[126.78774870785617,37.03856561599445],[126.78754243389993,37.038572380698795],[126.7871960707256,37.03897666849846],[126.78725627117902,37.0390372478636],[126.78742071201859,37.03907004616426],[126.78764230847334,37.03923131336998],[126.78822791791573,37.03922013085037],[126.78913431267223,37.039345139687505],[126.78942004927437,37.03932887284398],[126.78992489950095,37.03921204958034],[126.79004924338504,37.039120938994586],[126.7902044902269,37.0387971014491],[126.7902167765758,37.03870345732426],[126.78994747512318,37.03833899114365],[126.78995603507715,37.03820300822458],[126.79008989709031,37.03802286200144],[126.79033301848627,37.03786833824409],[126.79031688038543,37.03768479801693],[126.7899845818353,37.03729222354503],[126.7909984022818,37.037212317489406],[126.79108000782797,37.03708043772734],[126.79129400994957,37.03707793359759],[126.79156100054392,37.036878026727486],[126.79005026991288,37.036886012969816],[126.7900680470233,37.03648213183506],[126.78989718812986,37.03648339513838],[126.78990408777392,37.03626925056286],[126.79021953065512,37.0360703521622],[126.79022125747188,37.03601502964592],[126.79031678242093,37.03603165319387],[126.79033219441648,37.03600643268848],[126.79028715750263,37.03596567831341],[126.79030651854958,37.03529367799869],[126.79041535896792,37.035055376875235],[126.79060623089741,37.035046480298085],[126.79060635512965,37.034838964459524],[126.79045990815081,37.03479698463295],[126.79068499444367,37.03412050206198],[126.79057955607999,37.03391378978376],[126.79067357020449,37.03333348843616],[126.79067470643933,37.03003530785482],[126.79064931335901,37.03003291996019],[126.79063098559028,37.029914036368574],[126.79064443228303,37.02980647259812],[126.7906852903,37.02978428877795],[126.79067870376743,37.02936158549116],[126.79148523774607,37.02885535309721],[126.79222049283642,37.028272939221864],[126.79259158165176,37.028103381026426],[126.7925194855369,37.028214536172186],[126.79258644654354,37.02824258722387],[126.79420547278498,37.02738114741976],[126.79408972504818,37.02736172536547],[126.79471541373029,37.026871806351195],[126.7950768553651,37.02671188298501],[126.79495891828057,37.0266753646758],[126.79538341971754,37.02639776225554],[126.7954025388014,37.025589652921546],[126.79487203002704,37.02643652003982],[126.79297143258785,37.02745771189646],[126.78952588109017,37.0297505959464],[126.78928624889515,37.02983928341085],[126.78895641563308,37.0299111390914],[126.77131837835033,37.029878598562384],[126.76911599630745,37.02970490531872],[126.7678672217759,37.02986401502463],[126.76747024068833,37.03011120693984],[126.76709760371487,37.029925725350594],[126.76684214189993,37.02987602212532],[126.7666330512336,37.0285342142608],[126.7661654152037,37.028533927594744],[126.76601942314637,37.028469373754824],[126.76588310299113,37.02853370982547],[126.76482747579158,37.02852994227826],[126.76482789328662,37.02849317949704],[126.76471460162779,37.02849541342127],[126.76471502661552,37.02858660244799],[126.76644868330327,37.028588661259555],[126.76658205517758,37.02863856523996],[126.76672382002745,37.02954741159033],[126.76667793448276,37.02955401574455],[126.7666869259971,37.02959765427862],[126.76406189028567,37.029596062451745],[126.76399594927823,37.02956827669764],[126.76399924175692,37.02947457213214],[126.76395889886125,37.029473265932495],[126.76396087785228,37.02846236071639],[126.76389344635597,37.0284624059383],[126.7638896896719,37.02986333521072],[126.75113061039531,37.02983671491662],[126.75072970500968,37.02985270939094],[126.75039978204708,37.02991011265153],[126.7500933789657,37.030029621408],[126.7497220269994,37.03022710521029],[126.74942716942607,37.03045376475186],[126.74908377153358,37.03085977707953],[126.74891577590462,37.03128295775886],[126.7488753074781,37.031651913113805],[126.74888915328731,37.03735314241422],[126.74885599367823,37.03735374761926],[126.748856881994,37.03745881395842]]]}},{"type":"Feature","properties":{"layer":"zone_industrial","id":"zone_industrial_0297","name":"경기화성바이오밸리","category":"일반산업단지","color":"#9333ea","sido":"경기도","sgg_code":"41590","type_code":"UHA210","notice_date":"20170303","mgmt_no":"64100004159020175053UHA2100000000"},"geometry":{"type":"Polygon","coordinates":[[[126.75949512250284,37.16635191887801],[126.75949907152673,37.16663179238126],[126.76030211336672,37.168188799920614],[126.76008703721818,37.16862501861238],[126.76011448069791,37.16877933383756],[126.76046406447199,37.16956836272389],[126.76031147969603,37.16986152338297],[126.76032377374759,37.16992570296923],[126.76044309362128,37.170080655554095],[126.76035973920396,37.17041387344206],[126.760373341749,37.170562393695576],[126.76044874110498,37.17064580384625],[126.76036064195604,37.171235359946564],[126.76045269414018,37.17157073672215],[126.76043336120382,37.17195355226077],[126.76053026821985,37.17225325735523],[126.7608059065899,37.17271892891674],[126.76094853806369,37.172835363469524],[126.7610742992133,37.1728782382021],[126.76125086177957,37.172875974243695],[126.76142969807586,37.172756497444546],[126.76162062836791,37.172732736031286],[126.76235637354613,37.17294306771234],[126.76259577050777,37.1746348152684],[126.76269771338713,37.17480153415357],[126.76274860312418,37.175021852471374],[126.76337656717246,37.17480900932525],[126.76344361750259,37.17490005964022],[126.7636127927469,37.17499645093846],[126.7637941831181,37.175036181659706],[126.76419797805293,37.17532325344486],[126.76436304421948,37.175326278010814],[126.76456050465474,37.17538028526146],[126.76493224554368,37.175620607221084],[126.76554606265042,37.17576355662636],[126.76560588157658,37.17575502567505],[126.76617634152997,37.17604187272032],[126.76640418131637,37.17624991704504],[126.76659497699197,37.1763447250822],[126.76770534743935,37.176314735626875],[126.7683205228365,37.17638198544115],[126.7689273831009,37.17651732584193],[126.76894407450291,37.176472126070124],[126.76902698653052,37.176423902564046],[126.76921722810474,37.176480230612725],[126.76957570522882,37.17646155125148],[126.76992909176832,37.1764873725516],[126.77028759317196,37.17646068078118],[126.77078594574259,37.17624989717554],[126.77099178644873,37.176212715112314],[126.77170606243561,37.17616246341356],[126.77215658578729,37.17624243908538],[126.7729548741707,37.176192522635716],[126.7734084229601,37.176045705969536],[126.77368851879496,37.17587900151996],[126.77397602868102,37.17586802050223],[126.77460147871862,37.175546356709226],[126.77463866581935,37.17549930316703],[126.7750763827592,37.175334879368144],[126.77534203726213,37.17532664651465],[126.77564971175578,37.175198464725234],[126.77590455540427,37.17519039021417],[126.77608361167653,37.17476353567223],[126.77616586401736,37.17463195906217],[126.77638193151219,37.17440557623368],[126.77640765940109,37.17431119539412],[126.77609446117847,37.17352578818364],[126.77590848655785,37.17290227917038],[126.77591772531296,37.17251781995306],[126.77606467440961,37.17197693065068],[126.77664305214223,37.17202747898262],[126.77740355323704,37.172254983302125],[126.77754307802174,37.17221154627792],[126.77791370053706,37.172072034165694],[126.77811930733645,37.17195627692179],[126.77831028523205,37.17179903458103],[126.77845926271928,37.171561618787386],[126.77860685271682,37.17164677513699],[126.77886640276938,37.17129683670853],[126.77906125711121,37.17092615129303],[126.77909975818731,37.17069411372858],[126.7790401018368,37.170495410888726],[126.7792150302225,37.169615136326925],[126.77911596985358,37.1686775094434],[126.77916455508245,37.16861938390723],[126.77750152885233,37.16520365893208],[126.77192137496851,37.16519280937565],[126.7656295742051,37.16575957565218],[126.76174150292907,37.165811314794865],[126.76089818920327,37.16578366453241],[126.7608194350501,37.16562338840425],[126.76080753285724,37.165432161857524],[126.76075782156803,37.16534456912801],[126.76036332715823,37.16494686447364],[126.76011667365123,37.16493889266456],[126.75995440587857,37.16498352434671],[126.75971974825262,37.1652071454947],[126.75962015574042,37.16536886059012],[126.75950377402948,37.16567948453488],[126.75956227727106,37.1662262697182],[126.75955141684663,37.16635203382036],[126.75949512250284,37.16635191887801]]]}},{"type":"Feature","properties":{"layer":"zone_industrial","id":"zone_industrial_0298","name":"동방일반산업단지","category":"일반산업단지","color":"#9333ea","sido":"경기도","sgg_code":"41590","type_code":"UHA210","mgmt_no":"55300004159020240431UHA2100001000"},"geometry":{"type":"Polygon","coordinates":[[[126.85886032684023,37.13119325157069],[126.85924950256067,37.13025606362948],[126.85917005951421,37.130198003424624],[126.85908394610559,37.13004230586462],[126.85907053561435,37.12993219887548],[126.85916109265942,37.12984226522633],[126.85851417992448,37.129388940951216],[126.85724140129678,37.12963125151322],[126.85581524777497,37.12931757136441],[126.85528265805452,37.129403588161],[126.85495419190062,37.12949085523062],[126.85460139297007,37.13026617271585],[126.85466112996016,37.13053265255753],[126.85483777355336,37.13071018075764],[126.85511493100996,37.13074425879678],[126.85557858615537,37.130683865043046],[126.8556441711357,37.130872257165954],[126.855679966837,37.131242986062034],[126.85573761808031,37.13143753157032],[126.85584866885746,37.13172608660852],[126.85600635216865,37.13191697941033],[126.85574594223759,37.131985148681146],[126.85580711701363,37.13212081455507],[126.8558874087404,37.13209980149699],[126.85612242710886,37.13215090940444],[126.85633425064043,37.132396895531734],[126.85664473126438,37.13222185803467],[126.85678709911755,37.1322305288512],[126.85692424344174,37.13238801127873],[126.8570005132003,37.13260600625791],[126.8571321778154,37.132728016256095],[126.85728779962668,37.13308881663297],[126.85738176487047,37.13348953063408],[126.85759596167377,37.13341941849904],[126.85806017635045,37.13296287623546],[126.8581651944786,37.132953226817314],[126.85817878292882,37.13324304935292],[126.85876567246783,37.133200083327104],[126.85881878781622,37.13302825312989],[126.8587956025774,37.13299932840938],[126.85881877628084,37.132986444193705],[126.8588231461399,37.13255908836382],[126.85963640416922,37.13244926168432],[126.85946665863707,37.13229399597204],[126.8592008923001,37.131960187981136],[126.85918567322337,37.13186008057491],[126.85886032684023,37.13119325157069]]]}},{"type":"Feature","properties":{"layer":"zone_industrial","id":"zone_industrial_0299","name":"장안첨단지방산업단지(1단지)","category":"지방산업단지","color":"#7e22ce","sido":"경기도","sgg_code":"41590","type_code":"UHA200","notice_date":"20170214","mgmt_no":"15000004159000000000UHA2000000004"},"geometry":{"type":"Polygon","coordinates":[[[126.8318013066916,37.109138653966625],[126.83392247185576,37.11223847904471],[126.8343845418637,37.112968329730556],[126.83441807957477,37.113015177901],[126.8344476885048,37.11299644158891],[126.83456773238899,37.113157548465416],[126.83514270998882,37.11282204598517],[126.83539430287955,37.112720200796595],[126.8355719695869,37.11270382504658],[126.83577539743406,37.112751054623104],[126.83610178863437,37.11275142025144],[126.8367752112024,37.1125728671032],[126.83936481642284,37.11644179052479],[126.83975750153874,37.11638628112145],[126.84009783014739,37.116294837101066],[126.84155674632623,37.115435367753705],[126.84230093563146,37.11478590531257],[126.8426712298972,37.114348542274875],[126.84281189488065,37.11409965141549],[126.84346487166712,37.11260476858284],[126.8435269319319,37.11230155538417],[126.84350339237751,37.11198867689981],[126.84298935783193,37.1084704419456],[126.84281173584316,37.10802868597225],[126.84257153484803,37.10765496583437],[126.84163449837136,37.10669236734444],[126.83947633547189,37.10824853887689],[126.83918985722745,37.1083747457275],[126.83890595519614,37.10845319934717],[126.83758365395633,37.108421373610966],[126.83705336169871,37.108502095006976],[126.83603980628423,37.10876433457288],[126.83557623710792,37.108839555880756],[126.83495948471125,37.10889248441449],[126.83482887371723,37.10894077780893],[126.83461699453683,37.10895588789254],[126.83393958753074,37.108912582878396],[126.83318712679109,37.10892647475751],[126.8318013066916,37.109138653966625]]]}},{"type":"Feature","properties":{"layer":"zone_industrial","id":"zone_industrial_0300","name":"일반산업단지 (경기도 41590)","category":"일반산업단지","color":"#9333ea","sido":"경기도","sgg_code":"41590","type_code":"UHA210","mgmt_no":"55300004159020150570UHA2100001000"},"geometry":{"type":"Polygon","coordinates":[[[127.02179886626413,37.14652812233368],[127.02199572359727,37.1469059000118],[127.02218320312812,37.14714716944921],[127.02237274778416,37.147526119105315],[127.02281944707751,37.147718955052],[127.02316609406695,37.14795866238344],[127.02348827878517,37.148065918464],[127.02400024586284,37.14817539043433],[127.02426667623662,37.148156507568316],[127.0245048763803,37.148214038863884],[127.02468415985572,37.14819252284183],[127.02475301202978,37.14822120789026],[127.02511289356185,37.14824354594449],[127.02596414411941,37.14818992289606],[127.02676236461794,37.1482361326874],[127.02703682064858,37.148218449295584],[127.0279262238946,37.14854038075718],[127.02864764200018,37.14791031877062],[127.02891911826075,37.147531543767755],[127.02922948292638,37.14731026308747],[127.02931257079905,37.147358089536205],[127.02969991098382,37.14800747696012],[127.03015102397815,37.14760955395678],[127.03078097921113,37.147470007158525],[127.03125299743775,37.14672778240709],[127.03096884080121,37.1457188541037],[127.03107094615878,37.145466263465856],[127.03104201875118,37.14488779447662],[127.0308742049362,37.144331345618305],[127.0311794881373,37.14397201958591],[127.03175679208975,37.14298666172992],[127.03173881159383,37.142492168077176],[127.03163202106222,37.14221090432067],[127.0315929700296,37.142195551272984],[127.03179845866603,37.14154382981435],[127.03163487895195,37.14138541217621],[127.03146827531639,37.14149158953727],[127.03105846413882,37.14162015565926],[127.03048938205478,37.14170165231927],[127.02849574767076,37.141471984857574],[127.02726641873231,37.141591341664665],[127.02660941255266,37.1415555215662],[127.02613161493012,37.14145404599036],[127.02582702564438,37.141351947389914],[127.0233061689727,37.140318505432575],[127.02308938373213,37.14059389819797],[127.02247379630657,37.14113073048141],[127.02235626102491,37.14130606025936],[127.02257796369624,37.14153731257058],[127.02297497002662,37.14212916159124],[127.02260991667835,37.14485666216252],[127.02306250783505,37.14547754159035],[127.0230252136022,37.14614054330329],[127.02298637063423,37.14622508715364],[127.02288270519557,37.14623288198315],[127.02269085941757,37.14635850520985],[127.02218394311468,37.1465576103225],[127.02179886626413,37.14652812233368]]]}},{"type":"Feature","properties":{"layer":"zone_industrial","id":"zone_industrial_0301","name":"발안지방산업단지","category":"지방산업단지","color":"#7e22ce","sido":"경기도","sgg_code":"41590","type_code":"UHA200","mgmt_no":"15000004159000000000UHA2000000005"},"geometry":{"type":"Polygon","coordinates":[[[126.89215765278995,37.08087900417994],[126.89917935711941,37.08875233464051],[126.89973915204482,37.08851918903785],[126.90011126346137,37.08848463664793],[126.9005184525274,37.08829107559181],[126.90075778426144,37.088250001494906],[126.90112376424631,37.08805325863491],[126.90160834394102,37.08793490783563],[126.90173926626223,37.08801836623562],[126.90191364938937,37.08849679629395],[126.90412706483075,37.08776850394165],[126.90399794467204,37.08741788484846],[126.9043921977688,37.08686072136823],[126.90475408501996,37.08680965659181],[126.90544691288441,37.08663063808654],[126.90590315191095,37.086856272173755],[126.90618575463039,37.08706734809459],[126.9065028736655,37.08719978829156],[126.90679623374491,37.087969736885434],[126.90742665893004,37.088434438546805],[126.90762942942656,37.08881601858608],[126.90760351483215,37.089217511095136],[126.90768954271857,37.08937638225174],[126.90792711379281,37.08957774091386],[126.90805385431547,37.08959396984261],[126.90828301249398,37.08974129351298],[126.90847341571241,37.0899409380131],[126.90877819221397,37.09006191891013],[126.90922021388606,37.09034997256052],[126.90953740446618,37.09043888337494],[126.91039204931174,37.09049730103149],[126.91029360267031,37.090521463912886],[126.91027151645315,37.09064921742098],[126.91035776571206,37.091042506878125],[126.9103704742474,37.09141952065956],[126.91040676375145,37.0914538789702],[126.9103745987366,37.09145061043987],[126.91030459873926,37.092139598084415],[126.91091174839865,37.092153218895426],[126.91132807984849,37.09240114775708],[126.91189076141315,37.09244933048244],[126.91268256414202,37.092691951109124],[126.91267835430514,37.09273312644451],[126.91314318741895,37.09277573343111],[126.91337402428107,37.09285006250719],[126.91350111247255,37.092960446741266],[126.91353328086475,37.0930587763584],[126.91355744755691,37.09317061594614],[126.91347866391517,37.09321101513519],[126.91362408109188,37.09332681919917],[126.91368500755031,37.09345769837362],[126.91371372834753,37.093619820491575],[126.9136768171346,37.09363466066771],[126.9137201535912,37.09380292081557],[126.91367320881236,37.09383730658353],[126.91375728742445,37.093887738120884],[126.91464664027063,37.09382883266076],[126.91465851362089,37.0937738766433],[126.91504191210554,37.09382083172374],[126.91524457359888,37.0937494350637],[126.91523046847603,37.09368977457399],[126.91562922918293,37.0935796840177],[126.91613839732058,37.09351283245628],[126.91625481041136,37.09341740373331],[126.91627930589114,37.09333974988548],[126.91558136745317,37.092833030244],[126.91492223945883,37.09252799226367],[126.9148227066463,37.0915295438263],[126.9149442542067,37.091566576107624],[126.91638219966524,37.09165402862248],[126.91710365287356,37.09154137093457],[126.9173384856264,37.09156235232964],[126.91776196250149,37.09167032890783],[126.91818591657092,37.09185723726788],[126.91877825521951,37.09183674728939],[126.91899757584842,37.09174598299014],[126.91927861216962,37.09147919372177],[126.91962530157159,37.09145159077803],[126.91984034058025,37.091365777794195],[126.919828234361,37.090907850104486],[126.91976987023848,37.090896726843226],[126.9197069487119,37.09073052775174],[126.919821547708,37.090535617049674],[126.91943760059712,37.09048849680999],[126.91933890138797,37.090436707550495],[126.91897856179116,37.090402036824116],[126.91897658081275,37.09015433365934],[126.91888644162006,37.08988512384398],[126.918763734038,37.089674280019075],[126.91867903695834,37.08936650838634],[126.91869584273526,37.089220007508814],[126.91865473493829,37.088856490545304],[126.91837442280536,37.088570027117385],[126.91786926410488,37.087681134989054],[126.91790891490147,37.08762628827695],[126.91782191163782,37.08747764182742],[126.91793931168351,37.087394917015374],[126.91813570730447,37.087172943470094],[126.91867720400627,37.08681289807729],[126.91761691219793,37.0850949989023],[126.91716647882546,37.084886083571625],[126.9172137983016,37.084811599360826],[126.91643661692356,37.0844276425122],[126.91620712777014,37.08437512598058],[126.9160625282983,37.084243917338284],[126.91580174355815,37.084118391423345],[126.91565659755324,37.084173701793524],[126.9155547036469,37.08417182587695],[126.91548314434982,37.08409851763252],[126.9152916840047,37.08403449330325],[126.9150299645614,37.08404052011415],[126.91459046831895,37.083917474188766],[126.9145179008186,37.08374324563301],[126.91407639636347,37.08340263480142],[126.91398708089329,37.083378087067466],[126.91382570302139,37.083269966539895],[126.91346626214964,37.083150967293385],[126.91327015888618,37.08299173899397],[126.91323706796395,37.082917016291425],[126.91257636743846,37.08259547420058],[126.91244390626731,37.08247931795754],[126.91196447203619,37.08190020448708],[126.91188492022265,37.08164694579452],[126.91189944786915,37.08153459425018],[126.91187005938664,37.08137355213574],[126.91166602400746,37.081014234155944],[126.9114156530515,37.080467189226965],[126.91123730688706,37.08026107066163],[126.91100101642948,37.080077974835696],[126.91096374855417,37.07992494590647],[126.91099322731812,37.07981873308044],[126.91065788979577,37.079328208341295],[126.91058220375606,37.079139738064704],[126.90618195277412,37.0800429331436],[126.9060772674335,37.08011934921006],[126.90601276859277,37.080255357798],[126.90591452165768,37.08174239263689],[126.90588030342636,37.081765522365686],[126.90591917491261,37.08179835237666],[126.90589374081392,37.082797159722766],[126.90582389100254,37.0831618534789],[126.90588209837628,37.083560079890695],[126.90570635112269,37.083886753386786],[126.90524966535396,37.08376212716579],[126.90427451904807,37.08389243638056],[126.90400864297507,37.083806707321955],[126.90384460348776,37.08350426595899],[126.90423702041464,37.08260866203569],[126.90426879757887,37.08247217712004],[126.90411159377182,37.08219046610134],[126.90384366411524,37.0814308302301],[126.90318890470469,37.08064249018416],[126.9006557860055,37.081157123010634],[126.89215765278995,37.08087900417994]]]}},{"type":"Feature","properties":{"layer":"zone_industrial","id":"zone_industrial_0302","name":"화성 송산테크노파크 일반산업단지","category":"일반산업단지","color":"#9333ea","sido":"경기도","sgg_code":"41590","type_code":"UHA210","notice_date":"20161228","mgmt_no":"55300004159020160598UHA2100001000"},"geometry":{"type":"Polygon","coordinates":[[[126.69115519641458,37.215510184195566],[126.69359860121466,37.217761976174934],[126.69363643454008,37.21794213805679],[126.6936331832896,37.218218207808526],[126.69364998461616,37.218267430156736],[126.6937538767509,37.21831396844961],[126.69378180818155,37.219442546558454],[126.6935834803035,37.21985235498131],[126.69342968919538,37.22007912484867],[126.69320234039222,37.220185603694375],[126.69306754685472,37.22014867062766],[126.69338179289011,37.22042001618722],[126.69350340814758,37.22068057031548],[126.69352628393003,37.220901348089654],[126.69340892020587,37.22121595567814],[126.69413580110923,37.22115841164918],[126.69461391573307,37.22139006481211],[126.6953959734178,37.22136293087667],[126.69575412334171,37.22141250294791],[126.69611766852127,37.221554840703966],[126.6976158677006,37.22243998116541],[126.6979240896498,37.222652118992755],[126.69797337024639,37.22265556110775],[126.69804442621408,37.222598202890836],[126.69793907961875,37.22249074547602],[126.69850436301029,37.22235718134075],[126.69925876859732,37.22238644626429],[126.69990492850374,37.22227749090258],[126.70003076668205,37.222287380276036],[126.7002206757804,37.22214011126233],[126.70042016110422,37.22204673934754],[126.70031602543355,37.22188910829886],[126.70026927409876,37.22164640292192],[126.70037877787233,37.2212443137576],[126.70057242750192,37.22078709650233],[126.70084927350202,37.22042549203054],[126.70089738264889,37.220190019637485],[126.70106889360713,37.22011183918065],[126.70082342668442,37.220096313154706],[126.70070221810171,37.220025165773535],[126.7005395571861,37.21971338074814],[126.70052282878467,37.21962190987298],[126.70055910887345,37.21944301076517],[126.7004612350597,37.21936620983155],[126.70041206348434,37.21927631438813],[126.7003171719602,37.21928547998692],[126.70018251803435,37.219238463731664],[126.69980853543392,37.218849119138625],[126.69938433940291,37.21855909291339],[126.69902076886854,37.218207868271676],[126.69886840858014,37.217875473393775],[126.69879245720355,37.21788195601777],[126.69869298787216,37.21781911563206],[126.69840745915052,37.21754313606942],[126.69833375570964,37.21744122919466],[126.6982834499789,37.21723591588983],[126.6982732638021,37.21714615536438],[126.69841583259482,37.21689196777258],[126.69864081180552,37.21683846286243],[126.69881115831271,37.216898141583705],[126.69910952066942,37.21723288267212],[126.69938206893191,37.21727507096861],[126.69966819013652,37.21716825239933],[126.6998090158573,37.21706487456003],[126.6998427585645,37.21687254365352],[126.69994703066823,37.2167703159823],[126.7001588426923,37.21642387394895],[126.70029058067202,37.21634726028851],[126.70047746774658,37.216358394658585],[126.70039619741746,37.21626071370721],[126.70040300011931,37.216065647052574],[126.70035434216784,37.21570535103633],[126.69944175888624,37.21524037994831],[126.69927459853209,37.21510861811438],[126.69928381606555,37.214947166411896],[126.69924604001375,37.214854136850875],[126.6992675514257,37.21473441660401],[126.6992115671163,37.214627861023985],[126.6990697250488,37.21450132645266],[126.69906345177235,37.21419601131936],[126.6990308726631,37.21408537963023],[126.69248654332903,37.21427119510538],[126.69178810449898,37.21435678984777],[126.69166207043806,37.21445339403342],[126.69115519641458,37.215510184195566]]]}},{"type":"Feature","properties":{"layer":"zone_industrial","id":"zone_industrial_0303","name":"주곡일반산업단지","category":"일반산업단지","color":"#9333ea","sido":"경기도","sgg_code":"41590","type_code":"UHA210","mgmt_no":"55300004159020260616UHA2100001001"},"geometry":{"type":"Polygon","coordinates":[[[126.80963366182071,37.117947575557466],[126.81016427098731,37.11830174607913],[126.81026125644445,37.1184425573865],[126.81171154800258,37.118742074002434],[126.81140510983116,37.11929272294069],[126.8110056603858,37.11961773241959],[126.81104615994278,37.11998916761696],[126.81139307218665,37.1204799797642],[126.81096817752264,37.121015092428266],[126.81058608078742,37.12132610784572],[126.81058132110132,37.1216397576028],[126.81086200039182,37.121540543493076],[126.8109074557774,37.12160047368893],[126.81136337361168,37.12157497598499],[126.81146495342144,37.12155041387963],[126.81152087462817,37.12144796338027],[126.81177948295854,37.121341052753515],[126.8119123233929,37.12122985873674],[126.81229257658065,37.121060427968764],[126.81257819814358,37.12084522477772],[126.8129373851424,37.1204348070577],[126.81338990152634,37.12000278483932],[126.8136447478582,37.119935348404674],[126.81436369197746,37.119622863837975],[126.81464969439851,37.11941292736855],[126.81564539568006,37.11881424491336],[126.81584426369808,37.118652240247705],[126.8159072569213,37.11853949061175],[126.815912953914,37.11818768219074],[126.81580712590684,37.11780718071029],[126.81576156322602,37.11778130309608],[126.81567358418293,37.11748267236548],[126.81600482720418,37.11721819942426],[126.81611562639175,37.117267345119956],[126.81613973507206,37.11721346360702],[126.81621501372258,37.11718834268276],[126.81632176963211,37.11694806259709],[126.81636125106407,37.11674495407796],[126.81646065971515,37.116693794100456],[126.81676035035498,37.1167012626295],[126.81638062113313,37.11664540858769],[126.81636725581706,37.11671408425399],[126.81600125804745,37.11665186194774],[126.81467370176243,37.11660296770067],[126.81421862512859,37.11646849697321],[126.8139802382556,37.116354433920705],[126.81366918966195,37.116080966559],[126.81269120783251,37.116013383852234],[126.81123531758851,37.116104523143925],[126.81077393863593,37.116687531200476],[126.81064755170827,37.11676733261383],[126.81050772873965,37.11717916046465],[126.81018700215856,37.117558411523625],[126.81008142479548,37.11761748556209],[126.80996310163094,37.11776486944324],[126.80963366182071,37.117947575557466]]]}},{"type":"Feature","properties":{"layer":"zone_industrial","id":"zone_industrial_0304","name":"향남제약일반산업단지","category":"일반산업단지","color":"#9333ea","sido":"경기도","sgg_code":"41590","type_code":"UHA210","mgmt_no":"15000004159019840019UHA2100001000"},"geometry":{"type":"Polygon","coordinates":[[[126.8984450240764,37.09142471522133],[126.89860474971758,37.091586774585416],[126.90021682520006,37.09241164194686],[126.90022304122832,37.09247391056768],[126.90035383635173,37.09248852927168],[126.90035185880387,37.092537725513],[126.90092682811068,37.092816011584766],[126.90126237644411,37.093058410729085],[126.90141585344492,37.093189374387585],[126.90150177086262,37.093374524760534],[126.90194592446298,37.09391814798626],[126.90232686679579,37.09446333856854],[126.90234321323865,37.09443541935626],[126.90258462280396,37.09459258572208],[126.90288961214034,37.09499047776568],[126.90285279370646,37.09501838002356],[126.90318404214511,37.09494449781135],[126.90541929268217,37.09470097100574],[126.905537994874,37.09476477210351],[126.90584339923042,37.09609813791337],[126.90570043534255,37.09636194310951],[126.90641195305224,37.09605696615719],[126.90621744358303,37.09589479936575],[126.90614581124562,37.09578841665362],[126.90636470389198,37.09561126374501],[126.90731583027491,37.095466681866405],[126.907632749585,37.09524383053844],[126.90808251509694,37.09501738872521],[126.90843398607916,37.09449955517993],[126.90873848595429,37.094124141523174],[126.90926777689234,37.09361076946827],[126.90996244283527,37.09278791821716],[126.91012370781631,37.0925338532711],[126.91021569864797,37.09245517137933],[126.91029552539236,37.09229601530899],[126.9103745987366,37.09145061043987],[126.91040676375145,37.0914538789702],[126.9103704742474,37.09141952065956],[126.91035776571206,37.091042506878125],[126.91027151645315,37.09064921742098],[126.91029360267031,37.090521463912886],[126.91039204931174,37.09049730103149],[126.90953740446618,37.09043888337494],[126.90922021388606,37.09034997256052],[126.90877819221397,37.09006191891013],[126.90847341571241,37.0899409380131],[126.90828301249398,37.08974129351298],[126.90805385431547,37.08959396984261],[126.90792711379281,37.08957774091386],[126.90768947527764,37.08937634615592],[126.90760351483215,37.089217511095136],[126.90762942942656,37.08881601858608],[126.90742665893004,37.088434438546805],[126.90679625627324,37.087969709871594],[126.9065028736655,37.08719978829156],[126.90618575463039,37.08706734809459],[126.90590315191095,37.086856272173755],[126.90544691288441,37.08663063808654],[126.90475408501996,37.08680965659181],[126.9043921977688,37.08686072136823],[126.90399794467204,37.08741788484846],[126.90412706483075,37.08776850394165],[126.90191364938937,37.08849679629395],[126.90173926626223,37.08801836623562],[126.90160834394102,37.08793490783563],[126.90112376424631,37.08805325863491],[126.90075773925997,37.08825001046731],[126.9005184525274,37.08829107559181],[126.90011126346137,37.08848463664793],[126.89973915204482,37.08851918903785],[126.898847713364,37.08891128364502],[126.89881920349238,37.08920122054583],[126.89892565801397,37.08932899306934],[126.89919651045197,37.09032489980971],[126.89918674048883,37.090480684874386],[126.8991133173491,37.09071327552121],[126.8988619026418,37.09090020861761],[126.89869021613528,37.09110018559643],[126.89863096796176,37.09124601601959],[126.89850418697131,37.0912591515831],[126.8984450240764,37.09142471522133]]]}},{"type":"Feature","properties":{"layer":"zone_industrial","id":"zone_industrial_0305","name":"마도산업단지","category":"지방산업단지","color":"#7e22ce","sido":"경기도","sgg_code":"41590","type_code":"UHA200","notice_date":"20150925","mgmt_no":"64100004159020155164UHA2000001000"},"geometry":{"type":"Polygon","coordinates":[[[126.78273554211188,37.1771209676115],[126.78283223568603,37.17764086971389],[126.78289834226163,37.17775578500462],[126.78388245379699,37.17809368671365],[126.7838247390672,37.178428589759164],[126.78392408977278,37.17861411745879],[126.7838511697175,37.17883230707074],[126.78359798537521,37.17919964885373],[126.78420989249848,37.17939891258045],[126.78428636846029,37.17947248806046],[126.78430450156243,37.17970742404437],[126.78435080769616,37.17981716623206],[126.7845053281459,37.17992818787287],[126.78458755111086,37.180040068138226],[126.78463443718002,37.180183510396276],[126.78461596931956,37.18026222802574],[126.78500169311417,37.180487023563735],[126.78560978428985,37.181399000454405],[126.78572464470723,37.18151904878045],[126.78579882410754,37.181530266702616],[126.786023647688,37.18167123891578],[126.78619991424615,37.181859607601005],[126.78632361944548,37.18211753142671],[126.78633870691723,37.18223757813002],[126.78630150535857,37.18237050493596],[126.78592511834476,37.18305596710675],[126.7860722860088,37.18353856450734],[126.78619358297195,37.18353482037426],[126.78653352335975,37.184349162832106],[126.78691081018954,37.18461584435446],[126.78710171369498,37.18528665783918],[126.78735407794147,37.18557004245214],[126.7874464592931,37.18559769126132],[126.78756028747326,37.185448143104395],[126.78780231923244,37.18532252361559],[126.78822538290068,37.18521687240647],[126.78837481769047,37.18521993452923],[126.78842418408479,37.1853259862534],[126.78845746556205,37.18574593323711],[126.78877053607822,37.18590949482568],[126.78916790626428,37.1860115751826],[126.78923912710641,37.18607567700625],[126.78924766951737,37.186162102551904],[126.78929286771432,37.18618876434461],[126.78941096074597,37.18652677765131],[126.7894121881741,37.186853048315754],[126.78935464656301,37.18705180597088],[126.78948659493899,37.187026722776885],[126.78959443719317,37.18704385534369],[126.79015200415289,37.186887799030906],[126.79050995339061,37.18735815181196],[126.79051073263248,37.187320940036116],[126.79075347374759,37.1872241492683],[126.79056798762302,37.18698125785083],[126.79069832217122,37.18700987272605],[126.79417144485267,37.185556938203284],[126.79433282802259,37.185391428112986],[126.79435932926839,37.185163780248345],[126.79458924712043,37.1851892310305],[126.79462904023563,37.1850675151996],[126.79461424603133,37.18155643825885],[126.79368871798017,37.18039427126084],[126.79381207984038,37.180333576818704],[126.7888068942012,37.173825629029494],[126.78800947143198,37.17386050729328],[126.78517364242924,37.17492076238471],[126.78372432164224,37.17575094534683],[126.78355829560478,37.175689459035695],[126.78344344766015,37.1758435970675],[126.78315118108368,37.1759036993408],[126.78307232062147,37.17599510035424],[126.78303083522053,37.17624614559714],[126.78284943894664,37.176594696298885],[126.78273554211188,37.1771209676115]]]}},{"type":"Feature","properties":{"layer":"zone_industrial","id":"zone_industrial_0306","name":"도하지방산업단지","category":"일반산업단지","color":"#9333ea","sido":"경기도","sgg_code":"41630","type_code":"UHA210","mgmt_no":"15000004163020060003UHA2100000003"},"geometry":{"type":"Polygon","coordinates":[[[127.00989804402492,37.84344128304278],[127.00999376067429,37.84343534797702],[127.01006247194081,37.8433306440851],[127.0101464814185,37.84308567074692],[127.01023105671345,37.842633047243204],[127.01033135834037,37.84240407334233],[127.01031927420236,37.84234130532736],[127.01041178161196,37.84220730066419],[127.01043226555262,37.84211451067099],[127.01040947314408,37.84199945255413],[127.01034672459204,37.84197947428253],[127.01046478588414,37.84178284288108],[127.01054671872005,37.84176942154624],[127.01054904971942,37.841692768861684],[127.01067470538635,37.84145554902842],[127.01063780866978,37.84138895393855],[127.01065518630566,37.84126124345488],[127.0107904393029,37.84083096794982],[127.01076841615372,37.840782075319616],[127.01049182982078,37.84060466431097],[127.01000229640876,37.840686019973774],[127.00987929865242,37.84092634719741],[127.00968616957445,37.84095527210212],[127.00940814059895,37.841295064922996],[127.00913236040797,37.841542618044414],[127.0090526540241,37.84155345253788],[127.00890296278031,37.841884586778576],[127.00885236224882,37.84223709414212],[127.0087172272874,37.84227017620194],[127.008258588442,37.842289970063455],[127.00833725577174,37.84270688736885],[127.00837282018385,37.8427555724338],[127.00848802402399,37.84266957938744],[127.00866663126176,37.84268133505316],[127.00876775180127,37.842644119806906],[127.0089554419466,37.84282397299641],[127.00930280837471,37.843073503624794],[127.00932580538246,37.8432026977641],[127.00958377000514,37.84341302426388],[127.00981863446033,37.84338065499494],[127.00989804402492,37.84344128304278]]]}},{"type":"Feature","properties":{"layer":"zone_industrial","id":"zone_industrial_0307","name":"동탄일반산업단지","category":"일반산업단지","color":"#9333ea","sido":"경기도","sgg_code":"41590","type_code":"UHA210","mgmt_no":"64100004159020100357UHA2101112003"},"geometry":{"type":"Polygon","coordinates":[[[127.0878384739924,37.175958268781514],[127.0879596315858,37.176942845978786],[127.08798887642199,37.17780341568614],[127.0882388464163,37.17778872611912],[127.0895792364002,37.177332257686295],[127.08956203559016,37.17716224268964],[127.08964794906542,37.17715821420628],[127.08984129140659,37.176963353736184],[127.0900594177643,37.17687515853119],[127.0909751749301,37.17682293071642],[127.09114367367789,37.17685794425845],[127.09130481933659,37.17695946048666],[127.09135560482494,37.177054933094354],[127.09138252157008,37.177438578965585],[127.09179108039518,37.17755324212569],[127.0917813445212,37.177415118874514],[127.09235796621327,37.17748072501979],[127.09291849108794,37.17726998933324],[127.0931303714856,37.17714043519152],[127.09435721858841,37.17604299471765],[127.09435264309624,37.175984700479326],[127.0944272944822,37.17598058724948],[127.09465663465035,37.17558592824706],[127.09461415289914,37.17501064224083],[127.09465194217897,37.17497384976806],[127.09455406577224,37.17421893813041],[127.09409588987033,37.173110646755624],[127.09325153238024,37.17127073093113],[127.09322608690618,37.17127192199125],[127.09321785383948,37.17116758688696],[127.09285023265386,37.170331787362606],[127.09242001623913,37.16940124422492],[127.0923810610588,37.1694032564111],[127.09237418739318,37.16930468688748],[127.09197292116572,37.16847044194334],[127.0917338927197,37.16790728802628],[127.09177823848533,37.16789427914245],[127.0916863722476,37.16771215686383],[127.09176652759643,37.167703806187475],[127.09168792137667,37.16749977829912],[127.09158930308247,37.167509674742256],[127.09127776348151,37.16684394534471],[127.09074990584855,37.16557025959593],[127.09074779817885,37.1653097676519],[127.09042291597545,37.16458106239728],[127.08934311655706,37.16226562786865],[127.08901883187534,37.16203222538438],[127.08835097538238,37.160643386781544],[127.08419872048687,37.1611281483806],[127.08423078818122,37.16121480707099],[127.08430429742569,37.161208538490555],[127.08433486444923,37.16126104838236],[127.08431702405625,37.16131620514534],[127.08476821473755,37.16261529394008],[127.0856776977789,37.165585503975365],[127.08567616511826,37.165726339165765],[127.08590853750408,37.166931688447264],[127.08597588699739,37.16775934467657],[127.08603176838328,37.16789266017177],[127.08625304353258,37.1695346647578],[127.08684112804393,37.17184137907487],[127.08690024970213,37.171948381103256],[127.0872578028945,37.17329212736652],[127.08725614587789,37.173420077484735],[127.0875292826412,37.17458448487876],[127.08759563826831,37.17471292621204],[127.0878384739924,37.175958268781514]]]}},{"type":"Feature","properties":{"layer":"zone_industrial","id":"zone_industrial_0308","name":"남면지방산업단지","category":"일반산업단지","color":"#9333ea","sido":"경기도","sgg_code":"41630","type_code":"UHA210","mgmt_no":"15000004163020055169UHA2100001001"},"geometry":{"type":"Polygon","coordinates":[[[126.96974063334238,37.88127565418001],[126.96989451470691,37.882401059797836],[126.97086331107916,37.88382146755977],[126.97117477832651,37.88381407047608],[126.97118639035021,37.883771729302765],[126.97221312193838,37.88339134239674],[126.97287280253153,37.88358250404211],[126.9737498034,37.88475051223005],[126.97722258347082,37.883293650103475],[126.97708725769999,37.88311847938645],[126.97707216977449,37.88302640020168],[126.97697582848515,37.88286844539208],[126.97689557987735,37.88285779753843],[126.97675915843213,37.882564783262346],[126.97662893308242,37.88244069636454],[126.97661157147917,37.881676695576516],[126.97614742346971,37.881114229621296],[126.97397411464826,37.88069975902946],[126.97245332793541,37.88045866205698],[126.9705098659254,37.88065394037408],[126.96974063334238,37.88127565418001]]]}},{"type":"Feature","properties":{"layer":"zone_industrial","id":"zone_industrial_0309","name":"일반산업단지 (경기도 41630)","category":"일반산업단지","color":"#9333ea","sido":"경기도","sgg_code":"41630","type_code":"UHA210","mgmt_no":"41000004163020090000UHA2100000100"},"geometry":{"type":"Polygon","coordinates":[[[127.01045666924047,37.84061046907661],[127.01049184118145,37.840604664310106],[127.01076841615372,37.840782075319616],[127.01079045066362,37.84083096794892],[127.01065517494487,37.84126124345577],[127.01063780866978,37.84138895393855],[127.01067470538523,37.841455540018956],[127.01054904971942,37.841692768861684],[127.01054673008198,37.84176943055482],[127.01062302318542,37.84181007538191],[127.01066168279388,37.84189095033241],[127.01078157718507,37.8419160593539],[127.01082905419561,37.84191543396122],[127.01117297967475,37.841723802064855],[127.0112506543931,37.841642052825364],[127.01136303491789,37.841635899041144],[127.01160968010092,37.841480419908535],[127.01197713862643,37.84119093185381],[127.01215861187856,37.84100781628991],[127.01280415867039,37.84075641924499],[127.01300386054014,37.8406327901102],[127.01246320348429,37.839846540518764],[127.01234077953663,37.83990656386967],[127.01226123902377,37.83987069545459],[127.01223569435487,37.83990687078262],[127.01092224702582,37.83976238996101],[127.01092681666651,37.839783687972655],[127.01081827242673,37.83982976198095],[127.01057711651151,37.83987812554704],[127.01060120608666,37.83992046818025],[127.01054915260609,37.83992570667805],[127.01052881910655,37.840315448674794],[127.01045666924047,37.84061046907661]]]}},{"type":"Feature","properties":{"layer":"zone_industrial","id":"zone_industrial_0310","name":"동탄일반사업단지","category":"일반산업단지","color":"#9333ea","sido":"경기도","sgg_code":"41590","type_code":"UHA210","mgmt_no":"64100004159020100357UHA2101112001"},"geometry":{"type":"Polygon","coordinates":[[[127.09523621989874,37.18398440707578],[127.09534138055982,37.183511003813535],[127.09516793841486,37.1834989768985],[127.09516776527853,37.18344996007173],[127.0954224156618,37.182017003303116],[127.09541182083534,37.18182761154438],[127.09545655627583,37.18166854122015],[127.09542629157484,37.181327338551384],[127.0953439913814,37.180978608274174],[127.09508660676342,37.18037601100328],[127.09467020300079,37.179850037186284],[127.09449978847361,37.17982061668023],[127.0943672984573,37.17958671848996],[127.09329325779306,37.1788642842304],[127.09321961610905,37.178867675125716],[127.09321721223692,37.178835329368496],[127.09290311686254,37.17871600299069],[127.09198696835107,37.17855253513461],[127.09186502036444,37.17855776415846],[127.09185120621322,37.178399370468206],[127.09144894669262,37.17837796121495],[127.09146550830935,37.178574917717675],[127.09113345841737,37.17850542822045],[127.08804745780785,37.1786159379852],[127.08822488476002,37.17995755857305],[127.08841291130544,37.18209236287543],[127.08837564528751,37.18259184074317],[127.0880827647982,37.183504365419985],[127.08804582586299,37.18399690476401],[127.08896548904482,37.18442413678316],[127.08931310505972,37.184689147936076],[127.0896366361193,37.18467431078733],[127.09151727581099,37.184147676819315],[127.09437412239303,37.18396535293811],[127.09523621989874,37.18398440707578]]]}},{"type":"Feature","properties":{"layer":"zone_industrial","id":"zone_industrial_0311","name":"우정지구","category":"국가산업단지","color":"#6d28d9","sido":"경기도","sgg_code":"41590","type_code":"UHA100","mgmt_no":"16130004159020240093UHA1000001000"},"geometry":{"type":"Polygon","coordinates":[[[126.7953513185029,37.028067280494874],[126.79517792467846,37.02824822930271],[126.79514244823997,37.02784388474098],[126.7950814114297,37.02780674463053],[126.79422646584945,37.02821266406422],[126.79428393871572,37.02820060900389],[126.79428217840383,37.02865420430889],[126.79434562726036,37.02889581070032],[126.79442010785273,37.028948824453686],[126.7943818604065,37.02900350668383],[126.79425207420707,37.02896299328518],[126.79405696194681,37.02898714344986],[126.79395208294773,37.02883842779115],[126.79394498465233,37.02869632573862],[126.79334582357176,37.02875310694816],[126.79305369971884,37.02846472053425],[126.7925194855369,37.028214536172186],[126.79259158165176,37.028103381026426],[126.79222049283642,37.028272939221864],[126.79148523774607,37.02885535309721],[126.79067870376743,37.02936158549116],[126.7906852903,37.02978428877795],[126.79064443228303,37.02980647259812],[126.79063098559028,37.029914036368574],[126.79064931335901,37.03003291996019],[126.79067470643933,37.03003530785482],[126.79067357020449,37.03333348843616],[126.79057955607999,37.03391378978376],[126.79068499444367,37.03412050206198],[126.79045990815081,37.03479698463295],[126.79060635512965,37.034838964459524],[126.79060623089741,37.035046480298085],[126.79041535896792,37.035055376875235],[126.79030651854958,37.03529367799869],[126.79028715750263,37.03596567831341],[126.79033219441648,37.03600643268848],[126.79031678242093,37.03603165319387],[126.79022125747188,37.03601502964592],[126.79021953065512,37.0360703521622],[126.78990408777392,37.03626925056286],[126.78989718812986,37.03648339513838],[126.7900680470233,37.03648213183506],[126.79005026991288,37.036886012969816],[126.79156702226862,37.03687496473859],[126.79162280519829,37.03679744540289],[126.79159869675942,37.03668685070646],[126.7918253988771,37.03662705113333],[126.79199863288724,37.03639957607271],[126.79747157301013,37.031942388885334],[126.79823882233069,37.03128355531616],[126.79920037307626,37.03052513752615],[126.7991522848058,37.030426613724195],[126.79678676948988,37.028531662603775],[126.79626446571223,37.0280437143639],[126.79608069383352,37.027930969952806],[126.79563306473236,37.028276682557745],[126.7953513185029,37.028067280494874]]]}},{"type":"Feature","properties":{"layer":"zone_industrial","id":"zone_industrial_0312","name":"H-테크노밸리","category":"일반산업단지","color":"#9333ea","sido":"경기도","sgg_code":"41590","type_code":"UHA210","mgmt_no":"55300004159020250947UHA2100118000"},"geometry":{"type":"Polygon","coordinates":[[[126.92967850143644,37.07287273104434],[126.92968340352418,37.072253441595265],[126.9321375090314,37.0722549020201],[126.93228579105593,37.07182880324332],[126.93236651706479,37.071818289845304],[126.93255063662919,37.071265621047196],[126.93193862336072,37.07084536769576],[126.93202318653381,37.07071988095024],[126.93204095773689,37.07053010013894],[126.93176589744566,37.070519486408855],[126.93136477926164,37.07059862469793],[126.93135194934023,37.070463889943696],[126.92957832049272,37.07040562825168],[126.92954327229857,37.07107033127614],[126.92918162300946,37.07102622049527],[126.92908676212456,37.070966277881624],[126.9288397816145,37.0709176315641],[126.92883815958596,37.07088517422892],[126.92859598490492,37.070820743697645],[126.92860740572497,37.070366596187114],[126.92843956395986,37.06944298280647],[126.92792829983689,37.06940122684935],[126.92747244343532,37.06950479995756],[126.927212581509,37.0696184329582],[126.9267515799815,37.0697490410183],[126.92651629271936,37.06991275111978],[126.92649721661606,37.069986446142984],[126.92639212052771,37.069795678335126],[126.92630480265115,37.06971892439609],[126.92592020616563,37.06970265904642],[126.92541139569266,37.06938806945364],[126.92538026970098,37.06946772162146],[126.92528818696637,37.06947941237964],[126.92507230836712,37.06938267935596],[126.92447568015602,37.06899348403907],[126.92380067870083,37.068785717843525],[126.92377251312286,37.06872868902466],[126.9232807529281,37.068677374527674],[126.92294657681437,37.06881951292437],[126.92277180651494,37.06883787789918],[126.92274140726012,37.06881034821351],[126.92212262675378,37.06872888499509],[126.92203475196668,37.06866311150866],[126.92199924229392,37.06852257567603],[126.92181703072963,37.068313163100306],[126.92167039810741,37.06807102047934],[126.92119702019392,37.06787797220836],[126.92099989992798,37.06785173475483],[126.92088017117973,37.067871530936245],[126.92070699054993,37.067823899962086],[126.92057864768127,37.067622244264975],[126.9205187951137,37.06757885318807],[126.91960717122144,37.06757822735205],[126.91947840661996,37.06789665581444],[126.91949031688387,37.06823905066334],[126.91941155907378,37.068647556978036],[126.91919298320762,37.069016499648114],[126.91900962742095,37.0691740315702],[126.91922426212201,37.06937365832342],[126.91921799590416,37.069407633124094],[126.91917009966258,37.06941262783216],[126.9191351852377,37.06970368350319],[126.91917880088863,37.06986197675975],[126.91916766612755,37.07003075644183],[126.91925361690669,37.07007594137804],[126.91919337329475,37.07021644763538],[126.9191135013074,37.070643235437274],[126.91914268709378,37.07082532478088],[126.9190390922169,37.07101920692113],[126.91920858994548,37.071171658570066],[126.91916895640463,37.07135459218238],[126.91930831185701,37.07173223476358],[126.9193413520985,37.07193837610034],[126.91958947013265,37.072338295817865],[126.91922871780586,37.072556671355066],[126.9190816306162,37.0725580199612],[126.91897604661649,37.072914461579686],[126.91902675958539,37.07310379239032],[126.91903128303387,37.07352690816921],[126.91884702492953,37.07358333970783],[126.91858534173348,37.0738888610471],[126.918563075256,37.07438526861255],[126.91861770920356,37.074753571587166],[126.91904622905409,37.07493847117633],[126.9192297082723,37.075158322974296],[126.92008079066916,37.07595519822127],[126.9202802738447,37.07603117750697],[126.92022370318203,37.07612043416131],[126.92069366109742,37.07610629318017],[126.92332536547684,37.075793180142476],[126.92457562989516,37.07566574014886],[126.92468508127294,37.07568954509762],[126.9247179202868,37.07565409148171],[126.92515306686589,37.075620195016484],[126.92621775774069,37.075589149075206],[126.92745904951785,37.075637056031454],[126.92744394549932,37.07547645001318],[126.92749178796934,37.075217721391844],[126.92779872999611,37.07516308277432],[126.92763785949568,37.07458750026721],[126.92785186633101,37.07438245207513],[126.92850894102119,37.075101033159555],[126.92887769764913,37.07505867522767],[126.92878991482242,37.07578975359695],[126.92932235089211,37.075880906002766],[126.92929095668595,37.07584169062425],[126.92932891640666,37.07570492324489],[126.92937142054902,37.07567357406002],[126.9293715134115,37.075575529371555],[126.92947811670406,37.0754969042508],[126.92947944339211,37.074415114845486],[126.93001923973418,37.074430831538066],[126.93003720993612,37.07322030791728],[126.92973068010612,37.07322940380892],[126.9296154715401,37.07305241911798],[126.92967850143644,37.07287273104434]]]}},{"type":"Feature","properties":{"layer":"zone_industrial","id":"zone_industrial_0313","name":"화성일반산업단지","category":"일반산업단지","color":"#9333ea","sido":"경기도","sgg_code":"41590","type_code":"UHA210","mgmt_no":"64100004159020250280UHA2100001000"},"geometry":{"type":"MultiPolygon","coordinates":[[[[127.07516866685394,37.22726989679506],[127.07524120069503,37.22688960353644],[127.07536976168852,37.226663470368166],[127.07530033408145,37.22632201923584],[127.07537060708063,37.226143839689705],[127.07483268607047,37.2262200235228],[127.07436622973901,37.226359882571415],[127.07358154767215,37.22646853258098],[127.0731608221677,37.22659456410997],[127.07336650242596,37.22664941199515],[127.0735285702755,37.22673370502568],[127.07357678770585,37.227031766958945],[127.07319440755138,37.22742337497848],[127.07290928114728,37.22718442906564],[127.07255057116018,37.2271678133249],[127.07236872688215,37.226985821954656],[127.07202709054826,37.2274187055266],[127.07238171999866,37.227721549818504],[127.07263437658385,37.227833352643565],[127.07297752216907,37.22786715135105],[127.07346505718775,37.2277462969522],[127.07375292284243,37.22773427303537],[127.07397614410577,37.22778186478399],[127.07480542774104,37.22810477394642],[127.0748753189189,37.228087872208235],[127.07496795629584,37.22770657556997],[127.07516866685394,37.22726989679506]]],[[[127.06022043430687,37.22126507125648],[127.06054952605686,37.221483914826095],[127.06061392474321,37.221579375085106],[127.06160617854759,37.222558100555396],[127.061715408635,37.222762491355894],[127.0618322869924,37.22286424054316],[127.06317749613508,37.22377604123664],[127.06343688207893,37.223992705404896],[127.06360620665333,37.2240704396729],[127.06373949278431,37.22422418644063],[127.06429715418345,37.224001641345446],[127.06492176032233,37.2239230081232],[127.0656305176312,37.22402533622539],[127.06613582677032,37.22420316137014],[127.07047701614663,37.2266787376419],[127.07073439189544,37.22694305192915],[127.07076732858317,37.2270297578319],[127.0710069533952,37.2271647285058],[127.07111013122864,37.22703856729054],[127.07120695936538,37.227090103935076],[127.0711934070369,37.227191406890405],[127.07109410982828,37.22732245854531],[127.07129424903759,37.22717195712511],[127.0713258260535,37.22706636359176],[127.07153058684312,37.22690675853164],[127.07163948169483,37.226883771631464],[127.0719193617928,37.226611995895105],[127.07228010376411,37.22634619014926],[127.0727910186623,37.22582649686436],[127.07108191610388,37.224842765562606],[127.07077174717939,37.22462876991326],[127.07079359681171,37.22437196045513],[127.06847975239548,37.22304614788418],[127.068567534771,37.22267495933132],[127.06842158206426,37.222756405898366],[127.0683986571796,37.222442135647434],[127.06861345626572,37.22249220215173],[127.07065862009928,37.21413674528742],[127.07045179034984,37.21415344502818],[127.07054525634734,37.21385965070904],[127.07036749168397,37.213750187393686],[127.07049131964037,37.213147407902895],[127.064121865612,37.21214195808273],[127.06291712140741,37.217167342487265],[127.06151824964964,37.220269806092844],[127.06022043430687,37.22126507125648]]]]}},{"type":"Feature","properties":{"layer":"zone_industrial","id":"zone_industrial_0314","name":"구암일반산업단지","category":"일반산업단지","color":"#9333ea","sido":"경기도","sgg_code":"41630","type_code":"UHA210","mgmt_no":"64100004163020120119UHA2100001000"},"geometry":{"type":"Polygon","coordinates":[[[126.96929761965218,37.889464208587796],[126.97035874716286,37.88960051806931],[126.97065452259955,37.88955150385404],[126.97098727860794,37.88944678443716],[126.97119859567259,37.88948883182914],[126.9716051545917,37.88971661212073],[126.97206744984317,37.889842049307205],[126.97254206118697,37.89007657337382],[126.9726828257405,37.890186333278855],[126.97294363291941,37.890637821239785],[126.97333904684984,37.89075758827037],[126.97421896169048,37.88961136916233],[126.97417392090632,37.88954987863939],[126.97253579550373,37.88915334378444],[126.96993984412397,37.8881019647794],[126.96986051681924,37.88813235015993],[126.96981194277082,37.88844738644878],[126.96968362148337,37.888841233312775],[126.96950677024029,37.88917796531367],[126.96929761965218,37.889464208587796]]]}},{"type":"Feature","properties":{"layer":"zone_industrial","id":"zone_industrial_0315","name":"양감준산업단지","category":"준산업단지","color":"#8e44ad","sido":"경기도","sgg_code":"41590","type_code":"UHA500","mgmt_no":"55300004159020250499UHA5000001000"},"geometry":{"type":"MultiPolygon","coordinates":[[[[126.97387057638429,37.10996293610641],[126.97402918075053,37.11010644852867],[126.97410421517097,37.11040790603796],[126.97421844581693,37.11055785951425],[126.9742685605131,37.11057795563055],[126.9745552364282,37.11052399365597],[126.97485117592034,37.110360401271734],[126.97528802556019,37.1103687072997],[126.97566012029998,37.11046484182497],[126.97586065238416,37.11046556115411],[126.9763076885653,37.11042798372478],[126.97646853369305,37.11034346245381],[126.97672858951569,37.11035420362829],[126.97736323813133,37.11028953039392],[126.97739123011318,37.11032399257053],[126.97779847036675,37.110252683807396],[126.97783281924757,37.11028685881191],[126.9778777662104,37.110248852112655],[126.9784798075956,37.11018745526361],[126.97874300851478,37.11010157211341],[126.97907904334912,37.11009892395078],[126.9793569212709,37.1100270536733],[126.97982267123525,37.10984194515642],[126.98068292162772,37.109610689426475],[126.98070167541367,37.10957286627251],[126.98049553667175,37.10935013326213],[126.9803651520678,37.10891290735232],[126.98021405954138,37.10878810169387],[126.9802269209863,37.108740059544274],[126.9802823758384,37.10873486136123],[126.98026352412245,37.1086399044029],[126.98028920126671,37.10846534686154],[126.97997558892379,37.10817403205562],[126.97984609502303,37.10798467796781],[126.97941914018911,37.10804067212064],[126.97846931363225,37.10787450734918],[126.97826884288583,37.10787941505256],[126.97822168794013,37.10793218082818],[126.9780924951336,37.10791322414348],[126.9780870086229,37.10786484520341],[126.97801627138065,37.10788609620572],[126.97779898289079,37.107813887154336],[126.97720511881126,37.107550189171185],[126.97637550524593,37.10760878334438],[126.97598221422382,37.107553978037515],[126.97603380305314,37.10817331399941],[126.975740251836,37.108194029004025],[126.97573037970899,37.108044433053166],[126.9756425322463,37.107992539963185],[126.97547794064769,37.108122112273286],[126.9746943039462,37.10848790277249],[126.97466614111616,37.10846474819921],[126.97471185237887,37.10973981979701],[126.97469036381857,37.10973966175996],[126.9746889182595,37.10981904470328],[126.97387057638429,37.10996293610641]]],[[[126.97482130571862,37.1115460343684],[126.97486184584794,37.11160081882465],[126.97482969283175,37.1116273657874],[126.97498966381384,37.11183548307835],[126.97506007571951,37.11201868396574],[126.9750441332294,37.11221253409822],[126.97520636392557,37.112723767579084],[126.97528226103066,37.11282837922607],[126.97551323581882,37.11295374024344],[126.97547884835541,37.112998965822634],[126.97550863437495,37.11311762369816],[126.97573148085048,37.11326148122615],[126.9757369677764,37.11330535494001],[126.97581012405253,37.113001047427666],[126.97600036188489,37.11285254004084],[126.97641226764861,37.11280324091706],[126.9765001255992,37.11280750346009],[126.97651809465218,37.1129067588105],[126.97666852028976,37.11284072482352],[126.97671869948913,37.11284211394179],[126.97675427416843,37.11291470161161],[126.97690735320762,37.112888575743945],[126.97717945746504,37.11279051564485],[126.97772053830288,37.112479399884485],[126.9779409962122,37.11231471242047],[126.9780389837123,37.112305496003714],[126.97843987591312,37.112127065993384],[126.97862795080363,37.112075633973504],[126.97935283520783,37.11196578841941],[126.97959850226478,37.11187600754823],[126.97977757806258,37.11185336986559],[126.97975809694496,37.11175565552318],[126.98012190729737,37.11162915000938],[126.97998020207577,37.11099512161754],[126.97978623120534,37.110706495223994],[126.9795608279389,37.110610968551825],[126.9796035726591,37.110482422426614],[126.97947974188973,37.110268731465005],[126.97865085649924,37.110506949670416],[126.97783503315176,37.110584055409205],[126.97775086047311,37.11049558165787],[126.97741915717862,37.110563544672175],[126.97738317932142,37.110628503681895],[126.97728997559246,37.11067263655571],[126.9764544971159,37.11094542967974],[126.97576756888617,37.11095034652801],[126.97553209519879,37.11100221417827],[126.9752252924071,37.11111586917601],[126.97519282849316,37.111326592520605],[126.97524222992416,37.111329243573095],[126.97482130571862,37.1115460343684]]]]}},{"type":"Feature","properties":{"layer":"zone_industrial","id":"zone_industrial_0316","name":"특수지역 (경기도 41590)","category":"특수지역","color":"#2c3e50","sido":"경기도","sgg_code":"41590","type_code":"UHA400","mgmt_no":"15001854159020220015UHA4000001000"},"geometry":{"type":"MultiPolygon","coordinates":[[[[126.6617955959889,37.24574335359098],[126.66160944676899,37.286960291167816],[126.66176901599638,37.286872124204486],[126.66188418171443,37.28675272617615],[126.66195202250519,37.28645419421188],[126.66209106121863,37.28645006980002],[126.66207434749225,37.286688929260045],[126.66185603428477,37.28699621109782],[126.66181445506939,37.28717464834772],[126.66182781359633,37.28776524689918],[126.66190008754916,37.28801622812652],[126.6619710435861,37.28810384030832],[126.66202064354609,37.28803275637916],[126.66196892014145,37.28766285354411],[126.66200486058817,37.28749701446243],[126.66215555526809,37.28733859547754],[126.66228449333457,37.28732652185708],[126.66247571109673,37.28739296178763],[126.66250708624852,37.28737223791621],[126.66255068159553,37.287266915545345],[126.6625030149357,37.28704551379527],[126.66257587335453,37.28701315029211],[126.66278591117353,37.28710234949413],[126.66335405487894,37.28715204363822],[126.66379507107062,37.28726063300218],[126.66445180932926,37.287628619182456],[126.66487330191896,37.28780471696448],[126.66561327037162,37.287826100968594],[126.66607294749248,37.28793687924343],[126.66738781168138,37.28848545799111],[126.66929300430033,37.28916353610092],[126.66998948661399,37.28930165195274],[126.67114730648882,37.28939970400321],[126.67168944047889,37.28942206554754],[126.67240440728789,37.289364704829396],[126.6731460186709,37.28923523241956],[126.67367687484845,37.28910683876087],[126.67427913607983,37.288770142425776],[126.67478950395714,37.28876523597691],[126.6758731385717,37.28838492490472],[126.6762132164504,37.28824721885796],[126.67871413199275,37.286923878076216],[126.67917211924829,37.2866541600094],[126.67974936481001,37.28624444731601],[126.68022636787887,37.285850101587776],[126.68043232940953,37.2856182582848],[126.68049635889616,37.28538714708421],[126.68045968494066,37.28511427943951],[126.68032613724922,37.28491504227919],[126.68009542709012,37.28475400607855],[126.68001286251412,37.28465274960436],[126.68000204549429,37.28455798613997],[126.68003940755993,37.28439556016773],[126.68016075511277,37.284161856604406],[126.68059864843153,37.284064760341984],[126.68079499232316,37.28388437500216],[126.6808920672095,37.28383473901904],[126.68109262733759,37.28381656768882],[126.68147299475636,37.2838717123682],[126.68287789105571,37.28458787302069],[126.68301832100154,37.284734208463405],[126.68314881735124,37.28471712459201],[126.68322199556007,37.2846303000779],[126.6831962466299,37.28454572341733],[126.68294245758958,37.28451362187111],[126.68131122609996,37.28367412094202],[126.68135005820018,37.28350729247339],[126.68156244740389,37.283241108267845],[126.6817661554048,37.28309149328179],[126.68256942255533,37.282620989704995],[126.6831961908643,37.28235269251965],[126.68359064985145,37.28212315230057],[126.68433516344314,37.28156005130972],[126.68445140749203,37.28139896144399],[126.68452742702809,37.28134870741639],[126.68453464424461,37.28127328361329],[126.685140550122,37.28122740217592],[126.68514958777544,37.281088667912094],[126.68425490086172,37.281036068295315],[126.68419928502598,37.28102059273918],[126.68411250489821,37.280821917545815],[126.6840363243786,37.28022057392462],[126.68360248008486,37.27845767288507],[126.68426190221541,37.277669797923146],[126.6833968349472,37.27653392772427],[126.68318293255749,37.276415741406296],[126.68170604348268,37.274999145154204],[126.6825003153552,37.27417104331181],[126.68446531397944,37.275281759021816],[126.6864542869909,37.27498508866938],[126.68787357992157,37.27453732412536],[126.68822434232166,37.274486416594115],[126.68853795343844,37.27449263421769],[126.68927977991305,37.274801483696116],[126.6895084030292,37.27493017681158],[126.69020669043994,37.27579558887762],[126.69062384255278,37.27705329686356],[126.69112934889407,37.2777653822599],[126.6920070525819,37.27830053084546],[126.69296937369332,37.279088920480696],[126.69388601757849,37.279721260458636],[126.69513856901044,37.2804383128511],[126.69540859858297,37.28053436726844],[126.69555344084074,37.280547509276175],[126.69578557367157,37.28053744080154],[126.69653570569567,37.28039160687178],[126.69800174968621,37.280364045765],[126.69841711317666,37.280317814913865],[126.69912115255367,37.28013558915089],[126.6995290888717,37.27989603763005],[126.69955615091621,37.279159253942055],[126.69950958629404,37.278692537116854],[126.69934315079998,37.27811602124176],[126.69886750104591,37.277122259143475],[126.69877105780715,37.27684468464978],[126.69872287489997,37.27641477026936],[126.69879646863397,37.27591074221746],[126.69913006215224,37.2759574661545],[126.69910352598465,37.276283021522715],[126.69914396873564,37.27640466472207],[126.69923174136818,37.27653013199351],[126.70006105264336,37.27720015282279],[126.70057073122275,37.277526892402456],[126.7019936873067,37.27815771669435],[126.70245848823812,37.27844277909252],[126.70301273749293,37.278868995242874],[126.70363696080669,37.27916023045515],[126.70439512430536,37.27938784353558],[126.70482902270828,37.27945479695989],[126.70525633284493,37.279476734900065],[126.70584475992803,37.27943592064545],[126.7065764862761,37.2792717402014],[126.70719329156763,37.27901384182657],[126.707592869108,37.278735172991205],[126.7078752528888,37.278454491202226],[126.70810980579748,37.27814419949078],[126.70877020629226,37.27683908887878],[126.70903901768813,37.27648468441357],[126.70911187593944,37.27624052308028],[126.70907219067705,37.275945157529186],[126.7094033011048,37.275897941046814],[126.70950566891595,37.276315379480614],[126.70978160270651,37.276726082434465],[126.70985048887248,37.27695273503671],[126.7098352390542,37.277149968944755],[126.70962750756351,37.27778780954746],[126.70956112859591,37.27814403015591],[126.70957391556291,37.27967677606599],[126.70960126393358,37.279982184358396],[126.70966634740296,37.28026564648249],[126.70993603449712,37.280890706319006],[126.71081905297022,37.28145140788631],[126.7113250589697,37.281688160327285],[126.71190670361631,37.2818731783634],[126.71250809399913,37.28200554055173],[126.71283804727383,37.2820521809497],[126.7130243036625,37.28204112884332],[126.71323452507922,37.281967125833596],[126.71343425595386,37.28182003246282],[126.71373501675174,37.28133312693048],[126.71383197654852,37.28125387378409],[126.71456539561456,37.28096172898614],[126.715067601437,37.280599695194205],[126.71611010297765,37.28023312434662],[126.71663326592196,37.280012686112485],[126.7185275438716,37.278818643564854],[126.71904817172383,37.27843022754377],[126.71943989965712,37.27805491848407],[126.72049139538899,37.27719189871765],[126.72100152702077,37.27684604975065],[126.72153396303449,37.27564593946198],[126.72176797387922,37.274568734115235],[126.72177980820855,37.274179859280856],[126.72165184833283,37.27322039174682],[126.72170427547947,37.27272093916889],[126.72169371489072,37.27232382993168],[126.72160309328675,37.27202721260499],[126.72142099823238,37.271771051363906],[126.72169326474692,37.27161067192441],[126.72191115230794,37.27192306052385],[126.72201663229008,37.27225396989267],[126.72209540030967,37.2728816516939],[126.72206777366574,37.273712372836194],[126.72225425154866,37.27467639294567],[126.7222628102713,37.27521340926196],[126.72234081105734,37.275595242656856],[126.72254996666416,37.275946389647615],[126.72289133733621,37.27625494042247],[126.72370378735839,37.27633514019553],[126.72408532742008,37.276314869687695],[126.72518225071848,37.27602303242276],[126.72635646340827,37.27579141829875],[126.72684737337497,37.27565836776539],[126.72738575381369,37.27544965746253],[126.72789249740119,37.275180610663604],[126.73053132113353,37.27340159396552],[126.73085140243275,37.27368523180777],[126.73072581416146,37.273775741504885],[126.73002093285002,37.27455031111999],[126.72943441570082,37.27510217045541],[126.72881277236235,37.2758121758747],[126.72806930818346,37.276522689524775],[126.72739382932463,37.27733347830566],[126.7265579795127,37.27816779507081],[126.7263591757081,37.27845088733065],[126.72627848829839,37.27860550573294],[126.7261903419278,37.27893498762941],[126.72618160206436,37.27935326141977],[126.72626075385402,37.27962375442854],[126.72640151944346,37.27989056119404],[126.72649390578025,37.27999187139128],[126.72676440259968,37.2801529908884],[126.72708199991129,37.28028306135078],[126.72748523601625,37.28035790688184],[126.72800292397375,37.28040141640521],[126.72850458407781,37.28040270950237],[126.72929534403166,37.2803422062062],[126.73011974050134,37.28016499226706],[126.73019687273217,37.28012581208153],[126.73025363936827,37.280039866786154],[126.73019275745068,37.279839815777606],[126.73034616812605,37.279820065292974],[126.73046216548606,37.279929274453075],[126.73074914007317,37.27997832546346],[126.73282978216305,37.27991113666759],[126.73429764460086,37.27994367936429],[126.73618967889682,37.27974924874207],[126.7371735753775,37.279596661784495],[126.73753653360606,37.27967678933645],[126.73734145128886,37.2799574485157],[126.73623148502004,37.28021644537356],[126.73502179056669,37.280429651278574],[126.7344316807134,37.28048933017202],[126.73297697852375,37.28049786989369],[126.72927690779042,37.28102792852002],[126.72795660739413,37.28098897897306],[126.72734613394684,37.281005290003506],[126.72545326603955,37.28129899680658],[126.72452170586423,37.28153033164523],[126.72419721928645,37.28166425786148],[126.7238801864229,37.28184386483553],[126.72342794510034,37.282169165233164],[126.72323859797714,37.28236765857078],[126.7230295862408,37.282626789662835],[126.72250742703476,37.28344604639961],[126.72192953751437,37.28451578129824],[126.72151769120329,37.285329995793845],[126.72119149457738,37.28609242222158],[126.72079790999962,37.2877418946117],[126.72076547107544,37.288047140179195],[126.72076859251408,37.288308815238395],[126.7208545461951,37.28874611691737],[126.72114517521419,37.289358549750546],[126.72140825542037,37.28969797718138],[126.72179045242758,37.29006090504451],[126.72234333636096,37.290439119308616],[126.72298172319934,37.29073697127688],[126.72507014321336,37.29160121335603],[126.72553824889664,37.291722646923354],[126.72618524457131,37.29179990299093],[126.7268057590344,37.29199267793593],[126.72798846230546,37.292442461747406],[126.72863904447402,37.29262825051445],[126.72973430068248,37.29285783831087],[126.73063511346349,37.29294541969682],[126.73178220950285,37.292989648601186],[126.7329218992023,37.292998475230185],[126.73341915756556,37.29297348169763],[126.73529511096783,37.29268315154238],[126.73690260099414,37.29233339070053],[126.73864654354686,37.29181275176402],[126.74124393625253,37.29095099017954],[126.74290714300362,37.290300542806655],[126.74372090787993,37.290022755671565],[126.745153292219,37.28939320013078],[126.74536971064727,37.28936087117581],[126.74576976189489,37.28939681318903],[126.7457983714565,37.28936705995492],[126.74580105644431,37.28927678267708],[126.74540850375946,37.28868888676937],[126.74541404334673,37.28858831690698],[126.74550135095357,37.288515053888624],[126.74564756725196,37.288512540789256],[126.74572221724897,37.288563844515785],[126.74572159580332,37.288970657678504],[126.74579064308027,37.289084823039005],[126.74589963587165,37.28910522346571],[126.745989811926,37.28903080396052],[126.74626005728014,37.28867728267924],[126.74657654341647,37.28850880553628],[126.74718391992049,37.28827017704886],[126.75148899003986,37.286862389751825],[126.75266244948544,37.28655425957243],[126.75299192982048,37.286439457800164],[126.75312366221631,37.28636153394901],[126.75322236056017,37.28625739279683],[126.75339090611402,37.28596457826675],[126.75352402609676,37.2851884581622],[126.75369800189772,37.28475165196741],[126.7538246440932,37.28430579022024],[126.75387703849646,37.28399830632613],[126.75392860764424,37.2832988817278],[126.75418035604177,37.28236029156017],[126.75418286769158,37.28218888486827],[126.75406755607474,37.28189310606233],[126.75350140342807,37.281243810420165],[126.75338476185335,37.28099031346643],[126.75352077294484,37.280911244735016],[126.75363718823671,37.28105504066693],[126.75377969854264,37.28134277658863],[126.75389748651894,37.281456859156386],[126.75404516258676,37.28146918768845],[126.75411817850713,37.28142336073156],[126.75433829758525,37.28112361530924],[126.7547193266213,37.28031851080721],[126.75483939623962,37.280154908693646],[126.75543295132493,37.27953000895849],[126.75560584953797,37.27927489906481],[126.75604011111666,37.27857027538779],[126.75622120523035,37.278123171916306],[126.75707200937369,37.27849087624016],[126.75673129925885,37.279366757828896],[126.7563831906495,37.28013981541613],[126.75597466629935,37.28148661268282],[126.755601367085,37.28255567584093],[126.75547200784344,37.28306439884907],[126.75535068530813,37.283985629800355],[126.7547943939462,37.28597945028995],[126.75474654918993,37.28640005018806],[126.75476420652029,37.2866148473331],[126.75483490303633,37.286828421480116],[126.75504784801097,37.28719374583113],[126.75533073443663,37.28741725810572],[126.75579124455366,37.28756848855213],[126.75690547650356,37.28772206996517],[126.75751341025499,37.287763357328664],[126.75812409233319,37.28774634162261],[126.75906855489362,37.287619081133656],[126.7613698647604,37.28714214480035],[126.76461384330858,37.28640300717441],[126.76491039939533,37.286313371172945],[126.76696003053283,37.285519074679],[126.76793695089978,37.28518713872034],[126.76819893695144,37.28503127262716],[126.76842343841643,37.284784048816384],[126.76855056373759,37.284584991253375],[126.76885698818636,37.283809689969345],[126.76934213848847,37.28283524134988],[126.77000629272281,37.281791914591295],[126.77028297463698,37.28118007004521],[126.77043072917773,37.28061416001699],[126.77094215149943,37.27924198652026],[126.77160102515676,37.277188484982744],[126.77168076706002,37.276349581620075],[126.77200074406603,37.274661210154264],[126.77207894702029,37.27439024136283],[126.77249814860112,37.273457034664936],[126.7726072802971,37.27293118737871],[126.77335121565476,37.27294928345604],[126.77343179927615,37.273688482922836],[126.77348702969545,37.27461742668923],[126.77352343500588,37.274857333354205],[126.7736271389444,37.27507197849205],[126.7738566592169,37.275149278039095],[126.77422212047135,37.275130337738084],[126.77470350146284,37.27503233668365],[126.77490242067611,37.274899428014486],[126.77498020216868,37.27505926667102],[126.77474252627287,37.27516711563673],[126.77422964105558,37.27527658957189],[126.7737312086569,37.27543861020641],[126.77351222385695,37.27557269464176],[126.77327071582228,37.27588052616368],[126.77301538533436,37.27641120056663],[126.77297326194437,37.276783803769106],[126.77300858180033,37.27716999080484],[126.77312838834428,37.27752287652676],[126.77340334219183,37.27801946923335],[126.77343113766044,37.278258250932254],[126.77333714878708,37.27912346489838],[126.7730950084455,37.28038660338476],[126.77281782017428,37.28137556192194],[126.77273139813231,37.281812232495966],[126.77271148454977,37.28248648004168],[126.77284082816136,37.28323016096474],[126.77288847518746,37.28337405740147],[126.77299781869391,37.283542986407895],[126.77307389708854,37.28358513025176],[126.77325025403358,37.28360195928287],[126.77446639962011,37.283215827854434],[126.77532224791979,37.28263264351348],[126.77542875383834,37.28281299895422],[126.77510667928681,37.28300556431001],[126.77455719526118,37.28341907613475],[126.7735001054097,37.283777492904235],[126.7732996984652,37.283897835752725],[126.77318670798273,37.28401003038645],[126.77299534091695,37.28431775933597],[126.77279187502658,37.28496376527047],[126.77265497035742,37.285271400601246],[126.77236917982172,37.28566043501532],[126.77166998345874,37.28643415429119],[126.77141299717495,37.286889413840214],[126.77138759051057,37.28705972210915],[126.7714053497128,37.28729738514556],[126.77151066797724,37.28758172946626],[126.77180876177304,37.28815371409935],[126.77223982757539,37.28857004143899],[126.77289030866544,37.28901568716078],[126.77319012966315,37.289099719163666],[126.7736748787094,37.289178844472154],[126.7768740488732,37.289485046495365],[126.77834562253808,37.28975891359064],[126.78149289687696,37.289935955679034],[126.78365857100324,37.29028502832385],[126.78400116013789,37.290263817373784],[126.78433495702866,37.29016263196403],[126.78448528608156,37.29008349996135],[126.78483741775041,37.289864582210946],[126.7852935417972,37.28938720389934],[126.78543412826133,37.28942122217652],[126.78516394107635,37.289726835388336],[126.78501975527138,37.2899727960648],[126.78499137294628,37.29008597650651],[126.78503616545723,37.290224159187765],[126.7851854370738,37.290293586069815],[126.78636976269233,37.290346202119856],[126.78728474283734,37.290465599037255],[126.78792740324843,37.290615213931424],[126.78906373318695,37.29095471226198],[126.78930899455808,37.29099538314113],[126.78958830751631,37.29089771638899],[126.7898001018994,37.290747605467324],[126.78984860806642,37.29065838218864],[126.78986387572917,37.2904618048938],[126.78975137682067,37.290202620834435],[126.78992767667168,37.290186285064856],[126.78996663404693,37.29028106188706],[126.789977265309,37.290511870538154],[126.7899367891824,37.29093932758265],[126.79007193599763,37.29108533757075],[126.79024987182255,37.2911501239097],[126.79184350454875,37.29146472248033],[126.79292948154448,37.29172886756769],[126.79410548084391,37.29187512563742],[126.79647236840286,37.29236297564279],[126.79673741240583,37.29229389301731],[126.79690342474244,37.292183858080094],[126.79709897785675,37.29186351063676],[126.7972834959463,37.291703157598114],[126.79744559357374,37.291734838023714],[126.797301138579,37.29186424701079],[126.79716004756155,37.292179922378224],[126.79716470458011,37.29231360710373],[126.79731396804478,37.29237501753368],[126.79880392662606,37.29250347021224],[126.80017368471182,37.29280823838933],[126.80253269567815,37.29322542126885],[126.80649915062916,37.29367663516665],[126.8076934784065,37.293725621480306],[126.80906512437309,37.2935821450238],[126.81122130745172,37.29356046516385],[126.812845307988,37.29348041333261],[126.81340713683345,37.293403719851774],[126.81416492263095,37.29321110123411],[126.81477224104408,37.29302562891628],[126.81551683243711,37.29273819251992],[126.81663376813857,37.292282832034864],[126.81769313079852,37.29179907924225],[126.8199681760195,37.290381621422576],[126.82052284386334,37.289892031243554],[126.82121160329902,37.289156301139236],[126.8223767092642,37.288128976522465],[126.82384276246995,37.286622834233576],[126.82416982393924,37.28621956390377],[126.82430102683819,37.28600422488139],[126.82462000518814,37.28534243548297],[126.82494191488523,37.28423923455263],[126.82533908723447,37.28247694126096],[126.82570788230677,37.2812283719944],[126.8264318418089,37.279006753502806],[126.82664561126091,37.27861971594702],[126.82730145170373,37.27773266200261],[126.82774279019937,37.27724559108136],[126.82795867891623,37.2770746936774],[126.82818107328586,37.27692807018895],[126.82891487805591,37.27672982497254],[126.82951320007237,37.27670257452578],[126.83004675022094,37.276757401381445],[126.8314442485095,37.27699556861466],[126.83247980409807,37.277036318640654],[126.8340339629626,37.27700571181744],[126.83473009589596,37.27690856314377],[126.83512069852715,37.27679576292901],[126.83649306424975,37.276514561459045],[126.83683809259153,37.27640971121906],[126.83697684380958,37.27632817150607],[126.8371211335965,37.27618835154877],[126.83727526995453,37.27597411981172],[126.83738871729129,37.27560215082158],[126.83739947913786,37.27541790463857],[126.83735805615453,37.2750222940211],[126.83714834601142,37.27402320861953],[126.83710684337308,37.27360813540844],[126.83714263780968,37.27316884161118],[126.83731389788457,37.27243897245893],[126.83742933500386,37.272181437125575],[126.83779216027794,37.27165293401537],[126.83902869685363,37.27004538348243],[126.83939533314046,37.269517240888284],[126.83969425288203,37.269178050371785],[126.8404816088242,37.26839620695754],[126.84120232531426,37.26777095770858],[126.84192629376973,37.267415477835975],[126.84291192167868,37.26706620101132],[126.84356236161733,37.266768549029344],[126.84482042922751,37.26610325741249],[126.84518898376129,37.265823613155625],[126.84519862732492,37.26518866729211],[126.84538168018648,37.26476145828618],[126.8458742654082,37.264187688561805],[126.84628456556896,37.26404990942123],[126.84635495981072,37.26397170181842],[126.84617899824421,37.2631343292267],[126.84541992341242,37.261389288788926],[126.84516884298218,37.26101593823434],[126.84512062949344,37.26088990992709],[126.8452044060097,37.26038472031315],[126.84533765753692,37.26010908941182],[126.84542226727335,37.26001845776692],[126.8457950300921,37.25981468397951],[126.84631043099914,37.25981174749439],[126.84687413315861,37.259948090740224],[126.8473945028745,37.25988595804046],[126.84766009954006,37.25999289584784],[126.8481275739031,37.26033795890109],[126.8484175658851,37.260707668321245],[126.84863877871702,37.26085679604454],[126.84872261493008,37.26087411401466],[126.84894186288197,37.260768344938576],[126.84915516377507,37.2605310167349],[126.84917200770661,37.26039561288718],[126.84910762031598,37.26012521960453],[126.84914839348221,37.25991298827859],[126.84939266696851,37.259749575306266],[126.84979518913507,37.25959646529188],[126.84987733628012,37.2594435747942],[126.84984293220921,37.259336487785795],[126.84961873495898,37.25910274225663],[126.84945173675797,37.25878491309489],[126.84943214087862,37.25838311641406],[126.84949347567024,37.258035125322216],[126.8493780166221,37.25776863105642],[126.8493124898205,37.25749940764762],[126.84934613210002,37.25674023858942],[126.84933115762432,37.25661930040724],[126.84928475436395,37.25654392321975],[126.8493204115953,37.25646971473162],[126.84924680913147,37.256578744500224],[126.84918683466792,37.256749413556726],[126.84907146365954,37.256888294833786],[126.84857116318629,37.25724355863137],[126.84821848160027,37.25795556009472],[126.84802856196445,37.25816633649348],[126.84733221441634,37.25868858179493],[126.84692882744747,37.25893936352912],[126.84642257039646,37.259323803854926],[126.84603593260438,37.25953964429871],[126.84568003819916,37.259818947772224],[126.8454008937325,37.25988742814603],[126.8448779256582,37.25984258680877],[126.84480157313226,37.26035481413292],[126.84456856139737,37.26090369514968],[126.8446941689096,37.26105423523178],[126.84480239831704,37.261267923712055],[126.84477467905272,37.261539368727746],[126.84431827482663,37.26255973482358],[126.84419341113757,37.2627553637526],[126.8448183320611,37.26339339482232],[126.84504201647928,37.26343802151017],[126.84502766552517,37.26350882383443],[126.84491074969475,37.263568407829275],[126.84432564273871,37.26401590603665],[126.84423015364517,37.264179857545415],[126.84397513369201,37.264294490467606],[126.84170962799514,37.265954610002275],[126.84093909103566,37.26690921290885],[126.84014335280328,37.26771907030202],[126.83826329213642,37.26987755838279],[126.83737171522738,37.2707195214762],[126.83539225612034,37.27102700437259],[126.83358815285358,37.272133387475506],[126.83128488961974,37.27378207847701],[126.8310858236763,37.27360509962218],[126.82890081566208,37.27064107767403],[126.82878135711287,37.27066820475256],[126.82830072658372,37.270618945917484],[126.82802107047813,37.27054221897142],[126.82786383602459,37.270419898504926],[126.82779499405729,37.27049854779581],[126.8275821965635,37.27062267703592],[126.82747497347366,37.270623961125395],[126.82732985659723,37.270532382986204],[126.82685661211796,37.27080064413618],[126.82686097721677,37.27091210834001],[126.82672759616348,37.270962468463146],[126.82670827750725,37.27102821533922],[126.82660884906029,37.271071408177946],[126.82642150917566,37.27105293041626],[126.8262114409303,37.27116533877604],[126.82606434041035,37.27129721229159],[126.82598507525948,37.27129935639699],[126.82568164631988,37.27155488956987],[126.82557880823062,37.27160924928032],[126.82534346471562,37.27162746060664],[126.82527730810759,37.27171332968097],[126.82541056281497,37.27171820431805],[126.82550382912265,37.271857552557016],[126.82548133759562,37.27192960173333],[126.82562467691147,37.27215543334178],[126.82565207830704,37.27225071319559],[126.825602365921,37.27239705714462],[126.82544184805265,37.27257603392317],[126.82534183624118,37.27265066184206],[126.82512834937123,37.2726986573493],[126.82477408823846,37.27270200348367],[126.82443498220742,37.27263716306168],[126.8243864168961,37.27267295151063],[126.82422707180504,37.272686868235056],[126.82420865773138,37.272654223282125],[126.8239921760255,37.272848972432755],[126.8239651299268,37.27304013097366],[126.82386051484218,37.27322558673321],[126.82363069461842,37.27362548026494],[126.82332375698536,37.27402769006714],[126.82320441806755,37.274048783768585],[126.82281886497208,37.27431346638153],[126.82277517431504,37.27428961317804],[126.82239056387137,37.27463592932509],[126.82217517562745,37.2746980538011],[126.82174294198414,37.27496049967645],[126.82132862023371,37.27508629365722],[126.8210390617559,37.275332735416924],[126.82075381745607,37.27551412852817],[126.82077288828157,37.27555470408642],[126.82064634465324,37.2756639862281],[126.82040497921194,37.27574273687212],[126.82013574567056,37.275922891524424],[126.81941608728486,37.276191474689426],[126.81899298620668,37.27621307865319],[126.81889756167908,37.276274471982404],[126.8188966997358,37.27635123857211],[126.81879684972243,37.276424158200406],[126.81875087096009,37.276413995673934],[126.81858817160335,37.27655232310457],[126.81834256100139,37.276659265264065],[126.81804926125719,37.276717107877154],[126.81799118228109,37.27676801626303],[126.81758157873607,37.27694533439576],[126.81685520745975,37.277087837152656],[126.8167803224431,37.27714061089251],[126.81652760148623,37.27715635376288],[126.81635424994046,37.27722203829688],[126.81580246861253,37.27766979772368],[126.81559283899281,37.277768762393144],[126.8152400965776,37.27783237037969],[126.81503337044823,37.27775942178815],[126.81488712216209,37.277669989203794],[126.8147907195156,37.27771443826472],[126.8144879146078,37.27805663163065],[126.81416661170502,37.278263631186476],[126.81392804957939,37.27825172022571],[126.813902868189,37.27836196658417],[126.81377693165948,37.27849331754807],[126.81361178119995,37.27856893140638],[126.8122139979527,37.27886081032893],[126.81209356947318,37.27881745830053],[126.81199802764709,37.27892209535141],[126.81186121371486,37.27898287608798],[126.81167353759663,37.27900213668297],[126.81164188909251,37.27912687877708],[126.8115242718949,37.27931086089491],[126.810724834812,37.27984146304428],[126.81007077486689,37.280181898012394],[126.80964601617218,37.280580195984534],[126.80967841288546,37.28065980953352],[126.80977354543263,37.280580853116604],[126.80980066849656,37.2806013414387],[126.80992682316212,37.280926367378356],[126.80999070413138,37.280992155906695],[126.81002975437356,37.28128982963129],[126.81023646035274,37.28155533721563],[126.81053238826924,37.28176134014757],[126.8104678299141,37.281784662788155],[126.81062133538141,37.28194844752755],[126.81070702311604,37.28222529225986],[126.81062747771848,37.28260161472103],[126.81094389928249,37.28300460595795],[126.81118453581449,37.28318366748246],[126.8112316689364,37.28327402653156],[126.81163009904648,37.2831696060861],[126.81194475601737,37.28315072919605],[126.81204182391836,37.283429122887924],[126.812329621438,37.28391938344282],[126.81209040994706,37.2841595761041],[126.81235089713654,37.284159361900485],[126.81344498088335,37.28446059864175],[126.81368107135603,37.28466270520965],[126.81387641984313,37.28460174492252],[126.81406546192261,37.284764590320265],[126.81396849866465,37.28494022780501],[126.81376802690397,37.285156697979005],[126.81315935149932,37.285553635148894],[126.81307559971295,37.28572091331226],[126.81258463013415,37.28607893006902],[126.81197083911411,37.286203516482054],[126.81173396920333,37.28632968668803],[126.8109845544738,37.2864966061344],[126.81055348429487,37.28663136342748],[126.8096538930966,37.28600632384582],[126.80839298610954,37.285890329278914],[126.8081695437739,37.28576889311165],[126.80750281152939,37.28520076587927],[126.80715310968203,37.28502621228826],[126.80688211988598,37.284821043939296],[126.80623684454012,37.284666670951395],[126.80514778257326,37.284617015751074],[126.8049727340909,37.28427545996894],[126.80500132826141,37.2839253129146],[126.80478012040987,37.28341762023608],[126.80422928594464,37.28240053014916],[126.80428948429598,37.282234038870584],[126.80407617468595,37.28154683650638],[126.80392869246595,37.280922194024384],[126.80367372850907,37.280535379084874],[126.80356812011402,37.28024179079343],[126.80354984681978,37.28006337409993],[126.80330329842702,37.279552230080334],[126.80322831924644,37.27955039256344],[126.80299756938206,37.2792506292281],[126.80246984205833,37.278899440212264],[126.80227819060558,37.27865073053909],[126.80162292776042,37.27822882633059],[126.80140874109091,37.27816323883802],[126.80097655513194,37.278373096604355],[126.80078779506952,37.27862602057886],[126.80063714703545,37.27865773365223],[126.80049466293661,37.2786256583701],[126.80039755622377,37.2784860948938],[126.80028243040721,37.27796567980214],[126.80048047633545,37.27785887461892],[126.80070139300605,37.27790741868328],[126.80128775126595,37.27777263538677],[126.80260115238015,37.27693057383841],[126.80279870951047,37.27696455912662],[126.80288431595865,37.27691169509503],[126.80326814479109,37.27708681419649],[126.80339805588471,37.27706694766831],[126.80372342908424,37.27692101099727],[126.80407155545883,37.27682228939091],[126.80430573611142,37.27641943199691],[126.80468310108341,37.276028696853714],[126.80484532613171,37.27565725479423],[126.80507485396721,37.2753150365159],[126.80524010755703,37.27496134922007],[126.80544832114985,37.27481932215948],[126.8054804899508,37.27475806020363],[126.80573983301495,37.273876496107675],[126.80570613022793,37.27363780201584],[126.80580557408231,37.273420322122774],[126.80602796772126,37.273321287663286],[126.80612222012073,37.27315322954669],[126.80608682973153,37.273100370647185],[126.8061697799044,37.27294713383078],[126.80620695278564,37.27278568512439],[126.80630216130268,37.272687953995984],[126.80638739265389,37.27270770996843],[126.80652923624187,37.27247763979577],[126.80653313281687,37.27234383390038],[126.80661134023971,37.27221465551671],[126.80669103443499,37.272230356520915],[126.80692217751252,37.27199796393754],[126.80702635731099,37.271694757497706],[126.80721038570506,37.271504500296],[126.80738623175378,37.271128265280794],[126.80764772708542,37.27080965613249],[126.80775453891013,37.270735892243636],[126.80790971166773,37.27042679454789],[126.808257391178,37.27002586239063],[126.80826153278814,37.26940667942696],[126.80834310060182,37.26929254355039],[126.80851042748498,37.269259433161544],[126.80857475364976,37.26911546284765],[126.80852732998675,37.2690375993903],[126.8085206411307,37.268875411576566],[126.80856003477683,37.268565475401395],[126.80888010604437,37.26855737369438],[126.80887371003112,37.268501237944605],[126.80905390603132,37.26843867492958],[126.80909828164073,37.268757469442534],[126.80959390926162,37.268951617509266],[126.8103414463549,37.268826502048924],[126.81041540444103,37.26884012792454],[126.81069244060564,37.26900726583075],[126.81088472977886,37.26887910630534],[126.81084160306646,37.26875952385108],[126.81065554762975,37.26857989148824],[126.8107288694404,37.268492609458],[126.81092755370621,37.26841653085287],[126.81102475543472,37.26816292033207],[126.8107939946464,37.268123741354565],[126.81087151865316,37.2679479755387],[126.81117771392651,37.26771829925252],[126.81122048946138,37.267627940323436],[126.8110015648854,37.26734828601046],[126.81062382197595,37.2669719918143],[126.81048801483607,37.26687887625941],[126.80955899923615,37.266510617199785],[126.80887788545938,37.26639282720741],[126.80903625463722,37.26645703109333],[126.8088373923948,37.266807813281936],[126.80780334192723,37.2672515968597],[126.80771156643313,37.26734173019613],[126.80753613222586,37.26730215786761],[126.80586233258559,37.26785101629605],[126.80575992033495,37.267955096541236],[126.80498566825479,37.267935703166046],[126.80457021447239,37.267850946466666],[126.80406134564596,37.267878211171194],[126.80391406054191,37.267982124871686],[126.8037714132797,37.268036849732596],[126.80356052280004,37.2682340938605],[126.80321720592401,37.26867187187726],[126.80312771539158,37.268962665468166],[126.80303393057243,37.269042249692426],[126.80303506809923,37.26908135642282],[126.8027982706049,37.26916902617626],[126.80256060045379,37.26919821696116],[126.80214268552021,37.26916446409649],[126.80206673805672,37.26927291964345],[126.80191213251665,37.26935043625183],[126.80166723241138,37.26937620714885],[126.80126951757215,37.269496796159686],[126.80099542684992,37.26953561730836],[126.80080119688343,37.26948328960816],[126.80072118198589,37.26942432551302],[126.80062360561348,37.269512506249924],[126.80028642997729,37.2696505935961],[126.8001767336715,37.26963685557743],[126.80008772183855,37.26967115065844],[126.79931477116766,37.2700866778742],[126.79919367215032,37.270095454296126],[126.79918413451136,37.27012898344073],[126.79766667499312,37.270637446190456],[126.79628357572093,37.27072653863525],[126.79574177258951,37.2701495591621],[126.7956136167316,37.26942075241143],[126.7955248991329,37.269400171685504],[126.79547500329109,37.2693200461378],[126.795396731588,37.26935939315356],[126.7951811994561,37.26915350120791],[126.79508807724218,37.26897893500381],[126.7951020717355,37.26879188699157],[126.79506449808537,37.268670947941274],[126.79499258913646,37.26864289953014],[126.79482384919743,37.26875824362303],[126.79378055757779,37.26856596647319],[126.79262288388522,37.26846354561682],[126.7925544912425,37.268746439307236],[126.79230763844367,37.26867478576534],[126.79213725295,37.268234645456225],[126.79190859755217,37.26810642037863],[126.79168644952584,37.26817677599325],[126.79135867430504,37.26759383914257],[126.79092118630926,37.26736720892344],[126.7906614161816,37.267086507353504],[126.79032381584233,37.267168169970056],[126.79033877044814,37.266903806555284],[126.7905490872275,37.26682624212795],[126.79068179761943,37.26650075509134],[126.79066721977121,37.26606024111272],[126.79106266897014,37.265947162192504],[126.79119175258954,37.26595154531958],[126.79140330172149,37.26556302600221],[126.7917334620714,37.265144829213206],[126.79200581169862,37.26501421109446],[126.7919670969633,37.264770467148026],[126.79217451542308,37.2647964233913],[126.79232551121282,37.26473215825146],[126.79238119703322,37.264742357203225],[126.7924067910547,37.264570007702595],[126.79217376919887,37.26472388889201],[126.79206624047973,37.264704020164416],[126.79188851498624,37.264300457194665],[126.79191158521338,37.264205222768105],[126.79215728738302,37.26397034357702],[126.79233162303736,37.26388780167429],[126.7923225902267,37.26359531926849],[126.79211546302996,37.263168052486385],[126.79180012125668,37.262730276866826],[126.79169235719466,37.26239396437184],[126.79162721929637,37.26190684923218],[126.79156206616507,37.26187635987872],[126.79174409398524,37.261441302984025],[126.79215875629586,37.26092242867075],[126.792433956453,37.260725408293155],[126.792629254997,37.26065403968889],[126.7928632276238,37.26041212813612],[126.79327292665388,37.26017623783568],[126.79336318982733,37.25973747582739],[126.7933288387794,37.25970159933273],[126.79332274763046,37.259539141186],[126.79336934210782,37.25923041167126],[126.788306270448,37.255191419055336],[126.78978055225024,37.24763532426826],[126.78926348266288,37.24732982149624],[126.78912042965747,37.24720189723834],[126.78850087667405,37.246440769616164],[126.78841863489826,37.24625204382327],[126.78859422793875,37.24610607644746],[126.78903855986957,37.245908241073245],[126.78932147969107,37.24587576140539],[126.7895813295522,37.24594336291387],[126.7895646337408,37.24412948394799],[126.78219156077097,37.24505046954695],[126.7783035285784,37.24579903930576],[126.7779528778701,37.24140516815735],[126.77801958949816,37.240514403036705],[126.77823281645676,37.23998355391904],[126.77834289001697,37.239494020804024],[126.77816398096829,37.239417870291895],[126.77814968859697,37.239368980103805],[126.77819868700227,37.239324038677054],[126.77833551460208,37.2393695466726],[126.78120253601142,37.23602471394792],[126.78277708958126,37.23466866939112],[126.78291054336701,37.23458101954925],[126.78303175170973,37.234550445730875],[126.78327962845945,37.23454973137524],[126.78349816933509,37.2346164051821],[126.7844618735928,37.235074451697294],[126.78523640292879,37.234545761027434],[126.78523654879885,37.23449863701625],[126.78530530933895,37.23447218194166],[126.78532896464486,37.23449138118561],[126.78539740320677,37.23444348076952],[126.78637196053594,37.23357186097148],[126.78659912380989,37.23293912297479],[126.78648415387087,37.23290127794225],[126.78638333428025,37.2327059750624],[126.7862801828539,37.23289910538128],[126.78613566194201,37.23268053014754],[126.78557937672667,37.232044564699045],[126.78554554062418,37.23194444271435],[126.78561623819367,37.231743640078975],[126.78557988115624,37.23155151749706],[126.7855388908936,37.23151419383795],[126.78541902585381,37.23147097766214],[126.78525842792183,37.23135962256837],[126.78420206216633,37.230582651986],[126.7836330446233,37.229980830241445],[126.78355068384315,37.22982815091283],[126.78326845825637,37.22992905211409],[126.783231079962,37.229878588152566],[126.78297151775132,37.22974798153853],[126.78301517053386,37.22963501778224],[126.78331746313107,37.22951104250841],[126.78345394764234,37.22948669550577],[126.78371611893508,37.229258602413296],[126.78407437918874,37.22906370823207],[126.78417745659705,37.22896717091663],[126.78401418215199,37.22881328016214],[126.78392035391514,37.22864383870421],[126.78363860270458,37.22744954350782],[126.78390339471252,37.227036111025754],[126.78367224217193,37.226891700107366],[126.78362420655874,37.22679391209926],[126.7834777802192,37.226727245090316],[126.78347686334428,37.22660344064599],[126.78358289332023,37.226341388370344],[126.78366027133302,37.22624288495645],[126.78364581227068,37.22621630474115],[126.78346847522715,37.22631938166549],[126.78308574908593,37.226367017252194],[126.78290590804781,37.226275383190476],[126.78236980662017,37.22611561145324],[126.78217181310666,37.226005038889944],[126.78202674029112,37.22580276620655],[126.78201698291002,37.22569760587294],[126.78183277714307,37.22587256153598],[126.7816838710343,37.22620334504281],[126.78156381376921,37.22627265534783],[126.78135899206565,37.22623596296036],[126.78121495181739,37.22615578200146],[126.78120559249669,37.22602648351316],[126.78126684489943,37.22594103475484],[126.78124338616743,37.22582838828044],[126.78107995789368,37.22574720698537],[126.78081259006356,37.22533555595465],[126.78082054934102,37.22512525923393],[126.78068897787907,37.22494705878015],[126.78056596784457,37.22464613458094],[126.7807033017667,37.224405002253135],[126.7810184032836,37.22433398363897],[126.78117691749486,37.22422090082921],[126.78116332995438,37.22416629059121],[126.78121157015539,37.224021610330006],[126.78105275016715,37.22409280330277],[126.78086715820463,37.22385068184395],[126.78065196489038,37.22317288836825],[126.78047224309306,37.223171417819174],[126.78041210420021,37.22326572550502],[126.77997844880788,37.22336441703892],[126.77949722631686,37.22323070283999],[126.77925910160765,37.22302702683043],[126.77923928778314,37.2228792462076],[126.77928697091588,37.22272954686712],[126.77918263586456,37.22273327060206],[126.77908037767372,37.22280097195017],[126.77895085397758,37.22274539582027],[126.77888771816248,37.22253623600652],[126.77859189845147,37.22221358504748],[126.77849248612809,37.22201506108122],[126.77809572005317,37.222046435457216],[126.77768853998195,37.22202916872955],[126.77695095921183,37.221571378138904],[126.77658575929996,37.22123292150378],[126.7763066708486,37.22111246284068],[126.77611154359035,37.220966114256],[126.77548600142569,37.22011102489943],[126.77546337495443,37.219964589776275],[126.77568915530921,37.21960457742563],[126.77584229822641,37.21920614107094],[126.77599616283908,37.21900377217735],[126.77608148132072,37.218978858631296],[126.77682439645898,37.21924230157518],[126.77691518952115,37.21913414171567],[126.77695913829427,37.21899829413568],[126.77764699909055,37.21833407885451],[126.77793514804439,37.21801203265116],[126.77792429416203,37.21805924469296],[126.77796222675349,37.21810197152807],[126.77811564552044,37.21816657720715],[126.7781615293857,37.217973417635626],[126.77813464119963,37.217929612421464],[126.77804949406485,37.21790470025186],[126.77804477445922,37.21775917334861],[126.77810737744866,37.217676945361305],[126.77829461127767,37.217690210233485],[126.77843212909788,37.21774444159987],[126.77847861815168,37.21780078108287],[126.77885709680228,37.217758549504325],[126.77886474454576,37.21764430296089],[126.77871238658194,37.21742599177583],[126.77863728079963,37.21737341895405],[126.77853839205743,37.21738956871787],[126.77791670869387,37.21696078116298],[126.77780861379986,37.21702334355218],[126.77801263629343,37.21715771336568],[126.77729279603516,37.217695039970444],[126.77703973086837,37.21796349416991],[126.77695196202531,37.21796795015473],[126.77665027918526,37.21779603606107],[126.77646049136148,37.21774366760224],[126.774689708001,37.218603027063146],[126.7744842719972,37.218301866330215],[126.77336913946041,37.216121675294865],[126.77328894927716,37.2158549119698],[126.77367251332147,37.21578648645229],[126.77379503324809,37.21572682086584],[126.77426011182894,37.21404171377803],[126.77435359387331,37.21360692463854],[126.77445166696913,37.21342173251522],[126.77443533320042,37.21305644626168],[126.77456131671416,37.21302353839195],[126.77484080659971,37.21303658896634],[126.77492525476404,37.21308962360388],[126.77486613818182,37.2129178532074],[126.77493693451402,37.21251413305885],[126.77478918796936,37.212324379478645],[126.77481481963595,37.212255913370576],[126.77406145892155,37.21133145181661],[126.77454083482567,37.2110640411705],[126.77466441063945,37.21070153668123],[126.77488345203186,37.2104133343658],[126.77485560914693,37.20995198396182],[126.77494532185285,37.20979165306421],[126.7748498718367,37.20942948608563],[126.77433994747508,37.20951547787557],[126.77381276412268,37.20968747474216],[126.77380767915226,37.20998135764156],[126.76852469429299,37.21094045257862],[126.76839396734238,37.210329280471875],[126.7683502358538,37.210343575026656],[126.76818574213198,37.2102578684928],[126.76808222009642,37.21024077904157],[126.76658131210523,37.210375031652774],[126.76643236162703,37.21028005476527],[126.76641471751576,37.21023724732562],[126.76618296696205,37.210265467328284],[126.76617013830244,37.2103698004346],[126.76606672521653,37.210466411825195],[126.76538713973015,37.21050443472834],[126.76511432164679,37.21058074944419],[126.76431284654855,37.2106280468927],[126.76416451650222,37.21059830378042],[126.76398624187145,37.21046104228252],[126.76388188954672,37.210576031115465],[126.76381882111323,37.21055219819797],[126.76373305231257,37.21061826160932],[126.76345951525478,37.21053547423987],[126.76161003213507,37.21067160292378],[126.76155226992849,37.21063368726425],[126.76147829609154,37.21046080782864],[126.76158523286732,37.21043440770068],[126.76159533589428,37.21037458101219],[126.76114659348288,37.21050743992862],[126.76116999992865,37.21054043848967],[126.76084053989484,37.210703732065014],[126.76102415142957,37.210971660063954],[126.76081606208338,37.211125135252956],[126.76076397672546,37.21104499895534],[126.76033455113323,37.212242798193174],[126.76029239501119,37.212253308600594],[126.76016850089472,37.212435147588046],[126.76015714081815,37.21262038743133],[126.76061598879161,37.213530318250655],[126.76070528739186,37.21366355647238],[126.76078820553356,37.213670455770654],[126.76091973644257,37.213815709417226],[126.76092316270743,37.213889781909494],[126.7608785830974,37.21396074741978],[126.76102266893938,37.21437100443824],[126.76129066006844,37.21438363114011],[126.76193855995065,37.21377813746109],[126.76207984528773,37.213767880933005],[126.76237405642443,37.21381430214461],[126.76272071532173,37.213601995435056],[126.76311011793406,37.21355712400919],[126.7634415269131,37.213593480717606],[126.7635414465621,37.21370050885941],[126.76432124684307,37.21352309006823],[126.7643331454599,37.213565715094234],[126.76457698673204,37.21351136571494],[126.76494433360043,37.214619803139186],[126.76520391159707,37.21481631556462],[126.76629540493228,37.21500275966346],[126.76661491012496,37.215214624562655],[126.7667691668906,37.2155273841304],[126.76674459422975,37.21564405620687],[126.76701631101521,37.21642768854441],[126.76678850844112,37.21707385086913],[126.76648787645166,37.21756331249171],[126.76597153581858,37.21829727428396],[126.76597022704453,37.218370346022404],[126.76547618377232,37.218475162734464],[126.76560713101357,37.218766378384565],[126.76585007215425,37.219495478805406],[126.76605433348134,37.21945041853126],[126.76620780566562,37.21991984083352],[126.76646754107546,37.2198836661618],[126.76647794228532,37.219955697894996],[126.76575691029102,37.22033428754731],[126.7657662198742,37.22036226533575],[126.765352040965,37.22046153681195],[126.76490968562082,37.22048756812291],[126.76455988613237,37.22044584457719],[126.76213152188315,37.21984802392841],[126.76187007114969,37.219948573912326],[126.76150338283199,37.220032565275574],[126.7611279607455,37.22019856842247],[126.76103182540064,37.2202820348173],[126.76095641877266,37.22042299351213],[126.76076564213612,37.220651235701276],[126.76036984278957,37.22094522370237],[126.76004700201986,37.22108141590879],[126.75961055032576,37.22115524860473],[126.75921971420082,37.22113875370024],[126.75703278397627,37.22065040205462],[126.75598917062909,37.22051346604301],[126.755804995496,37.22057405749351],[126.75565455495536,37.22078694928766],[126.75552910804151,37.22110960333852],[126.75530624347824,37.22140137440541],[126.75481169940349,37.22171167254383],[126.75462966017932,37.2217691129596],[126.75430516673674,37.22176876958009],[126.75350667569467,37.221479011187824],[126.75300147845009,37.2215619652741],[126.75243144922773,37.22174076859844],[126.75280383919883,37.22204999480124],[126.75287708783,37.222022387558845],[126.7528991358228,37.22214313704057],[126.75284023750605,37.222673085697885],[126.7535408683845,37.22264678447616],[126.7541826412014,37.22489716443215],[126.75403570289261,37.224906606762794],[126.75414397261491,37.22519673311922],[126.75412676207931,37.22536034382094],[126.7545664000871,37.225289412386594],[126.75550538742172,37.22524966622903],[126.75555305331984,37.22514446983217],[126.75647124584293,37.224963056568264],[126.7564545673232,37.22501603918462],[126.75688092614371,37.22498402358126],[126.7568938121016,37.22494346740707],[126.75765566331366,37.22499926283193],[126.75768067435017,37.225052745920785],[126.75813626441652,37.22515297736867],[126.75838650523094,37.22536102753147],[126.75861862408647,37.22535624168174],[126.75873001312513,37.22530109220453],[126.75910610278702,37.22542543993896],[126.75922272788745,37.22552274746041],[126.75935101995414,37.2258124685047],[126.75959925706795,37.22584523293893],[126.75993515597247,37.225942149420845],[126.7604134976643,37.226118736483194],[126.76062686019047,37.226279717656546],[126.76084753340616,37.22611896140434],[126.7612161859264,37.226451796675505],[126.76131818420595,37.22652593377685],[126.7614007652764,37.226536985757335],[126.76204942120293,37.226370210151494],[126.76245642713623,37.2257848435332],[126.76270054945863,37.22552918867268],[126.76378745920731,37.22513016950853],[126.76388513010527,37.22520114209597],[126.76359495914285,37.22561902006715],[126.76386271306271,37.22608996289158],[126.76429123677293,37.22614837123629],[126.76475572933569,37.22600811682554],[126.76492553405832,37.22617801358665],[126.76466193877037,37.22634237687599],[126.76445663398528,37.22673981979388],[126.76470976646169,37.22705014826607],[126.76457220319456,37.22718829972384],[126.76470998832586,37.22720623562499],[126.76410332201354,37.22856800406876],[126.76428952660675,37.22872698692896],[126.76441179216657,37.22888720208622],[126.76477036240557,37.2288138990253],[126.76513124886819,37.229059684202745],[126.76548562175634,37.22949800716998],[126.76520117768149,37.229533400443934],[126.76518970675089,37.22961638119879],[126.76521801858433,37.22969037687997],[126.76513449113428,37.22972131405263],[126.76491477272262,37.2296048396564],[126.76240046794824,37.23083968198064],[126.762163230304,37.23200239766999],[126.76177152800142,37.2326153653399],[126.76155277988146,37.2328424523933],[126.76104319892421,37.23325205777012],[126.76062989569147,37.2334663946951],[126.760513595692,37.23410876002878],[126.76022983264743,37.235207988487886],[126.76008577744462,37.23677405791417],[126.76004654258358,37.23695616761376],[126.75994863829675,37.2371242816755],[126.75980423959146,37.237241752598656],[126.75962470878653,37.237314820577794],[126.75941389210574,37.23733898813275],[126.75850125537565,37.23991237209978],[126.75866563683167,37.240067237043604],[126.75878470207522,37.240260933664224],[126.75881308261711,37.24040768056376],[126.75877898300428,37.240603496000595],[126.75863392869515,37.24081728486127],[126.75815834998103,37.2412681783132],[126.75795353284187,37.241595824581324],[126.75711831552663,37.24393103108543],[126.75686403673558,37.24452906416932],[126.75592062545776,37.247119571033565],[126.75534154505164,37.24836062601792],[126.75481490086186,37.24925288835534],[126.7555062663242,37.24963507697061],[126.75566567584836,37.24979837821483],[126.75616908437414,37.25015060962495],[126.75621691283482,37.250312831916546],[126.75643153829108,37.25029695855666],[126.75675746206603,37.25052714424362],[126.7568557187015,37.250362241652574],[126.75768229533818,37.251101074087906],[126.75816908816351,37.25161006079699],[126.75823411111338,37.25171967912657],[126.75825048737279,37.251790245765626],[126.7581334173415,37.25203992520414],[126.75772171039716,37.252490496668784],[126.75772291974904,37.25281134855468],[126.75767237981778,37.253135779104795],[126.75727770644124,37.253855495942794],[126.75651010524251,37.25412477920345],[126.75626517929115,37.254308137254405],[126.75516903416683,37.25435595948205],[126.75330366762395,37.2540480822762],[126.75265617613756,37.25416318198513],[126.74940879359642,37.25437971531334],[126.74800393479471,37.25370459863331],[126.74754825055003,37.253581955561955],[126.74700699495729,37.253652687024825],[126.746778222164,37.25378935954829],[126.7466219416904,37.25366074301949],[126.74666743901896,37.25352237901716],[126.7466785219929,37.25315342033396],[126.7466203568778,37.252896482353],[126.74628795900902,37.252376239005436],[126.74629660520118,37.25231919513223],[126.74620787277847,37.25224947103619],[126.74537030902154,37.25178572899244],[126.74488268539741,37.25157339867994],[126.74417958837614,37.25118796009796],[126.74367524649851,37.251061204774615],[126.74315464746869,37.25079404867225],[126.74284593314765,37.25069827054131],[126.74248480005834,37.250532168341934],[126.7422677602141,37.250495039308014],[126.7422107001288,37.250433716107786],[126.74176376261636,37.250289967676785],[126.7415208515695,37.24989979119066],[126.74146697737845,37.24973494573632],[126.74131156056698,37.249648672666666],[126.74115413868897,37.249368852723386],[126.74051537476429,37.249064365559946],[126.73986419062001,37.24867968243405],[126.73957653798419,37.24844876004134],[126.73951556745983,37.24844041673796],[126.73926816584795,37.24828107074217],[126.73920832077945,37.24827975784499],[126.73901939844409,37.24813559713694],[126.73895336853482,37.24819843309606],[126.73737407812735,37.24755753796528],[126.7374431367882,37.24750227832866],[126.73738189130867,37.247476119852685],[126.73610716744702,37.24845551497914],[126.73613739925497,37.248525485008926],[126.73570350076926,37.248645439750845],[126.73564655803594,37.24850770589485],[126.73565392757237,37.24785689597856],[126.73548451107052,37.24669973079944],[126.73264904445995,37.24530244441303],[126.73252292618707,37.24545135142306],[126.73037101299813,37.244507520301795],[126.73193160202611,37.24287753284351],[126.7318547991335,37.24268968129121],[126.73160867982351,37.24251869875687],[126.73154003382855,37.24259738290448],[126.72896876739897,37.241038612564886],[126.72848177150058,37.24082792793492],[126.72788222103115,37.241042405346356],[126.72742171345112,37.24112097399641],[126.72651620148653,37.24095589550254],[126.72601973941465,37.24075636063076],[126.72557979625604,37.24037819888146],[126.72518062259088,37.240447179538954],[126.72431379085043,37.240762192245306],[126.72351888891608,37.24127658642276],[126.72325639465852,37.24156257137571],[126.72252052651214,37.2420083664563],[126.72240835572988,37.242166963719775],[126.72295221338288,37.24260719262349],[126.72296963972752,37.24270145488401],[126.72284018618437,37.2433084391546],[126.72273552179936,37.24335337974215],[126.72253886542599,37.243900637958795],[126.72244120618983,37.24407507353808],[126.72256625675648,37.24417476134285],[126.72264882720542,37.244342260011344],[126.72264492663624,37.24452300748348],[126.72250021890783,37.24480262725256],[126.7226555878879,37.24490253054529],[126.72269355010332,37.244981316330275],[126.72307228554723,37.24501874438417],[126.72435863415019,37.245283890959925],[126.72526889179086,37.24581985397736],[126.72470847229908,37.24640963330003],[126.72565404223583,37.24658494652077],[126.7257954834788,37.2466614043475],[126.72606260097777,37.24687567032775],[126.72631719604608,37.247028474048115],[126.7264281267058,37.24715500279699],[126.72751390172523,37.24798936425182],[126.72807941858277,37.24773916554339],[126.7282332946525,37.24772246415015],[126.72917651574107,37.247840086614204],[126.72923402363017,37.24797709503751],[126.7293259456166,37.247990975047394],[126.72948198623995,37.248181154577644],[126.72955497674323,37.248209695806366],[126.7296388204225,37.24851460023015],[126.72965864990327,37.24888386270968],[126.72965369335562,37.24903369338182],[126.72947280196732,37.24953837089622],[126.72922487495244,37.24994971799931],[126.72899515835572,37.250104825252336],[126.72882068109733,37.25017259586349],[126.72830733351083,37.25027651829305],[126.72810175114137,37.25034290056441],[126.72805378772811,37.25038754419047],[126.72796521615554,37.25051558383872],[126.72798610621444,37.25056435101757],[126.72794852236044,37.25081200357543],[126.72780392106583,37.25095205958439],[126.72760801752574,37.25102809541379],[126.72758326447682,37.25106879193463],[126.72764002265917,37.25117301068747],[126.72754434703529,37.25137925234751],[126.72740302205709,37.251585172015275],[126.727037522473,37.251994061650336],[126.7270731819598,37.25203869142251],[126.72732049214447,37.25210444512364],[126.7274001812507,37.25217958663707],[126.7274608396454,37.25231191773652],[126.72737622196288,37.25243040607645],[126.7274572153638,37.25260925056877],[126.72745875442898,37.252704042904284],[126.7275830893629,37.25277363812164],[126.72770017607148,37.252939987493335],[126.72749412562995,37.25322685057944],[126.72723216661018,37.253447979531515],[126.72721806234709,37.25352347151805],[126.72703089724179,37.25370240662835],[126.7269861798227,37.253827150209084],[126.72675918691094,37.25381125211007],[126.72654464629728,37.25369389905654],[126.72638879193671,37.25402802781498],[126.7262280063999,37.25405651424997],[126.7261718426679,37.25429378803268],[126.72601214508266,37.25456196066756],[126.72602945984234,37.254586482034576],[126.72594719115905,37.25479219481828],[126.72591983635843,37.25498336652754],[126.72608774636906,37.25578518146439],[126.72567517906012,37.25621905985775],[126.72580171644067,37.25646490416824],[126.72566363491305,37.25653477307687],[126.72550988156222,37.25652821568955],[126.72462385057952,37.25619934236502],[126.7241658068461,37.25630231273962],[126.72394694395226,37.256274606728766],[126.72365809320281,37.256163570730074],[126.72323306163682,37.25634405876769],[126.72249924652381,37.256065606610775],[126.71987634983766,37.25535932141232],[126.71958897798287,37.255325857980125],[126.71748278944996,37.25532504159126],[126.71610196644468,37.254785813849075],[126.71538498191163,37.25503658914131],[126.71484338351254,37.25529134387911],[126.7145069847962,37.25550334405863],[126.713662870681,37.25612168350607],[126.71272562992483,37.256610887974986],[126.71257183966203,37.25688580542819],[126.71230677559767,37.256975604031275],[126.71205617095302,37.25692757032896],[126.71157425588409,37.25704754420406],[126.71123897061248,37.25717939085239],[126.71021045443304,37.25772603560558],[126.71006071284084,37.257751725001036],[126.70973764885159,37.25819141727778],[126.70956867696178,37.258126081383516],[126.7093601222761,37.25788400912767],[126.70882389303728,37.25775733320272],[126.70841021040476,37.25761864113451],[126.70822057714784,37.257701940602416],[126.70803441738215,37.25766559122031],[126.7078572615149,37.257699715628995],[126.7077262441221,37.25784408748911],[126.70728223346647,37.25789547018703],[126.70714068745498,37.257694737710764],[126.70688852823898,37.25762641597677],[126.70587549105828,37.25780245772061],[126.70519351221735,37.25773975313772],[126.70509496456964,37.25768881438352],[126.70508328186865,37.25754896287824],[126.70491402810185,37.25757417342946],[126.70485152952457,37.25754066964335],[126.70480000270722,37.25767008201457],[126.70462355505366,37.2578106153189],[126.70449018182829,37.25781839013334],[126.70437902060807,37.25788799533779],[126.70425383729265,37.257920010194816],[126.70367495409761,37.25799843208997],[126.70365498710461,37.25782748300155],[126.7037315842541,37.25761547344629],[126.70366030697653,37.25748122951868],[126.703574654086,37.257634108502806],[126.70354669077712,37.258068191718],[126.70350301308368,37.25815887885728],[126.70320011351266,37.2583946732414],[126.70243275729399,37.258638809524044],[126.70213900460935,37.25934493616942],[126.70227345115343,37.25993574955171],[126.70209539322325,37.260019203560795],[126.7019020883102,37.25983654388271],[126.70160359872185,37.25973327778535],[126.70108921078456,37.25978394535124],[126.70082963400941,37.25989961875298],[126.70037324186147,37.25969576269666],[126.69968856794803,37.25962734304579],[126.69921775477285,37.25977244261497],[126.6988941728866,37.260033438021686],[126.69867657555365,37.2605143122077],[126.69816930755742,37.26103096303355],[126.6975968631906,37.260804002836394],[126.69690074062525,37.260819351680105],[126.69657976373267,37.26106303856822],[126.69547505784121,37.261034247755376],[126.6933247970986,37.26073064527147],[126.69303752616797,37.260800285837625],[126.69291732841651,37.26087068562488],[126.69241545538628,37.260873458241186],[126.69183147196475,37.26100515891284],[126.69174877573013,37.261425742508536],[126.69166843108891,37.261525195422465],[126.69151920242885,37.26162042232488],[126.69053220021816,37.2617570796375],[126.68995192551338,37.26167288452197],[126.68979647519446,37.2617781934407],[126.68945070724934,37.2622834822744],[126.68892881873191,37.262255308984486],[126.68864517555967,37.26204238490528],[126.68779768602758,37.262248136663565],[126.68744016219354,37.26211115110834],[126.68731094040108,37.26142664590138],[126.68744990492416,37.26106516021421],[126.68744578881866,37.260823861985365],[126.6863538735271,37.259701969199135],[126.68619976248108,37.25922881444383],[126.6860103415326,37.25903005579458],[126.68587014423649,37.258959500765165],[126.68563437356045,37.25872248626625],[126.68503682791626,37.25845145506124],[126.68476968642679,37.2582287174319],[126.684264739773,37.25788257666089],[126.68383457908993,37.25762240364839],[126.68360410020624,37.25744035322903],[126.6834505894981,37.25737922943071],[126.68352301121807,37.25735599710064],[126.68343984448545,37.25724036951425],[126.68261507650416,37.25696172347202],[126.68217790219147,37.25687291089302],[126.68195859487643,37.25674556202941],[126.68118379666056,37.25666393444427],[126.67717040371674,37.24626813519031],[126.67709161177507,37.24623606782056],[126.67706850624877,37.24618883540004],[126.67687489556249,37.246168076598664],[126.67643008165419,37.24591119704245],[126.67586488892981,37.245386990483276],[126.6754997487538,37.24537493015897],[126.67532171155838,37.24540503901482],[126.67487596652973,37.245152025488885],[126.67465163820847,37.244974019986536],[126.67437087244085,37.244630680614044],[126.6743791617785,37.244352995816556],[126.67422026613917,37.24394991168912],[126.67395534152074,37.24378094714651],[126.67369793023661,37.24352990958559],[126.67364149440654,37.243567488663125],[126.67333413387085,37.24357398074585],[126.67290954751476,37.24353948314702],[126.67229167162266,37.24385285871114],[126.67212609546353,37.2438559483732],[126.6719186215437,37.24350830181126],[126.67148380856621,37.24311833069513],[126.67113355862928,37.24295869100525],[126.67106833043002,37.24284669067651],[126.6709302637475,37.24275250769281],[126.67057927533338,37.242669632413104],[126.67045775630993,37.2425852983694],[126.66980781380406,37.24249753908104],[126.6687246956443,37.242165100328684],[126.6687613650503,37.242053150746614],[126.66869171685039,37.242050260941056],[126.66863095059986,37.24210863935845],[126.66862474361393,37.24216692783711],[126.66768363603461,37.242619733506515],[126.66750768042415,37.24277398999512],[126.66735915021331,37.24296019317888],[126.66727775762185,37.24330696972864],[126.66734952809222,37.243600359719444],[126.66707027415404,37.24402288617853],[126.66679465171555,37.244237724892045],[126.66666312038048,37.24452666601722],[126.66669228161658,37.245063269034716],[126.66615396160962,37.24527221829281],[126.66580689585211,37.24510139910828],[126.66557612811096,37.244888497207214],[126.66492176510299,37.24479306681134],[126.66459750945897,37.24455533506857],[126.66417924241755,37.244470717660775],[126.66359474431353,37.24442468437932],[126.66292944464296,37.244472764470245],[126.66287891783797,37.24486346139274],[126.66293020985269,37.24527674999838],[126.66270124466003,37.24558185188954],[126.66252721228709,37.24558473273072],[126.66232062089789,37.24526021961718],[126.66192183620616,37.24527429520148],[126.6618504105123,37.2453981626854],[126.6617955959889,37.24574335359098]]],[[[126.79051397298711,37.207628368402546],[126.79055736367143,37.20784778632842],[126.79130459222556,37.208098703167146],[126.79162839278581,37.20825096767801],[126.79170089300315,37.208642499694186],[126.79113893616545,37.20887867535347],[126.79090527960388,37.20888407192014],[126.7910434930671,37.20953720341231],[126.79103823222655,37.20973188214919],[126.79132527037613,37.210281684784825],[126.79126538732484,37.2108933406992],[126.79128500903903,37.21108931600821],[126.79149668555799,37.21122082903561],[126.79249595208714,37.21096105100108],[126.79275117300254,37.210838598960784],[126.79291700831999,37.210840386809444],[126.79310622294688,37.2107754393667],[126.79372984525433,37.21066614820014],[126.79343729669084,37.21113582524317],[126.7933918786103,37.211314566159224],[126.79322332077417,37.21151596805088],[126.79308435142313,37.211600610744505],[126.79304134048557,37.211661535568595],[126.79372928095965,37.212486710491746],[126.79401111517535,37.21238058426596],[126.7947570858242,37.21245244910368],[126.79483705828841,37.21262719244157],[126.7947074818375,37.21265497968254],[126.79453909558586,37.21260400203358],[126.79445797649971,37.21261415017107],[126.79424093527483,37.21287554113724],[126.7940353335195,37.213027727509335],[126.79412719776064,37.21355793486357],[126.79419386621534,37.213744513012585],[126.79442667780225,37.21397126175157],[126.79490422212318,37.21497109780813],[126.79489928369651,37.21510472257804],[126.79473704613295,37.21562652962776],[126.79491003927703,37.21587871743156],[126.7952801780065,37.21597555751762],[126.79550035950753,37.21609431937753],[126.79593393377571,37.216202080212064],[126.79617772692832,37.21621019793506],[126.79661084167923,37.21632183898119],[126.79676874728396,37.21639831302616],[126.79685913088433,37.216363211483774],[126.79730014450719,37.216462591479875],[126.79769153369665,37.21646455403706],[126.79857287763507,37.216137736932744],[126.7994037923656,37.2153608293514],[126.79978524498033,37.21483584825525],[126.7998295310167,37.21443842037564],[126.7999557158566,37.214246091659845],[126.80008881066438,37.21417072969586],[126.79980796351047,37.21378398448662],[126.79966006846982,37.21316888003977],[126.79917863754545,37.21268978599864],[126.79889788752912,37.21213986911864],[126.79878205899853,37.2119776366693],[126.79874726765516,37.211772364925295],[126.79942638311175,37.21084413699707],[126.79962270389632,37.20988149238255],[126.7996110078914,37.20964139886476],[126.79950133961623,37.209053858741584],[126.79899193544607,37.208863761195474],[126.79869033317523,37.209043796009276],[126.79795608111692,37.209716011395656],[126.79727154696701,37.20952521797869],[126.79740846683647,37.208738547036994],[126.79741612594637,37.20811151609372],[126.79719279762148,37.20785956920386],[126.79649209289148,37.20788582241642],[126.79609152975023,37.20800566092997],[126.79592778267627,37.2079464397259],[126.79602799972571,37.2074967683324],[126.79601547655456,37.20728770483473],[126.7958918476454,37.206891464265425],[126.79572942031659,37.20669562003677],[126.79323475412434,37.20604387971669],[126.79271453834689,37.20572685133878],[126.79230744759161,37.205691416010964],[126.79208832435866,37.20572015055527],[126.79142351563367,37.2059944852039],[126.79099607567447,37.20630122512966],[126.7907155653606,37.20667109072979],[126.79052707402104,37.20710237239429],[126.79051397298711,37.207628368402546]]],[[[126.67586255654611,37.2212253855814],[126.67615376789914,37.22139266153328],[126.67678264957817,37.22263121441611],[126.67728146817915,37.22348033088605],[126.67804307106266,37.223518715960004],[126.67830031177218,37.22343552258388],[126.67847104906681,37.22302808873172],[126.67921281028173,37.22378580940269],[126.67976545976177,37.22384334737958],[126.68077052297613,37.223839342449],[126.6812574300507,37.22373924816228],[126.68163395460701,37.22383522591224],[126.6821976978212,37.223873031764256],[126.68275741330997,37.22400057642694],[126.6837565378963,37.22387634080335],[126.68400323882811,37.22358609341081],[126.68429482338117,37.223646505315706],[126.68554370335599,37.22332291990002],[126.68608400945887,37.22298170437525],[126.68686994332162,37.22215894875122],[126.68647323448485,37.22065025976868],[126.68628061796402,37.220522061236615],[126.68533027215601,37.220227700149685],[126.68446964609983,37.22005857261099],[126.68497082431796,37.21930259046353],[126.68471202449948,37.21886651696283],[126.6842908997969,37.21828462575602],[126.68406100587019,37.218216981645504],[126.68356571790156,37.218385129563664],[126.68300636308496,37.218267077582375],[126.6820150229872,37.218264498001474],[126.68142714977084,37.21792117416786],[126.6810052654707,37.217893578941336],[126.67930910751778,37.21868774781107],[126.67862925548208,37.21876375533049],[126.67755663690072,37.21936847775115],[126.67586255654611,37.2212253855814]]]]}},{"type":"Feature","properties":{"layer":"zone_industrial","id":"zone_industrial_0317","name":"일반산업단지 (경기도 41590)","category":"일반산업단지","color":"#9333ea","sido":"경기도","sgg_code":"41590","type_code":"UHA210","mgmt_no":"55300004159020190457UHA2100001000"},"geometry":{"type":"Polygon","coordinates":[[[126.85002520547631,37.18038157443643],[126.85012773881544,37.1805670328102],[126.85027765693016,37.18102486597623],[126.85021592697244,37.18104000586151],[126.8510011644469,37.18105790043343],[126.85105442892504,37.181035550026095],[126.85105904261833,37.18105996524479],[126.85149395411052,37.1811023882714],[126.85167163622715,37.18087243162643],[126.85170281981546,37.18076898580934],[126.85175631007921,37.18080889771579],[126.85153399956157,37.18054941238088],[126.85198349832577,37.18003984362528],[126.85204780403072,37.17945973149435],[126.85201180694365,37.17933767528855],[126.85275658172972,37.17936522045215],[126.85290457229955,37.17872131953792],[126.85325013012496,37.178347853772564],[126.85312326777574,37.17836454457254],[126.85289252249632,37.17827328567426],[126.85275592628236,37.17818895646372],[126.85270174341386,37.17804353147326],[126.85234515664372,37.17841298112534],[126.85219254042569,37.178527059744766],[126.85210335448805,37.17856743139013],[126.8516586391647,37.178598433553994],[126.85016357594417,37.179238223360954],[126.85017397360991,37.179281441852254],[126.8502481496604,37.17929241219658],[126.85033832688943,37.17936017789026],[126.85036210870243,37.17958687564687],[126.85032800090256,37.17975564331554],[126.85023599921571,37.17983458377852],[126.85016684904355,37.17977079145464],[126.85012598768375,37.17998857640508],[126.85021473761898,37.180179504483256],[126.85013659219781,37.18031195771454],[126.85037555440339,37.18036691122551],[126.85011306693877,37.18040837573304],[126.85002520547631,37.18038157443643]]]}},{"type":"Feature","properties":{"layer":"zone_industrial","id":"zone_industrial_0318","name":"서울우유일반산업단지","category":"일반산업단지","color":"#9333ea","sido":"경기도","sgg_code":"41630","type_code":"UHA210","mgmt_no":"41000004163020160005UHA2100000001"},"geometry":{"type":"Polygon","coordinates":[[[127.03437954647426,37.84264334641399],[127.03457202325262,37.84294664110265],[127.0346524692938,37.84296887187138],[127.0347982938728,37.843108026926274],[127.03486746057449,37.843311260780716],[127.03498761363096,37.84345817099218],[127.03506101401594,37.84347499780561],[127.03508227851724,37.8435174263029],[127.03512454828874,37.84353155910378],[127.0355549604032,37.843152047194195],[127.03572182211042,37.84308208545823],[127.03579044497876,37.84308666033956],[127.0368101028764,37.84357088803139],[127.03753776029764,37.843757794262885],[127.03798582371215,37.84415456811388],[127.03829456506891,37.84475022253568],[127.03860637959558,37.84577828396513],[127.03891143488701,37.84577818752989],[127.0389756974453,37.845692487189204],[127.03894549924598,37.845513659084865],[127.03896338752816,37.845164717152],[127.0390449857256,37.84498693460335],[127.03904273625362,37.84480764712305],[127.03908911438027,37.844630866786815],[127.0390310835821,37.84445664236856],[127.03920506402747,37.844310993999265],[127.03934936695269,37.84411823543683],[127.03945884768557,37.84359384973034],[127.03940295747333,37.84338448788324],[127.03950527179546,37.84328859428658],[127.03995939269215,37.84310510447216],[127.04029872919017,37.84285326894044],[127.04040644760654,37.84266727816883],[127.04041951077758,37.8424471727309],[127.04063237522939,37.842156547127274],[127.04092299634134,37.84195995392176],[127.0403730787223,37.84164597664387],[127.03981573203096,37.841236769175346],[127.03956518079285,37.84092539322353],[127.03967403914649,37.84074877253449],[127.03958290575446,37.84070861980822],[127.03904133400698,37.84024462596651],[127.03908169211476,37.83985153016458],[127.03888109926164,37.83946950253334],[127.03890104736932,37.839377599656395],[127.03884087604035,37.83922995359051],[127.03857026051848,37.838984080587934],[127.03833244097396,37.83889171801875],[127.03816941614573,37.83888573250632],[127.03807513114127,37.83912892729437],[127.03802904312454,37.83943129925914],[127.03793446413228,37.839540973727324],[127.03653364153217,37.83986961321956],[127.03630764677278,37.84004076990858],[127.03601925298658,37.840395287047166],[127.03445474132228,37.84260990031641],[127.03437954647426,37.84264334641399]]]}},{"type":"Feature","properties":{"layer":"zone_industrial","id":"zone_industrial_0319","name":"동탄일반산업단지","category":"일반산업단지","color":"#9333ea","sido":"경기도","sgg_code":"41590","type_code":"UHA210","mgmt_no":"64100004159020100357UHA2101112004"},"geometry":{"type":"Polygon","coordinates":[[[127.08676750575768,37.17335951916085],[127.08666225529907,37.173085766123386],[127.08630799899412,37.171759946525704],[127.08632825095992,37.17154449121771],[127.08626622795646,37.17145992709192],[127.08582987959387,37.169807894441526],[127.08561297161705,37.1691528055076],[127.08549420762796,37.16835915528135],[127.08547728642736,37.167922879086525],[127.0855097844064,37.16778400431536],[127.0854533647564,37.16706131237178],[127.0852438890261,37.1658870322662],[127.0848062599917,37.1643520415707],[127.08471133672177,37.16413504527242],[127.08468071549554,37.16393160963787],[127.08436420631247,37.162872917065165],[127.08378424084016,37.161275398199066],[127.08382824821207,37.16126410450765],[127.0837414836633,37.16108972134287],[127.08371546051973,37.16128220380719],[127.08361188797949,37.16149321154519],[127.0834034584799,37.16166545641066],[127.08320613291923,37.161695147057785],[127.0828733183962,37.161571571668766],[127.08129302098897,37.161594721801755],[127.08046149183286,37.16170881104208],[127.08019210517166,37.161623300289456],[127.0798640166475,37.161383207466244],[127.07969214873587,37.16164579700643],[127.07913073607315,37.16223274992845],[127.07895278178555,37.16249299961568],[127.07960010496538,37.16300662409845],[127.07969917480618,37.16300205352552],[127.07982421876436,37.16307468572363],[127.07992222765054,37.163241855858736],[127.08028100924074,37.16343282080363],[127.08015364570629,37.163513008760575],[127.08039497827168,37.16389759682154],[127.08038354787084,37.163948964291585],[127.08058591123859,37.16453361099292],[127.08056524958451,37.16458579557929],[127.08063430926512,37.16462782853082],[127.080875218661,37.16524804040211],[127.0809926350218,37.165450697958164],[127.08111998714777,37.165572074011116],[127.08114921914999,37.16596220898819],[127.08124093726224,37.166350950333616],[127.08206536027522,37.16829945336755],[127.08191554741114,37.1683446075862],[127.08196972305448,37.16836214128154],[127.08194571991598,37.16855489206604],[127.08202191031481,37.1687341491736],[127.08210033292193,37.168788519255074],[127.08217743606602,37.16897849812269],[127.08219938183328,37.16896911226791],[127.08236353343837,37.16917128597726],[127.08299286632906,37.170262656372586],[127.08296484255231,37.17027429917339],[127.08302114476388,37.1703832874151],[127.08295880433926,37.17041829098799],[127.08316413585052,37.170796860650306],[127.08322696364783,37.17079600639805],[127.08358196301742,37.171509391943026],[127.08379246886443,37.17208528658135],[127.08390996382727,37.17255077690918],[127.08411592142131,37.17256387893547],[127.08414010135564,37.1726408116501],[127.08394567894905,37.17267401555334],[127.08413607239287,37.17349068367813],[127.08417387421352,37.17377151419494],[127.08424244610899,37.17376975434773],[127.08424219012541,37.17394807205779],[127.08459388760173,37.175325799535344],[127.08468537231839,37.17547512918579],[127.0847031618555,37.1755762143293],[127.08473807736942,37.175583938827415],[127.08477814893507,37.175672663942755],[127.0848756527372,37.17607275096151],[127.08488057655545,37.17624971338572],[127.084915528565,37.17639277525739],[127.08496729529344,37.17646662476752],[127.08498069931242,37.17667502778607],[127.08512132424605,37.177168973368744],[127.08516573080416,37.17720516416267],[127.08518472206168,37.17747600582122],[127.0853232936301,37.17794346173329],[127.08539721150035,37.17798665973262],[127.08570595727296,37.1779664374913],[127.08572282070938,37.17814447259585],[127.08592797486686,37.17812999995466],[127.08591111215522,37.177953046136246],[127.08762753493389,37.177914327543505],[127.08752833010206,37.17702200156673],[127.08727498892179,37.17564610428191],[127.08676750575768,37.17335951916085]]]}},{"type":"Feature","properties":{"layer":"zone_industrial","id":"zone_industrial_0320","name":"신해2 일반산업단지","category":"일반산업단지","color":"#9333ea","sido":"경기도","sgg_code":"41670","type_code":"UHA210","mgmt_no":"57000004167020250459UHA2100002001"},"geometry":{"type":"Polygon","coordinates":[[[127.53578877560568,37.22104699962384],[127.5359617615874,37.22163847599116],[127.53613777329004,37.22193030952627],[127.53652196659684,37.22213402787809],[127.53672384229294,37.22217426593726],[127.53674561586766,37.22228506644077],[127.5373580754228,37.22242522780986],[127.53795756251661,37.222508832984616],[127.53833128760564,37.22199587682171],[127.53838662413878,37.22196620735346],[127.53844373973736,37.22188710824698],[127.53841901600583,37.2218754528558],[127.53917254104974,37.22084116522022],[127.53935001160595,37.22067526358076],[127.53903236531397,37.22045795315974],[127.53859348770732,37.22084742341655],[127.53797718410397,37.22044297728964],[127.5379432769044,37.22047565808063],[127.53755457754748,37.220242717185464],[127.53725331764018,37.22016365411713],[127.53686008034983,37.21987794001799],[127.53635294679096,37.2196651097688],[127.53609378591547,37.21947789204829],[127.5359343107788,37.21973738789896],[127.53591171162226,37.21982551161572],[127.5361111286217,37.22033888438452],[127.53617466828489,37.2207515672425],[127.53581600354495,37.220996869573355],[127.53578877560568,37.22104699962384]]]}},{"type":"Feature","properties":{"layer":"zone_industrial","id":"zone_industrial_0321","name":"일반산업단지 (경기도 41590)","category":"일반산업단지","color":"#9333ea","sido":"경기도","sgg_code":"41590","type_code":"UHA210","mgmt_no":"55300004159020260199UHA2100001000"},"geometry":{"type":"Polygon","coordinates":[[[127.00569276287027,37.197030188465135],[127.00531682039527,37.197257715098736],[127.00527230167206,37.197154186414245],[127.00450989399762,37.19741317762696],[127.00352374910806,37.197146164731585],[127.00366308110314,37.19682007396201],[127.00392737032567,37.196902253205636],[127.00452954976252,37.19658617066747],[127.00443757996473,37.196491455083084],[127.00417393120856,37.19634025687576],[127.0038145479533,37.19592886507221],[127.00369440402379,37.1960098713435],[127.00343425869342,37.195755132270165],[127.0028523010598,37.19554929645081],[127.00208981973974,37.195460838002546],[127.0012001857031,37.196202390507366],[127.00120880174178,37.19632041847535],[127.00204094271423,37.19626331839313],[127.00206769812095,37.196912719724075],[127.00193884460641,37.19708844212964],[127.00225638678336,37.19715515394231],[127.00226792140114,37.19722983250544],[127.0021946409229,37.19725218788806],[127.00219333500989,37.19732499235685],[127.00231879984426,37.197320414253],[127.00238331874145,37.197422772539134],[127.00236723566145,37.197538665101284],[127.00226093050117,37.19760837068778],[127.00246498383338,37.19774857185412],[127.00243678095302,37.197850552378476],[127.00250891354757,37.197866085809856],[127.00373132437595,37.19789556037222],[127.0037233189068,37.1979977480597],[127.00379543156039,37.19808558057431],[127.00538384273659,37.19733928455636],[127.00564840385384,37.19717672702792],[127.00574349095812,37.19718119285049],[127.00581206651717,37.1972355594532],[127.00569080124976,37.19699816538254],[127.00569276287027,37.197030188465135]]]}},{"type":"Feature","properties":{"layer":"zone_industrial","id":"zone_industrial_0322","name":"동탄도시첨단산업단지","category":"도시첨단산업단지","color":"#c026d3","sido":"경기도","sgg_code":"41590","type_code":"UHA220","mgmt_no":"64100004159020225129UHA2200004001"},"geometry":{"type":"Polygon","coordinates":[[[127.08902754061764,37.21223267896162],[127.08961363703487,37.2155704267487],[127.0901590884065,37.21551766924367],[127.09020373496094,37.215545117611],[127.09028089299034,37.216050769750005],[127.09197465798233,37.21590383484272],[127.09409266448137,37.21566810760225],[127.0940849928993,37.214737427036965],[127.09396480371969,37.21410805269188],[127.09369570770784,37.21350104988341],[127.09301775588972,37.21240987230088],[127.09192012907519,37.21241044481164],[127.09193936755845,37.21268126553899],[127.09081561154262,37.212682045991045],[127.09081496770922,37.212231344911615],[127.08902754061764,37.21223267896162]]]}},{"type":"Feature","properties":{"layer":"zone_industrial","id":"zone_industrial_0323","name":"전곡해양산업단지","category":"일반산업단지","color":"#9333ea","sido":"경기도","sgg_code":"41590","type_code":"UHA210","mgmt_no":"64100004159020100219UHA2100408001"},"geometry":{"type":"Polygon","coordinates":[[[126.67650985889901,37.18958403353063],[126.68060216836494,37.18936749419717],[126.68152085551736,37.189229686429876],[126.6827726802218,37.18893058046076],[126.68478570008779,37.188148196693845],[126.68526853532443,37.18779069104394],[126.68525536086939,37.187736142782754],[126.68519245079473,37.187725342549605],[126.6851874134305,37.18760999560203],[126.68509968488773,37.18736629955176],[126.68515546694785,37.18730391611054],[126.68474906464171,37.187293279315256],[126.68460442177452,37.187248561236565],[126.6840850824352,37.18696388318627],[126.68261954969795,37.18667188465236],[126.6819797473534,37.18640732678993],[126.68136153759137,37.1862577068073],[126.68096478632813,37.1860167765015],[126.68080899687077,37.18567954503049],[126.6805693328856,37.18557617721328],[126.68012633338355,37.18556704732659],[126.67982894926354,37.185664003548986],[126.67960820874733,37.18569277808691],[126.67898303758837,37.18567314730989],[126.67855863120428,37.185449704008185],[126.67793031182478,37.18527102498474],[126.67673910095277,37.18538976728031],[126.67665793218286,37.18535683691585],[126.67661248529791,37.1850032330889],[126.67698232111128,37.18450263581148],[126.67767316192952,37.18383063555704],[126.67788461051052,37.18355026791054],[126.67859783687784,37.183144671722054],[126.67888904117594,37.18304247565332],[126.67954326618771,37.18289792559833],[126.67982874721241,37.182790485607605],[126.68006814228654,37.182768969581474],[126.67997679918682,37.18237361413314],[126.67907176359756,37.18233889754718],[126.67885125335158,37.182262789858115],[126.678789397998,37.182084755396225],[126.67882930885604,37.18141205474054],[126.67872271711788,37.181214706156645],[126.67867146788701,37.18100561448251],[126.67870243638187,37.17984100948157],[126.67881882575927,37.179402337827064],[126.67899877446777,37.179190361518216],[126.67893369812589,37.17902880738473],[126.67873706868174,37.17895312488315],[126.67873646397823,37.17859234514999],[126.67851345781992,37.17825871156927],[126.678419444084,37.178202770745386],[126.67778067193186,37.17800721280561],[126.67774624406556,37.17794746961772],[126.67764473948581,37.17798467568954],[126.67739040543506,37.17794802865236],[126.67681010315123,37.1777735296189],[126.6764218116127,37.17777949318955],[126.676368549346,37.17788449892649],[126.67663009368162,37.178288343443825],[126.67669494505995,37.17844854666839],[126.67675800085149,37.17844953042983],[126.67669226936388,37.17857378447253],[126.67671992719279,37.17908376114482],[126.6766782364192,37.17937909921363],[126.67640025900089,37.17997113372587],[126.6759475526919,37.18047357436012],[126.67577117871062,37.180532198134145],[126.67565184999172,37.18062819163655],[126.67565062520164,37.1806773852604],[126.67560736624158,37.18070745126147],[126.67541962042866,37.1807130618571],[126.67538608011881,37.18076135560544],[126.67512544225002,37.18077460418329],[126.67491682006258,37.180868729081105],[126.67441849610304,37.180978182976574],[126.67428820393985,37.18103071452334],[126.67419531953598,37.18113056394983],[126.67422168786912,37.181178752515095],[126.67419800429863,37.18121301686358],[126.67384172504379,37.18131204806549],[126.67341812848855,37.181561456215135],[126.67309145314557,37.18163686966633],[126.67256266212422,37.181577015298245],[126.67242857568787,37.18164701450248],[126.67243896194559,37.181589106243734],[126.67216914607775,37.18164052706949],[126.6718699910954,37.18165384162821],[126.67149050792155,37.1817789314529],[126.67128124406328,37.181889447123424],[126.67109758460856,37.182093742340584],[126.67105179991886,37.18195332219623],[126.67072170492655,37.18203727947703],[126.67063165289649,37.182157677778044],[126.67029108438646,37.182215654556735],[126.67016135544124,37.18226701176204],[126.67009394328842,37.18223141223282],[126.66985388663167,37.18240401123488],[126.669732456115,37.1823344711701],[126.66962270391066,37.18234984197883],[126.66927022703443,37.18255519315949],[126.66902376499685,37.182646948917565],[126.66823448083127,37.18253921946826],[126.66818290744611,37.182487174307944],[126.66803873619469,37.18246757644553],[126.66794797007708,37.182493180920424],[126.66785813305803,37.18256356979491],[126.66786008682163,37.18260583422783],[126.6670045170144,37.182488719287754],[126.6662286874079,37.18254824810041],[126.66594041204884,37.18264681715315],[126.66575429283793,37.18263989252609],[126.66561508304281,37.18256804526494],[126.66564851395728,37.18282583839377],[126.66604535230054,37.18461111796316],[126.66640708125577,37.18573150707453],[126.66639310713225,37.18581012859003],[126.66594783803814,37.18618685588485],[126.66597962670602,37.18663827818631],[126.66589377838443,37.186696512726726],[126.66567311115926,37.18670688021907],[126.66555773018332,37.186745568286355],[126.66524494415555,37.18698363754178],[126.66515399637886,37.18717575199317],[126.66502721934432,37.18726982130438],[126.66514928490076,37.1876032832928],[126.66532914903533,37.1879061835931],[126.66549745693025,37.18814868099607],[126.66595381433962,37.18829801552586],[126.66643577288245,37.18887298300233],[126.66657989501635,37.1889573676227],[126.66678893528395,37.18895453436995],[126.66685490470454,37.18885866959824],[126.66697878545708,37.18883406054555],[126.6670645329158,37.18874798274998],[126.66709194555571,37.18863551993],[126.66705845580354,37.188466029436235],[126.66735045109584,37.18816689624876],[126.66757215970242,37.188176711929636],[126.66829006513508,37.18857420055384],[126.66873311333389,37.18872988435657],[126.66880255009477,37.188561854731034],[126.67003669747719,37.18919829598754],[126.66682197104862,37.19078356310618],[126.6666689734006,37.190718886537475],[126.66658508135288,37.19081776405384],[126.6666290147658,37.190892134095094],[126.66649483583869,37.19108007256337],[126.66639129353516,37.19136928453796],[126.6664250265461,37.191560130517736],[126.66648482693157,37.1915611105601],[126.66601523897126,37.19220835176353],[126.66599508645102,37.19215567385751],[126.66574574277006,37.19207630657466],[126.66542718389204,37.192036478402215],[126.66538087309318,37.19204121265808],[126.66537812774185,37.1921269840496],[126.66528696002511,37.19226575612635],[126.66462451992919,37.19164927385539],[126.66133850239686,37.1906746892301],[126.66128646009581,37.19067679241122],[126.6610364354573,37.190826548219555],[126.66031788066589,37.19060219421822],[126.65989405058644,37.19055700215918],[126.65964878758565,37.190449431202246],[126.6594530272995,37.19025370054717],[126.6593608607752,37.19011269168642],[126.65931528583013,37.18992955844991],[126.65890370386512,37.1899663029398],[126.65835115712757,37.19014329047022],[126.65805571849731,37.19002439796783],[126.65797803822605,37.18994307899894],[126.65624248242217,37.18972430721565],[126.65597077218888,37.18939175150536],[126.65584401237405,37.189330471337314],[126.65571041746558,37.18931097943394],[126.65550336197074,37.189470940651724],[126.65567987264863,37.189711403432995],[126.65592897087403,37.190582086130426],[126.656115233627,37.19066047925453],[126.6559967876947,37.19067734381613],[126.65606579610655,37.19080774556469],[126.6561761320694,37.19089006199589],[126.65654932912021,37.190825463166384],[126.65703057729814,37.19089993778429],[126.65742768080388,37.19120095833225],[126.65770532105918,37.19164435596187],[126.65813415332909,37.192078279717094],[126.65821711198143,37.192039054484134],[126.6587695171411,37.19311757858629],[126.65910929718007,37.19362116191041],[126.65947197160187,37.19401911817084],[126.65976655774143,37.19425613116054],[126.66012751799995,37.194510904980305],[126.66048556005741,37.19471385942191],[126.66119570233187,37.195014506366725],[126.66182700991423,37.19518895749617],[126.6631291720133,37.19543596475203],[126.66400673300515,37.19287058977269],[126.66407965609348,37.192833494348456],[126.66487664152389,37.19287829057095],[126.66527425723305,37.19284454928678],[126.66604294542836,37.1926666099515],[126.66673452910229,37.192349957660554],[126.66903251898749,37.19100369400749],[126.67006733153379,37.1907186201639],[126.67144512567297,37.19389034946069],[126.6718471481463,37.19369846558479],[126.67216641743897,37.19349932221124],[126.67241309408064,37.193313491984526],[126.67264623956781,37.193079057524756],[126.67285928879136,37.192803479342835],[126.67302916899477,37.192509039417466],[126.67345234794563,37.19151149689115],[126.67372871898354,37.191019752139965],[126.67392894007733,37.19076540102611],[126.67425036224807,37.19045470882007],[126.6748483331403,37.19005206121355],[126.67526549663096,37.18986813646821],[126.67563824798493,37.189745088679636],[126.67650985889901,37.18958403353063]]]}},{"type":"Feature","properties":{"layer":"zone_industrial","id":"zone_industrial_0324","name":"일반산업단지 (경기도 41630)","category":"일반산업단지","color":"#9333ea","sido":"경기도","sgg_code":"41630","type_code":"UHA210","mgmt_no":"64100004163020250113UHA2100001001"},"geometry":{"type":"Polygon","coordinates":[[[126.99177957887782,37.84800594411995],[126.9918352827381,37.848984312129375],[126.99180515776602,37.84901799598385],[126.99180284694432,37.84913757823637],[126.9919796692762,37.85119654018145],[126.99199415572028,37.85128854583485],[126.99204173280104,37.8513531564254],[126.9920836030806,37.851797550772226],[126.99207236424289,37.85207569851551],[126.9923406953994,37.85238291484103],[126.99236094568715,37.8524557037323],[126.99260721071337,37.852784972833106],[126.99291342723302,37.85301424997276],[126.99313523387794,37.85333435354142],[126.99295574106226,37.853704682824485],[126.99303447099773,37.85382191941203],[126.993183361596,37.85377629722424],[126.99348279354136,37.854382842795445],[126.99351410028986,37.85457178195312],[126.99356794615952,37.85459512907089],[126.99347690311488,37.85473770631704],[126.99338366360622,37.854805000438944],[126.99343376827123,37.85527107132938],[126.99328104763876,37.85601161875651],[126.99318492789645,37.85661497417369],[126.99320760210956,37.856673618218835],[126.99308414390946,37.85735087597298],[126.99286499704417,37.85837953960657],[126.99278121276299,37.858588264038076],[126.99273048613519,37.85906858031996],[126.9928700731228,37.85928262782423],[126.99278450847103,37.85954760700651],[126.99268835339866,37.859708346162236],[126.99275462329311,37.86020996938897],[126.99285500877602,37.86060871633589],[126.99289597005847,37.86065164028565],[126.99316211230459,37.861527592561366],[126.99330738509603,37.86216922746478],[126.99343838311233,37.86253564106917],[126.99341960429365,37.8625851916438],[126.99369030340482,37.863050357827454],[126.99379276763659,37.86299910094943],[126.99417628988697,37.8630499567218],[126.99480893983436,37.86281921798275],[126.99504080851709,37.8628651520499],[126.99511177166579,37.86292952831375],[126.99522166256783,37.862928651326754],[126.99531011469179,37.86286496837228],[126.9953602624892,37.86288804415949],[126.99536771792057,37.86301751005387],[126.99555820061117,37.86304907088812],[126.99556647636298,37.863015862550164],[126.9957252599721,37.86296169678254],[126.99608347962571,37.86311070282819],[126.9965038980918,37.86307192691549],[126.99656259578599,37.86304189196763],[126.99653397952974,37.86272604717814],[126.99655403744717,37.862551913761465],[126.99648522138979,37.862318089085605],[126.99650440634706,37.86228098907027],[126.99704498267339,37.86224324336051],[126.99728319949087,37.86196135610426],[126.99736786307675,37.861922870836025],[126.99724118911809,37.86172809139457],[126.99722786352916,37.86165440276755],[126.99705147464245,37.86144002577235],[126.9970643593677,37.861283154029586],[126.99700579099411,37.86108270093343],[126.99697478378725,37.86100723673096],[126.99686811155249,37.861010692179605],[126.99685744783322,37.86090147941345],[126.99698104299243,37.86085889666223],[126.99693853812069,37.86074553832741],[126.99719540441029,37.86074898065368],[126.99717872689409,37.86067260707428],[126.99726317173784,37.860658609504135],[126.99847489910162,37.859020119333614],[126.99856201995277,37.85881357123333],[126.99860615277743,37.85859861619818],[126.99861172361933,37.85766336468959],[126.99941004034142,37.85765704812223],[126.99985364251619,37.85756349225427],[127.00189802671558,37.8565249044909],[127.00189799897257,37.850970068805424],[127.00171099870275,37.850906210275156],[127.00166767457559,37.8509812860662],[127.00163107669366,37.850959906683336],[127.0016706285603,37.85087531693271],[127.0016290312553,37.850790060565735],[127.00122739965747,37.85062466476784],[127.00106418242349,37.85048072928377],[127.0004544576058,37.85018888221692],[127.00039365882624,37.85018598961363],[127.00030788356128,37.850334996037056],[127.00025618603262,37.85031630088302],[127.00028056994553,37.85027395673267],[127.00024917824686,37.85016182478981],[126.99989093512619,37.849931277548905],[126.99932221253276,37.849680715465915],[126.99920403493333,37.84970517384998],[126.99907978305684,37.84959324693264],[126.99885782783093,37.84952559014649],[126.99858161787422,37.84949417661541],[126.99857320037242,37.84944990396497],[126.99844889075547,37.84939358270497],[126.99835182592751,37.849372326833006],[126.9982711314768,37.84940428115014],[126.99823592165069,37.84937999069234],[126.99825317040049,37.84935271956625],[126.99769488114644,37.849236219528954],[126.9975840380151,37.8493649879479],[126.99745153450691,37.8493591453117],[126.9969958477199,37.84920311199755],[126.9969840888026,37.84900584060507],[126.99678896444816,37.84891270221713],[126.99670148830995,37.848920554905966],[126.99657641788792,37.84889216093249],[126.99656242197412,37.84886233004975],[126.99624025369783,37.848869352406226],[126.99621410332969,37.84880222180661],[126.9961234107543,37.84882487644978],[126.9961225982649,37.84874857536775],[126.99452258615727,37.84842654730808],[126.99443338110102,37.848339267405336],[126.99436134680067,37.84834047931977],[126.99423299570738,37.84841698871587],[126.99412112261511,37.84834454573785],[126.99373019835487,37.84842173150659],[126.99328013208789,37.84842016923915],[126.99263990850281,37.848271520756796],[126.9923817362647,37.84815494570412],[126.99230030203148,37.848187013002075],[126.99229976603054,37.848111847098274],[126.99226517155216,37.84809366330721],[126.99177957887782,37.84800594411995]]]}},{"type":"Feature","properties":{"layer":"zone_industrial","id":"zone_industrial_0325","name":"홍죽일반산업단지","category":"일반산업단지","color":"#9333ea","sido":"경기도","sgg_code":"41630","type_code":"UHA210","mgmt_no":"64100004163020120079UHA2100001000"},"geometry":{"type":"Polygon","coordinates":[[[126.95540670711,37.798815845100115],[126.95571507260262,37.80029496027495],[126.95588071322128,37.80055126447132],[126.95750011754137,37.80078426341046],[126.96063967183075,37.803021648493164],[126.96392293011449,37.8059620978058],[126.96402251407766,37.8059671748784],[126.9649450771447,37.80631946676747],[126.9655643706979,37.806500307244974],[126.96654761615565,37.806090643246684],[126.96774066113143,37.80570999696195],[126.96746276801005,37.80525250372332],[126.96722594897554,37.80516555622935],[126.9672553365026,37.80509147951239],[126.9672307592181,37.805052244917306],[126.96703493403743,37.80489068311999],[126.96692431756189,37.80463470827122],[126.96694422592739,37.80436087878723],[126.96688407910901,37.80433391364406],[126.96711153092721,37.8031890234195],[126.96748100977197,37.803163174336525],[126.9676145612634,37.80287661997163],[126.96732339448647,37.80268976841344],[126.96763440214373,37.801948644860786],[126.96685124042142,37.80158862164831],[126.96594737167399,37.80111746938419],[126.96101572397873,37.79809381137169],[126.96048339741127,37.797721182209116],[126.95775681601972,37.79555934590912],[126.95676353295649,37.796441303243014],[126.95648538325031,37.79679950629449],[126.9562369510434,37.79729547580977],[126.956081888658,37.79787059348458],[126.95591564856548,37.79809930821761],[126.95549772003297,37.79850941258854],[126.95541915755351,37.798659777922616],[126.95540670711,37.798815845100115]]]}},{"type":"Feature","properties":{"layer":"zone_industrial","id":"zone_industrial_0326","name":"검준지방산업단지","category":"일반산업단지","color":"#9333ea","sido":"경기도","sgg_code":"41630","type_code":"UHA210","mgmt_no":"15000004163020000001UHA2100001002"},"geometry":{"type":"Polygon","coordinates":[[[127.00033301670562,37.865110654374156],[126.99939650010634,37.86419717533165],[126.99939627584453,37.86409221549333],[126.99782879963743,37.86412316910652],[126.9979660749204,37.86423191713306],[126.9978378729337,37.86448669979405],[126.99768513438136,37.864522552428085],[126.9976370646619,37.86449498200181],[126.99668541505316,37.86449368538512],[126.99648994395987,37.86455944600171],[126.99648403217134,37.8645935914775],[126.9963798159606,37.86466674351442],[126.9960855871719,37.86473997692241],[126.9957625013268,37.864696806389496],[126.99569852856514,37.86458715851228],[126.99554694031505,37.864436062814356],[126.99550351238975,37.86463489865875],[126.9952866610057,37.86486489803134],[126.99519972338328,37.86486489339065],[126.99519175658867,37.865001746152174],[126.99534085775808,37.86500139370473],[126.99550323077862,37.86530213677401],[126.99551844738535,37.86544709921465],[126.99546342428191,37.865678908914596],[126.99567472528507,37.86667851527688],[126.99579260897431,37.86773154244983],[126.99584170000155,37.867797403707584],[126.99593295676053,37.867836418877715],[126.9959628415831,37.86789939615443],[126.99605069097242,37.867912734218876],[126.99768291419623,37.86788252718509],[126.99826547877299,37.867838849074445],[126.99926059480366,37.86752561483251],[126.99958961167549,37.86730416909858],[127.00008525178879,37.86615042939952],[127.00033301670562,37.865110654374156]]]}},{"type":"Feature","properties":{"layer":"zone_industrial","id":"zone_industrial_0327","name":"상수지방산업단지","category":"일반산업단지","color":"#9333ea","sido":"경기도","sgg_code":"41630","type_code":"UHA210","mgmt_no":"15000004163020060000UHA2100001001"},"geometry":{"type":"Polygon","coordinates":[[[126.9778389740597,37.87661294289084],[126.9777901313763,37.87637162505477],[126.97783916278645,37.875384717186044],[126.97781625798426,37.87532094396923],[126.97760112733819,37.87541085039844],[126.9770978667202,37.87543382014806],[126.97671912954858,37.87539609062663],[126.97634075095216,37.8750741400909],[126.97623000732077,37.87502244737714],[126.97616105084643,37.87505333481932],[126.97615152956061,37.87491092101033],[126.97609411539801,37.874891853717436],[126.97595536562008,37.87490866225185],[126.97597457204706,37.875111900710664],[126.97592722948299,37.87505576179749],[126.9758634654671,37.8750585858798],[126.97488954209696,37.87564981931893],[126.97461609379506,37.87631647143736],[126.97534087720511,37.87677195235858],[126.97535962030933,37.87789591611189],[126.97647662108622,37.87795635993804],[126.97722370846789,37.87675695901066],[126.9778389740597,37.87661294289084]]]}},{"type":"Feature","properties":{"layer":"zone_industrial","id":"zone_industrial_0328","name":"원일반산업단지","category":"일반산업단지","color":"#9333ea","sido":"경기도","sgg_code":"41630","type_code":"UHA210","mgmt_no":"41000004163020160017UHA2100000001"},"geometry":{"type":"Polygon","coordinates":[[[127.0680502564431,37.86448717599721],[127.06808695843863,37.86459555666989],[127.06830159900723,37.864912720091354],[127.0685994377053,37.86497595014804],[127.06870178054042,37.865120637233474],[127.06879860534934,37.865157971072605],[127.06964162873012,37.865143422739735],[127.06967434112964,37.86518647787324],[127.06975721811075,37.8651945744017],[127.06999989643283,37.86530726757352],[127.07018762326057,37.86534109676627],[127.0706238801293,37.86549690283624],[127.0711740688643,37.86582259372694],[127.07191047734167,37.8660112906995],[127.07188763229162,37.86605672085547],[127.0718504144765,37.8660459948458],[127.07177551146057,37.86611877262885],[127.07180991599253,37.86675713276987],[127.0716848071495,37.86700211950683],[127.07162267719887,37.86745908734157],[127.07134922967035,37.86770075634125],[127.07103871332534,37.86788742605348],[127.07087530616242,37.868187148695384],[127.07054493050909,37.868494023454424],[127.07265347995482,37.86849276869701],[127.07302659136202,37.86883396368762],[127.07318377162511,37.868777631348244],[127.07345353101324,37.869303670988664],[127.07356295686316,37.86943507853654],[127.07386896786777,37.8697432833052],[127.07412113501965,37.86994912844238],[127.07423222946939,37.86998370110884],[127.07451885648777,37.86940478582101],[127.07385878477874,37.86774354086962],[127.07340293251944,37.86672827801221],[127.07342420302416,37.866408142226234],[127.07307953684689,37.866314446950035],[127.0732663936519,37.86582184214487],[127.07363945716881,37.865436713663726],[127.07355291178676,37.865326626419154],[127.07320271774806,37.86504698934838],[127.0730557828688,37.86506607957029],[127.07292263535209,37.86502874423177],[127.07234471024701,37.86469727608129],[127.07214568568408,37.86464922220701],[127.07211045604659,37.86469675903909],[127.07199564395565,37.8647347845113],[127.07183922790644,37.86464244130584],[127.07138745477639,37.86449186537862],[127.07112492094882,37.864485164664465],[127.07076735135263,37.864288501480175],[127.07049121392178,37.86418282979391],[127.07037854744966,37.8642429255305],[127.06997545299026,37.86425216995359],[127.06934082882377,37.86433069390412],[127.068626170164,37.864265181322395],[127.06832406585616,37.86437065525108],[127.06834876951659,37.8644183821843],[127.0680502564431,37.86448717599721]]]}},{"type":"Feature","properties":{"layer":"zone_industrial","id":"zone_industrial_0329","name":"전략사업과 도시개발팀 문의","category":"일반산업단지","color":"#9333ea","sido":"경기도","sgg_code":"41650","type_code":"UHA210","notice_date":"20161024","mgmt_no":"64100004165020165224UHA2100001001"},"geometry":{"type":"Polygon","coordinates":[[[127.22265534420723,37.95867507448742],[127.22271950971303,37.958789029202684],[127.22290078227984,37.958905358271345],[127.22404589688801,37.959404581797074],[127.22392579824418,37.95985183956044],[127.22351882928565,37.96046833723112],[127.22411449901156,37.96078786050494],[127.22586959785325,37.96159317135441],[127.22675006578211,37.96051917083727],[127.22726756067567,37.959967731144545],[127.22766523558455,37.95982337784319],[127.22868169593674,37.959756201755624],[127.22922489669361,37.95940682661484],[127.22996164786316,37.95944720149341],[127.23055945252278,37.959414578979676],[127.23083144698089,37.95933167750382],[127.2316087670364,37.95937663880437],[127.23237127703423,37.95975020086383],[127.232800305483,37.95983584725085],[127.23369725566572,37.95943860112983],[127.23379722944593,37.95942728638184],[127.23378224615027,37.9593992521046],[127.23429894943524,37.95916417935181],[127.23478442187908,37.959309240044625],[127.23492745546672,37.959399355339706],[127.23525087693605,37.959406010820565],[127.23534721163604,37.95935598918131],[127.23549089860104,37.959354099897524],[127.2355460299895,37.95930047523254],[127.23579854106288,37.959182798246026],[127.23645538094512,37.95912001836238],[127.23681435337735,37.95896754902213],[127.23661790714898,37.95880281090877],[127.23612063812685,37.958494281164235],[127.23603317400432,37.9584706710639],[127.23595496294367,37.95849425100783],[127.2358637804049,37.9584463231763],[127.2356565000767,37.95802906631175],[127.23566455675302,37.957878685643394],[127.23578746261138,37.957632938517094],[127.23571504807991,37.95742123879498],[127.23563664054633,37.957364672490534],[127.23556077660166,37.95737456243026],[127.23548736746793,37.9574732067288],[127.23517264686619,37.957437542789314],[127.2351682786245,37.95730858381834],[127.2355074572479,37.9571452475079],[127.2354941466445,37.957113696497714],[127.23525616320734,37.956926767729975],[127.23488168141637,37.95639722555781],[127.23450932864529,37.956561661841704],[127.23432447781651,37.956292542505864],[127.23471570179814,37.956119438523],[127.23461300963974,37.9559927915027],[127.23432104768162,37.9558510230713],[127.23424058534874,37.95577343224997],[127.23417240175712,37.95562049960641],[127.23422456104657,37.955563097512275],[127.23410032100837,37.95524189242266],[127.23396353044308,37.955198287582824],[127.2337553296841,37.95502445941081],[127.23348212060831,37.954693276989396],[127.23335566342944,37.95464262383463],[127.23332707521335,37.95466961787721],[127.23325412305944,37.95462768827912],[127.2332821415314,37.95460042509818],[127.23318856426013,37.95454871597619],[127.23309446573938,37.954729627175546],[127.23282784914058,37.95483042477256],[127.23288849505903,37.9547578710045],[127.23277237137283,37.954700530043425],[127.23292413790662,37.95444067458231],[127.23291516162759,37.95433582431899],[127.2328092259755,37.95422530865288],[127.23270617862482,37.95423758358436],[127.23268415398384,37.9543984423473],[127.23260481534795,37.954460581971986],[127.23222588316897,37.95466628645947],[127.23201640306246,37.95473669903018],[127.23199113860716,37.95469872939541],[127.23117838890617,37.95466058762379],[127.2310944436283,37.95426668591045],[127.23087553222254,37.953609165672106],[127.23115723735397,37.95345816138539],[127.23122760626096,37.95336549880155],[127.23109375157934,37.95302052468244],[127.23098984303392,37.95301153790623],[127.23084620650928,37.95295983442214],[127.23086237294729,37.95292637850859],[127.23047813204514,37.95281370003288],[127.23040138026084,37.95282952548762],[127.23040524142145,37.95290051105498],[127.23009132983395,37.95301238578039],[127.22993005194891,37.9531424324935],[127.2296818576793,37.95327634135133],[127.22959558371682,37.95337741246839],[127.22951361357082,37.95365622813602],[127.2290737470154,37.954175383046824],[127.22896755195355,37.95423712169522],[127.2288164814829,37.95450570972752],[127.22862067467983,37.954472483221366],[127.22845049243648,37.954483892960106],[127.22838694869529,37.954725463968174],[127.22864803419922,37.955080646310016],[127.2286505128303,37.95518352739605],[127.22846294979111,37.95573345477841],[127.22850678962898,37.95580709306929],[127.2280663868704,37.956021029063386],[127.22809112324707,37.95608762299953],[127.22830821018148,37.956231371109205],[127.22839598332145,37.9564348113769],[127.22818924124354,37.95654371745753],[127.22817158685564,37.95666015121375],[127.22806030509042,37.95687503836046],[127.22781776993715,37.95701172519769],[127.22766111418574,37.95726919592772],[127.22757787684499,37.95733507848019],[127.22755366069293,37.957423388794204],[127.22742930439807,37.95748304373608],[127.22738948752038,37.957701288586264],[127.22769655788974,37.95805199705609],[127.22745942193679,37.95818830337411],[127.22721370522297,37.95846210706775],[127.22690047549243,37.958538331246125],[127.22660305089883,37.958693067133574],[127.22640420265515,37.95839336673136],[127.22633611769018,37.95835413535673],[127.22623946591433,37.958398771706115],[127.2261741925962,37.95828141552165],[127.22609742846024,37.95823182190403],[127.22550577076882,37.958532552827734],[127.2252929474859,37.95822684993637],[127.22479681533223,37.95804768819289],[127.22466276697968,37.9577331586979],[127.22372415735359,37.95725521850099],[127.22343808556441,37.95718251303901],[127.22325542638498,37.9572586253437],[127.22337487845866,37.95749304656185],[127.22329377551901,37.95765331215817],[127.22310802098201,37.957680500731904],[127.22303955042591,37.95792885299178],[127.22308983015894,37.95811355640627],[127.22286186804112,37.958416678798756],[127.22280731107256,37.9583877535596],[127.22272904632962,37.95860729437857],[127.22265534420723,37.95867507448742]]]}},{"type":"Feature","properties":{"layer":"zone_industrial","id":"zone_industrial_0330","name":"도시첨단산업단지 (경기도 41630)","category":"도시첨단산업단지","color":"#c026d3","sido":"경기도","sgg_code":"41630","type_code":"UHA220","mgmt_no":"64100004163020215218UHA2200001000"},"geometry":{"type":"Polygon","coordinates":[[[127.04640536616013,37.771809021672844],[127.04646136530307,37.772105090821086],[127.04670479323322,37.77277757105688],[127.04673162049257,37.77276965937799],[127.04693732497677,37.77303483998943],[127.04696374631895,37.77312396145764],[127.04714056843603,37.77326393786502],[127.0471917125644,37.77335524804107],[127.04733563881047,37.773434512410894],[127.04747580328288,37.773450512891316],[127.04749767539762,37.773523707092735],[127.04746753870886,37.773704928261495],[127.04791584498604,37.7741384371238],[127.0481536995017,37.774254710806],[127.04831673732363,37.77428926093658],[127.04859153179922,37.774233112010826],[127.04912311071722,37.77561505583138],[127.04935975427172,37.77646654390712],[127.04963930139901,37.77975686548871],[127.0497647725537,37.77979896090206],[127.05036239355658,37.7793421824506],[127.05102672526303,37.77898092830811],[127.0520302818743,37.778655086233925],[127.0524559859796,37.77855674387463],[127.05219518126906,37.77523002163481],[127.05227080279974,37.77481984669386],[127.05269859096342,37.77341340362796],[127.05256774137537,37.77332739198031],[127.052187082036,37.773274570971104],[127.0517897102361,37.773096576932446],[127.05105677530732,37.773030874158735],[127.0506348071674,37.7731210293046],[127.04998621009294,37.773426884299916],[127.04963442142518,37.77350493415952],[127.04939421143784,37.773713828683434],[127.04939695556247,37.7737448835446],[127.04914319503625,37.773764329891236],[127.04898523197079,37.77373031943115],[127.04869093110125,37.7735765361661],[127.04839464182122,37.77348943275783],[127.0481020677235,37.77351554135367],[127.04807728920531,37.77355079656976],[127.04770075535461,37.772371565254424],[127.04754477802814,37.77174475846201],[127.04745213639754,37.77106269806225],[127.04742956908372,37.77028592864577],[127.04719978818217,37.77028255824734],[127.04682253614398,37.76997843257931],[127.04682373935677,37.770034462647246],[127.04676315533598,37.77009293101332],[127.04663444515595,37.770985531571554],[127.04658003479604,37.77098816516075],[127.04651143697033,37.77119697915678],[127.04646590646351,37.771394225032815],[127.04650844205415,37.771405551853796],[127.04645501637545,37.771723015421834],[127.04640536616013,37.771809021672844]]]}},{"type":"Feature","properties":{"layer":"zone_industrial","id":"zone_industrial_0331","name":"양문","category":"지방산업단지","color":"#7e22ce","sido":"경기도","sgg_code":"41650","type_code":"UHA200","mgmt_no":"15000004165000000000UHA2000000002"},"geometry":{"type":"Polygon","coordinates":[[[127.25712642830204,38.008406797381156],[127.25800464686891,38.009364922034806],[127.26369445605322,38.005885191631855],[127.262399884981,38.00454335884181],[127.26214566539876,38.004541435908244],[127.26210165040563,38.00450041549419],[127.26200286855438,38.00451387781547],[127.25992976060476,38.00419916516332],[127.25794800500609,38.00542713060872],[127.25712642830204,38.008406797381156]]]}},{"type":"Feature","properties":{"layer":"zone_industrial","id":"zone_industrial_0332","name":"포천 진목일반산업단지","category":"일반산업단지","color":"#9333ea","subtype":"진목일반산업단지\r\n기업지원과 문의 (538-3274)","sido":"경기도","sgg_code":"41650","type_code":"UHA210","mgmt_no":"41500004165020190325UHA2100001001"},"geometry":{"type":"Polygon","coordinates":[[[127.21613923761247,37.812396833722985],[127.21655937701154,37.81249886589944],[127.2168804613962,37.81263011528309],[127.21683250667762,37.81286196309894],[127.21719088885601,37.81289212903729],[127.21739963810619,37.8133353560208],[127.2173770112642,37.81342344723258],[127.21747839778729,37.814119947264466],[127.21776404515519,37.814823019323875],[127.21815890369425,37.81482990689348],[127.2187667392512,37.81474537772776],[127.21930199183451,37.814471032580514],[127.2194358203805,37.814317092239584],[127.21944008188801,37.814275532594095],[127.2193231652979,37.81400096839641],[127.21943617169961,37.813957486840664],[127.21970350422421,37.81394554098081],[127.21989316483763,37.813828030174285],[127.22025236564751,37.81369098716211],[127.22051799222051,37.81347863553038],[127.22038221130082,37.81332768158463],[127.2203479282372,37.8131552405572],[127.22038629227315,37.81305972274794],[127.22036036298655,37.81298959599317],[127.22028767405494,37.812956143613775],[127.22057965978414,37.812948780864076],[127.22119053751862,37.813011772950354],[127.2212505794069,37.813115405263204],[127.22148168092528,37.812984570637205],[127.2214641781312,37.81270805699457],[127.22157255129021,37.812401676068625],[127.22134758943699,37.812392554997146],[127.22083104680293,37.81259603305081],[127.22074466893784,37.8125878780561],[127.22060987487633,37.812513007667825],[127.22051386250757,37.812357231881535],[127.22040916313341,37.812355390311545],[127.22004901191083,37.81255684444264],[127.2198963812579,37.8124484459644],[127.21977494532703,37.812412831240096],[127.21964256630426,37.81247518784563],[127.2193481880885,37.81249094053154],[127.21938456427338,37.811726264688],[127.21946758485319,37.81124553575459],[127.21828615886936,37.81116395416056],[127.21819073504213,37.81116846326193],[127.21789366314852,37.81157484187878],[127.21749714639147,37.811823150329396],[127.21713770142004,37.81201156656368],[127.21613923761247,37.812396833722985]]]}},{"type":"Feature","properties":{"layer":"zone_industrial","id":"zone_industrial_0333","name":"금현일반산업단지","category":"일반산업단지","color":"#9333ea","sido":"경기도","sgg_code":"41650","type_code":"UHA210","notice_date":"20181207","mgmt_no":"41500004165020180340UHA2100001001"},"geometry":{"type":"Polygon","coordinates":[[[127.19612145722482,37.81061042035238],[127.19608748309656,37.81033464167364],[127.19513209417043,37.81033623363274],[127.19513256462709,37.810516422824094],[127.19392335070195,37.81016208716623],[127.19392147082185,37.809446285513644],[127.19359594558198,37.808855342975434],[127.19143639002496,37.80885454641405],[127.19133690154842,37.8093645994409],[127.19086505013827,37.809732306650325],[127.19105451002298,37.80980246530516],[127.19121185980768,37.80999411440245],[127.19138471991326,37.81039313695271],[127.19146189943059,37.81066512643165],[127.19154121546661,37.810773535954574],[127.19157081423195,37.81097037277069],[127.1916365258823,37.81108755239078],[127.19164012580572,37.81125144736061],[127.19169944917887,37.81136610557979],[127.19191257578122,37.81148756974696],[127.191924256703,37.81156980757636],[127.19187608345248,37.81164934918451],[127.19177951107213,37.81203033659903],[127.1912687546784,37.81280390477798],[127.1913213049568,37.81283661468965],[127.19145336735556,37.812831716916904],[127.19159093749076,37.81293753680269],[127.19179561477789,37.81326082745139],[127.1919090700507,37.813306682670884],[127.19207411688936,37.81332119139974],[127.19192153254474,37.81263176128008],[127.1923846311644,37.812538033937884],[127.19267114360754,37.81253477647043],[127.19305100792089,37.81269082563117],[127.19317199406939,37.81321185516686],[127.19329806820528,37.81323616483789],[127.19339227281523,37.81330306010397],[127.19355830385388,37.813245831558724],[127.19362149365111,37.813356356115314],[127.19384539087291,37.81333608884388],[127.19386786421624,37.81337943286705],[127.19414029886933,37.81334598597455],[127.194173791875,37.81316784054086],[127.19424567524274,37.81309242161684],[127.19439394240821,37.812772747347985],[127.19457551605512,37.812675372639085],[127.19475587952776,37.81271952978882],[127.19488788792964,37.81260700082976],[127.19518126838584,37.812198316720384],[127.19541984496944,37.81206932276149],[127.19571218683433,37.811708290232666],[127.19587409519333,37.811600972409884],[127.19610438436692,37.81109333058619],[127.19607167593918,37.81079794516875],[127.19612145722482,37.81061042035238]]]}},{"type":"Feature","properties":{"layer":"zone_industrial","id":"zone_industrial_0334","name":"지방산업단지 (경기도 41650)","category":"지방산업단지","color":"#7e22ce","sido":"경기도","sgg_code":"41650","type_code":"UHA200","mgmt_no":"41500004165019900001UHA2000001000"},"geometry":{"type":"Polygon","coordinates":[[[127.22487407115162,37.94369628464881],[127.22539561826878,37.94417720042159],[127.22678969614759,37.94322794305428],[127.22771688351389,37.94204284830803],[127.22788006261096,37.941534095185894],[127.22534389791512,37.94027512261292],[127.22501942676827,37.94005914685275],[127.22512781076402,37.94026745206582],[127.22534530520291,37.94048409951639],[127.22541616121559,37.94067741227959],[127.22538982411939,37.94080066447067],[127.22518607371254,37.94113304434545],[127.2251182140308,37.94130162905473],[127.22502901207594,37.941890853049536],[127.22505798284509,37.94209595760548],[127.22511386808249,37.942217792190746],[127.2252907502526,37.942395407489656],[127.22613778232258,37.94282463605797],[127.22487407115162,37.94369628464881]]]}},{"type":"Feature","properties":{"layer":"zone_industrial","id":"zone_industrial_0335","name":"용정일반산업단지","category":"지방산업단지","color":"#7e22ce","subtype":"기업지원과 문의","sido":"경기도","sgg_code":"41650","type_code":"UHA200","notice_date":"20210817","mgmt_no":"64100004165020215144UHA2000001001"},"geometry":{"type":"Polygon","coordinates":[[[127.19922081413884,37.88339838403303],[127.20026368895938,37.883741039043684],[127.20100270611904,37.88408524508914],[127.20397398360316,37.885772955246054],[127.20403008148485,37.88573516351928],[127.20414837768857,37.885770222704465],[127.20425838077936,37.88569933672117],[127.20493887842375,37.88550519102596],[127.20506485340678,37.88538947303701],[127.20536957388892,37.88499856932862],[127.20555989065049,37.884842926923305],[127.2055885932929,37.88478107281548],[127.20554374712246,37.884759879384895],[127.2056334423552,37.884552057653735],[127.20558855936325,37.884476276453015],[127.2056255444667,37.88428521342475],[127.20601891500345,37.88364496371038],[127.20621057705178,37.88356642920507],[127.20658010175745,37.88351245064666],[127.20667380507477,37.88344391519407],[127.20685997134555,37.88318781423844],[127.20728210746516,37.8829645454627],[127.20733556650586,37.88264975420276],[127.20747633416497,37.882461031704146],[127.20749769122934,37.88237063020473],[127.20748564625174,37.88229046774203],[127.2074049025682,37.88219528965781],[127.20733318809458,37.88203603899709],[127.2073905448961,37.881855931180695],[127.20735707294354,37.88154687764021],[127.20761653615288,37.88124551022014],[127.20753275300898,37.881119795701544],[127.2075221853864,37.88103945045256],[127.20781065484007,37.88094614869272],[127.20822818312898,37.880918117969365],[127.2085254548357,37.88084309707112],[127.2086921805094,37.880549818522645],[127.20883299704037,37.880377130968526],[127.208901896696,37.87989671009586],[127.20885797663317,37.87975912397343],[127.20899912197088,37.87962733825016],[127.20942831001521,37.87941522990014],[127.2098220566982,37.87909488080412],[127.20984598470876,37.879034835929076],[127.20978098653771,37.878799175157496],[127.20969171363181,37.87877888170937],[127.20976195341936,37.87865587841866],[127.20929890409954,37.87793115211949],[127.20826182006658,37.87739295464374],[127.20736523969028,37.87653280396773],[127.20658348392223,37.87588011297467],[127.20650967195593,37.8757814084262],[127.20643198666097,37.87580253553882],[127.2064757594343,37.875544817649846],[127.20631120549734,37.87553778833551],[127.20632102955902,37.87534619543916],[127.20627412551625,37.87534331291995],[127.20605513514525,37.87496439790854],[127.20581841334825,37.87470790589951],[127.20543562128812,37.87469131644487],[127.20516432828938,37.874637405231894],[127.20453344003724,37.87466552285504],[127.20435132947203,37.87423617848833],[127.20425272189085,37.87421211302439],[127.20417290442967,37.8741183724867],[127.20389056407461,37.8740717389185],[127.20381555275654,37.874031235424425],[127.20369160078634,37.87388270313103],[127.20371521600858,37.87383175947521],[127.20369553184223,37.873782331671606],[127.20360905929736,37.87374833448971],[127.2034162557638,37.873741809082524],[127.20296409288288,37.873825451967136],[127.20271158272999,37.87383066768135],[127.20207733545149,37.873925618616134],[127.2018534408745,37.87399687670152],[127.20172365165901,37.87408383994642],[127.20156616665678,37.87391128930683],[127.20155641951963,37.873753280994784],[127.20145323560828,37.87350722933909],[127.20133399198382,37.873374543094364],[127.20135817329879,37.87333066231466],[127.20114117347848,37.87322723309146],[127.2011747126789,37.87318900339649],[127.20063864103686,37.87296552299271],[127.20014514917497,37.8723021203065],[127.19999783487896,37.87235504668412],[127.1998529790405,37.87233303753809],[127.19977523055961,37.872270562131554],[127.19923913404656,37.87235269230436],[127.19898570889903,37.87262652589478],[127.19878439559747,37.87242380040913],[127.19872940553667,37.87248215632424],[127.19850681901512,37.872536297016765],[127.19843674124677,37.872426112119165],[127.19834518538374,37.87247069055753],[127.19841140392938,37.87280490974984],[127.19835567068075,37.8730711586693],[127.19835647684742,37.87347244505256],[127.19820203489115,37.873825502238326],[127.19819340458177,37.87391389886886],[127.19792563510514,37.87417381653149],[127.19764487041962,37.87426141441927],[127.19793911040831,37.87445894154692],[127.19822221837403,37.874585663642584],[127.19843027717333,37.87476746791507],[127.1984414363365,37.8748221723405],[127.19841643787136,37.87484598093882],[127.1984384552254,37.8748593861423],[127.19881873808988,37.874766412226144],[127.1990141016419,37.87476031869692],[127.1991424239207,37.87480334850995],[127.19914809665063,37.87501226693779],[127.19899941795609,37.87505026576557],[127.19914074912435,37.875372024530215],[127.19899956939587,37.87545190446943],[127.19879490723609,37.87546675267085],[127.19853140693962,37.8757945953478],[127.19846260758635,37.876251216575646],[127.1984736412965,37.876536210368826],[127.1984440230138,37.87678887435604],[127.19832808099588,37.87689745123445],[127.19822603624658,37.87712874878112],[127.19796226694997,37.87707167316097],[127.1977623082287,37.87710460258689],[127.19764249514905,37.87719841883912],[127.19764286991808,37.877258321682376],[127.19753071504152,37.8773555666515],[127.19717665688624,37.87765715939582],[127.19704870162612,37.87771142831581],[127.19684843912957,37.87809502933782],[127.19683282051105,37.87825387283839],[127.19689710855111,37.87839999764537],[127.19715588297962,37.87847519281414],[127.19724323695674,37.878540636021874],[127.19727615615167,37.878653018520595],[127.19741666680274,37.87875098721091],[127.19780193635502,37.87881585288072],[127.19821212064228,37.87871775882561],[127.19847711678047,37.878729586641725],[127.19857008067176,37.878809614692216],[127.19892931537743,37.878744154330356],[127.19896881013956,37.8787639988642],[127.1991842721376,37.879175997228984],[127.19934236105873,37.87921095844933],[127.19970599380291,37.87921684271409],[127.19989843035033,37.87942887000439],[127.19983158386546,37.87963683827511],[127.1994867243934,37.879846679731536],[127.19957055903124,37.87994208333418],[127.19967968823087,37.880153323085985],[127.19973253836307,37.88069435609916],[127.19960203141827,37.88101098547688],[127.19964370806191,37.88108102641914],[127.1995380180555,37.88153926855515],[127.19947598837022,37.881666576410765],[127.19947062537628,37.8818075643282],[127.19953212490907,37.881987450461565],[127.19949743639566,37.882060989358],[127.19940350014467,37.882133519679975],[127.19933834512285,37.88241857805924],[127.19937387956053,37.88258466045102],[127.19935850865738,37.88283017403919],[127.19929089426755,37.883011979920724],[127.1992184913409,37.883099249305275],[127.19920867500683,37.88319464815402],[127.19922081413884,37.88339838403303]]]}},{"type":"Feature","properties":{"layer":"zone_industrial","id":"zone_industrial_0336","name":"포천 에코그린일반산업단지","category":"일반산업단지","color":"#9333ea","subtype":"에코그린일반산업단지(기업지원과)","sido":"경기도","sgg_code":"41650","type_code":"UHA210","notice_date":"20230530","mgmt_no":"64100004165020230151UHA2100001001"},"geometry":{"type":"Polygon","coordinates":[[[127.2374095550827,37.96901668642781],[127.23747766229265,37.969378000867806],[127.23839196635879,37.96958628628616],[127.2386423835206,37.97025886263495],[127.23892267192862,37.97076293224434],[127.2387608161549,37.97113435853537],[127.23927117677542,37.97126234066206],[127.23958401458906,37.97145732576333],[127.2398343249911,37.97149650471102],[127.24018671548981,37.97152331360816],[127.24051635959438,37.97140728105582],[127.24083532498665,37.97159900704412],[127.240865955655,37.971747759412764],[127.24117707040396,37.97191490519855],[127.2416428047321,37.97232239856503],[127.24173536665973,37.97230871376305],[127.24209917359646,37.972432198814175],[127.24218585861539,37.97242762500979],[127.2422002060402,37.972468254367655],[127.24233840444295,37.972415889138475],[127.24271825787284,37.97251435679647],[127.24290963466805,37.972450205883206],[127.24327603965642,37.9724350297298],[127.24334611788754,37.97240557864148],[127.24341481369218,37.972322489328086],[127.24373047813648,37.97233390324664],[127.2438346762805,37.97229412910007],[127.2439523250693,37.97231274306863],[127.24428920769796,37.9724878457189],[127.24435091474302,37.97248771836902],[127.24446090040509,37.97270192025322],[127.24502561063358,37.972935515577866],[127.24589915665241,37.97288641477646],[127.24609854302268,37.972770556030355],[127.2462073721741,37.97259350536478],[127.24614350595924,37.97249515816418],[127.24608267037323,37.97245950894614],[127.24608720193324,37.97242921946629],[127.24590377795056,37.97237504066016],[127.24582768160418,37.97228125934562],[127.24604885986447,37.97213078695859],[127.246042866469,37.971878171263384],[127.24618650586842,37.97166264183624],[127.24634783686528,37.97159307018822],[127.24640468883186,37.97149174203449],[127.24652487986225,37.97146732900856],[127.24667122230079,37.97121655819892],[127.24659803107001,37.971096230079866],[127.24650437972194,37.971075875045855],[127.24640146409126,37.97090120187158],[127.24626297191375,37.97079477556318],[127.24602395351675,37.97072573018959],[127.2457942543686,37.97059769947759],[127.24537077639198,37.970427879822395],[127.24438724552975,37.97032931702725],[127.24424973671456,37.97021617441566],[127.2441618852222,37.97032194398315],[127.24409690415791,37.97028802303665],[127.24404650949472,37.97019073699409],[127.2441679581616,37.96974660105722],[127.24423094532956,37.96918532123011],[127.24427125014873,37.96913896658537],[127.24423403012118,37.96909564583479],[127.24424134682715,37.968846461999725],[127.24429695813936,37.968668793014174],[127.2442999783616,37.96848004304741],[127.24422849929253,37.96801352949865],[127.24390934235159,37.9679207255191],[127.24384085822379,37.9679733184357],[127.24376818462406,37.967886916243195],[127.2432337656116,37.96786853740793],[127.24315381149545,37.96790776574629],[127.24292680113979,37.96781469773764],[127.2426885145525,37.967659299390675],[127.24236241615489,37.967624804285016],[127.24227877685371,37.967431186514986],[127.24130121491866,37.966949872650225],[127.2407127205949,37.96703534307321],[127.23987535204665,37.966655743960274],[127.23910401616278,37.96725369846461],[127.23830147734711,37.96831321846659],[127.23811222891291,37.96850658630282],[127.2374095550827,37.96901668642781]]]}},{"type":"Feature","properties":{"layer":"zone_industrial","id":"zone_industrial_0337","name":"신해3 일반산업단지","category":"일반산업단지","color":"#9333ea","sido":"경기도","sgg_code":"41670","type_code":"UHA210","mgmt_no":"57000004167020250460UHA2100003001"},"geometry":{"type":"Polygon","coordinates":[[[127.53632354621028,37.22484435960259],[127.53684906037374,37.224980987541365],[127.53806493365005,37.225080095446785],[127.53810781887327,37.22460945511161],[127.5386141102062,37.22430566649031],[127.5389486934263,37.22435756188662],[127.53929766820892,37.22456057490465],[127.53978155847516,37.22458709267951],[127.5402008677809,37.2247108080392],[127.54050659659188,37.22431445045695],[127.54063833362717,37.224304678404756],[127.54080063072942,37.22411014591479],[127.540547353428,37.22393798561978],[127.54042532938907,37.223752955616575],[127.54021413822929,37.22289489171719],[127.53956001190542,37.222949430941696],[127.53943715074027,37.222928364248105],[127.53890192595205,37.2229605458277],[127.53884019524531,37.22308320388494],[127.53863016892352,37.22308415648759],[127.5385606775064,37.222937080978284],[127.53851035002953,37.2228994027946],[127.53790119281938,37.22279364282816],[127.53632354621028,37.22484435960259]]]}},{"type":"Feature","properties":{"layer":"zone_industrial","id":"zone_industrial_0338","name":"신해4 일반산업단지","category":"일반산업단지","color":"#9333ea","sido":"경기도","sgg_code":"41670","type_code":"UHA210","mgmt_no":"57000004167020250461UHA2100004001"},"geometry":{"type":"Polygon","coordinates":[[[127.54233272400026,37.22172658375566],[127.5424549411083,37.22226821191631],[127.54237657325915,37.22249633234308],[127.5424389223972,37.222648898465046],[127.54358266459857,37.222807594102605],[127.54403832940172,37.22291555972859],[127.5444111050991,37.22305378172366],[127.54477119657858,37.223299022046],[127.54515406597015,37.2234334020483],[127.54545481964932,37.22340450378374],[127.54589634973085,37.22321610614864],[127.54576235760105,37.222676446004925],[127.54580370272797,37.222109624915326],[127.54588944666706,37.22158301093905],[127.54545855969738,37.221549832281546],[127.54512809913514,37.221581443832456],[127.54473767108888,37.22165648887573],[127.54461021006807,37.221652207809534],[127.54446198331075,37.22172172611149],[127.54418535692204,37.22178183113152],[127.54416406307067,37.22168759076985],[127.54371923236299,37.22173377839445],[127.5435876557112,37.221154387096846],[127.54313472528281,37.22122084674259],[127.54233272400026,37.22172658375566]]]}},{"type":"Feature","properties":{"layer":"zone_industrial","id":"zone_industrial_0339","name":"가남 일반산업단지","category":"일반산업단지","color":"#9333ea","sido":"경기도","sgg_code":"41670","type_code":"UHA210","mgmt_no":"57000004167020250334UHA2100001001"},"geometry":{"type":"Polygon","coordinates":[[[127.55775868933438,37.22887463618863],[127.55777619613976,37.22897075684401],[127.55800743326871,37.22922121987061],[127.55823456933483,37.22920944819962],[127.55832006742,37.22931914301839],[127.55868030892216,37.22954396756518],[127.55867873060807,37.22958521508608],[127.55911899794137,37.22976057373029],[127.55962383091338,37.22973362482271],[127.55962447414365,37.229550280426906],[127.56069742282257,37.22960832757617],[127.56069361555325,37.229378087616475],[127.56090073239183,37.22878722393621],[127.56101480708506,37.227912813058495],[127.56060250709888,37.22770762243781],[127.55945753045557,37.22677977163613],[127.55913527388574,37.22680155342283],[127.55903725690919,37.22690280399565],[127.55910999130154,37.227726254660446],[127.55879517364663,37.227733566022394],[127.55875421073769,37.22782491588267],[127.55876789590214,37.22791299918404],[127.55870522546904,37.227968409988485],[127.55856677580427,37.22836210819164],[127.55801791413984,37.22834126162962],[127.55794261427664,37.22880194219908],[127.55775868933438,37.22887463618863]]]}},{"type":"Feature","properties":{"layer":"zone_industrial","id":"zone_industrial_0340","name":"신해1 일반산업단지","category":"일반산업단지","color":"#9333ea","sido":"경기도","sgg_code":"41670","type_code":"UHA210","mgmt_no":"57000004167020250458UHA2100001001"},"geometry":{"type":"Polygon","coordinates":[[[127.53435114533373,37.222352492176846],[127.53442759186795,37.22252689420872],[127.53454973955887,37.22265660662583],[127.5345864844072,37.22286989549601],[127.53479239980383,37.223184518615504],[127.53526609685682,37.224164382356776],[127.5352825887238,37.22428218087634],[127.53527493951024,37.22436072215337],[127.53505577482535,37.22450288310108],[127.53488297673388,37.2247492823298],[127.53459881922099,37.224814624882235],[127.53445194695713,37.22490268580581],[127.53447831116677,37.22498248859429],[127.53456554943911,37.225018407544205],[127.53456634275074,37.22508309797296],[127.53465692157685,37.22507173375394],[127.53470780431675,37.225122728295695],[127.53506036291746,37.225568466285054],[127.53511017431777,37.22568481721697],[127.53521476663002,37.22575761776807],[127.53517809241106,37.2258330641149],[127.53523309620901,37.22597945897965],[127.5352974627159,37.225981826954296],[127.53539947691105,37.22588861508386],[127.53548022915743,37.22571235188832],[127.53547976731359,37.225344778570104],[127.53563076802513,37.225156746442096],[127.53607427333499,37.225021375074974],[127.5360665597501,37.224988513261735],[127.53656177179833,37.22431268477933],[127.53776991705904,37.222766395395126],[127.53750827850494,37.22278037430532],[127.53661993086813,37.22264233444822],[127.53631941211079,37.22275244616906],[127.53614241993054,37.22267326969156],[127.53614118142823,37.22256644004381],[127.53550294601409,37.2224777563666],[127.53485509419451,37.222341673261944],[127.53464027641593,37.22232432239677],[127.53435114533373,37.222352492176846]]]}},{"type":"Feature","properties":{"layer":"zone_industrial","id":"zone_industrial_0341","name":"공업용수 공급시설","category":"산업단지기타","color":"#d35400","subtype":"용인 반도체클러스터 일반산업단지 공업용수 공급시설","sido":"경기도","sgg_code":"41670","type_code":"UHA999","mgmt_no":"40500004167020260106UHA9990002002"},"geometry":{"type":"MultiPolygon","coordinates":[[[[127.54265615406854,37.2948073463301],[127.54296159633628,37.295109692238825],[127.54347780411713,37.29580178157257],[127.54367573667719,37.295945056246204],[127.54399774733469,37.29629341064448],[127.5443121159906,37.29650072657959],[127.54463778194373,37.29662731255572],[127.54656549399239,37.29702342332057],[127.54694875532087,37.29704880549752],[127.54767122177853,37.29701478529574],[127.54812989380282,37.29707342366745],[127.54841627016634,37.29719155789254],[127.5492857315464,37.29740853018881],[127.54943321154977,37.297413812308356],[127.55022795460762,37.29759444303884],[127.55061968826865,37.29764750739765],[127.55083724965034,37.29774698851547],[127.5516819697313,37.29805708816408],[127.55520538081646,37.2986827058805],[127.55613900159894,37.29892638507842],[127.55634166778034,37.29924140438966],[127.5564882661951,37.29927198243353],[127.55752024060519,37.299373666497885],[127.55779180453781,37.29956778532308],[127.55772219349966,37.29957249142002],[127.55780204899418,37.29962951099342],[127.55976398013966,37.29955882413905],[127.55997147850674,37.29972273161202],[127.56004147153097,37.29972240133834],[127.5600350454876,37.29968769740856],[127.56223295568809,37.29967730526969],[127.56230654506689,37.299707158747886],[127.56256202993785,37.299500696020225],[127.56434356898617,37.29942937363952],[127.56488214572538,37.29954122259846],[127.56645832624473,37.29999073306673],[127.56645920836533,37.30001668718331],[127.56664856125799,37.3000114312958],[127.56685161683562,37.30006934309329],[127.56691604029511,37.300088848739925],[127.56681578952676,37.30009264334777],[127.56847183984858,37.30059381519142],[127.56847036458898,37.30055955655212],[127.56852366530104,37.30057569974164],[127.56852564926298,37.30061010911608],[127.56895047522093,37.300746532541666],[127.56917418983899,37.30077793245754],[127.56905149382555,37.3007817825497],[127.56907852478551,37.300790203587596],[127.57126154979521,37.30144608962971],[127.57129427407459,37.30144513920021],[127.57126760213788,37.30141410140264],[127.5715713848381,37.30150027159905],[127.57160272512631,37.30153711642431],[127.57185678748444,37.30157501458124],[127.57194557942687,37.301678600127616],[127.57210136294479,37.301699302431345],[127.57201621451931,37.30159878993046],[127.57292905469063,37.30165406970847],[127.57297110964703,37.30163114300254],[127.57309899747115,37.301661880859434],[127.57305755273794,37.30168495783681],[127.57313894317491,37.301704522307745],[127.57332026626906,37.30241399949909],[127.5733153556092,37.30236278236986],[127.57334460074865,37.3023447108316],[127.57342662272607,37.30253098727727],[127.57355420333407,37.3025849723615],[127.57378818700735,37.303556849675324],[127.57412244862165,37.304120846403556],[127.57580301928009,37.30629483110088],[127.57623875970029,37.30691089433214],[127.57644959599438,37.30713399813785],[127.5769819380443,37.307833203497815],[127.57718309503247,37.30805256874186],[127.57739516820726,37.308261059309224],[127.5778781445019,37.308657506944314],[127.5783918728554,37.30903000683406],[127.57872544412156,37.30921264718338],[127.57915110727126,37.3093819435893],[127.58044509432874,37.30971158253339],[127.58102047876407,37.309934317753616],[127.58151683676331,37.31007621090993],[127.58152939423967,37.31030416041725],[127.58161424420825,37.31035407527566],[127.58182141368495,37.31063246457753],[127.58221796867603,37.31126118529545],[127.5825006763326,37.31163481843393],[127.58288429137386,37.312012910779856],[127.58403245721328,37.313016239764735],[127.58429943742854,37.31328673456589],[127.58452606513129,37.31363568972232],[127.58461046689135,37.313856139719135],[127.5846383321595,37.314049153017606],[127.58462812639286,37.314430783168135],[127.58446875343041,37.315022841398275],[127.58443005284241,37.31542371335206],[127.58444581224947,37.31550258264469],[127.58449559130426,37.315531269014045],[127.5845009977654,37.315670413129396],[127.58496981307474,37.315658425743045],[127.58563967518758,37.31555555907089],[127.5860598174252,37.31554573578031],[127.58692101955491,37.31572141134279],[127.58734315219434,37.315764463208666],[127.5875445237482,37.31588131888589],[127.58775679541348,37.31593450858561],[127.58806850909548,37.31615452346781],[127.5884491413973,37.31634410182816],[127.58876534311615,37.316589501195104],[127.58897707476454,37.31667440707831],[127.58994607774738,37.31741166817761],[127.5902820444866,37.317801965354455],[127.59052490620724,37.31797935582687],[127.59073780228911,37.318066712491294],[127.59096971280186,37.3181113380672],[127.59120946273552,37.318124010201096],[127.59144730883366,37.318077837096034],[127.59185341877573,37.31805501645883],[127.59250788599962,37.31816301599288],[127.59292282519823,37.31828076885529],[127.59352452343764,37.31861631624998],[127.59389112260126,37.31873945230697],[127.59412165787673,37.31873199095499],[127.59521811908697,37.31890138178868],[127.59528860589926,37.31896733373816],[127.5953772485824,37.318985008311635],[127.59621379015329,37.31948673545946],[127.59634852797417,37.319486932236366],[127.59652854036106,37.31954742231003],[127.59669329775109,37.3198264936613],[127.5968500671131,37.31996373134894],[127.5967623389321,37.31992773567988],[127.59651907013404,37.32012640724618],[127.59625217394107,37.31994538377675],[127.59612478636863,37.32015225695666],[127.59657075543369,37.320363005808254],[127.5969182398538,37.3201722252911],[127.59709407773427,37.320153779673596],[127.59754035115033,37.320158425488835],[127.59783127006098,37.32020808334612],[127.59783720127878,37.32017629272946],[127.59862279838673,37.320249827444016],[127.59880163859962,37.320381283775255],[127.59913585132492,37.32055826734937],[127.59958952080922,37.320675900206076],[127.60047704256903,37.321000821711756],[127.60124249211407,37.32133869913546],[127.60151282760745,37.32158976560079],[127.60176322451609,37.3219182034578],[127.60199148195045,37.322115385402235],[127.60211577383836,37.32229661509473],[127.60210835311021,37.32233950493902],[127.60215267099217,37.32235393947794],[127.60230993345748,37.322349960554746],[127.60226928286636,37.32231151347953],[127.60253515229503,37.32226440095095],[127.60262905332412,37.322148342029635],[127.60288902819575,37.32206809236093],[127.60300988558379,37.32207575840305],[127.60305335404486,37.32213366179149],[127.6030718879697,37.32226358375188],[127.60313612287206,37.322339392786546],[127.60323452395122,37.3223845738158],[127.60348922186733,37.3224489622461],[127.60376915613375,37.3225936821422],[127.60434314924238,37.32281484129596],[127.6049773726882,37.32300532636745],[127.60499264678467,37.322988156259086],[127.60605888456514,37.323330117236765],[127.60653185290352,37.32278366844371],[127.60649305393389,37.32277524412006],[127.60654003293196,37.32267818109376],[127.6067012336456,37.32268972767706],[127.60682998378317,37.322790883580474],[127.6068814873782,37.32278395261266],[127.60696704004249,37.32288668086701],[127.60695463930617,37.32295819462563],[127.60704924038302,37.323018718135174],[127.6075034840403,37.32294033829013],[127.60780127715132,37.322958788334724],[127.60782685578111,37.32299977048551],[127.60780991640023,37.323280036177536],[127.60787864518105,37.32319270024961],[127.6078753059084,37.32320677315837],[127.60761788341689,37.3235217705206],[127.60756871079911,37.32360406858623],[127.60804225512682,37.32301813749972],[127.60802578168447,37.32300671600418],[127.60812640615467,37.32287887810564],[127.60853487314239,37.32317462218768],[127.60850640100212,37.32320317716993],[127.6088448353274,37.323437731205004],[127.60884782575474,37.32347145877747],[127.60874957452098,37.32356187505516],[127.60878365635396,37.32358549589501],[127.609024077285,37.32368041787732],[127.6092937883978,37.323432218509026],[127.60910817412689,37.32323186749762],[127.60900993472515,37.32332227492194],[127.6089677021968,37.323324663170744],[127.60862328900602,37.32308596846892],[127.60859481693251,37.32311452347226],[127.60816528206782,37.32282947450361],[127.60826196387745,37.32268560966405],[127.6082225972356,37.322702020729125],[127.60815358859762,37.32265899076615],[127.60795078115937,37.32265467828803],[127.60775694099549,37.322596745303116],[127.60781416947063,37.32254410325332],[127.60740895942504,37.322268216295015],[127.60728199026559,37.32232287305298],[127.60699455186624,37.322087251642145],[127.60688757212095,37.322041757226934],[127.60680602373344,37.321961299472996],[127.60687770970962,37.32189804206551],[127.60691622437042,37.32194421115026],[127.60703809950441,37.32178762223019],[127.60703028724657,37.32174198085177],[127.60693241950887,37.32172267734203],[127.6068664232319,37.32188341329383],[127.60679872339952,37.321945713251715],[127.60657223121173,37.322040585918195],[127.60655126175904,37.3221409758709],[127.60635902926045,37.32232558502692],[127.60639366440145,37.32233676074933],[127.6064211676757,37.3226616335034],[127.60652279029873,37.32267632306573],[127.60647664375242,37.3227716789153],[127.60641541082138,37.32275838665526],[127.60642112961098,37.32269489008031],[127.60637324487116,37.322828178403185],[127.60606203202315,37.32318783124741],[127.60592837876708,37.32322104055857],[127.60416262215239,37.32267186907702],[127.6035273255556,37.322388670835615],[127.60321327824893,37.322281065354524],[127.60303210789709,37.32200032976257],[127.60282696525917,37.3219957861009],[127.60253929521353,37.32209753031327],[127.60241214619575,37.32222494858621],[127.60221872360104,37.32221881263453],[127.60218666364207,37.322145542815555],[127.60189269769089,37.32185312418988],[127.60168376290814,37.32154189290648],[127.60154031755056,37.32139341256934],[127.60136090151218,37.321247186728066],[127.6011531585489,37.321142280460755],[127.60075301691529,37.32097500704748],[127.60031986737178,37.32085619361963],[127.59971615802141,37.320611738653845],[127.5990810178635,37.32044375514758],[127.59885298110977,37.320268578132364],[127.59863499687013,37.32016606173525],[127.59783342523511,37.32004248421341],[127.59760730393752,37.32003504582973],[127.59697684308529,37.319909861594255],[127.59679163657017,37.319770271320515],[127.59663349592417,37.31950340259459],[127.59639001366602,37.31940145175488],[127.59630419034515,37.319302131927685],[127.59620089543735,37.31932065332767],[127.59600862507392,37.31924495214898],[127.59565992235893,37.31901556637274],[127.59521873524618,37.318791824421055],[127.59525109811744,37.318777002553304],[127.59522874108971,37.318764464489696],[127.5950277919828,37.318775563871775],[127.59369729282602,37.31859391756492],[127.59297417681813,37.3181812384768],[127.59233014806858,37.31798150221335],[127.59163445090643,37.31794009402109],[127.59140642040458,37.31798774128658],[127.5911913905037,37.31795656568301],[127.59099460489612,37.31796755637336],[127.59079314906396,37.31794824185507],[127.59060810501465,37.317877983042976],[127.5903188458368,37.3176474114784],[127.59006480754289,37.317341456361724],[127.58986204673317,37.317177624039],[127.5897693864692,37.31705075333585],[127.5892609527732,37.316694441641616],[127.58911244021671,37.316557323943854],[127.5889066651011,37.3164695054882],[127.58867399669151,37.31628892551214],[127.58818644028393,37.316073027768084],[127.58783189895404,37.315829168301185],[127.58754228410145,37.315752665083444],[127.58726595793938,37.31562951291919],[127.5870483391703,37.315584908428725],[127.58703978817135,37.31555873120954],[127.58684600187858,37.31557608833899],[127.58606703473596,37.31542885653416],[127.58567736368443,37.315425626905274],[127.58472829743172,37.3155401777257],[127.58461772771192,37.31548411183159],[127.58458458738885,37.3154786978391],[127.58458827818106,37.315516918723795],[127.58446141106039,37.3154949102504],[127.58448527993056,37.315025751355904],[127.58464501430588,37.31443230376032],[127.58465527103665,37.31404851993161],[127.58462709594383,37.313853372758125],[127.58453469883246,37.31360990518615],[127.58431359380435,37.31327931256727],[127.58404508978077,37.3130072395118],[127.5827191025225,37.311840357777584],[127.58247660556809,37.31158226323466],[127.58161249054174,37.31030641112856],[127.58152757585626,37.31025687501208],[127.58153755076334,37.310094291889534],[127.58155602742721,37.310110401596425],[127.58165034964813,37.31004835483542],[127.58155317869218,37.309953954166176],[127.58139560250267,37.30999466840401],[127.58142333330527,37.310008417177],[127.58138815090628,37.310023177015005],[127.58101708994894,37.309917530402274],[127.58045095303942,37.30969890361042],[127.579157633262,37.309369468705704],[127.57873400677535,37.30920098231383],[127.57819643953084,37.30887704773071],[127.57754184450646,37.30836794485146],[127.57719647761363,37.30804429538748],[127.57699598037968,37.30782565678108],[127.5764632965813,37.307126020655986],[127.57625291583119,37.30690349131278],[127.57581764231053,37.3062880205384],[127.5741375621195,37.30411479052849],[127.57380440894036,37.303552698639194],[127.57356928359306,37.30257605148412],[127.57344037915463,37.302521514182466],[127.57335870124358,37.30233599293829],[127.57339609679565,37.3023128813614],[127.57319482579717,37.30160853731693],[127.57311669854798,37.30165202834408],[127.57298908182767,37.30162134325825],[127.57304634570994,37.30159012581011],[127.57254833236608,37.30158082541734],[127.57152869892174,37.301450101297256],[127.57153895298399,37.301481686637196],[127.56926062167945,37.30077522028856],[127.56909709590647,37.30074749639247],[127.56910112205314,37.30072342892175],[127.56846973588621,37.30054491802479],[127.56732670880506,37.30015192170938],[127.56705629662765,37.3000835384011],[127.56695845882925,37.30008724050834],[127.56630679035327,37.29986468305171],[127.56450926908487,37.29937112764452],[127.56449770757744,37.29940732247545],[127.56430440958441,37.29935671253182],[127.56207720039613,37.29946647497177],[127.56222109462064,37.29966114313349],[127.56003204961034,37.29967149321704],[127.56001388739415,37.299573385949664],[127.56009389570238,37.29956237637001],[127.56001322943092,37.29956982102204],[127.56000379567188,37.29951883186128],[127.55995499189997,37.29949275240419],[127.55781498189917,37.299566216738704],[127.55752757832278,37.29936077449493],[127.5563533918271,37.29922987946526],[127.5561512974096,37.29891592970632],[127.55593565090972,37.29884056970903],[127.55520928813286,37.29866953273008],[127.55431883750089,37.29849229289768],[127.5516874814779,37.298044232035515],[127.5506262284949,37.29763492586164],[127.55023097033985,37.29758107595677],[127.54943594500965,37.29740038348104],[127.5492886680356,37.297395100425206],[127.54842272069489,37.297179003921244],[127.54813482856595,37.297060245998146],[127.54767042496964,37.29700129170535],[127.54690007007167,37.29703361340142],[127.54656814958939,37.29701007600723],[127.54536145177177,37.29677025212168],[127.54553259676811,37.296788720403796],[127.54554470231221,37.296736027216184],[127.545527925735,37.29678220047288],[127.5453893306526,37.29674505766375],[127.54535708081465,37.29676938019616],[127.5446435777746,37.296614599607956],[127.54432146359323,37.29648945701039],[127.54401026840091,37.2962843070216],[127.54368849526936,37.295936050681014],[127.54349103889464,37.295793125245694],[127.54297571929665,37.29510223026197],[127.54265615406854,37.2948073463301]],[[127.60775143230737,37.322594962489696],[127.60771302594347,37.32257783277135],[127.60778502959478,37.32256397572348],[127.60775143230737,37.322594962489696]]],[[[127.6072121447808,37.32221903746321],[127.60729308337655,37.32228106333059],[127.60731055822198,37.322293588049746],[127.60732316824394,37.32223414674784],[127.6072121447808,37.32221903746321]]]]}},{"type":"Feature","properties":{"layer":"zone_industrial","id":"zone_industrial_0342","name":"일반산업단지","category":"일반산업단지","color":"#9333ea","sido":"경기도","sgg_code":"41670","type_code":"UHA210","mgmt_no":"64100004167020080001UHA2100001001"},"geometry":{"type":"Polygon","coordinates":[[[127.7042147839138,37.283260928735],[127.70507412420127,37.28334300647619],[127.70556821053069,37.28330541583781],[127.70611971533243,37.28339975923981],[127.70680291835096,37.283342116316135],[127.70822971468495,37.282759985200165],[127.70851032449518,37.28254113819436],[127.70750358789138,37.281625904788974],[127.70712532934965,37.2816732738762],[127.70687185487428,37.28157018576467],[127.70654052296503,37.28116748704594],[127.70629457999387,37.28109428451761],[127.70622284087318,37.28111579534362],[127.7056505229183,37.28159965788534],[127.70489121092774,37.282127409054475],[127.70432371612699,37.282830957822675],[127.70424921708744,37.28300459304755],[127.7042147839138,37.283260928735]]]}},{"type":"Feature","properties":{"layer":"zone_industrial","id":"zone_industrial_0343","name":"지방산업단지 (경기도 41670)","category":"지방산업단지","color":"#7e22ce","sido":"경기도","sgg_code":"41670","type_code":"UHA200","mgmt_no":"64100004167020080001UHA2000001001"},"geometry":{"type":"Polygon","coordinates":[[[127.69897051114457,37.20971439689439],[127.69915055156115,37.20947213219343],[127.69957077536829,37.20912113995272],[127.69967917218722,37.209087343397904],[127.6997721345299,37.20895560614652],[127.69982748332193,37.208788500048854],[127.69994881808624,37.20865515375547],[127.70005286609435,37.20863850198614],[127.70012534110643,37.208545178849846],[127.70008149341811,37.208371179082675],[127.70010041150925,37.20816266029162],[127.70007161269473,37.20802028786394],[127.7001525892344,37.207993860777336],[127.70020477367831,37.20791256881078],[127.70004114979713,37.20769735968745],[127.70003256920754,37.20763415827906],[127.6999802891989,37.20764518875127],[127.69981076114503,37.20748715716073],[127.69956743858761,37.207486969397905],[127.69931664499842,37.20736050132805],[127.69908820688043,37.20703144057057],[127.69905480745446,37.20692747865249],[127.69849585536609,37.20658513510014],[127.6985084349524,37.20642188528183],[127.69797794270065,37.20646681297258],[127.69702016666258,37.20698908842481],[127.6969179081779,37.20711466106274],[127.69732158727747,37.20772255548269],[127.6973360352847,37.20794655574235],[127.69742573177048,37.208084516504655],[127.69776443891416,37.20833877794903],[127.69785797614999,37.20855132072357],[127.6977275646707,37.208604436850116],[127.69776404529108,37.2086637802367],[127.69788938040874,37.20860988298917],[127.69841310764559,37.20944466674002],[127.69897051114457,37.20971439689439]]]}},{"type":"Feature","properties":{"layer":"zone_industrial","id":"zone_industrial_0344","name":"삼교일반산업단지","category":"일반산업단지","color":"#9333ea","sido":"경기도","sgg_code":"41670","type_code":"UHA210","mgmt_no":"41100004167020120120UHA2100001001"},"geometry":{"type":"Polygon","coordinates":[[[127.65141428558479,37.228375774746354],[127.65205325471449,37.22871495363075],[127.65244055717054,37.228246644357235],[127.65310605184568,37.22859989895079],[127.65469372336271,37.22669072072686],[127.65479999776977,37.22609603464155],[127.6541921764911,37.225767943544106],[127.65406707704952,37.22573710597859],[127.65392760481505,37.22573818968601],[127.65387358239103,37.225771554878165],[127.65368863126044,37.22602747348335],[127.65305334059244,37.22606430786711],[127.65255326002958,37.22604858674453],[127.65201952404696,37.22666658627392],[127.65198253858742,37.22687069141402],[127.65202382982388,37.22716263106345],[127.6520010994178,37.22729344059474],[127.65183038699301,37.227614368124584],[127.65142547825508,37.228143789484854],[127.65141428558479,37.228375774746354]]]}},{"type":"Feature","properties":{"layer":"zone_industrial","id":"zone_industrial_0345","name":"신해5 일반산업단지","category":"일반산업단지","color":"#9333ea","sido":"경기도","sgg_code":"41670","type_code":"UHA210","mgmt_no":"57000004167020250462UHA2100005001"},"geometry":{"type":"Polygon","coordinates":[[[127.54615638720769,37.219030496808415],[127.5462677938894,37.21913417972805],[127.54641990682453,37.21919392121666],[127.54644939950653,37.21921379743589],[127.54643780976343,37.219240935748104],[127.54658352281513,37.21933189115046],[127.54659066134592,37.21945809274487],[127.54651982119704,37.2194822780168],[127.5465088005225,37.21979994214306],[127.5467817937739,37.21986559630973],[127.5469062516972,37.21985377844478],[127.54693463972404,37.219948643418846],[127.54736957523818,37.22002574136289],[127.5475201102173,37.21997248140005],[127.54771503330323,37.220017273984],[127.54779603586279,37.220107093616654],[127.54871904074469,37.22029647364553],[127.54866859992653,37.22023107557874],[127.54854475813785,37.21985082690526],[127.54835564277444,37.2195929511089],[127.54853093092252,37.21953836820063],[127.5487674112511,37.21966197852962],[127.54886167371033,37.21965173075559],[127.54890387686477,37.2195719206393],[127.5487410192086,37.219299390470646],[127.54875469984545,37.219220243780285],[127.54892678510036,37.219179415806124],[127.5488252073066,37.218987956599605],[127.54873776638401,37.2188958697697],[127.54874607730308,37.21856623422586],[127.54870620415917,37.21842107311121],[127.54874778862195,37.2178953816362],[127.548626262002,37.217604333290225],[127.54854198140954,37.21748469617673],[127.54797344395924,37.21748629324963],[127.54799661733917,37.217259585988316],[127.54746953608368,37.217241617195356],[127.54749588293235,37.21742692799498],[127.54736452364895,37.21759054797976],[127.54715709037468,37.21772413550282],[127.5472592472591,37.217798180155114],[127.547044863754,37.21796958875057],[127.54688119390364,37.21823232626016],[127.5470185744398,37.21837264195696],[127.5471385408501,37.21841176180805],[127.5471099147563,37.21847465048562],[127.5470249637643,37.218563694203695],[127.54694419886114,37.21857850966195],[127.54692215519641,37.21855260740726],[127.54663152703272,37.21870044391571],[127.54615638720769,37.219030496808415]]]}},{"type":"Feature","properties":{"layer":"zone_industrial","id":"zone_industrial_0346","name":"일반산업단지 (경기도 41800)","category":"일반산업단지","color":"#9333ea","sido":"경기도","sgg_code":"41800","type_code":"UHA210","mgmt_no":"64100004180020195199UHA2100002000"},"geometry":{"type":"Polygon","coordinates":[[[126.92165083298546,38.01958747013494],[126.92193689873531,38.019383884917126],[126.92243766743523,38.01914429959085],[126.92324653347251,38.01885788526743],[126.92335536603872,38.018785882135184],[126.92428808261414,38.018540202371476],[126.92454999459237,38.01822685439168],[126.92471152199123,38.018223316354785],[126.92479467304793,38.018165932019784],[126.92480907164345,38.01813425157161],[126.92476948054684,38.01808068865816],[126.92488611793082,38.018029785425355],[126.92512966512706,38.01798848895502],[126.92524214805485,38.0179080198387],[126.92563482161272,38.01789259794426],[126.92583415691946,38.017737498109724],[126.92588609866992,38.01761437592286],[126.92619460236413,38.0175938733331],[126.92662321024636,38.017419708743994],[126.92801279516759,38.01715922912295],[126.92830231447938,38.01689039535904],[126.92853235035757,38.01654413501088],[126.92857847634312,38.016538577937155],[126.92868692208681,38.01638900250438],[126.92868538183855,38.01633440585278],[126.92862443202968,38.01624508699667],[126.92820300473745,38.01598391878135],[126.92803825904566,38.015835704824994],[126.92798620944899,38.0157297241879],[126.92818701366205,38.015461015307004],[126.92841173551552,38.01523289834854],[126.92864662883134,38.01510445595819],[126.92840919538948,38.015060773905105],[126.9284150820882,38.01491329930836],[126.92850801669198,38.01478597606987],[126.92858526218838,38.01477036603312],[126.92857642927301,38.01481250556052],[126.92867297920287,38.01471373456655],[126.92879650692107,38.014510113165045],[126.92875975520532,38.01447999972035],[126.92879042489943,38.01441906248913],[126.92875786392503,38.01431972498803],[126.92856462560528,38.01425033065874],[126.92831442674525,38.014216033195325],[126.9283502536769,38.01413371145955],[126.9283206698899,38.01404143889408],[126.92844462233577,38.01365074216818],[126.92843629114087,38.01349111866332],[126.92825843210774,38.01302907288674],[126.92833977820518,38.01285777729662],[126.92818322358983,38.01260209820031],[126.92801105588353,38.01241348225422],[126.927896398263,38.01241405917902],[126.92781988268435,38.01245359765534],[126.92771699769303,38.01259204952364],[126.92751359884439,38.012684022696135],[126.92702587404939,38.01276347312277],[126.92695922023972,38.012801737978116],[126.92694922501283,38.01303506081266],[126.92644096753848,38.013514945518565],[126.92645141242528,38.013612747001524],[126.92677570784174,38.0138858150871],[126.92688167133169,38.014016515721636],[126.92676990283229,38.01414117701577],[126.92701923600617,38.01454017228322],[126.92699425733844,38.014579796905764],[126.92702402664305,38.01464486214883],[126.92695782989203,38.01479230068579],[126.92633635624547,38.015071730474745],[126.92598373189946,38.01513601028649],[126.92548557709358,38.01508694946732],[126.92500149843772,38.0150812299167],[126.92491771616675,38.015052345945605],[126.9249404093607,38.0150325495129],[126.92491336766312,38.01499617079492],[126.92475376463024,38.01502449070333],[126.92421200244772,38.014905358544],[126.92418821365904,38.01495979446286],[126.92411075550338,38.01498163583188],[126.92397709086279,38.014957943671156],[126.92368673206991,38.0148283978292],[126.9235870959018,38.01471659981752],[126.92350491477025,38.014682130199894],[126.9232088024521,38.01461058054249],[126.92314581039257,38.01462873714192],[126.92249510379854,38.01454712877255],[126.92227845068156,38.014606173362274],[126.92214866173418,38.01459055397162],[126.92211885788157,38.014636281046336],[126.92122584188354,38.01508303657695],[126.92116612320247,38.01512975108962],[126.9211230143994,38.01528963718595],[126.92046433539674,38.015826132789805],[126.9203221534763,38.01588406288912],[126.91981609039622,38.01598217377331],[126.91964058827632,38.016100612642305],[126.91943558848658,38.01617003119777],[126.91906683659897,38.016237241486515],[126.91892966492244,38.01629380401367],[126.9188089271687,38.01639978614944],[126.91766381252032,38.01688643347559],[126.91723866741951,38.01711814315113],[126.91674628588738,38.01729020703676],[126.91652690719408,38.01733176120516],[126.91569501421161,38.01733809399349],[126.91536665713355,38.01727848330084],[126.91483281000322,38.017264126681226],[126.91477755142242,38.01728732963499],[126.9143995872016,38.01719137260324],[126.91423102562594,38.01711313791801],[126.91401381852509,38.01695576611564],[126.9138419846373,38.01675743593907],[126.91375819498639,38.016545837653496],[126.9132787242539,38.017305611124186],[126.91310432650796,38.01766879365228],[126.91305486761024,38.018048583808415],[126.91310724280547,38.01799024366804],[126.91331914905216,38.01791553646971],[126.91400077676802,38.01796343414095],[126.91427811641694,38.018024001808676],[126.9152356821451,38.018359039360114],[126.9153549318812,38.01844192124062],[126.91549756818333,38.01848995455811],[126.91557251165779,38.01857893003957],[126.91581595232198,38.01861036961788],[126.91607035658198,38.018909479593745],[126.91667853741647,38.01876361083077],[126.91703012959695,38.01882701840612],[126.91714622589114,38.01868295478804],[126.91726065868839,38.01869835246745],[126.9173679900443,38.01884906293652],[126.91745279985746,38.018896782202695],[126.91752338521162,38.01889530108832],[126.91757657330211,38.01879065232592],[126.91785247411576,38.0188199486535],[126.91793201993013,38.018870276492535],[126.91822455335743,38.01889471880957],[126.9182684474852,38.018850694975335],[126.91833802308885,38.01885587945504],[126.91835119630545,38.01878786941484],[126.91851733392313,38.018700237337264],[126.91873795854036,38.0186673291635],[126.91905197956069,38.019028187578144],[126.91927187772079,38.019136451844936],[126.91944514681694,38.0192913507418],[126.9197008439726,38.019364863729216],[126.91983681667142,38.01936712047665],[126.91993901866421,38.01932223559722],[126.92017169382422,38.01941239857821],[126.92053406621525,38.01930949355991],[126.92088689637853,38.019494694055325],[126.92093061175675,38.01961373596079],[126.92110647641917,38.019617424009645],[126.92127174696566,38.01968657431637],[126.92165083298546,38.01958747013494]]]}},{"type":"Feature","properties":{"layer":"zone_industrial","id":"zone_industrial_0347","name":"일반산업단지","category":"일반산업단지","color":"#9333ea","sido":"경기도","sgg_code":"41800","type_code":"UHA210","mgmt_no":"41400004180020150095UHA2100001000"},"geometry":{"type":"Polygon","coordinates":[[[127.0812862009429,38.0029689922953],[127.08145124042136,38.00281545338856],[127.08076336988074,38.00243897334748],[127.07996245613239,38.00303222622564],[127.07871969308546,38.00388613059034],[127.07855467695998,38.004178587643324],[127.07810047791271,38.00438114097497],[127.07811173979701,38.00448086559307],[127.07834719243087,38.004582426024115],[127.07832814287043,38.00487631886633],[127.07841860107226,38.005036713774196],[127.078128138279,38.00601593392456],[127.0781689453484,38.006168253032236],[127.07825858091314,38.00630288223211],[127.07827254025703,38.00647756164001],[127.07821696636806,38.00668742230304],[127.07789280042536,38.00679772571883],[127.07777792974447,38.00692383903503],[127.07763125080321,38.007231508312024],[127.07762193878516,38.00736566140249],[127.0780218616248,38.00728891383274],[127.07872169752191,38.00742746863212],[127.07886505708717,38.00754089043596],[127.07906940924187,38.00761733412843],[127.0792174780608,38.007768591052454],[127.07946308714294,38.00788005260293],[127.07956714263595,38.00786448777555],[127.07986870195431,38.00790834230895],[127.08019428604979,38.00805785796503],[127.08062720769111,38.00817171422229],[127.08081496089139,38.00826834665007],[127.08096205127805,38.00814139781353],[127.0813437792676,38.0081906900047],[127.08134418140342,38.0081414994797],[127.08161487900591,38.00817933430574],[127.08163781654977,38.00812129941297],[127.08159942683537,38.008105379264094],[127.08161710307775,38.007921038917026],[127.08159038222578,38.00785060513327],[127.08176294495257,38.00769516885893],[127.08182101861252,38.00759350540142],[127.08198493486098,38.00765402533177],[127.0819966583588,38.007545726673115],[127.08202499220344,38.007529040256024],[127.08263705227853,38.00767078501034],[127.0827528642101,38.007372230139204],[127.08332436679287,38.007494088980096],[127.08374622061572,38.0076879431977],[127.08397434615993,38.0077378746818],[127.08403204270704,38.007708824585556],[127.08434416901993,38.00692111062715],[127.08430271389335,38.006811768054284],[127.08430144505793,38.00659464708783],[127.0843720667789,38.00641630517735],[127.08435714849466,38.00611054321697],[127.08429711324706,38.005982384467615],[127.08428912923415,38.00586887407783],[127.08438900938573,38.00568771868967],[127.08424357740964,38.00576097581985],[127.08384573621947,38.00564954076314],[127.08369845370966,38.00559540832202],[127.08350038620385,38.005435993463045],[127.08343241144009,38.005333606124495],[127.08328240402206,38.00528560131796],[127.08312741470655,38.005262645374536],[127.08304317871482,38.00528126275341],[127.08283886026013,38.00543942568694],[127.08265845458206,38.005290177598674],[127.08247595255025,38.0052012022755],[127.08251702007476,38.005168470578546],[127.08230661474536,38.004968340568226],[127.08202426426315,38.005092500853536],[127.08180422874729,38.0050393167238],[127.08182421601354,38.004991554275264],[127.0816480147661,38.00493635789294],[127.08146965967708,38.00467989698313],[127.08140359392827,38.00465471608214],[127.0813441433855,38.00485007609066],[127.08134543393146,38.0052003532425],[127.08124512466514,38.00541213766183],[127.08107829879667,38.00528801363363],[127.08088548478678,38.0052430077519],[127.08047422533397,38.0050340906939],[127.08000574728331,38.00487250872749],[127.08008516716686,38.004821733863764],[127.08025891457864,38.00460656786902],[127.08010044345667,38.00441279565313],[127.08000350375558,38.004369886441985],[127.0798178941126,38.00413721215382],[127.08100629133804,38.00302837229032],[127.0812862009429,38.0029689922953]]]}},{"type":"Feature","properties":{"layer":"zone_industrial","id":"zone_industrial_0348","name":"장남일반산업단지","category":"일반산업단지","color":"#9333ea","sido":"경기도","sgg_code":"41800","type_code":"UHA210","mgmt_no":"41400004180020170114UHA2100001000"},"geometry":{"type":"Polygon","coordinates":[[[126.87941202257196,37.987488953386254],[126.8788027724125,37.98763598059895],[126.87784515961309,37.98766560893526],[126.87747104256304,37.98783747145744],[126.87743498860642,37.98788653373722],[126.87709784967339,37.98806771357905],[126.87670587489542,37.988363341590684],[126.87652468232555,37.98861324540391],[126.87691130410461,37.98872428899987],[126.87708673535228,37.98885195533797],[126.87699798225162,37.98909880439209],[126.87718625612463,37.989306846495815],[126.87718970215344,37.98935595043778],[126.8772265558021,37.989373197018004],[126.87730576139509,37.98952247352802],[126.87725599013123,37.98960476530441],[126.87710909563347,37.989584834754396],[126.87709956086303,37.98968316039958],[126.87726989455717,37.98973000827288],[126.87742816880883,37.9897051297167],[126.87778959067104,37.989777674413475],[126.8782654944257,37.98973700193304],[126.87842276784492,37.98990212561983],[126.87875402384324,37.990043646464265],[126.87886001553184,37.990037810961766],[126.87930794979012,37.99018296547073],[126.87939641123053,37.990176840991154],[126.87945476795022,37.99006455649658],[126.87963660361758,37.99011015158612],[126.87974259503628,37.9901044954727],[126.87992167020685,37.9900295437892],[126.88020758177508,37.990057587466],[126.88032988414972,37.98996302656174],[126.88050346910302,37.98997266498875],[126.88111949700868,37.99028537690099],[126.88124399723715,37.99016892487477],[126.88152353921033,37.99026425777329],[126.88168760424814,37.99017838692075],[126.881745920713,37.99008871440944],[126.88238257495762,37.98961754772977],[126.88257309260594,37.98943323154611],[126.88265048300138,37.98940201172553],[126.88197947379055,37.98927154467159],[126.88147949310012,37.98935067702407],[126.8812236211752,37.989331946672316],[126.87972292725162,37.98816091398154],[126.87941202257196,37.987488953386254]]]}},{"type":"Feature","properties":{"layer":"zone_industrial","id":"zone_industrial_0349","name":"일반산업단지 (경기도 41800)","category":"일반산업단지","color":"#9333ea","sido":"경기도","sgg_code":"41800","type_code":"UHA210","mgmt_no":"64100004180020115084UHA2100001000"},"geometry":{"type":"Polygon","coordinates":[[[126.91233105721184,38.02088629072305],[126.91261541021464,38.01863772345062],[126.91265650466703,38.01827423382633],[126.91265317354481,38.01810930912647],[126.91263009371966,38.01810626459331],[126.91266666586236,38.01794159527907],[126.91300364964933,38.0172015914815],[126.91351368486828,38.01632003775032],[126.91195524759877,38.01664980454626],[126.91197688889208,38.017039189181965],[126.9119285930635,38.01742267355566],[126.9115847009566,38.018429097643065],[126.91159191708523,38.018488203427786],[126.91151978570623,38.01871112560465],[126.9115241892982,38.01911447023652],[126.91160836942792,38.01956283170655],[126.91177505788609,38.0199653092484],[126.91220067569947,38.020779162651635],[126.91221455967161,38.020881157151635],[126.91227487377618,38.020917960415105],[126.91233105721184,38.02088629072305]]]}},{"type":"Feature","properties":{"layer":"zone_industrial","id":"zone_industrial_0350","name":"은통일반산업단지","category":"일반산업단지","color":"#9333ea","sido":"경기도","sgg_code":"41800","type_code":"UHA210","mgmt_no":"64100004180020175238UHA2100001000"},"geometry":{"type":"Polygon","coordinates":[[[127.07374440328785,38.06701901970719],[127.07404796461402,38.06757883928594],[127.07410991613673,38.067768082499136],[127.0743511739656,38.068698664582385],[127.0748002543878,38.07072525487025],[127.07492143321822,38.07110509332398],[127.07508424340381,38.0719738297595],[127.07525034395346,38.072483460874174],[127.07542077799751,38.07344678743825],[127.0756207450494,38.07385603520419],[127.07597830267692,38.074349868454995],[127.07668215565685,38.07544384614478],[127.07678861734766,38.07546927378517],[127.0767949117651,38.075494765507976],[127.07769899291132,38.075350668192094],[127.07877098329514,38.075241769379495],[127.0806376682078,38.07512854483757],[127.08125155536717,38.07517722969507],[127.08225343141498,38.07536492622801],[127.08226946373632,38.07501995677258],[127.08237117281095,38.07475411840015],[127.08269695172181,38.074394610950044],[127.08285611912724,38.07414810201037],[127.08351713006542,38.07363979974561],[127.0836004441364,38.07354208293517],[127.08379379043961,38.073188520679274],[127.08388678915641,38.07278448736035],[127.0839195003791,38.07278743744217],[127.08401603846544,38.07259322355042],[127.08410095145379,38.07250018998068],[127.08441531129586,38.07193491770144],[127.08451653076234,38.07185160215625],[127.08433807624834,38.071559112259365],[127.0842713395806,38.07149843788035],[127.08396032793299,38.071390637203784],[127.08385974306607,38.07102331634246],[127.08330967024803,38.071145773703485],[127.0828742307337,38.06950849033642],[127.08245700793864,38.06949391327604],[127.0823200775865,38.069435087890554],[127.08208728978381,38.06946407679581],[127.08195916391495,38.06953605721811],[127.08184040438049,38.06952379593365],[127.08147234180379,38.069653868070496],[127.08110209617797,38.06966348874764],[127.08044829345113,38.06996861754214],[127.08014062060673,38.069881255160304],[127.08001573699428,38.069790436701794],[127.0798676463757,38.06983382424987],[127.07967101621345,38.069798774551465],[127.07960315937517,38.069751251544744],[127.0794757327294,38.069625749130005],[127.07944588887713,38.06953117327069],[127.07954085827049,38.06881839962698],[127.07953836903512,38.06862056121717],[127.0794852782503,38.068418792358834],[127.078825655215,38.06697867094156],[127.07843931474122,38.065970083771624],[127.07477884244234,38.06673756564001],[127.07459309843598,38.06674101460152],[127.07374781566782,38.066896673852696],[127.07379885193352,38.06697319292451],[127.07374440328785,38.06701901970719]]]}},{"type":"Feature","properties":{"layer":"zone_industrial","id":"zone_industrial_0351","name":"지방산업단지 (경기도 41820)","category":"지방산업단지","color":"#7e22ce","sido":"경기도","sgg_code":"41820","type_code":"UHA200","mgmt_no":"41600004182020081223UHA2000000001"},"geometry":{"type":"Polygon","coordinates":[[[127.55806875564106,37.891692654370225],[127.55774093581608,37.89186327188009],[127.55708694151221,37.89249668538258],[127.55679445508885,37.89285122912624],[127.55680671227502,37.893064898454185],[127.55659652868493,37.89330855462784],[127.556406448408,37.89341199434666],[127.55689566334553,37.89363585633614],[127.55758459282177,37.89400748022284],[127.5586336015425,37.894818067255116],[127.55864905978929,37.89477386666277],[127.55890603167795,37.89486906749993],[127.55903367826659,37.89487317489766],[127.55925523638074,37.89496378578193],[127.55990453126891,37.89319753822636],[127.55984616866996,37.89306106320387],[127.55859795828044,37.892304277948405],[127.55881215874903,37.892071428328194],[127.55806875564106,37.891692654370225]]]}},{"type":"Feature","properties":{"layer":"zone_industrial","id":"zone_industrial_0352","name":"송탄산단","category":"일반산업단지","color":"#9333ea","subtype":"송탄산단, 031-8024-3432","sido":"경기도","sgg_code":"41220","type_code":"UHA210","mgmt_no":"39100004122020260272UHA2100001001"},"geometry":{"type":"Polygon","coordinates":[[[127.06718448061677,37.04083592965441],[127.06942852222267,37.04258468622536],[127.07310959467334,37.03971418503322],[127.08254679612143,37.04003826637027],[127.0852636772025,37.037788959751346],[127.08402164536585,37.03641287861523],[127.08366971351028,37.03608585433191],[127.0833630923482,37.03587458519547],[127.08090703864006,37.03440174341975],[127.08052936666682,37.034268006434814],[127.08012355986727,37.03420682302293],[127.0776524299929,37.03417788826609],[127.07764525652968,37.032959285663544],[127.07564597740205,37.031100742476],[127.07371051806783,37.030036510109746],[127.07340643336924,37.02995722031747],[127.07084552693776,37.02994610236988],[127.0707995480592,37.0303656947598],[127.07093889491766,37.030324461409876],[127.07019065035213,37.036769584821045],[127.07008997930859,37.03667395846562],[127.07000228716423,37.03740054154769],[127.07013158740135,37.03732162324877],[127.07004502216286,37.03773918385274],[127.06985695781745,37.03819341332807],[127.06967087887288,37.03848210587501],[127.06825789709933,37.04006847575763],[127.06772474348506,37.04050394584028],[127.06718448061677,37.04083592965441]]]}},{"type":"Feature","properties":{"layer":"zone_industrial","id":"zone_industrial_0353","name":"브레인시티,031-8024-3451","category":"일반산업단지","color":"#9333ea","sido":"경기도","sgg_code":"41220","type_code":"UHA210","mgmt_no":"39100004122020260272UHA2100001000"},"geometry":{"type":"MultiPolygon","coordinates":[[[[127.07701997539623,37.032383450812404],[127.07764525652968,37.032959285663544],[127.0776524299929,37.03417788826609],[127.08022652152752,37.03421504460494],[127.08062728996552,37.03429479306575],[127.08107898601249,37.03449380769174],[127.0833630923482,37.03587458519547],[127.08376421026594,37.03616301053169],[127.0853237022358,37.03783319591588],[127.08646062776928,37.03918801006092],[127.0867045624742,37.03933952114184],[127.09228877338396,37.0419048772292],[127.09516648051238,37.04392655767247],[127.09501222337471,37.044065011361475],[127.0953616280513,37.044360745453055],[127.09561596091244,37.044730612749184],[127.0958306011367,37.045161639505544],[127.09576156866258,37.045287934021474],[127.09494013362917,37.04557679039424],[127.09480174359452,37.045658806389696],[127.09395728606624,37.045999809845945],[127.08913589438001,37.04809341483895],[127.08924681179313,37.048257507416984],[127.08865399284358,37.04839652856692],[127.0883719676856,37.04851675761423],[127.08617448297211,37.049630002375615],[127.08569768043216,37.04979559747986],[127.08471569618413,37.04998380241825],[127.0843481182113,37.05011246177485],[127.08400208726303,37.050311748702626],[127.08369253475644,37.05056363169151],[127.08331228212792,37.050817463886126],[127.08303801767858,37.05095749834597],[127.08254614168116,37.05112858762461],[127.0814438438669,37.05142425480471],[127.08109133544527,37.05156992406426],[127.08060459328684,37.05184290353674],[127.0873420361824,37.05810566229475],[127.08735111818785,37.058083660695026],[127.08785425071702,37.05854935405076],[127.08783997272302,37.058569764581485],[127.08807236468496,37.05878635571683],[127.08808451438479,37.058763009236415],[127.089048157438,37.05965464584142],[127.08903205349263,37.05968077962847],[127.09064669412781,37.06117622982245],[127.0915139999977,37.061871693279635],[127.09239116176774,37.0624744951916],[127.0926558424937,37.062630257556165],[127.0926413687408,37.06242077993991],[127.09326773393607,37.062753610250155],[127.09405597534301,37.06309188864615],[127.09478384401599,37.06331007922445],[127.09537627157512,37.063589681068684],[127.09568067084669,37.06369634220361],[127.0958608365876,37.063728988807654],[127.0963514162236,37.063739779812984],[127.0969057226049,37.06388273087694],[127.0971041536796,37.06385617892927],[127.097589157662,37.0637423790026],[127.09820731965632,37.06351305115577],[127.09921168204437,37.06302457157627],[127.09936056370859,37.062905228887885],[127.1004847777646,37.06235553831079],[127.10137878577162,37.061873169469166],[127.10145274426162,37.061803607989944],[127.10157834094703,37.061765999755494],[127.10277192065985,37.0611348266074],[127.1029227420242,37.061043726171036],[127.10323226492078,37.06076021113841],[127.10368588606485,37.06058207705374],[127.1036444006655,37.060432923312646],[127.10354401985221,37.06034006475501],[127.1034756636291,37.06014061853993],[127.10318231429154,37.060004566089354],[127.10286720682959,37.059984165289734],[127.10263261682994,37.059933311101695],[127.10237573625786,37.05974140452298],[127.10228820701225,37.0597236558302],[127.10207652058729,37.05959615443113],[127.1018805593047,37.05956747727393],[127.10175008478697,37.05948386955673],[127.10176912588724,37.05942895151506],[127.10160081891608,37.05932848061226],[127.10190812850541,37.05897091220158],[127.10196463047816,37.05875335602936],[127.10185581053946,37.05848985024776],[127.10182792629666,37.0584886483813],[127.10188721345973,37.05839687870826],[127.1018975674964,37.05830242920325],[127.10210340454984,37.05819214455328],[127.1022188183451,37.05817873788283],[127.1032517601351,37.058359961952625],[127.1033060448574,37.05832055681394],[127.10325097689751,37.05809333714699],[127.10327695161897,37.05796127262744],[127.10347494012632,37.05782722219907],[127.10344841811977,37.057802024148785],[127.1035084472605,37.05772886904732],[127.10374774450875,37.057647648191406],[127.10366805511077,37.05753875090028],[127.1033462397809,37.05776627650261],[127.10322025692346,37.05790486044117],[127.10304336793328,37.05774146844993],[127.10274704476073,37.057551263324044],[127.10276938385893,37.0575085967914],[127.1027476271216,37.05745647065477],[127.1025014756223,37.05724408287931],[127.10238310757627,37.05718191990554],[127.10233458161366,37.05685754122801],[127.10253029021266,37.05678555073189],[127.10305571124564,37.056365241237714],[127.10331313516342,37.05605381928249],[127.10322846050943,37.05601543439726],[127.10324664102288,37.05594051314867],[127.10318661134532,37.05577647138907],[127.10317697801585,37.05558384062695],[127.1030944273037,37.05540939276823],[127.10322792746284,37.054959114500846],[127.10321239447335,37.05485269382298],[127.10318305316956,37.054811720439176],[127.10313624441045,37.054806939840084],[127.10318847461376,37.054324932517254],[127.10327240042054,37.05420806428198],[127.10341340410643,37.054116926491446],[127.1037252289793,37.05402971429723],[127.10391093316713,37.05393158115498],[127.10430556192244,37.05382344524493],[127.10434465054891,37.05378110628082],[127.10438253658225,37.053630775484585],[127.10438325013669,37.053409824257706],[127.10448630510217,37.0533994176337],[127.10471881269837,37.053171759267315],[127.1047469545227,37.053049144625135],[127.10464277915388,37.052596764450065],[127.10440395873123,37.052452485724245],[127.10461459562768,37.052206572853585],[127.1043260574222,37.052024014775206],[127.10444057378983,37.05174454862338],[127.10449028343689,37.05175099316774],[127.10445582374821,37.051698896340284],[127.10513532587264,37.05061685288486],[127.10518872218172,37.05041669720135],[127.10577214049093,37.04955504480636],[127.10783514833152,37.0504740146249],[127.10942120664757,37.05127185625324],[127.11063224716199,37.051964389992406],[127.11114619606933,37.05234478817205],[127.11237849417064,37.053485258687026],[127.11262678135463,37.053663752994964],[127.1132202038229,37.05400746627154],[127.1136877878495,37.054452908900444],[127.11413681999379,37.05359260449698],[127.11432181828374,37.05333117341502],[127.1145353165328,37.05294237611488],[127.11497260468059,37.051802595567416],[127.1150342480128,37.051744453814464],[127.11497246968207,37.05150801884839],[127.1149981364808,37.05119183687759],[127.11497976796963,37.05098094165671],[127.11492979986762,37.050808624294284],[127.11480899619126,37.049735721763945],[127.11451674891445,37.04890408097419],[127.11452683314522,37.0486239024441],[127.11438234461738,37.04838797831532],[127.11435937298307,37.04820221805117],[127.11413061297105,37.047908390021874],[127.11400765312874,37.04763356389727],[127.1137195516913,37.04685771102376],[127.11365378320103,37.04658555160236],[127.11344627335808,37.0462511990772],[127.11313396083791,37.04590696098368],[127.11290909732641,37.04552539882795],[127.11264004701792,37.04515118527827],[127.1122130557068,37.04413681950417],[127.11214028903471,37.04383943573002],[127.11212211864878,37.04347947587681],[127.11227586292702,37.043079870810566],[127.11232933617661,37.04279447953735],[127.1123157577114,37.04246210607897],[127.11079779465253,37.042686672626466],[127.11029088296308,37.04279547393003],[127.10688009289757,37.04362207454921],[127.1052041822837,37.04407202182514],[127.1036087615586,37.04441436070558],[127.10296654368703,37.04448123024743],[127.09974039607009,37.04457063694216],[127.09924896054203,37.04462056551649],[127.09920225996852,37.04453723714193],[127.09919197525531,37.04441500668495],[127.09924130935775,37.04441317293114],[127.09923780607012,37.04420574988933],[127.09896953789828,37.04336723806824],[127.09848171590282,37.042054609668305],[127.0982774623113,37.04137193754104],[127.09746961259162,37.03792750934453],[127.0974580524281,37.03755691788499],[127.09748431485772,37.037374123731716],[127.09729742648261,37.03745255065119],[127.09723493982932,37.03752098323523],[127.097155838841,37.0374626757509],[127.096346839977,37.03751168552452],[127.09588155048405,37.03739203406887],[127.09558840070281,37.0376272747747],[127.09533393259822,37.037730982106446],[127.09508897784337,37.0377563604407],[127.09482648018049,37.03767383099054],[127.09455551347318,37.03747588962162],[127.09451310677014,37.037394159831095],[127.09382370236587,37.0374455275319],[127.09286266903864,37.03737138346721],[127.09223119517544,37.037225191890194],[127.09201180403882,37.037263033147966],[127.0915676599904,37.03717718379526],[127.09131074890557,37.037223666453436],[127.09033392662565,37.03702221976544],[127.0899508741371,37.03701372047705],[127.08981384549551,37.036913443393466],[127.08827894299422,37.03638738701229],[127.08818943155399,37.03623087356945],[127.0881209221098,37.03617848134532],[127.08731839751775,37.03589113663798],[127.08720321691221,37.03593435408561],[127.08692422520842,37.03596420945459],[127.0865118939421,37.03572931736049],[127.08642790107125,37.03580092243805],[127.08587835940081,37.03542432490695],[127.0854711346452,37.03523829956684],[127.08538593265769,37.03516134539047],[127.08451617461553,37.03472175738156],[127.08440347719736,37.034733108551954],[127.08287240822871,37.03360505553908],[127.08275465357195,37.03354167386103],[127.08254639911625,37.03350910742978],[127.08248283251808,37.03341669202437],[127.0812882792535,37.03253052377133],[127.08094335497715,37.03220198167286],[127.08015509649621,37.0316007539544],[127.08009973725096,37.03152856984143],[127.0800060893222,37.03145887997037],[127.07988200855834,37.03153356160912],[127.07985094766774,37.03137313752294],[127.07930204659085,37.03096644007684],[127.07916336557774,37.03091876516907],[127.07701997539623,37.032383450812404]],[[127.09654036686472,37.05487749085922],[127.09662691272806,37.05468035820462],[127.09688370151213,37.05370123303975],[127.09690573611763,37.05352136236721],[127.09727165926212,37.05360054165948],[127.09743442338812,37.05314365932851],[127.09808640865911,37.05327099176268],[127.09812449508468,37.05342881866982],[127.09823341097733,37.053588939618216],[127.09830369777104,37.05378369295413],[127.09822766492691,37.0537562724254],[127.09815927401425,37.053895002353926],[127.09824565484531,37.054103438817144],[127.0980219191877,37.054093438988865],[127.09798389910158,37.05478738144041],[127.09654036686472,37.05487749085922]],[[127.09600646278963,37.053518387707534],[127.0940200933586,37.05270810093554],[127.09374897573562,37.0524651140326],[127.09355636031113,37.052340646052585],[127.0938393005973,37.05149540537258],[127.0935108234871,37.051040900904354],[127.09366544513068,37.050985455362266],[127.09355913254383,37.050735852132206],[127.09354486394163,37.05046365074126],[127.09355829547088,37.05032199252077],[127.09360649886902,37.050209141466276],[127.0936960373075,37.050160684602325],[127.09384777532772,37.05013921129968],[127.09557402255824,37.0501158601126],[127.09567860494829,37.05032527532654],[127.09592820252138,37.050621347906926],[127.09619133221226,37.050768552822305],[127.09667053061901,37.05091459286015],[127.09667703055159,37.05124941524536],[127.09679135849511,37.05124734113135],[127.09682814439638,37.05171658740043],[127.0967285228571,37.05269252310223],[127.09661715934328,37.05317999958331],[127.09652323765683,37.05349229454295],[127.09620423863883,37.053447406145025],[127.09600646278963,37.053518387707534]]],[[[127.07830596559894,37.029386223610935],[127.07845219888154,37.029437039374585],[127.07840717311649,37.0295228234631],[127.07864103717331,37.02966446416147],[127.07870229883105,37.02974138477125],[127.07912999070783,37.03001789665236],[127.07939999156977,37.03010558312089],[127.07936028107432,37.03017901039369],[127.07981825248592,37.03049654366547],[127.08020100406084,37.03062744126814],[127.08029087425496,37.030685653865355],[127.08033791482207,37.030778189598635],[127.0804913510783,37.0309325130289],[127.08100605934517,37.031362115075105],[127.08168680362583,37.03172317549624],[127.08184092547928,37.03199049091041],[127.08256470101905,37.03248734444129],[127.08338046893708,37.03311070339699],[127.0841459836752,37.0336265489711],[127.08419623432079,37.03358465925956],[127.08465395792875,37.03392632251445],[127.08491896529179,37.034064558893796],[127.08488141575872,37.0340966183215],[127.08502607325521,37.03420496036162],[127.08513272598049,37.03420658826707],[127.08610223288507,37.034667059609724],[127.08612619370896,37.034746489855976],[127.08625421599923,37.03463909007755],[127.08665440560941,37.03490752063634],[127.08732699570994,37.035161885664145],[127.08742016867208,37.03540858520974],[127.0882522070627,37.035718488489145],[127.08837491770238,37.035675615927],[127.08855770954916,37.03568677236903],[127.08880799501078,37.035785832304384],[127.08918036676306,37.03585580514291],[127.08942194251587,37.035866844718534],[127.09019567732611,37.036182075813194],[127.09137926692212,37.036508165381925],[127.09180619797365,37.036593352750266],[127.09198175588139,37.03658706471308],[127.09200893157178,37.036547414949595],[127.09225371845167,37.03654393007782],[127.09224960428956,37.03658137266418],[127.09240915721878,37.03657552874686],[127.09262580020632,37.0366570715659],[127.0932880388654,37.035593668462965],[127.0937046078903,37.03515217276834],[127.09387887046593,37.03491447019091],[127.08951621851739,37.03513433128539],[127.08913004620968,37.034319500281455],[127.08906170694532,37.03408154211356],[127.08908054987835,37.033959244003576],[127.08896157367442,37.03378630829262],[127.08886109729872,37.033720730342885],[127.08857950599639,37.03398614023012],[127.08777172430334,37.0333645143508],[127.08791243139983,37.033247444066916],[127.0879266962578,37.033140278422614],[127.08780356383677,37.03191300229359],[127.08760159972736,37.03208435235446],[127.08759210687127,37.031829167124926],[127.0878330584908,37.03162792724521],[127.0876701226384,37.03156525908746],[127.08764909730833,37.031528033114995],[127.0876538168678,37.03133822822614],[127.08751695074531,37.030881971385504],[127.0874600368228,37.03008415072574],[127.0873979222359,37.029687030810116],[127.08734824030905,37.029691157621166],[127.08732944035307,37.02948360959445],[127.087050951503,37.029499831718645],[127.08696287536638,37.02958172140645],[127.08664501964563,37.02960054798371],[127.086641288193,37.02956010159897],[127.08648438319905,37.02956939597559],[127.08648810334026,37.02960985138406],[127.08506416504596,37.02969221125634],[127.08490307932642,37.02964034180991],[127.08427082141745,37.02955821936831],[127.08419037720293,37.02952962140066],[127.08421697083949,37.02948035935454],[127.08407257756687,37.029430261262355],[127.08404810372207,37.029475593133874],[127.08338569667123,37.0292488110261],[127.08169460170286,37.02926261687752],[127.08153824492081,37.02924811607702],[127.08132809110177,37.029107167968476],[127.08133196409075,37.02913522470669],[127.08123130290207,37.02913875249055],[127.08121630353777,37.029196620320135],[127.08116799394328,37.029201924025],[127.07900683950305,37.028008327972906],[127.07830596559894,37.029386223610935]]]]}}]}