{"type":"FeatureCollection","meta":{"layer":"zone_promo","title":"재정비촉진지구","theme_code":"D314","source":"VWorld 국토정보플랫폼 SHP AL_D314_00_20260809.shp (도시재정비/재정비촉진지구)","source_crs":"EPSG:5186","collected_at":"2026-09-02T15:55:53+09:00","base_date":"2026-08-06","count":243,"count_source":243,"category_counts":{"재정비촉진지구":149,"재정비촉진지구기타":94},"sido_counts":{"대전광역시":89,"서울특별시":70,"부산광역시":47,"경기도":19,"대구광역시":9,"인천광역시":4,"충청남도":2,"강원특별자치도":2,"경상북도":1}},"features":[{"type":"Feature","properties":{"layer":"zone_promo","id":"zone_promo_0001","name":"천호성내재정비촉진구역변경(25.10.2.)자세한사항은 서울시고시2025-552호 참조","category":"재정비촉진지구기타","color":"#e59866","sido":"서울특별시","sigungu":"강동구","sgg_code":"11740","type_code":"UDA999","notice_date":"20250722","mgmt_no":"61100001174020250552UDA9990001002"},"geometry":{"type":"Polygon","coordinates":[[[127.13027687438769,37.53742747021162],[127.13032949836106,37.53752624268693],[127.13044038115682,37.53748705466253],[127.13048222756802,37.53756898126513],[127.13043689448772,37.537584599909174],[127.13058595225935,37.53789975741063],[127.130691489049,37.53786368341878],[127.13075076988763,37.53802322035158],[127.13062687418956,37.53806213457353],[127.13068323878353,37.53815119910301],[127.13080251576132,37.5385565151243],[127.13044154253977,37.53866773178578],[127.130389601693,37.53872977674324],[127.1304546210144,37.538837824843185],[127.13141533972374,37.53835972367416],[127.13085260122806,37.53721079213557],[127.13027687438769,37.53742747021162]]]}},{"type":"Feature","properties":{"layer":"zone_promo","id":"zone_promo_0002","name":"천호4구역","category":"재정비촉진지구","color":"#c0392b","subtype":"자세한사항은 서울시고시 제2026-272호 참조","sido":"서울특별시","sigungu":"강동구","sgg_code":"11740","type_code":"UDA100","mgmt_no":"61100001174020260272UDA1000001001"},"geometry":{"type":"Polygon","coordinates":[[[127.1277803095451,37.53890013475373],[127.1279197565665,37.53892944803031],[127.12828403016849,37.5398291487552],[127.12831740503317,37.53987354985569],[127.1284531211304,37.53980998322726],[127.12851112323176,37.53991794982166],[127.12970484926284,37.53926001708056],[127.12957554827868,37.53907734604252],[127.1295725495935,37.53904410268178],[127.12961171296952,37.53902601333614],[127.12956131512959,37.53890577651792],[127.1295392639113,37.538913098461144],[127.12921577375003,37.538434291993106],[127.1291638270514,37.538433663396596],[127.12915101475882,37.53835823715793],[127.12914397956217,37.538412826875096],[127.12822894439176,37.53850221755096],[127.12825320212521,37.53852841039759],[127.1288473522206,37.53845813360611],[127.12886712973612,37.538471131619815],[127.12846157995631,37.538505661789145],[127.12844793198852,37.538550933301515],[127.12826218657615,37.538575558692344],[127.12804598880835,37.53872481464312],[127.12795994978589,37.538830863482225],[127.1277803095451,37.53890013475373]]]}},{"type":"Feature","properties":{"layer":"zone_promo","id":"zone_promo_0003","name":"세운","category":"재정비촉진지구","color":"#c0392b","sido":"서울특별시","sigungu":"종로구","sgg_code":"11110","type_code":"UDA100","mgmt_no":"15000001111020070002UDA1000001001"},"geometry":{"type":"Polygon","coordinates":[[[126.9922895622265,37.57021632765517],[126.99479373825864,37.57032051591119],[126.99478921888701,37.57035268092326],[126.997590287345,37.57053000465007],[126.99764779407384,37.57046157651698],[126.99768545496653,37.57022377098781],[126.99782277357444,37.56880847627438],[126.99636631406585,37.56862104318309],[126.99252345764542,37.56832495543713],[126.9922895622265,37.57021632765517]]]}},{"type":"Feature","properties":{"layer":"zone_promo","id":"zone_promo_0004","name":"존치관리구역","category":"재정비촉진지구기타","color":"#e59866","subtype":"존치관리구역(대고제2009-345,2009.12.31)","sido":"대전광역시","sgg_code":"30110","type_code":"UDA999","mgmt_no":"63000003011020090345UDA9990006009"},"geometry":{"type":"Polygon","coordinates":[[[127.44092378973578,36.328264441011946],[127.44096536254281,36.328329532875536],[127.4410903269382,36.328409908298596],[127.44153499645923,36.32854218593495],[127.44190709780287,36.328583440804685],[127.44247897846165,36.32858133228089],[127.44263379712659,36.328544002273816],[127.44284098339635,36.32843771945125],[127.44375897254994,36.326981387986166],[127.44392107975887,36.326789974315865],[127.44414914260595,36.32663863453954],[127.4444179360249,36.32651358373755],[127.44459285593433,36.32620160818363],[127.44317709454006,36.325677617736204],[127.4429501550695,36.32617012558384],[127.44287057640733,36.32617692590956],[127.44273948663843,36.32612781849696],[127.44275349781768,36.326096406049075],[127.44245540676559,36.32602460143173],[127.44226926657703,36.32604240119921],[127.4422776438728,36.32621487232178],[127.44123907479441,36.32582534581415],[127.44114807797895,36.32738984174379],[127.44092378973578,36.328264441011946]]]}},{"type":"Feature","properties":{"layer":"zone_promo","id":"zone_promo_0005","name":"종교시설용지","category":"재정비촉진지구기타","color":"#e59866","sido":"대전광역시","sgg_code":"30170","type_code":"UDA999","mgmt_no":"63000003017020210874UDA9990003003"},"geometry":{"type":"Polygon","coordinates":[[[127.38254420043921,36.32756685459264],[127.38277126590796,36.32784194322367],[127.38302439667747,36.32768128561427],[127.3827942632223,36.327421193736605],[127.38254420043921,36.32756685459264]]]}},{"type":"Feature","properties":{"layer":"zone_promo","id":"zone_promo_0006","name":"존치지역","category":"재정비촉진지구","color":"#c0392b","sido":"대전광역시","sgg_code":"30170","type_code":"UDA100","mgmt_no":"63000003017020150054UDA1000002001"},"geometry":{"type":"Polygon","coordinates":[[[127.3848888736467,36.31110326661423],[127.38367385824944,36.309654787880774],[127.38297806965492,36.31003297122162],[127.38287609243966,36.30990575332488],[127.38205584365402,36.31034059762513],[127.38256880150576,36.3111549682503],[127.38294903413949,36.31100058298557],[127.38303861904456,36.31110932120639],[127.38324963672738,36.31099827169728],[127.38333579714916,36.311101099912875],[127.38271332878016,36.31138347789635],[127.38301383280213,36.311865711000344],[127.3848888736467,36.31110326661423]]]}},{"type":"Feature","properties":{"layer":"zone_promo","id":"zone_promo_0007","name":"공동주택용지","category":"재정비촉진지구기타","color":"#e59866","sido":"대전광역시","sgg_code":"30170","type_code":"UDA999","mgmt_no":"63000003017020150202UDA9990001002"},"geometry":{"type":"Polygon","coordinates":[[[127.38253018524988,36.32940951651251],[127.38340080933152,36.33016486662321],[127.38348230858901,36.330275801758916],[127.38384770399288,36.33059474761809],[127.38427392996932,36.33027505353576],[127.38481955705511,36.330751313350184],[127.38505498693627,36.3305979897375],[127.38591519665123,36.3298990891855],[127.38601617648517,36.32977389803029],[127.38748996053607,36.32860694264172],[127.3873911431182,36.32852844523347],[127.38767495748752,36.32784807208232],[127.3873850217789,36.327838131329564],[127.38707661992584,36.327879985721935],[127.38567378286675,36.328358591356306],[127.38484117207773,36.32852492640855],[127.38366068267922,36.32854883880337],[127.38365493073239,36.32897654434561],[127.38331381402385,36.3289845104432],[127.38308180715858,36.32903784373371],[127.3829114029393,36.32912375563199],[127.38253018524988,36.32940951651251]]]}},{"type":"Feature","properties":{"layer":"zone_promo","id":"zone_promo_0008","name":"재정비촉진구역","category":"재정비촉진지구","color":"#c0392b","sido":"대전광역시","sgg_code":"30170","type_code":"UDA100","mgmt_no":"63000003017020211012UDA1000001001"},"geometry":{"type":"Polygon","coordinates":[[[127.38683509125094,36.32555264065233],[127.38374484924066,36.327352362996734],[127.38392658554845,36.32833522164974],[127.38444345464306,36.328363701985474],[127.38507680286432,36.32829807545615],[127.38548059676816,36.32821533102667],[127.3861572406464,36.32800401140981],[127.38683563721949,36.32770833262383],[127.3870497434703,36.32766919819409],[127.38765304182304,36.32766341166248],[127.38828001950465,36.327788747076305],[127.38800328625405,36.32694090950751],[127.38683509125094,36.32555264065233]]]}},{"type":"Feature","properties":{"layer":"zone_promo","id":"zone_promo_0009","name":"신안1 촉진구역","category":"재정비촉진지구기타","color":"#e59866","sido":"대전광역시","sgg_code":"30110","type_code":"UDA999","notice_date":"20211201","mgmt_no":"63000003011020211032UDA9990001001"},"geometry":{"type":"Polygon","coordinates":[[[127.43682793886535,36.329991741846435],[127.43848841634006,36.33053001616135],[127.43856908035838,36.33049932476424],[127.43920293098157,36.32927831725216],[127.43912482645722,36.32930040254648],[127.43905987074922,36.329371526379944],[127.43864713856804,36.329107002227374],[127.43836267015648,36.32883142816258],[127.43843009514315,36.32875371713335],[127.4386382832988,36.32815973369027],[127.43863706556728,36.32805338204747],[127.43713549130916,36.3275459271453],[127.43692896692012,36.32818249130323],[127.43743879827035,36.32832999286641],[127.4370428052105,36.3291401104575],[127.43689716234425,36.32995057658978],[127.43682793886535,36.329991741846435]]]}},{"type":"Feature","properties":{"layer":"zone_promo","id":"zone_promo_0010","name":"대전역세권4관리구역","category":"재정비촉진지구기타","color":"#e59866","subtype":"존치관리구역(대전역세권4관리구역)","sido":"대전광역시","sgg_code":"30110","type_code":"UDA999","mgmt_no":"63000003011020090130UDA9990001002"},"geometry":{"type":"Polygon","coordinates":[[[127.43179105247185,36.33875965995023],[127.43298722625846,36.33915334844405],[127.43319967379935,36.33924820423967],[127.43322710389666,36.33905767921047],[127.43335277434139,36.338925285070786],[127.43351122481494,36.33859110877982],[127.43305588704213,36.33852578799777],[127.4331181321356,36.337896412235025],[127.43256115422618,36.33774712518835],[127.4324183553917,36.33802144227842],[127.43202695082611,36.33790849455299],[127.43179105247185,36.33875965995023]]]}},{"type":"Feature","properties":{"layer":"zone_promo","id":"zone_promo_0011","name":"도마변동12 재정비촉진구역","category":"재정비촉진지구","color":"#c0392b","sido":"대전광역시","sgg_code":"30170","type_code":"UDA100","mgmt_no":"63000003017020200049UDA1000012000"},"geometry":{"type":"Polygon","coordinates":[[[127.37385452205349,36.31367456346181],[127.37337730294584,36.31545551676688],[127.3749057249579,36.3156704765978],[127.37506704813988,36.31491313947908],[127.37539894624103,36.3137032215872],[127.37544768521175,36.31367774613642],[127.37663506589185,36.31388801885661],[127.3768752068702,36.31281065001259],[127.37746941984193,36.3119195757693],[127.37466892772073,36.31067660058645],[127.37443767613105,36.31152369658476],[127.37414725432326,36.312828178407095],[127.37385452205349,36.31367456346181]]]}},{"type":"Feature","properties":{"layer":"zone_promo","id":"zone_promo_0012","name":"재정비존치관리구역","category":"재정비촉진지구기타","color":"#e59866","subtype":"재정비존치관리구역(소제1관리구역)","sido":"대전광역시","sgg_code":"30110","type_code":"UDA999","mgmt_no":"63000003011020150175UDA9990002004"},"geometry":{"type":"Polygon","coordinates":[[[127.43703217243483,36.33816284577058],[127.43737997301112,36.338264887782344],[127.43746696996159,36.33824380753823],[127.43847500396471,36.33680360016491],[127.43872931314222,36.33634304694835],[127.43908713288059,36.335027310386984],[127.43851940813207,36.33488658837871],[127.4384370787706,36.33511649825725],[127.43836059345526,36.33548750076671],[127.4377383644983,36.33712000609141],[127.43763280423245,36.337291478237674],[127.4373988424361,36.337825237905136],[127.43703217243483,36.33816284577058]]]}},{"type":"Feature","properties":{"layer":"zone_promo","id":"zone_promo_0013","name":"존치관리C구역","category":"재정비촉진지구","color":"#c0392b","sido":"대전광역시","sgg_code":"30110","type_code":"UDA100","notice_date":"20091231","mgmt_no":"63000003011020090345UDA1000006014"},"geometry":{"type":"Polygon","coordinates":[[[127.44260517031904,36.32283650057004],[127.4450351477946,36.32365746883014],[127.44498230930267,36.32381540577137],[127.44577779804627,36.32408414563299],[127.44579305544849,36.32405674741137],[127.44577366600289,36.323934963207904],[127.44555012211447,36.323693297888354],[127.44520868655844,36.32319965192818],[127.44447958219202,36.32201602796851],[127.44399752887708,36.32219921910929],[127.44260517031904,36.32283650057004]]]}},{"type":"Feature","properties":{"layer":"zone_promo","id":"zone_promo_0014","name":"돈의문재정비촉진지구","category":"재정비촉진지구","color":"#c0392b","sido":"서울특별시","sigungu":"종로구","sgg_code":"11110","type_code":"UDA100","notice_date":"20181129","mgmt_no":"61100001111020180387UDA1000001001"},"geometry":{"type":"Polygon","coordinates":[[[126.96087971351791,37.57191945361254],[126.96089047426085,37.572031612255685],[126.96093263794188,37.57209860617682],[126.96103975278396,37.57218977784673],[126.96118494400908,37.57224573381793],[126.96383538629621,37.572234977794956],[126.9642042611999,37.572286063825324],[126.96454259692025,37.57244935714428],[126.96470666996044,37.57234995740875],[126.9650150320245,37.57195689820076],[126.96504808765728,37.57174387889497],[126.96503148855562,37.57161369005582],[126.96508398519802,37.57148262156721],[126.9657286705357,37.57042588799546],[126.96594867709352,37.570281832460665],[126.96602251029375,37.57017060069477],[126.96604605302639,37.56984015242247],[126.96662780993022,37.569389129005444],[126.96683638781688,37.56927527854155],[126.96763080773174,37.56916127295672],[126.96788442258314,37.56907341805123],[126.96822086380443,37.56910436324884],[126.96857964669587,37.569219087594256],[126.9692730152044,37.5693692574739],[126.96961394941292,37.569379999775585],[126.96967048055251,37.56937459109039],[126.96997272119503,37.56912665724728],[126.96896310215197,37.56843431615978],[126.96875590300424,37.56822996877852],[126.96872121803312,37.56828847833341],[126.96856167018176,37.56834879110526],[126.96842638062907,37.56848246892099],[126.96800164182004,37.568980127038934],[126.96776301664173,37.569037442987856],[126.96769860743719,37.56904274038508],[126.96749551215218,37.568828463099834],[126.96689246712363,37.56843668228683],[126.96637920637352,37.56783978811754],[126.96605168029835,37.56752118180948],[126.96591921428019,37.567447621295024],[126.96633043253898,37.5671414265456],[126.96693713616753,37.56688661707649],[126.96718116711708,37.566653332292645],[126.96692393858135,37.566396349347755],[126.96684635371243,37.566358584181046],[126.96636814230439,37.56635748773215],[126.96625708783509,37.566439732887325],[126.96458859052161,37.56820542125245],[126.96407786880386,37.56879471388905],[126.9631114605499,37.569749775154754],[126.96093186691884,37.57178805349531],[126.96087971351791,37.57191945361254]]]}},{"type":"Feature","properties":{"layer":"zone_promo","id":"zone_promo_0015","name":"대전역세권6관리구역","category":"재정비촉진지구기타","color":"#e59866","subtype":"재정비존치관리구역(대전역세권6관리구역)","sido":"대전광역시","sgg_code":"30110","type_code":"UDA999","notice_date":"20151030","mgmt_no":"63000003011020150175UDA9990001015"},"geometry":{"type":"Polygon","coordinates":[[[127.43836267015648,36.32883142816258],[127.43864713856804,36.329107002227374],[127.43905987074922,36.329371526379944],[127.43912482645722,36.32930040254648],[127.43920293098157,36.32927831725216],[127.43948264770675,36.32877371883651],[127.43950443808251,36.328681278075656],[127.439395817267,36.32864544002277],[127.43951855140308,36.32834943357993],[127.43863706556728,36.32805338204747],[127.4386382832988,36.32815973369027],[127.43843009514315,36.32875371713335],[127.43836267015648,36.32883142816258]]]}},{"type":"Feature","properties":{"layer":"zone_promo","id":"zone_promo_0016","name":"존치관리구역","category":"재정비촉진지구기타","color":"#e59866","sido":"대전광역시","sgg_code":"30110","type_code":"UDA999","mgmt_no":"63000003011020090345UDA9990006010"},"geometry":{"type":"Polygon","coordinates":[[[127.44422228774731,36.32830778107119],[127.44431178793404,36.328300330290034],[127.44432442644387,36.328329481371156],[127.44454857795564,36.32834234850157],[127.44472113443261,36.32838920041353],[127.44491604885242,36.32854906594747],[127.44697452454078,36.32768782369053],[127.44691768188969,36.327660549846506],[127.44692967244183,36.32757570507729],[127.44710231788744,36.32687539323592],[127.44720255712849,36.3267984200524],[127.44753425730885,36.32674743815214],[127.44754634457728,36.32654291757182],[127.44750546823339,36.32621583723513],[127.44713983491998,36.32621374950041],[127.44516148273931,36.32655981379636],[127.44520428571043,36.32660570470681],[127.44422228774731,36.32830778107119]]]}},{"type":"Feature","properties":{"layer":"zone_promo","id":"zone_promo_0017","name":"대전역세권7관리구역","category":"재정비촉진지구기타","color":"#e59866","subtype":"재정비존치관리구역(대전역세권7관리구역)","sido":"대전광역시","sgg_code":"30110","type_code":"UDA999","mgmt_no":"63000003011020200274UDA9990001009"},"geometry":{"type":"Polygon","coordinates":[[[127.43219075402023,36.333572667794634],[127.43232802781591,36.33358271673143],[127.43233978378589,36.33369496908568],[127.4328701618306,36.33387941786572],[127.43360269117332,36.33244553433099],[127.43257032514998,36.33214608164574],[127.43258812560798,36.3322678285538],[127.43281907663149,36.332336556627766],[127.4327012942659,36.33258894865096],[127.43246899992332,36.3325211263677],[127.43219075402023,36.333572667794634]]]}},{"type":"Feature","properties":{"layer":"zone_promo","id":"zone_promo_0018","name":"정동3관리구역","category":"재정비촉진지구기타","color":"#e59866","subtype":"재정비존치관리구역(정동3관리구역)","sido":"대전광역시","sgg_code":"30110","type_code":"UDA999","mgmt_no":"63000003011020200274UDA9990001014"},"geometry":{"type":"Polygon","coordinates":[[[127.4320217053319,36.33294345844563],[127.43233017008234,36.33305950799426],[127.43246899992332,36.3325211263677],[127.4327012942659,36.33258894865096],[127.43281907663149,36.332336556627766],[127.43258812560798,36.3322678285538],[127.43257032514998,36.33214608164574],[127.43250447448138,36.33212700705961],[127.43255252494782,36.332024370778285],[127.43243655141093,36.33196824057667],[127.4320217053319,36.33294345844563]]]}},{"type":"Feature","properties":{"layer":"zone_promo","id":"zone_promo_0019","name":"？몄?？ъ?鍮??吏?？援？","category":"재정비촉진지구","color":"#c0392b","sido":"서울특별시","sigungu":"중구","sgg_code":"11140","type_code":"UDA100","mgmt_no":"61100001114020060365UDA1000001001"},"geometry":{"type":"Polygon","coordinates":[[[126.99251722865233,37.56835352529978],[126.99634737447293,37.568657361189594],[126.99783838173177,37.56883101047629],[126.99780999205444,37.56862191725802],[126.99785369385121,37.568427106948945],[126.9983551049983,37.562437745008815],[126.99827248505336,37.562353590378194],[126.99351956665302,37.561255112208315],[126.99335498137121,37.56133276622432],[126.99251722865233,37.56835352529978]]]}},{"type":"Feature","properties":{"layer":"zone_promo","id":"zone_promo_0020","name":"재정비촉진지구 (서울특별시 11170)","category":"재정비촉진지구","color":"#c0392b","sido":"서울특별시","sigungu":"용산구","sgg_code":"11170","type_code":"UDA100","mgmt_no":"61100001117020190362UDA1000001002"},"geometry":{"type":"Polygon","coordinates":[[[126.99362400691146,37.52318420459202],[126.9939116556608,37.52331693104472],[126.99389855036685,37.52337149446754],[126.99395019282956,37.52335791979015],[126.99421106126393,37.52342666412542],[126.99464520292636,37.523860212995416],[126.99505890602958,37.52405250868963],[126.99516361643856,37.52416337279985],[126.9953671747202,37.52429071219249],[126.99570443231327,37.52447563146759],[126.99614681282954,37.524595565833096],[126.9957978411893,37.52505482261243],[126.99614922164159,37.52571156524597],[126.99614144768574,37.52589844923215],[126.99609271804272,37.5259744999729],[126.99618687754625,37.526089191882456],[126.99640385348255,37.52597774842387],[126.9966152258956,37.52591299388154],[126.99675634196936,37.52590594486493],[126.99686300928626,37.52592013978412],[126.99683209420992,37.526056972636674],[126.99691328593117,37.526061228524675],[126.99659722578312,37.52628004938331],[126.99671228313399,37.52636588287643],[126.9968526809944,37.52664249387294],[126.99706343556366,37.526909944248295],[126.99697765907484,37.52694038559079],[126.99703737164242,37.527081204317945],[126.99694249889004,37.52711878116581],[126.99695872985073,37.527170399773254],[126.99677981922443,37.527286008356214],[126.99672008821904,37.52743814788549],[126.9967967355839,37.527590464099006],[126.99682158994426,37.527776943922184],[126.996670777703,37.52791797049571],[126.99684863045623,37.52846628682746],[126.99733753503153,37.52916807160491],[126.99740526524091,37.529623112113796],[126.99687801879017,37.530163238581274],[126.99514132032022,37.53133141348438],[126.99513142508057,37.53141533152491],[126.99478964494554,37.53187386438228],[126.99455318399494,37.53253629736232],[126.99431253119583,37.53309700735372],[126.9954621182886,37.53314000423792],[126.99592071832892,37.533092508454644],[126.99675139545917,37.53324118182218],[126.99697490061706,37.53325251612046],[126.99731556452022,37.533204343591564],[126.99779076546417,37.53307182337424],[126.99785630527387,37.53310029682424],[126.99806568891583,37.533390900611124],[126.99780268111962,37.5337126644764],[126.99780172508935,37.53382671221222],[126.9978538869578,37.53396725081559],[126.99772611822051,37.53418618820865],[126.99771438255138,37.53424566241223],[126.99774505223988,37.534298704882715],[126.99787890966932,37.53427940079212],[126.9982109739234,37.534346084073796],[126.99827500275211,37.53402478255535],[126.99854263978682,37.53391831919376],[126.99869650046841,37.534172628392],[126.99879837348617,37.53413106795081],[126.99896480683567,37.53367912429174],[126.99908435026403,37.53367311718792],[126.99911851433014,37.53380022105032],[126.99947146566458,37.53418992541597],[126.99968835852775,37.534071403277665],[126.99980927893098,37.53423652115928],[126.9998720499418,37.534203320440035],[126.99999414770762,37.534364374664534],[127.00016745499151,37.534444394003096],[127.0004993231367,37.53415979150775],[127.00074390210894,37.5338045586413],[127.00095410545418,37.53366494186678],[127.00109145852757,37.53336544315666],[127.00105782269354,37.53329877851133],[127.00108702434677,37.533213950069346],[127.0008064744042,37.53316954774599],[127.00079804800696,37.532915395397275],[127.00071907008608,37.53254162665091],[127.0011609753477,37.53248684839087],[127.00134327416211,37.532494372098434],[127.00162932024197,37.53243855560995],[127.00177348002761,37.532373350465654],[127.0017900663697,37.53247643312652],[127.00211664948856,37.53244885250199],[127.00208995922507,37.53230686502393],[127.00241823844131,37.53226978708176],[127.00243362636363,37.5323707433179],[127.00290435689121,37.532321301199225],[127.00300353715338,37.53252003219048],[127.00371605386681,37.532437318858115],[127.00390708055036,37.53259587203005],[127.00385845876626,37.532752168387645],[127.00388958316492,37.532755249165156],[127.00390564690338,37.53269636890115],[127.00396865403074,37.53271307203414],[127.00403842348705,37.53263001696266],[127.00418389016949,37.53277661445866],[127.00456095401911,37.532979950613864],[127.00456446308785,37.53302360366759],[127.00484135196267,37.53287935611886],[127.00520667209209,37.53257798088968],[127.00546904606513,37.532286446856475],[127.00547629275667,37.53218394054847],[127.00544975958611,37.53213672034888],[127.00552120189762,37.53185333736507],[127.00552080970193,37.53171243995606],[127.00568018589931,37.531318213567864],[127.00600241882287,37.530924530472426],[127.00606839750182,37.53089372296335],[127.00606012345219,37.530830122114196],[127.00615073452525,37.53066444381115],[127.00669249248305,37.53000626314683],[127.00669511174634,37.52927278166936],[127.00665404309144,37.5290870975523],[127.00654808921624,37.52884127482545],[127.0063378921844,37.528530827967636],[127.00620878994873,37.528409721501006],[127.00445254167887,37.527127663039785],[127.00376694143134,37.52672815004264],[127.00317835532364,37.526292339646915],[127.00262425503047,37.525696644440494],[127.00230128294635,37.525272314494195],[127.00211896496786,37.52492821660031],[127.00143109034408,37.52381610193494],[127.00136444854303,37.52385303365657],[127.00122190100008,37.52362785668784],[127.00117541781576,37.523712577133864],[127.00105775777122,37.52359322191054],[127.00095938703294,37.52330346144456],[127.00074016683234,37.523058425551866],[127.00056919246941,37.523019690518865],[127.00051306180309,37.5229313474728],[127.00011328989883,37.52261881517197],[127.00014255504826,37.52260395810393],[126.99968797700164,37.522359484882784],[126.99484489471271,37.52038457178419],[126.99463541199836,37.52034958311504],[126.9945069306311,37.52035326964182],[126.9942869383224,37.52044641932799],[126.99418944321577,37.52053514336745],[126.99412844723258,37.52066861305449],[126.99376148625547,37.522745798431714],[126.99362400691146,37.52318420459202]]]}},{"type":"Feature","properties":{"layer":"zone_promo","id":"zone_promo_0021","name":"정동2관리구역","category":"재정비촉진지구기타","color":"#e59866","subtype":"재정비존치관리구역(정동2관리구역)","sido":"대전광역시","sgg_code":"30110","type_code":"UDA999","mgmt_no":"63000003011020200274UDA9990001007"},"geometry":{"type":"Polygon","coordinates":[[[127.43092496014188,36.33554350194937],[127.4309573020687,36.33567277562134],[127.43101986529857,36.33574178763034],[127.43151725814448,36.33597806994296],[127.4314611504394,36.33614748433713],[127.43180948082986,36.33631234321382],[127.432523550482,36.33415241599812],[127.43255306062835,36.33408674048468],[127.43273529460446,36.33413636836084],[127.4328701618306,36.33387941786572],[127.43233978378589,36.33369496908568],[127.43232802781591,36.33358271673143],[127.43219075402023,36.333572667794634],[127.43233017008234,36.33305950799426],[127.4320217053319,36.33294345844563],[127.43092496014188,36.33554350194937]]]}},{"type":"Feature","properties":{"layer":"zone_promo","id":"zone_promo_0022","name":"구의-자양","category":"재정비촉진지구","color":"#c0392b","sido":"서울특별시","sigungu":"광진구","sgg_code":"11215","type_code":"UDA100","mgmt_no":"61100001121520090225UDA1000006040"},"geometry":{"type":"Polygon","coordinates":[[[127.08537076061978,37.53247305617132],[127.08507863371108,37.5328840081376],[127.08485602176158,37.53328982871948],[127.08421085189629,37.53489280690951],[127.08323158398919,37.53465827523074],[127.08279373990845,37.53580533438418],[127.08307563933045,37.5359339910612],[127.08302889147068,37.53599893087171],[127.08099980040654,37.53650416717531],[127.08131884722538,37.53735737247802],[127.08079476163786,37.53765887327484],[127.0809474288319,37.53786150307378],[127.08106853047602,37.53822521538807],[127.08129999481079,37.53841712385416],[127.08175443419144,37.538699547466265],[127.08235579024027,37.53900524959842],[127.08280543588965,37.53915908276383],[127.08275605304758,37.53962367748213],[127.08321957796028,37.53960368004225],[127.08323005574358,37.53951057324192],[127.08418599605926,37.53957818516172],[127.08441734850723,37.53758318030933],[127.09077810353375,37.53919972711775],[127.09105492354678,37.538512105321665],[127.09108773463603,37.53852032452321],[127.09129877493474,37.537896488171384],[127.09091538715916,37.537949757375756],[127.09024241839232,37.53797903357184],[127.08964119298012,37.53792005424896],[127.08944684092488,37.53787074362261],[127.08950727177375,37.53755266620757],[127.08929366663641,37.536405590997525],[127.08939017199685,37.53582176589627],[127.0897609319728,37.5350460948273],[127.0901177056448,37.53401684843732],[127.08756974236975,37.533254320643756],[127.08537076061978,37.53247305617132]]]}},{"type":"Feature","properties":{"layer":"zone_promo","id":"zone_promo_0023","name":"이문\u001a휘경","category":"재정비촉진지구","color":"#c0392b","sido":"서울특별시","sigungu":"동대문구","sgg_code":"11230","type_code":"UDA100","notice_date":"20210708","mgmt_no":"61100001123020210330UDA1000001001"},"geometry":{"type":"Polygon","coordinates":[[[127.05321424553635,37.6003859274384],[127.05364804258565,37.60047688011491],[127.0537686695315,37.60041648793189],[127.0539192839968,37.60042304339039],[127.05381119284799,37.60061281136399],[127.05424709426582,37.6006500172549],[127.05508093644153,37.60133550622155],[127.05540543474947,37.60101084242366],[127.05633688690078,37.60134539902602],[127.05733921426895,37.60151291755203],[127.05720613453589,37.60124272153001],[127.05732656741039,37.60115211584718],[127.0574181572842,37.601137053118165],[127.05741012407789,37.601191755606834],[127.05844613879263,37.60107363713902],[127.05916901622969,37.6010447341271],[127.05921976793337,37.601231329958416],[127.05931194373287,37.601329969538924],[127.05950993737675,37.601404897288226],[127.05966049784621,37.60151349078594],[127.05998747745856,37.6015477918676],[127.06009803342646,37.60160249879966],[127.06019972148061,37.6017277750265],[127.06028501062816,37.6017788904085],[127.06054454097385,37.60186621031718],[127.06047833408469,37.6019026611397],[127.0604524924805,37.60197494188986],[127.06000926481433,37.60208245141347],[127.05993718480013,37.602327608528704],[127.05996226981298,37.60244547170466],[127.06006201545907,37.60256199143996],[127.06013395341192,37.60284328763545],[127.06009846917271,37.603053765829515],[127.06016677337132,37.60316295805457],[127.06043162268844,37.6034122091783],[127.06070977780092,37.60352990053753],[127.06076847620119,37.603477073498084],[127.06085740579965,37.60357460525304],[127.06116950222969,37.60328143933869],[127.0614128628652,37.6031370237058],[127.06178643784243,37.60305727676573],[127.06184487222092,37.60305754423852],[127.06192442212351,37.603122185108305],[127.06193051591517,37.602885619943535],[127.0622531955753,37.6028874905671],[127.06215920036158,37.602814658394934],[127.06214994591119,37.601206886087674],[127.06235585175597,37.60120500520169],[127.06235216164592,37.60098439238188],[127.06214395481044,37.60098282367779],[127.06214167133591,37.60082026947432],[127.06473522606325,37.60079931252585],[127.06474249380013,37.600395055506176],[127.0651056453211,37.600063181475385],[127.06504725343547,37.59951079303336],[127.0658386295601,37.5994370964819],[127.06583803090096,37.59939938164542],[127.06671767043638,37.60080021627985],[127.06676614714497,37.600772222976154],[127.06707708338517,37.60139059358996],[127.06731563158387,37.60210238156328],[127.06757439302851,37.59863226245675],[127.06775504902444,37.59675027677333],[127.06776352043882,37.59630481662913],[127.06799241722395,37.595241157548095],[127.06825871710355,37.594441591174984],[127.06849835302086,37.59335973383461],[127.06549916910014,37.59272694241011],[127.0653697828987,37.59268764846117],[127.06534060114726,37.59264471431701],[127.06292434179922,37.59211646040826],[127.06301695974896,37.59197582257243],[127.0634097519964,37.59165408293371],[127.06356942886319,37.5914677655967],[127.06302113480913,37.59133914867589],[127.06281695933713,37.59123639847555],[127.06274436105582,37.591156644954545],[127.06241989409652,37.591039099157506],[127.06242318673314,37.59093907014244],[127.0625076210219,37.59096873201261],[127.06233749123635,37.59069519074334],[127.06248309127544,37.590310196941516],[127.0572320481146,37.58879287560196],[127.05685395968233,37.58889556751441],[127.05644913552992,37.58908705371793],[127.05642070246766,37.58914506334753],[127.05625983021555,37.58916996019392],[127.05614495429444,37.589310224686784],[127.0560976255174,37.58974265626348],[127.05605612942627,37.589743513358144],[127.05605541877418,37.589793716563186],[127.05616326553195,37.59015063688003],[127.05682765751921,37.59115962856385],[127.05700456438043,37.591146823638745],[127.05698478613871,37.590936471033835],[127.05945151547054,37.590770685306666],[127.05992721649562,37.591182939685986],[127.06018461270922,37.59109433535262],[127.06067174600842,37.59160871663578],[127.06076060810403,37.59178194041133],[127.06093191563379,37.59197437668605],[127.06151599657048,37.592886003647834],[127.06262067542355,37.594428913106526],[127.06236869799876,37.59453582790816],[127.06194843862164,37.594843486605136],[127.0619717278481,37.595190218386264],[127.06193410154002,37.59520531111281],[127.0616695664976,37.595147747195824],[127.06087126735846,37.595477451936674],[127.06080848195795,37.59535190434279],[127.06069251652225,37.59541873445713],[127.06062688982352,37.595508559400706],[127.060401980891,37.59568849919708],[127.05984408789845,37.59604650283492],[127.06076676259899,37.597474453978045],[127.06071048388554,37.597545425666645],[127.06058707600435,37.59761309730019],[127.05996585417687,37.597863780878924],[127.05967856645876,37.59805926503566],[127.0586040606326,37.59847349420052],[127.05872882821096,37.59899434640063],[127.05875257252812,37.59894769097702],[127.05881884029449,37.59905201072758],[127.05882084284389,37.599241666763845],[127.05893029113899,37.59974676791962],[127.05900356315703,37.59994601174501],[127.05889399691291,37.599966715591776],[127.05820488372214,37.599932117428374],[127.05822910088624,37.5997765600376],[127.05798817208655,37.59974609617324],[127.05799340610402,37.59971924436598],[127.05758467130873,37.59952701620791],[127.05748101723329,37.599518632193245],[127.05741904511125,37.599841393790015],[127.05742852390541,37.60032653275433],[127.05687628340259,37.60090571078641],[127.05683175974828,37.600894199075206],[127.05682910483212,37.60081085937721],[127.05645833472165,37.60078535451679],[127.05636120126255,37.600668361973284],[127.05555105458272,37.60049782811021],[127.05493929284565,37.60030508893208],[127.05416387712096,37.600253261386335],[127.05371659919449,37.60026722705595],[127.05326759213837,37.60017195657744],[127.05321424553635,37.6003859274384]]]}},{"type":"Feature","properties":{"layer":"zone_promo","id":"zone_promo_0024","name":"촐진(A-1)구역","category":"재정비촉진지구기타","color":"#e59866","sido":"대전광역시","sgg_code":"30110","type_code":"UDA999","mgmt_no":"63000003011020190222UDA9990001001"},"geometry":{"type":"Polygon","coordinates":[[[127.44294268233818,36.32853747288053],[127.44322770833932,36.32869805369015],[127.44331227192028,36.328549940272744],[127.44328829566315,36.32851873126545],[127.44334349202789,36.328420227627035],[127.44338689289486,36.328418165714254],[127.44409290545715,36.32713364825375],[127.44391320761626,36.32706805047517],[127.44308633556335,36.32839254779186],[127.44294268233818,36.32853747288053]]]}},{"type":"Feature","properties":{"layer":"zone_promo","id":"zone_promo_0025","name":"3구역","category":"재정비촉진지구기타","color":"#e59866","subtype":"3구역(대고제2009-345호,2009.12.31)","sido":"대전광역시","sgg_code":"30110","type_code":"UDA999","mgmt_no":"63000003011020090345UDA9990006003"},"geometry":{"type":"Polygon","coordinates":[[[127.4412607800464,36.32583322329478],[127.4422776438728,36.32621487232178],[127.44226926657703,36.32604240119921],[127.44245540676559,36.32602460143173],[127.44275349781768,36.326096406049075],[127.44273948663843,36.32612781849696],[127.44287057640733,36.32617692590956],[127.4429501550695,36.32617012558384],[127.44317709454006,36.325677617736204],[127.44459285593433,36.32620160818363],[127.44577779804627,36.32408414563299],[127.44238331228235,36.322937321988775],[127.44198652816983,36.323120064325465],[127.44176668523475,36.3232745238678],[127.44155154513143,36.3234970671617],[127.4413792603626,36.323795529191756],[127.4413064215259,36.32407187084336],[127.4412607800464,36.32583322329478]]]}},{"type":"Feature","properties":{"layer":"zone_promo","id":"zone_promo_0026","name":"대동1관리구역","category":"재정비촉진지구기타","color":"#e59866","subtype":"재정비존치관리구역(대동1관리구역)","sido":"대전광역시","sgg_code":"30110","type_code":"UDA999","mgmt_no":"63000003011020150175UDA9990001003"},"geometry":{"type":"Polygon","coordinates":[[[127.43952532023613,36.33219704314006],[127.43988357939443,36.332259577501766],[127.4400362780707,36.33197560855121],[127.44026082481996,36.331659960896765],[127.44070602120962,36.331129023843175],[127.44213877942771,36.329927645947386],[127.44216709794725,36.329834027163756],[127.44257170451075,36.329486016976716],[127.44254755539855,36.3294063525651],[127.44084876208888,36.328798614963816],[127.43952532023613,36.33219704314006]]]}},{"type":"Feature","properties":{"layer":"zone_promo","id":"zone_promo_0027","name":"대전역복합3촉진구역","category":"재정비촉진지구기타","color":"#e59866","subtype":"재정비촉진구역(대전역복합3촉진구역)","sido":"대전광역시","sgg_code":"30110","type_code":"UDA999","notice_date":"20151030","mgmt_no":"63000003011020150175UDA9990001012"},"geometry":{"type":"Polygon","coordinates":[[[127.43327902107744,36.33308785017178],[127.43474587436127,36.33356565896819],[127.43584836995701,36.33131104056667],[127.43452740517024,36.33087082702492],[127.43376393126229,36.332491830137926],[127.43360269117332,36.33244553433099],[127.43327902107744,36.33308785017178]]]}},{"type":"Feature","properties":{"layer":"zone_promo","id":"zone_promo_0028","name":"재정비촉진지구 (서울특별시 11230)","category":"재정비촉진지구","color":"#c0392b","sido":"서울특별시","sigungu":"동대문구","sgg_code":"11230","type_code":"UDA100","mgmt_no":"61100001123020230272UDA1000002002"},"geometry":{"type":"Polygon","coordinates":[[[127.03840820641047,37.57667021230491],[127.03848033417641,37.57787164668764],[127.0386505131072,37.578045600853024],[127.03933035510154,37.578162026808215],[127.04475537515223,37.57987085878106],[127.04599367501626,37.58058234017674],[127.04701716408522,37.58139863112068],[127.04722912841069,37.58128435824831],[127.04764789448284,37.58160923513116],[127.04769461740533,37.58157309633017],[127.04827258194098,37.58205368008817],[127.04866350254682,37.582300602026706],[127.04988434432045,37.58339918488777],[127.04991735251173,37.58337362841033],[127.04997605478171,37.583426735465565],[127.04992362928581,37.583468292421436],[127.05009484585689,37.583610442708405],[127.05164748727677,37.58538187930024],[127.05201280234266,37.58519072367587],[127.05173530079178,37.58481154512337],[127.05043906056277,37.583223191992175],[127.05003428768904,37.58239000108407],[127.04995059331733,37.58199441247455],[127.0497708702611,37.58161147687378],[127.05122100592217,37.58090058278532],[127.05133448056512,37.58090556245964],[127.05051651649329,37.579932506192556],[127.05052359514518,37.57990262654537],[127.04856606034653,37.577496941761545],[127.04861806649333,37.5774780273322],[127.04773641628285,37.57640956208764],[127.04755606759515,37.57625730268768],[127.04663632728284,37.57508760892888],[127.04455275780086,37.57620059227361],[127.04467948551083,37.57637023789867],[127.04473263350667,37.57681853153242],[127.0448560526607,37.57694147100133],[127.04445530450518,37.57721291358193],[127.04400195337837,37.57743629707577],[127.04413125480114,37.5775716327507],[127.04405689710664,37.57760430231748],[127.0441359591179,37.57770182364086],[127.04328250602124,37.57822234936604],[127.04319559048356,37.57833236352464],[127.04285465978067,37.578154673667946],[127.04162500027964,37.57725436332221],[127.03953213121747,37.576640411511],[127.03840820641047,37.57667021230491]]]}},{"type":"Feature","properties":{"layer":"zone_promo","id":"zone_promo_0029","name":"존치관리구역","category":"재정비촉진지구기타","color":"#e59866","subtype":"재정비존치관리구역(성남1관리구역)","sido":"대전광역시","sgg_code":"30110","type_code":"UDA999","mgmt_no":"63000003011020150175UDA9990001001"},"geometry":{"type":"Polygon","coordinates":[[[127.43482888155077,36.33999606351905],[127.43561492196588,36.34036725884828],[127.43582830092778,36.34050030707453],[127.43590261746702,36.34048593368474],[127.43710880332354,36.33875657177062],[127.43655400997247,36.33879626147378],[127.43607316204542,36.33889351674482],[127.43508377257855,36.33972118384305],[127.43482888155077,36.33999606351905]]]}},{"type":"Feature","properties":{"layer":"zone_promo","id":"zone_promo_0030","name":"재정비촉진지구 (서울특별시 11230)","category":"재정비촉진지구","color":"#c0392b","sido":"서울특별시","sigungu":"동대문구","sgg_code":"11230","type_code":"UDA100","mgmt_no":"61100001123020260571UDA1000012001"},"geometry":{"type":"Polygon","coordinates":[[[127.05465510536973,37.5817347336879],[127.05488898588587,37.58142697746131],[127.0573221249741,37.57804922565089],[127.05738134981594,37.5779517919724],[127.05763248398631,37.57699724859711],[127.05721274163483,37.57185820723815],[127.05709852334081,37.570758335277425],[127.0571129807752,37.57054829019416],[127.05707291259272,37.570537010667465],[127.05699017178546,37.569368333103654],[127.05693756451167,37.569176537460365],[127.05695719740633,37.56889335670851],[127.05687856587643,37.568087423677355],[127.0568269381129,37.56791753050693],[127.05643543244827,37.568133878349094],[127.05621636496934,37.56837096696101],[127.05599203956143,37.56827556592766],[127.05583029297587,37.56809473102532],[127.05581180754585,37.56810860573568],[127.05544863016213,37.56777582099601],[127.05375284716304,37.569073195463815],[127.05079072511477,37.57126151781119],[127.05144835011085,37.57182034042815],[127.05111027335124,37.57207339014519],[127.05057701915338,37.57153373212286],[127.05011886375989,37.57090222108542],[127.0501321744542,37.570848228416914],[127.04957541733631,37.571159216045096],[127.0459887829589,37.57386004325132],[127.0468331830624,37.574914931422775],[127.04834453859063,37.57409689394865],[127.04916578154237,37.57504844936167],[127.04923180683095,37.575057594745644],[127.0493450714528,37.57515536909032],[127.04932384823935,37.575211950668034],[127.0495037165169,37.575495949922455],[127.04951307111656,37.57560810099098],[127.0499437238263,37.57621197385982],[127.04993182128382,37.57623950389332],[127.05003695918992,37.57642240613269],[127.0506325618699,37.57716607769375],[127.05087056682652,37.57740950616304],[127.05106828497692,37.577689621218084],[127.05282016075286,37.579835356317524],[127.0528467776433,37.579870348069726],[127.05276334919742,37.579913406413816],[127.05323369006294,37.58048762515955],[127.05331578378377,37.58044570231555],[127.0538924010376,37.581129512717055],[127.05388177027098,37.581161520462636],[127.05409845435769,37.581447883697216],[127.05465510536973,37.5817347336879]]]}},{"type":"Feature","properties":{"layer":"zone_promo","id":"zone_promo_0031","name":"상봉3존치관리구역","category":"재정비촉진지구","color":"#c0392b","sido":"서울특별시","sigungu":"중랑구","sgg_code":"11260","type_code":"UDA100","mgmt_no":"61100001126020170174UDA1000001006"},"geometry":{"type":"Polygon","coordinates":[[[127.08571186351135,37.59618389158636],[127.08576471831235,37.596261707879094],[127.08770016693624,37.59679591840496],[127.08809428402722,37.595840371028416],[127.08609211297302,37.5946913832644],[127.08571186351135,37.59618389158636]]]}},{"type":"Feature","properties":{"layer":"zone_promo","id":"zone_promo_0032","name":"상봉2존치관리구역","category":"재정비촉진지구","color":"#c0392b","sido":"서울특별시","sigungu":"중랑구","sgg_code":"11260","type_code":"UDA100","mgmt_no":"61100001126020170174UDA1000001004"},"geometry":{"type":"Polygon","coordinates":[[[127.08439036858725,37.59588052851755],[127.08535089256264,37.596150595870846],[127.08544857445582,37.59610572954316],[127.08628222564327,37.59284128325606],[127.08622347520439,37.5927649670134],[127.08550776677406,37.59261387881166],[127.0853421386399,37.593100933483946],[127.0855580173816,37.59314734285032],[127.08492723803182,37.59554118224131],[127.08461611817887,37.59545917788921],[127.0844852734183,37.5957513058206],[127.08444901648227,37.59574146552651],[127.08439036858725,37.59588052851755]]]}},{"type":"Feature","properties":{"layer":"zone_promo","id":"zone_promo_0033","name":"상봉8존치관리구역","category":"재정비촉진지구","color":"#c0392b","sido":"서울특별시","sigungu":"중랑구","sgg_code":"11260","type_code":"UDA100","mgmt_no":"61100001126020170174UDA1000001008"},"geometry":{"type":"Polygon","coordinates":[[[127.08941366730862,37.5972244330857],[127.09251301252871,37.59794574541684],[127.09268431454437,37.597850865816895],[127.0927469136639,37.59724954612036],[127.09226912334125,37.596864203363516],[127.09034249488806,37.59614866609252],[127.09028510603595,37.59615663792066],[127.0896020374467,37.59673673440419],[127.08941366730862,37.5972244330857]]]}},{"type":"Feature","properties":{"layer":"zone_promo","id":"zone_promo_0034","name":"상봉7재정비촉진구역","category":"재정비촉진지구","color":"#c0392b","sido":"서울특별시","sigungu":"중랑구","sgg_code":"11260","type_code":"UDA100","mgmt_no":"61100001126020170174UDA1000001012"},"geometry":{"type":"Polygon","coordinates":[[[127.08927058852599,37.59521393131362],[127.09041725560162,37.5959613313324],[127.09151460673087,37.59498597766179],[127.09003394798096,37.59466104019614],[127.0892765922207,37.59516773340704],[127.08927058852599,37.59521393131362]]]}},{"type":"Feature","properties":{"layer":"zone_promo","id":"zone_promo_0035","name":"상봉10재정비촉진구역","category":"재정비촉진지구","color":"#c0392b","sido":"서울특별시","sigungu":"중랑구","sgg_code":"11260","type_code":"UDA100","mgmt_no":"61100001126020230245UDA1000001010"},"geometry":{"type":"Polygon","coordinates":[[[127.09481536929343,37.59931006400797],[127.09294500263769,37.59890171533402],[127.09292748942485,37.599062950843795],[127.0933596805168,37.59934366806238],[127.09481919263618,37.60020458407295],[127.09524361506529,37.600392832583694],[127.09485908670415,37.59934305047911],[127.09481536929343,37.59931006400797]]]}},{"type":"Feature","properties":{"layer":"zone_promo","id":"zone_promo_0036","name":"상봉9재정비촉진구역","category":"재정비촉진지구","color":"#c0392b","sido":"서울특별시","sigungu":"중랑구","sgg_code":"11260","type_code":"UDA100","mgmt_no":"61100001126020150099UDA1000003001"},"geometry":{"type":"Polygon","coordinates":[[[127.09038444168928,37.5959909263277],[127.0923724977578,37.59673553546048],[127.09276509874582,37.597054333977965],[127.09294020717843,37.595296685621065],[127.09151460673087,37.59498597766179],[127.09038444168928,37.5959909263277]]]}},{"type":"Feature","properties":{"layer":"zone_promo","id":"zone_promo_0037","name":"상봉6존치관리구역","category":"재정비촉진지구","color":"#c0392b","sido":"서울특별시","sigungu":"중랑구","sgg_code":"11260","type_code":"UDA100","mgmt_no":"61100001126020170174UDA1000001001"},"geometry":{"type":"Polygon","coordinates":[[[127.09008375321723,37.59458003140958],[127.09294684211608,37.59522223218744],[127.09304091703045,37.59428939766371],[127.09297746446492,37.59421716990873],[127.09039858528061,37.593658844933756],[127.09008375321723,37.59458003140958]]]}},{"type":"Feature","properties":{"layer":"zone_promo","id":"zone_promo_0038","name":"상봉5존치관리구역","category":"재정비촉진지구","color":"#c0392b","sido":"서울특별시","sigungu":"중랑구","sgg_code":"11260","type_code":"UDA100","mgmt_no":"61100001126020170174UDA1000001002"},"geometry":{"type":"Polygon","coordinates":[[[127.08698360238185,37.59297203290797],[127.08705225848333,37.59310522973493],[127.08908580287643,37.59506780281844],[127.08913426005937,37.59507210960284],[127.08989110032522,37.59457953610156],[127.09021829031607,37.59362198614414],[127.08701961296138,37.592935670135844],[127.08698360238185,37.59297203290797]]]}},{"type":"Feature","properties":{"layer":"zone_promo","id":"zone_promo_0039","name":"상봉11존치관리구역","category":"재정비촉진지구","color":"#c0392b","sido":"서울특별시","sigungu":"중랑구","sgg_code":"11260","type_code":"UDA100","mgmt_no":"61100001126020230245UDA1000001009"},"geometry":{"type":"Polygon","coordinates":[[[127.09294500263769,37.59890171533402],[127.09481536929343,37.59931006400797],[127.09485908670415,37.59934305047911],[127.09524285372187,37.60039073389778],[127.09568710811214,37.60058008227638],[127.0957624105924,37.60050619562714],[127.09533586750165,37.599352024687875],[127.09695959819332,37.599696718481596],[127.0970582166029,37.59937650136372],[127.09698475102066,37.5992731279355],[127.09308428491374,37.59840213825612],[127.0929926959111,37.59845553847518],[127.09294500263769,37.59890171533402]]]}},{"type":"Feature","properties":{"layer":"zone_promo","id":"zone_promo_0040","name":"재정비촉진지구 (서울특별시 11260)","category":"재정비촉진지구","color":"#c0392b","sido":"서울특별시","sigungu":"중랑구","sgg_code":"11260","type_code":"UDA100","mgmt_no":"61100001126020170402UDA1000001001"},"geometry":{"type":"Polygon","coordinates":[[[127.08420179391615,37.59657037282574],[127.08587522404967,37.59694426824849],[127.0869040098267,37.59725016928667],[127.09363015314244,37.59965731479299],[127.09588268161166,37.60066614114586],[127.09594480102344,37.60067152439419],[127.0955206166764,37.59956803257317],[127.09554814984992,37.59954479230651],[127.09720802792714,37.59991297853555],[127.09749187977891,37.59906182354074],[127.09737290037727,37.599035503393985],[127.09757254993559,37.59850614856878],[127.09529511366351,37.59801725932691],[127.09506435527618,37.59794141745327],[127.0949107936097,37.59754168260092],[127.09475613530707,37.597387069963354],[127.09512348072353,37.595694074250396],[127.09322587618715,37.59528271500971],[127.09334006696903,37.59406261291019],[127.08554945500322,37.59239003563023],[127.08529194706836,37.593144036160865],[127.08546458468095,37.59318137643746],[127.08547224439909,37.593206346272005],[127.08489133027015,37.59543829723349],[127.08484495345638,37.59546165645324],[127.08463935286247,37.59540762525312],[127.0844852734183,37.5957513058206],[127.08444901648227,37.59574146552651],[127.08439036859724,37.59588053752737],[127.08425695010583,37.59628363215001],[127.08420179391615,37.59657037282574]]]}},{"type":"Feature","properties":{"layer":"zone_promo","id":"zone_promo_0041","name":"중화3재정비촉진구역","category":"재정비촉진지구","color":"#c0392b","sido":"서울특별시","sigungu":"중랑구","sgg_code":"11260","type_code":"UDA100","mgmt_no":"61100001126020170436UDA1000001002"},"geometry":{"type":"Polygon","coordinates":[[[127.078764970812,37.600538788478254],[127.0791242506789,37.600605342680026],[127.0790980263112,37.60073833601309],[127.07943005796301,37.600779652632085],[127.07960945662805,37.59983910589653],[127.07944757231311,37.599820301249714],[127.07943586279626,37.599884936505774],[127.07926506209267,37.59986192990284],[127.07931845673609,37.599570345556685],[127.07892942088722,37.59952415565305],[127.078764970812,37.600538788478254]]]}},{"type":"Feature","properties":{"layer":"zone_promo","id":"zone_promo_0042","name":"삼성3관리구역","category":"재정비촉진지구기타","color":"#e59866","subtype":"재정비존치관리구역(삼성3관리구역)","sido":"대전광역시","sgg_code":"30110","type_code":"UDA999","notice_date":"20151030","mgmt_no":"63000003011020150175UDA9990001006"},"geometry":{"type":"Polygon","coordinates":[[[127.42991261306145,36.337809186674065],[127.42994840659678,36.33809698183585],[127.4300235730636,36.33817901610174],[127.43084957952502,36.33845433249424],[127.43088866786421,36.33836764380968],[127.43099207848562,36.338312931750416],[127.43115084132221,36.33778252787724],[127.43180948082986,36.33631234321382],[127.4314611504394,36.33614748433713],[127.43139908993575,36.33631806459806],[127.43083795509969,36.33605812982593],[127.4307415154605,36.33605519597015],[127.43065608512353,36.336095767000394],[127.43052493671658,36.33639916586753],[127.4308490920075,36.33645569466111],[127.4307184090761,36.33677488053193],[127.43066439156385,36.336801884293806],[127.43066847684406,36.33689686185588],[127.43057330554758,36.33724113473349],[127.43019756515938,36.337154078413285],[127.42991261306145,36.337809186674065]]]}},{"type":"Feature","properties":{"layer":"zone_promo","id":"zone_promo_0043","name":"상봉7존치관리구역","category":"재정비촉진지구","color":"#c0392b","sido":"서울특별시","sigungu":"중랑구","sgg_code":"11260","type_code":"UDA100","mgmt_no":"61100001126020170174UDA1000001007"},"geometry":{"type":"Polygon","coordinates":[[[127.08778372711426,37.59681906670459],[127.08930457167277,37.597201395034304],[127.08947260377093,37.59676034659394],[127.08953809520847,37.59666110848694],[127.09018434034614,37.59610998863943],[127.09018121729932,37.59606413091347],[127.08906748845885,37.59531506439822],[127.08901144124931,37.59531762870976],[127.0881973617023,37.59584138557091],[127.08778372711426,37.59681906670459]]]}},{"type":"Feature","properties":{"layer":"zone_promo","id":"zone_promo_0044","name":"재정비촉진지구 (서울특별시 11260)","category":"재정비촉진지구","color":"#c0392b","sido":"서울특별시","sigungu":"중랑구","sgg_code":"11260","type_code":"UDA100","mgmt_no":"61100001126020230419UDA1000001001"},"geometry":{"type":"MultiPolygon","coordinates":[[[[127.078764970812,37.600538788478254],[127.0791242506789,37.600605342680026],[127.0790980263112,37.60073833601309],[127.07943005796301,37.600779652632085],[127.07960945662805,37.59983910589653],[127.07944757231311,37.599820301249714],[127.07943586279626,37.599884936505774],[127.07926506209267,37.59986192990284],[127.07931845673609,37.599570345556685],[127.07892942088722,37.59952415565305],[127.078764970812,37.600538788478254]]],[[[127.07437765479943,37.60160867548698],[127.07444412407128,37.60219633658768],[127.07441099825263,37.60292536026889],[127.07583666792323,37.60312220088149],[127.0773119793294,37.603284565848035],[127.07762491156446,37.6016530630134],[127.07437765479943,37.60160867548698]]]]}},{"type":"Feature","properties":{"layer":"zone_promo","id":"zone_promo_0045","name":"상봉8재정비촉진구역","category":"재정비촉진지구","color":"#c0392b","sido":"서울특별시","sigungu":"중랑구","sgg_code":"11260","type_code":"UDA100","mgmt_no":"61100001126020170174UDA1000001013"},"geometry":{"type":"Polygon","coordinates":[[[127.08829854004749,37.59766842495858],[127.09085653152206,37.598629848071816],[127.09163869744552,37.5987414078818],[127.09209407843802,37.598914462563854],[127.09245445748269,37.598941115862694],[127.09250036663549,37.59886865944844],[127.09254875339005,37.598329608865484],[127.09248744456852,37.59826274009627],[127.08843492616221,37.59732163515912],[127.08829854004749,37.59766842495858]]]}},{"type":"Feature","properties":{"layer":"zone_promo","id":"zone_promo_0046","name":"상봉9존치관리구역","category":"재정비촉진지구","color":"#c0392b","sido":"서울특별시","sigungu":"중랑구","sgg_code":"11260","type_code":"UDA100","mgmt_no":"61100001126020170174UDA1000001010"},"geometry":{"type":"Polygon","coordinates":[[[127.0929627297336,37.59790670063261],[127.09311680095442,37.59808336312728],[127.09518824829652,37.59856530423992],[127.09479883007512,37.59755423173668],[127.09469212162918,37.59735867646149],[127.09503170397622,37.595774604843356],[127.09500040255098,37.595735436843945],[127.09326164709508,37.59536629851213],[127.0932154007219,37.59539228278115],[127.0929627297336,37.59790670063261]]]}},{"type":"Feature","properties":{"layer":"zone_promo","id":"zone_promo_0047","name":"상봉10존치관리구역","category":"재정비촉진지구","color":"#c0392b","sido":"서울특별시","sigungu":"중랑구","sgg_code":"11260","type_code":"UDA100","mgmt_no":"61100001126020170174UDA1000001011"},"geometry":{"type":"Polygon","coordinates":[[[127.09515265417987,37.59816487241235],[127.09531883254043,37.598591220937514],[127.09730641086335,37.59902100649128],[127.09744143062338,37.59864610582537],[127.09741187738832,37.59861223484705],[127.09519377538832,37.59813259358977],[127.09515265417987,37.59816487241235]]]}},{"type":"Feature","properties":{"layer":"zone_promo","id":"zone_promo_0048","name":"삼성4 재정비촉진구역","category":"재정비촉진지구기타","color":"#e59866","sido":"대전광역시","sgg_code":"30110","type_code":"UDA999","mgmt_no":"63000003011020220142UDA9990004000"},"geometry":{"type":"Polygon","coordinates":[[[127.43131396798634,36.33858605429224],[127.43179105247185,36.33875965995023],[127.43202695082611,36.33790849455299],[127.4324183553917,36.33802144227842],[127.43256115422618,36.33774712518835],[127.4331181321356,36.337896412235025],[127.43305588704213,36.33852578799777],[127.43351122481494,36.33859110877982],[127.43335277434139,36.338925285070786],[127.43323006529992,36.3390311741544],[127.43319967379935,36.33924820423967],[127.43440511688699,36.339800630873064],[127.43439977235374,36.33970841563631],[127.43446679019378,36.33958695668658],[127.43513469741542,36.338929214377124],[127.43677262397546,36.337658578140704],[127.43699308212508,36.337277499836894],[127.43732726061239,36.3364165756208],[127.43728366570109,36.33644461675171],[127.43701429173548,36.33643752417517],[127.4365566643798,36.336341296902695],[127.4364813635254,36.336520471040885],[127.43586921627872,36.336332163246404],[127.43558866464156,36.33617936201815],[127.43534302087156,36.33598230316665],[127.43459406754161,36.33524821462114],[127.43435778623562,36.33488625987221],[127.43422875159595,36.3349889016942],[127.43426355483211,36.33503060795522],[127.43392003983908,36.33491871851203],[127.43307724297826,36.335841002456945],[127.4322743082662,36.33689802368588],[127.43184673904975,36.33758410098687],[127.43131396798634,36.33858605429224]]]}},{"type":"Feature","properties":{"layer":"zone_promo","id":"zone_promo_0049","name":"상봉4존치관리구역","category":"재정비촉진지구","color":"#c0392b","sido":"서울특별시","sigungu":"중랑구","sgg_code":"11260","type_code":"UDA100","mgmt_no":"61100001126020170174UDA1000001003"},"geometry":{"type":"Polygon","coordinates":[[[127.08611180827604,37.59461514590719],[127.08811798718583,37.59576511248491],[127.08817456840086,37.59576379156322],[127.08894485779646,37.5952670157217],[127.08894913281262,37.59522387344778],[127.0868727835322,37.593238480063],[127.08664306954921,37.59285624121191],[127.0865554027799,37.592901732025126],[127.08611180827604,37.59461514590719]]]}},{"type":"Feature","properties":{"layer":"zone_promo","id":"zone_promo_0050","name":"상봉1존치관리구역","category":"재정비촉진지구","color":"#c0392b","sido":"서울특별시","sigungu":"중랑구","sgg_code":"11260","type_code":"UDA100","mgmt_no":"61100001126020170174UDA1000001005"},"geometry":{"type":"Polygon","coordinates":[[[127.08423208513828,37.5964280051885],[127.08485162330618,37.59657904280736],[127.08481530899874,37.59667051828257],[127.08526128707238,37.596794259161726],[127.08622621952587,37.59699444493633],[127.08662746949337,37.59712430338387],[127.08669789155047,37.597115161661556],[127.08695880683338,37.59722243339988],[127.0878480291248,37.597472187739854],[127.08788735274422,37.5973714019838],[127.08788219596889,37.597279289198525],[127.08778153908523,37.597150341955775],[127.08429010101119,37.59618794245469],[127.08423208513828,37.5964280051885]]]}},{"type":"Feature","properties":{"layer":"zone_promo","id":"zone_promo_0051","name":"재정비촉진지구 (서울특별시 11290)","category":"재정비촉진지구","color":"#c0392b","sido":"서울특별시","sigungu":"성북구","sgg_code":"11290","type_code":"UDA100","mgmt_no":"61100001129020070358UDA1000001001"},"geometry":{"type":"Polygon","coordinates":[[[127.01310041873914,37.6038863401733],[127.01328312088805,37.60433530883912],[127.01343926670694,37.60484225810544],[127.0134083452293,37.605166741101826],[127.01343472571973,37.60526971174058],[127.01368972721359,37.60569459809743],[127.01355897661922,37.606013775540745],[127.01366070382318,37.60605657079676],[127.0141916151682,37.60612182720782],[127.01442283912415,37.60620560253241],[127.0147106034524,37.60625778265383],[127.01481203524354,37.60635323036054],[127.01498005911932,37.60632867756716],[127.01500238433934,37.60641219608755],[127.0150512343502,37.606442328358135],[127.01502881355204,37.606456881792056],[127.01577513972777,37.607403987706654],[127.01579822306255,37.607596173435],[127.01576709210049,37.60772461220985],[127.01571281825879,37.607824456584694],[127.01537008437083,37.608190169916696],[127.01529756521171,37.60835423823649],[127.01545306199102,37.60927051870081],[127.01539290793855,37.609427134468035],[127.01488001131956,37.61004660967596],[127.01490173432008,37.610176781068986],[127.01519655052346,37.61036949431004],[127.01490916804522,37.611021414577074],[127.01494444982981,37.61103452886252],[127.01493394620411,37.61132345685569],[127.01457140858996,37.61183162409642],[127.01444686592157,37.61252616840781],[127.01459272997049,37.61322621488863],[127.01506259269533,37.6139972126829],[127.01526360561719,37.61465855467784],[127.01599663219375,37.61474567300079],[127.01615455351121,37.61486015020237],[127.01650055509685,37.614841447471726],[127.01652121154795,37.614941237513236],[127.01667108990269,37.61487577110113],[127.01690365593689,37.6148415577927],[127.01689432855214,37.61481294384849],[127.0170404551832,37.61473708914237],[127.01712153557435,37.614771991469716],[127.01762809933986,37.61455375984798],[127.01816567710573,37.61400642928159],[127.01852004520569,37.613842760576325],[127.01859028593931,37.61377721306129],[127.01880501153309,37.61375346798129],[127.01895761443939,37.61383076774379],[127.01918027632914,37.6137929655008],[127.01924817655123,37.613746843099946],[127.01949620724515,37.61332766908362],[127.01984453475008,37.613219497753754],[127.01999939624405,37.612995489641335],[127.02032453743792,37.61284301025195],[127.02034479660213,37.61274150245684],[127.02031976199567,37.61272432473173],[127.02036044879165,37.61260589324484],[127.02043294309236,37.61255019198687],[127.02071389847512,37.61248282529492],[127.02161618769519,37.612404695158865],[127.02191142701245,37.61230918552985],[127.02199151175613,37.61172934500554],[127.02211927098148,37.61133531451243],[127.0221221600111,37.611297788123125],[127.02209304030569,37.6112929639412],[127.02410305561126,37.60555507051247],[127.02428044509266,37.60524899068843],[127.02488315862335,37.60444344851366],[127.0249120236249,37.60436612947154],[127.02485773959219,37.60427766371606],[127.02471634815154,37.604157437425094],[127.02427935147128,37.60411266257031],[127.02277947547736,37.60451354620495],[127.02274097782315,37.60449561456787],[127.02283232233387,37.604216780001835],[127.02286834807543,37.60390709671088],[127.0227043754203,37.603014162162395],[127.0227443910101,37.602996567786974],[127.02242731746871,37.60275203454235],[127.02215056740265,37.602449560187786],[127.02209451789928,37.60234825443263],[127.02205983931971,37.602088597162656],[127.02103073343524,37.60222489228296],[127.01987000593307,37.60247380382024],[127.01796374529022,37.60305502058246],[127.01745091984766,37.60317214661381],[127.01690553029934,37.60337692227735],[127.01642658599783,37.60350433766431],[127.0162948182383,37.60358357765329],[127.01577914521391,37.60370659820462],[127.0154481927877,37.60386855334219],[127.01544310393832,37.603846470854506],[127.01530175696564,37.60388075181925],[127.01524629632019,37.6038579183686],[127.01490869238849,37.60388154487762],[127.01383538312517,37.603744865533045],[127.01333520817246,37.603795605955646],[127.01310041873914,37.6038863401733]],[[127.01538251184542,37.610162859467565],[127.01510594842891,37.610009021951065],[127.01558471461904,37.60942403040821],[127.01561730318096,37.60927229215134],[127.01561199974242,37.609075482283444],[127.01550644780859,37.60859405509634],[127.01550014459082,37.60831804899301],[127.01557962215374,37.60812141822495],[127.01577813403247,37.60790209535558],[127.01590640888331,37.60769697119618],[127.01592266144596,37.607467029543315],[127.01590082401364,37.60739469234236],[127.01599768418318,37.60737669689502],[127.01639823604918,37.607631787227355],[127.01655796232627,37.60828913257385],[127.0166858152149,37.60846732146188],[127.01660260409459,37.60872622030913],[127.01642700394649,37.60877694087804],[127.01642735010378,37.60880899777484],[127.01630897624082,37.60885820628538],[127.01632473728301,37.609238923258],[127.01612019836114,37.609632209329874],[127.01573629998794,37.60999105420653],[127.01538251184542,37.610162859467565]]]}},{"type":"Feature","properties":{"layer":"zone_promo","id":"zone_promo_0052","name":"재정비촉진지구 (서울특별시 11290)","category":"재정비촉진지구","color":"#c0392b","sido":"서울특별시","sigungu":"성북구","sgg_code":"11290","type_code":"UDA100","mgmt_no":"30700001129020085393UDA1000001001"},"geometry":{"type":"Polygon","coordinates":[[[127.01510594842891,37.610009021951065],[127.01538251184542,37.610162859467565],[127.01573629998794,37.60999105420653],[127.01612019836114,37.609632209329874],[127.01631671128261,37.609257601620435],[127.01630897624082,37.60885820628538],[127.01642735010378,37.60880899777484],[127.01642700394649,37.60877694087804],[127.01660260409459,37.60872622030913],[127.0166858152149,37.60846732146188],[127.01655796232627,37.60828913257385],[127.01644310999203,37.607877155050616],[127.01642631187393,37.607692500875245],[127.01639823604918,37.607631787227355],[127.01599768418318,37.60737669689502],[127.01590082401364,37.60739469234236],[127.01592266144596,37.607467029543315],[127.01590640888331,37.60769697119618],[127.01577813403247,37.60790209535558],[127.01557962215374,37.60812141822495],[127.01550014459082,37.60831804899301],[127.01550644780859,37.60859405509634],[127.01561199974242,37.609075482283444],[127.01561730318096,37.60927229215134],[127.01558471461904,37.60942403040821],[127.01510594842891,37.610009021951065]]]}},{"type":"Feature","properties":{"layer":"zone_promo","id":"zone_promo_0053","name":"재정비촉진지구 (서울특별시 11290)","category":"재정비촉진지구","color":"#c0392b","sido":"서울특별시","sigungu":"성북구","sgg_code":"11290","type_code":"UDA100","mgmt_no":"61100001129020080263UDA1000001002"},"geometry":{"type":"Polygon","coordinates":[[[127.02277947547736,37.60451354620495],[127.02427935147128,37.60411266257031],[127.02471634815154,37.604157437425094],[127.02392432461032,37.60362076687108],[127.0227443910101,37.602996567786974],[127.0227043754203,37.603014162162395],[127.02286834807543,37.60390709671088],[127.02283232233387,37.604216780001835],[127.02274097782315,37.60449561456787],[127.02277947547736,37.60451354620495]]]}},{"type":"Feature","properties":{"layer":"zone_promo","id":"zone_promo_0054","name":"재정비촉진지구 (서울특별시 11290)","category":"재정비촉진지구","color":"#c0392b","sido":"서울특별시","sigungu":"성북구","sgg_code":"11290","type_code":"UDA100","mgmt_no":"61100001129020090504UDA1000020001"},"geometry":{"type":"Polygon","coordinates":[[[127.02230142997276,37.61140353193602],[127.02241522953847,37.61143959615675],[127.02249724096494,37.61136561101748],[127.02274723138203,37.611517967358786],[127.02343897937044,37.61173180602011],[127.0239173585716,37.6119633315319],[127.02446506881418,37.61212968265439],[127.02466648206493,37.6121492757114],[127.02500590068813,37.61202478310891],[127.02518065415192,37.612012792179],[127.02575800597184,37.61214021796223],[127.02603690313987,37.6122395926726],[127.02615688572533,37.612469624294924],[127.02642471565744,37.61269406562439],[127.02671151214685,37.61269921242817],[127.02720864003771,37.61256629159666],[127.02746879952414,37.6125444129122],[127.02769817073313,37.61260701650654],[127.02800581073889,37.61255987158765],[127.02816185290463,37.61257487384584],[127.02866853814615,37.61244669287679],[127.02900686544476,37.612417999394225],[127.02902437749142,37.61230109296964],[127.02899345011312,37.61221830898522],[127.02904310005225,37.612211404908585],[127.02906480815828,37.61214042052227],[127.02905700760377,37.61199480571143],[127.02909630618548,37.61198948074463],[127.02921892215397,37.61144732241603],[127.02919583435786,37.61078934093134],[127.02904845094106,37.609705467281245],[127.02914541786531,37.60951725653781],[127.02906016923276,37.60917363294476],[127.02890303659409,37.60894554988147],[127.028836183882,37.60894771872028],[127.02885244086698,37.60893074946568],[127.02838008408594,37.60877486188754],[127.02831403849315,37.60872192618668],[127.0279765045717,37.608290134602875],[127.02817285851843,37.60809088328091],[127.02822093457777,37.60796561787858],[127.02817200443913,37.6075698815297],[127.02807536375623,37.60746501997442],[127.02781095924824,37.60728063909639],[127.02754717392182,37.60721191657695],[127.02728629770404,37.6070391293792],[127.02719173344576,37.60694012302226],[127.02713765026353,37.60669112128045],[127.02701450412405,37.606597238555615],[127.02673769423255,37.60658380130878],[127.02628340576939,37.60676071528394],[127.02606641665427,37.606755021354594],[127.02594624363543,37.606710240435135],[127.02582968310213,37.606629635590906],[127.02576663012772,37.60653909082451],[127.02545990789493,37.60587858917108],[127.02534109980752,37.60577586516864],[127.02510137614803,37.605743315762204],[127.02493583197159,37.60582388754545],[127.02485325569516,37.60591138929694],[127.02383009866482,37.60883431044509],[127.02323474459429,37.608702742961476],[127.02230142997276,37.61140353193602]]]}},{"type":"Feature","properties":{"layer":"zone_promo","id":"zone_promo_0055","name":"재정비촉진지구 (서울특별시 11290)","category":"재정비촉진지구","color":"#c0392b","sido":"서울특별시","sigungu":"성북구","sgg_code":"11290","type_code":"UDA100","mgmt_no":"61100001129020240448UDA1000919002"},"geometry":{"type":"Polygon","coordinates":[[[127.03953125550127,37.6116736613324],[127.03983771999748,37.61196226373966],[127.0399972990173,37.61204725546423],[127.04055514805354,37.61221309612981],[127.04087149318,37.61219751221282],[127.04110674817633,37.612144807209525],[127.04115535991205,37.61216855878506],[127.04105584285438,37.612366844123],[127.0409160609896,37.61243491496433],[127.04070817903336,37.61244337231133],[127.04034257646306,37.612524067911124],[127.04025646432167,37.612739683034974],[127.04022400614433,37.612896347314496],[127.04058187802922,37.61383910632127],[127.04048527017227,37.613976357693915],[127.04068172894307,37.614076968304026],[127.04031937164156,37.61425004934175],[127.04031299467835,37.61435841243967],[127.04052546745042,37.61439015605117],[127.04087744349519,37.61437627220468],[127.04311406500757,37.61396594612201],[127.04362417815459,37.6139400242036],[127.04610689206946,37.61393773385337],[127.04907913065014,37.613614472743635],[127.04846158310038,37.61488440961896],[127.04841144808323,37.615128883716935],[127.04841091355497,37.615540271834874],[127.0484316641341,37.61566762625073],[127.04853181965338,37.61589594901238],[127.0486932526671,37.61608981171439],[127.04927350136799,37.61663241027179],[127.04935890419354,37.61663388933131],[127.04814014120882,37.617365018369696],[127.04810328003529,37.61743066936526],[127.04485923649695,37.61937179738149],[127.04474478870893,37.619351297004116],[127.04492726914212,37.619611000674354],[127.04572152847638,37.621125100393236],[127.04601208715388,37.62086722080041],[127.04615821224296,37.62068584336776],[127.04636847772488,37.62017681796254],[127.0471986488894,37.619233488529304],[127.0472711789712,37.61922139630606],[127.04731914281153,37.61924921799485],[127.04841151762587,37.61992929942643],[127.0470330868433,37.62132013254644],[127.04831343791908,37.622153732038804],[127.05072731005279,37.622914862018305],[127.05163404192295,37.621939836476365],[127.0518901445846,37.6219952728545],[127.05326249748097,37.620511467765084],[127.05373788022095,37.62005195669815],[127.05443692530116,37.619505128711005],[127.05529684122685,37.619107714000286],[127.0562143986253,37.61844344995331],[127.05680435873445,37.61779181120209],[127.05682655269395,37.61761502841614],[127.05687756822263,37.61753898876508],[127.05699393412617,37.61770123676461],[127.05773049897289,37.61708799617491],[127.05820990060704,37.61679517338658],[127.05825056737122,37.61680110932724],[127.06010102188115,37.61579634153025],[127.06074921397885,37.61550392000203],[127.06109203859148,37.614934768981364],[127.06145441989992,37.61463579317556],[127.06175412040379,37.61449260985503],[127.06203467011024,37.614422883567315],[127.06297859982061,37.61430682694194],[127.06230186925814,37.61398173403488],[127.06156719598161,37.613552441219944],[127.0609463562878,37.613805210391476],[127.06048854344218,37.6140329738047],[127.05791636863208,37.612544242266736],[127.05811259881447,37.61233212939732],[127.05773655125492,37.61220315343681],[127.0572813891467,37.612158482473646],[127.0569222450952,37.61197259894822],[127.05682210280735,37.61175906825973],[127.0561865300456,37.61148979971068],[127.0552091843709,37.612430629740665],[127.05515884088639,37.612446419806275],[127.0544062520153,37.61203638944749],[127.05373486805016,37.611726912944334],[127.05368861162665,37.61186998223062],[127.05070063512784,37.61125664261734],[127.05063181870845,37.611478267689044],[127.05067208954755,37.611541869230784],[127.04946853050481,37.611301694148565],[127.04946780437237,37.611246761596654],[127.04937317875776,37.61122993362667],[127.04936080941111,37.61119192622808],[127.04960454434818,37.61039234110582],[127.04971623602951,37.61012748800554],[127.049701427568,37.61008306664138],[127.04961780967156,37.6100453856514],[127.04973446148144,37.6096403827748],[127.04986264935289,37.60923036557123],[127.04997904739898,37.60913648958154],[127.05013175753079,37.60911726289613],[127.05009452916794,37.608940226266334],[127.05011339447458,37.6087793752029],[127.05007698581201,37.608678281991125],[127.05027895047937,37.60860971508571],[127.05022280724964,37.60848236644191],[127.05041807272593,37.60835380566777],[127.05041730811217,37.608275708862],[127.05038352731871,37.60824475609985],[127.05092343115545,37.60786170405475],[127.04855358853723,37.60659688235114],[127.04760787622473,37.60612513167638],[127.04741632468821,37.60783625269469],[127.04729841922175,37.607893213526005],[127.04725063525206,37.608110269626145],[127.0472253419438,37.60802953340986],[127.04702494708683,37.60822305169448],[127.04663786847564,37.60838390846848],[127.04637452412969,37.608575647721146],[127.04617673331028,37.609039196860245],[127.04623108358166,37.60907683732771],[127.0464432186538,37.609076324301654],[127.0466622071296,37.609509405809256],[127.04706905373308,37.61009041880298],[127.04724510528479,37.61002902089739],[127.04742985348594,37.61040814536439],[127.04736546386387,37.610383528544034],[127.04708560994113,37.610477501196875],[127.04633760753832,37.61058282406184],[127.04635057453734,37.61090226218845],[127.04643175323318,37.61144266712049],[127.04638049710846,37.61161918890006],[127.04630417061462,37.611653175881735],[127.045781365626,37.61150558510572],[127.04576820919706,37.61153157434706],[127.04543678314928,37.611472008111896],[127.04537758978313,37.61159830268811],[127.04531397934024,37.611647628019064],[127.04467444866214,37.61166831587901],[127.04452990051419,37.61171195813141],[127.04388826448466,37.61161639786075],[127.04386297117036,37.61191091076784],[127.04362566090391,37.61190927479629],[127.04324707452035,37.61158652450721],[127.04307175409302,37.61154956503096],[127.0430520609192,37.61147220467605],[127.04227090910011,37.6115458439115],[127.0415963967054,37.61165743620428],[127.0410637828975,37.61198296029006],[127.04103320783526,37.6120558959723],[127.0407525255199,37.61208766812026],[127.04042777956771,37.61202107596719],[127.04024262746456,37.61204723829503],[127.03993053854064,37.61196927023314],[127.03953125550127,37.6116736613324]]]}},{"type":"Feature","properties":{"layer":"zone_promo","id":"zone_promo_0056","name":"재정비촉진지구 (서울특별시 11290)","category":"재정비촉진지구","color":"#c0392b","sido":"서울특별시","sigungu":"성북구","sgg_code":"11290","type_code":"UDA100","mgmt_no":"61100001129020150160UDA1000001001"},"geometry":{"type":"Polygon","coordinates":[[[127.02323474459429,37.608702742961476],[127.02383009866482,37.60883431044509],[127.02485325569516,37.60591138929694],[127.02499439199129,37.60578502554848],[127.02510137614803,37.605743315762204],[127.02524066165842,37.60574670257464],[127.02534109980752,37.60577586516864],[127.0254288896454,37.60584506089118],[127.02579100299266,37.60657859389141],[127.02600469008712,37.60673899669063],[127.02617909349331,37.60676803508097],[127.0263487242488,37.6067480968183],[127.02673769423255,37.60658380130878],[127.02704242407437,37.60660852183022],[127.02713765026353,37.60669112128045],[127.02719173344576,37.60694012302226],[127.02728629770404,37.6070391293792],[127.02754717392182,37.60721191657695],[127.02785566804002,37.60730518990463],[127.02817200443913,37.6075698815297],[127.02822093457777,37.60796561787858],[127.02817285851843,37.60809088328091],[127.0279765045717,37.608290134602875],[127.02805440336266,37.60839636092225],[127.02838008408594,37.60877486188754],[127.02890303659409,37.60894554988147],[127.02904721722352,37.60912363146783],[127.02914541786531,37.60951725653781],[127.02904845094106,37.609705467281245],[127.02919583435786,37.61078934093134],[127.02921892215397,37.61144732241603],[127.02900686544476,37.612417999394225],[127.02943700619598,37.61237570546878],[127.03018443031108,37.612366246193474],[127.03034471301402,37.61130743671804],[127.0302520052065,37.60896348308711],[127.03073383436609,37.60923333503983],[127.03077118685488,37.60917896954747],[127.03063884322285,37.60887158722484],[127.03147885542647,37.60607840421601],[127.03198958605607,37.60463426876276],[127.03224432910004,37.60379391921956],[127.0329114260184,37.6034456760043],[127.03346696156642,37.60323470596849],[127.03320641538173,37.60269144747535],[127.03284679399735,37.60281724861143],[127.03274085519307,37.60260307699765],[127.03237329600957,37.60248441508676],[127.03215718979563,37.60294566652752],[127.032069805477,37.60304425670686],[127.03183666330429,37.603197564999526],[127.03022535952793,37.60399021107243],[127.03024200132818,37.604005748976206],[127.02902927867046,37.60438994659785],[127.02817905145277,37.60446771631187],[127.02778913974754,37.60445780283028],[127.02718720816765,37.60438297350694],[127.02692624101235,37.604244278634255],[127.02632059434917,37.603545785411306],[127.02591950763649,37.60300729749096],[127.02520467431576,37.604006056430286],[127.02507745495802,37.60400968582191],[127.02483979476017,37.60425649416919],[127.02488316995081,37.60444345752125],[127.02495151655366,37.60452291064483],[127.02492084933962,37.604522916729096],[127.02501507386692,37.60460524782573],[127.02447533084137,37.60535157485841],[127.02431254172593,37.605627370129376],[127.02323474459429,37.608702742961476]]]}},{"type":"Feature","properties":{"layer":"zone_promo","id":"zone_promo_0057","name":"재정비촉진지구 (서울특별시 11305)","category":"재정비촉진지구","color":"#c0392b","sido":"서울특별시","sigungu":"강북구","sgg_code":"11305","type_code":"UDA100","mgmt_no":"61100001130520190018UDA1000001001"},"geometry":{"type":"Polygon","coordinates":[[[127.02164359071713,37.61793223620231],[127.02190147911888,37.617980835889384],[127.02256409431877,37.617868826811474],[127.02262691128132,37.61818621303897],[127.02269393501702,37.61815819855644],[127.02285511802921,37.61880467711588],[127.02404383833317,37.618362381129195],[127.02552085882333,37.618004004269025],[127.02799812844182,37.616735254038524],[127.02856902164352,37.6165228534937],[127.02890481948928,37.61643375914591],[127.02893439213807,37.615228329896304],[127.02887988577794,37.615216809988],[127.02876829324966,37.61507655305876],[127.02881951700866,37.61400948224333],[127.0284206472858,37.614014916652806],[127.02841599837718,37.6135287302125],[127.02851514083936,37.613168333072],[127.02846608233016,37.613121222959],[127.0284048203128,37.61315322176812],[127.02830239014888,37.61303251355636],[127.0282896751983,37.612949175664745],[127.02826136080691,37.6129505335558],[127.02839193928875,37.61292347445526],[127.02837194349276,37.612750670775846],[127.02847748675806,37.612711003533455],[127.02845265538174,37.61250877491218],[127.02816155771471,37.61257286472385],[127.02802507382866,37.6125535243538],[127.02770932601946,37.61260495078416],[127.027475309828,37.61253841995404],[127.02720383972778,37.61257172555944],[127.02671086694059,37.612700311763206],[127.0264334931788,37.61269388357553],[127.026161148081,37.61248121903634],[127.02603772995892,37.61223969160883],[127.02574458441893,37.61213884221617],[127.02518674810204,37.61201489024407],[127.02499455363088,37.61202925423474],[127.02466648428755,37.6121564475237],[127.02456357349944,37.61214254749783],[127.02452963751443,37.61205668157139],[127.02441605268407,37.61202552970107],[127.0242377597033,37.61205598129148],[127.02391801633267,37.611966214547955],[127.02345149567519,37.61173634464199],[127.0227344889619,37.61151455492967],[127.02250161316248,37.61136729507592],[127.02241882193765,37.61144726287421],[127.02227337660685,37.61140509557062],[127.0222775982218,37.61151699674418],[127.02217311197703,37.612026484109364],[127.0221434489648,37.61247507897001],[127.02190619445746,37.612475120190645],[127.02190154838014,37.61250758335482],[127.02190363823692,37.6125291795192],[127.0221425351696,37.61252913801668],[127.0221700613145,37.61291313148331],[127.02220382441855,37.61295568793144],[127.02235099284113,37.614901186857445],[127.02231902569847,37.615454466931496],[127.0222456904453,37.61591325933816],[127.02164359071713,37.61793223620231]]]}},{"type":"Feature","properties":{"layer":"zone_promo","id":"zone_promo_0058","name":"원동2관리구역","category":"재정비촉진지구기타","color":"#e59866","subtype":"재정비존치관리구역(원동2관리구역)","sido":"대전광역시","sgg_code":"30110","type_code":"UDA999","notice_date":"20151030","mgmt_no":"63000003011020150175UDA9990001005"},"geometry":{"type":"Polygon","coordinates":[[[127.43313181262852,36.33059019517514],[127.43443078942418,36.33104630135325],[127.43589437689016,36.32831917838135],[127.43614627132996,36.32807367605772],[127.43652302068969,36.32735317160076],[127.43531504126427,36.32692389173713],[127.435213341202,36.326958460220254],[127.43494003180166,36.32742731224854],[127.43527360248326,36.327520968364404],[127.43530088653952,36.327568901723254],[127.43518938237236,36.32776577049007],[127.43482198443584,36.3276333242504],[127.43313181262852,36.33059019517514]]]}},{"type":"Feature","properties":{"layer":"zone_promo","id":"zone_promo_0059","name":"대전역세권5관리구역","category":"재정비촉진지구기타","color":"#e59866","subtype":"존치관리구역(대전역세권5관리구역)","sido":"대전광역시","sgg_code":"30110","type_code":"UDA999","mgmt_no":"63000003011020090130UDA9990001005"},"geometry":{"type":"Polygon","coordinates":[[[127.43537399819265,36.332254801219136],[127.43636677293394,36.332642859534936],[127.43671658202742,36.33212939755775],[127.43686994476509,36.33183464319299],[127.43661623990369,36.33133169607714],[127.43698981002706,36.330726371578976],[127.43699457223887,36.33064549226328],[127.4368423897741,36.33027305246899],[127.43685007510149,36.33016904749871],[127.43648908770483,36.33003631277973],[127.43537399819265,36.332254801219136]]]}},{"type":"Feature","properties":{"layer":"zone_promo","id":"zone_promo_0060","name":"미아중심재정비촉진지구","category":"재정비촉진지구","color":"#c0392b","sido":"서울특별시","sigungu":"강북구","sgg_code":"11305","type_code":"UDA100","notice_date":"20150611","mgmt_no":"61100001130520150160UDA1000006011"},"geometry":{"type":"Polygon","coordinates":[[[127.02745013250333,37.61700774220198],[127.02761222734374,37.61736530572397],[127.02766669841665,37.61733682267828],[127.02998430960835,37.6172290697425],[127.03014277838604,37.617165575342895],[127.03073026523235,37.61632394237157],[127.03086357234966,37.61602208070915],[127.03091873445214,37.6157406005423],[127.03094916791945,37.615365694776656],[127.0309207672457,37.61515009709899],[127.03097250055811,37.614505206992455],[127.0310490637853,37.614214215997826],[127.03104468928942,37.61403573271916],[127.03097721574893,37.613824919975],[127.03067529227248,37.61317624337515],[127.0305911481507,37.612905699431266],[127.03083633509686,37.612768824757396],[127.03136844789366,37.61256607867995],[127.03196187810238,37.61222950963893],[127.0322137935301,37.612023768336336],[127.03236645081043,37.611851190574335],[127.03338987592308,37.611118735960545],[127.03342444935333,37.61105669403285],[127.03343734957022,37.61089834301693],[127.03347329956894,37.61087752061239],[127.03062791107729,37.609386501109576],[127.03047859637397,37.6094728789371],[127.0304535145802,37.61006800162549],[127.03054394776399,37.61093967925909],[127.03054564615034,37.611229930081755],[127.03038429839883,37.61236777419821],[127.02943700619598,37.61237570546878],[127.02867627346579,37.61244599734143],[127.02845960903859,37.61250756600999],[127.02847748675806,37.612711003533455],[127.02837194349276,37.612750670775846],[127.02839193928875,37.61292347445526],[127.02826056544188,37.61294341598317],[127.0282896751983,37.612949175664745],[127.02830239014888,37.61303251355636],[127.0284048203128,37.61315322176812],[127.02846608233016,37.613121222959],[127.02851514083936,37.613168333072],[127.0284160097097,37.61352874822953],[127.0284206472858,37.614014916652806],[127.02881767086248,37.6140095096998],[127.02876829324966,37.61507655305876],[127.02887990843054,37.615216809982755],[127.02893439213807,37.615228329896304],[127.02890481948928,37.61643375914591],[127.02823176037992,37.616639427130615],[127.02745013250333,37.61700774220198]]]}},{"type":"Feature","properties":{"layer":"zone_promo","id":"zone_promo_0061","name":"삼성5구역(존치관리)","category":"재정비촉진지구기타","color":"#e59866","sido":"대전광역시","sgg_code":"30110","type_code":"UDA999","mgmt_no":"63000003011020200303UDA9990001008"},"geometry":{"type":"Polygon","coordinates":[[[127.4365566643798,36.336341296902695],[127.43701236375058,36.33643733294354],[127.43728366570109,36.33644461675171],[127.43732726061239,36.3364165756208],[127.43723769127224,36.33663538159562],[127.43728548934286,36.33663403580162],[127.43764796216041,36.335684864104444],[127.43795902628442,36.334991612701245],[127.4385276730085,36.33349881166946],[127.43778171401955,36.33331276901927],[127.4365566643798,36.336341296902695]]]}},{"type":"Feature","properties":{"layer":"zone_promo","id":"zone_promo_0062","name":"재정비존치관리구역","category":"재정비촉진지구기타","color":"#e59866","subtype":"재정비존치관리구역(소제2관리구역)","sido":"대전광역시","sgg_code":"30110","type_code":"UDA999","mgmt_no":"63000003011020150175UDA9990001002"},"geometry":{"type":"Polygon","coordinates":[[[127.43851940813207,36.33488658837871],[127.4390872443598,36.33502732800221],[127.43959194819314,36.333088677275256],[127.43978567800421,36.33247012530327],[127.43988357939443,36.332259577501766],[127.43952532023613,36.33219704314006],[127.43851940813207,36.33488658837871]]]}},{"type":"Feature","properties":{"layer":"zone_promo","id":"zone_promo_0063","name":"존치관리구역","category":"재정비촉진지구기타","color":"#e59866","subtype":"존치관리구역(대고제2009-345호,2009.12.31)","sido":"대전광역시","sgg_code":"30110","type_code":"UDA999","mgmt_no":"63000003011020090345UDA9990006008"},"geometry":{"type":"Polygon","coordinates":[[[127.44276582023312,36.32877372780194],[127.44296344334451,36.32900364346139],[127.44310678402343,36.328822925045316],[127.44314645292721,36.328840378322795],[127.44322770833932,36.32869805369015],[127.44303722010086,36.32858191183286],[127.44276582023312,36.32877372780194]]]}},{"type":"Feature","properties":{"layer":"zone_promo","id":"zone_promo_0064","name":"재정비촉진지구 (서울특별시 11305)","category":"재정비촉진지구","color":"#c0392b","sido":"서울특별시","sigungu":"강북구","sgg_code":"11305","type_code":"UDA100","mgmt_no":"61100001130520160353UDA1000011010"},"geometry":{"type":"Polygon","coordinates":[[[127.00864157467853,37.61854222326382],[127.01005883666232,37.619301295377724],[127.012205552379,37.62012676090471],[127.01239498228875,37.62018046004538],[127.01277750285035,37.62022123858305],[127.01437172927024,37.620156412386805],[127.0146623163337,37.62017383237229],[127.01847274961148,37.61988915931371],[127.01845164073815,37.6197099123072],[127.01788858548791,37.61923316589856],[127.01777973625552,37.61908776270425],[127.01755905697246,37.618940572696474],[127.01756004539443,37.61890174030399],[127.01762948725788,37.61883496819212],[127.01892734196481,37.61884473972776],[127.01987975813663,37.61869994298454],[127.02029578151013,37.618791930706614],[127.02099488337588,37.61856764445238],[127.02118987211527,37.618645366732295],[127.02197553114969,37.616030055580474],[127.02209700358993,37.615360037992986],[127.02209248758861,37.61434376815152],[127.02190154838014,37.61250758335482],[127.02191126179844,37.61232630420649],[127.0215541643094,37.61243599678998],[127.02113108999421,37.61245002405229],[127.02067018801495,37.61251183498851],[127.02039777644627,37.612595967474384],[127.02033564038122,37.61285700973328],[127.02001359169834,37.61301175914141],[127.01987040558213,37.61322871978297],[127.01968944397083,37.613249740646495],[127.01952138403615,37.61332382706568],[127.0192282881025,37.6137951747205],[127.01899629763736,37.61385050252107],[127.01880585558287,37.61377904671558],[127.01861754003721,37.61379275104278],[127.01854019721257,37.61385547952702],[127.01847571836058,37.61380810620437],[127.01812019918454,37.61399030812322],[127.0177794764771,37.61435737024722],[127.01782591835645,37.61437845580891],[127.01763121422405,37.614554597335285],[127.01753638224686,37.61461790416775],[127.01725946105334,37.61469300216148],[127.01711433305138,37.61477657841547],[127.01703865464904,37.614738702135334],[127.01689360396438,37.614814358483216],[127.01690253483048,37.61484248594936],[127.01666454384758,37.614878303698184],[127.01652321639433,37.61494173279798],[127.01610908355116,37.614885221125924],[127.01595544492963,37.61477780703215],[127.01492798836809,37.614664233425955],[127.01443484737973,37.61467726254899],[127.01421176318277,37.614925606152326],[127.01421722092554,37.61498334043287],[127.0136333001188,37.615430135240175],[127.01340209260542,37.61555245790526],[127.01283317809778,37.6156790746104],[127.0121304916487,37.616006754568566],[127.01183175585737,37.61632329563688],[127.0114125903633,37.616440864470114],[127.01094912535802,37.61628730319095],[127.01023062251532,37.61679268252149],[127.01014508480145,37.61679504036367],[127.01010334164413,37.61685114748105],[127.01013983481512,37.61694103567409],[127.00998271325274,37.617244686568945],[127.00996400108004,37.61733932692433],[127.00999230752484,37.61754982101639],[127.00993422627849,37.617766925472964],[127.00945737317016,37.61819506845705],[127.00936087506378,37.6182500887818],[127.00907213686506,37.61828416467731],[127.00883546429695,37.61840071241072],[127.0088588569511,37.61842978560072],[127.00864157467853,37.61854222326382]]]}},{"type":"Feature","properties":{"layer":"zone_promo","id":"zone_promo_0065","name":"자세한사항은별도확인:주택사업과","category":"재정비촉진지구","color":"#c0392b","sido":"서울특별시","sigungu":"노원구","sgg_code":"11350","type_code":"UDA100","mgmt_no":"61100001135020240495UDA1001024011"},"geometry":{"type":"Polygon","coordinates":[[[127.07298935809175,37.66547630009714],[127.0730971178948,37.66556744027241],[127.07322186197968,37.66547603286924],[127.07332564289264,37.66556617517386],[127.07341774629964,37.66549962725706],[127.07352665071701,37.665590072592416],[127.07371042896102,37.66557667992614],[127.07416587753973,37.6656288549841],[127.07444017878728,37.66585754192029],[127.07485959876963,37.6658981320289],[127.07505936232107,37.66609545591053],[127.07526164739602,37.6665606461498],[127.07533007127833,37.666572072742746],[127.07567572353223,37.66736601852748],[127.07486660701917,37.66784869800834],[127.0753867799412,37.66838342509416],[127.0752351546206,37.668572706184776],[127.07526709447501,37.66861805019425],[127.07566654526953,37.66880413895119],[127.075860810382,37.669001636014336],[127.07608122078159,37.6691154068665],[127.07646231011404,37.66943253295051],[127.07697463706121,37.66993142619083],[127.07684404310035,37.670630078594805],[127.07626846709971,37.67096964278333],[127.0770810340257,37.67152925050891],[127.07698925713801,37.671788041442134],[127.0772672147068,37.67192533360881],[127.07731508353898,37.67198255963882],[127.07823210429132,37.67243745327337],[127.07826997617053,37.67309948989078],[127.07853666762303,37.673241678639606],[127.0787725625336,37.67375562794904],[127.07905692813989,37.67392978842717],[127.0798004132241,37.6734416103138],[127.08017628531825,37.67347285825002],[127.08025181209348,37.673355528352324],[127.08032328490229,37.673413719448405],[127.08052968910044,37.67313836148728],[127.08055590457433,37.67306110360088],[127.0806080534512,37.673068186325935],[127.08094195000663,37.672812094956335],[127.08119732450122,37.67286139510486],[127.0819641231533,37.672624810990534],[127.08212036881223,37.67297423640823],[127.08205226283941,37.673043126191416],[127.08204417181167,37.673223515303434],[127.08189759124832,37.67346985990352],[127.08183839911027,37.6737327587604],[127.08181848311719,37.67477413348804],[127.08177229295302,37.67508062141894],[127.08256466111818,37.676354053390696],[127.08264201108082,37.676152515976526],[127.08271373239019,37.676195316831084],[127.08291380993683,37.67598196404157],[127.08342438717804,37.6758812333822],[127.08351567979786,37.6755998596205],[127.08395977586756,37.675564826630094],[127.08423373570741,37.67572203456358],[127.08483477723524,37.67520516566077],[127.08521703501765,37.67501811462023],[127.08518720220711,37.67481788583048],[127.0850430433748,37.67466983221673],[127.0850274443448,37.674587458411274],[127.0849318359104,37.674429810964114],[127.08490192474434,37.67418904741847],[127.08491937889663,37.674136499416434],[127.08513096736738,37.67394886641122],[127.08459548470165,37.6732204666618],[127.08436384844076,37.67309500705981],[127.08444620069996,37.67300591514811],[127.08437907245077,37.67301434136036],[127.08440463061238,37.672900053133674],[127.08487571108938,37.67259213836155],[127.08597423176673,37.67248196995857],[127.08581083531348,37.671938512379676],[127.08564527603366,37.671655905521895],[127.08578204887792,37.671290598835945],[127.08587669148118,37.67123783332833],[127.08493750334628,37.67041942735455],[127.08475084862154,37.6701699087766],[127.08463685572778,37.66991541940635],[127.08435183348439,37.66991325934569],[127.0836597669587,37.67009969497711],[127.08349422890173,37.670051968497155],[127.08338867569627,37.669964665499236],[127.0828602256538,37.66863831302351],[127.08256462429186,37.66832552760077],[127.0825757058436,37.66830150906538],[127.08041979766125,37.66868638867856],[127.08043544017457,37.66861241737249],[127.08037134270876,37.66855750090526],[127.08034803384933,37.6684881415904],[127.08023865713162,37.66848821463061],[127.07994156427097,37.668362726827404],[127.08015736427973,37.667712170962126],[127.07983814805688,37.66767093858133],[127.0794935890554,37.66756494214721],[127.07940681512935,37.66750085020972],[127.0792815498548,37.6674797599905],[127.07921813315315,37.66753250868685],[127.07917990854381,37.66750541457654],[127.07914705289858,37.667627337821145],[127.07898217052664,37.66771169617341],[127.07866509606684,37.667329945549085],[127.0776936680092,37.66601414725928],[127.07794137837014,37.6659201507017],[127.07871938738498,37.66585297211057],[127.07868093742741,37.66536627358048],[127.078496044161,37.66474849795539],[127.07850112166956,37.664616754334816],[127.07844126483904,37.66459181840185],[127.07828530717478,37.664213033697436],[127.0779361217261,37.66433029684158],[127.07772976967831,37.66403247845412],[127.07723788552934,37.664254344541426],[127.07717489279626,37.66416518859837],[127.07709006398147,37.6642251576967],[127.0769904595402,37.664132060819966],[127.07691626162419,37.664169588756145],[127.07674607391286,37.66398941264004],[127.07681573662312,37.66395026595255],[127.07674617775903,37.66386769107212],[127.07650482475617,37.66401191037448],[127.07608875618139,37.663357707029704],[127.07550078965417,37.663595663922315],[127.07502888294901,37.66396688967286],[127.07496507428104,37.66396692941681],[127.07493800752562,37.66403405977106],[127.07298935809175,37.66547630009714]],[[127.08297387179252,37.67188095124933],[127.08278151400823,37.67168965437393],[127.08272564773482,37.671713487521046],[127.08218279574416,37.67120872092331],[127.08183311759959,37.670840876319964],[127.08160506756184,37.67055011642243],[127.08157740404964,37.67055428868286],[127.08133995199705,37.67032006164435],[127.08107306511,37.670000594954026],[127.08116419703262,37.66990666114308],[127.08214895359598,37.670038534198845],[127.08231085792319,37.670499207716425],[127.08223717789578,37.67057873292524],[127.08265795703527,37.6711210998432],[127.08280456694881,37.67136547771555],[127.08297387179252,37.67188095124933]]]}},{"type":"Feature","properties":{"layer":"zone_promo","id":"zone_promo_0066","name":"대전역세권3관리구역","category":"재정비촉진지구기타","color":"#e59866","subtype":"존치관리구역(대전역세권3관리구역)","sido":"대전광역시","sgg_code":"30110","type_code":"UDA999","mgmt_no":"63000003011020090130UDA9990001006"},"geometry":{"type":"Polygon","coordinates":[[[127.43494003180166,36.32742731224854],[127.43482198443584,36.3276333242504],[127.43518938237236,36.32776577049007],[127.43530088653952,36.327568901723254],[127.43527360248326,36.327520968364404],[127.43494003180166,36.32742731224854]]]}},{"type":"Feature","properties":{"layer":"zone_promo","id":"zone_promo_0067","name":"촉진구역(도마변동3구역)","category":"재정비촉진지구","color":"#c0392b","sido":"대전광역시","sgg_code":"30170","type_code":"UDA100","mgmt_no":"63000003017020150054UDA1000003000"},"geometry":{"type":"Polygon","coordinates":[[[127.38449250824182,36.32448234040287],[127.38450935733704,36.32443898507735],[127.38580821685586,36.324012571766275],[127.38547451696935,36.3234212854354],[127.3792588137729,36.325433276894564],[127.37938661065395,36.32567608136792],[127.38135253989996,36.328432195095075],[127.38151463107673,36.32861589743274],[127.38275800125423,36.3283859419559],[127.38392658554845,36.32833522164974],[127.38374484924066,36.327352362996734],[127.38683509125094,36.32555264065233],[127.38646072787286,36.325051866922024],[127.3856953732694,36.32540162317328],[127.38534178529905,36.32560657729845],[127.38529521878411,36.32559672381467],[127.38449250824182,36.32448234040287]]]}},{"type":"Feature","properties":{"layer":"zone_promo","id":"zone_promo_0068","name":"세부사항 성북구청 뉴타운사업과 별도확인","category":"재정비촉진지구","color":"#c0392b","sido":"서울특별시","sigungu":"노원구","sgg_code":"11350","type_code":"UDA100","mgmt_no":"61100001135020060357UDA1000001002"},"geometry":{"type":"Polygon","coordinates":[[[127.0563660864053,37.61723992181979],[127.0565805082174,37.6174060889391],[127.05660781680446,37.61754439473684],[127.05681937729325,37.617760377963876],[127.05682634890096,37.61761514563912],[127.056877500196,37.61753889869892],[127.05699391144606,37.617701200736036],[127.05785559320874,37.61700256860827],[127.05986212025766,37.61591967801443],[127.06059760281462,37.6155509010592],[127.06074924790782,37.61550385691633],[127.06077712440104,37.615449757039535],[127.06144861923147,37.61529709813292],[127.06245958482786,37.61516097379638],[127.0631094218638,37.615109370638955],[127.06345051874803,37.61503470804275],[127.0634152825891,37.61495253904516],[127.06343754971009,37.61495218499201],[127.06341370408687,37.61486553214075],[127.0634419571956,37.61484480376738],[127.06343521794247,37.614762664866696],[127.0632769568124,37.61477661388662],[127.06324324056143,37.614450052936235],[127.06291401253007,37.614313852171726],[127.06297821476856,37.61430687219151],[127.06230166548363,37.61398185126739],[127.0615669922071,37.6135525584512],[127.06094615251165,37.61380532762162],[127.06048833966467,37.61403309103408],[127.05974945360757,37.61362079052373],[127.05640954370703,37.616850795094145],[127.05636774362114,37.6169208928066],[127.05639016340676,37.61700414200953],[127.0563660864053,37.61723992181979]]]}},{"type":"Feature","properties":{"layer":"zone_promo","id":"zone_promo_0069","name":"재정비촉진지구 (서울특별시 11380)","category":"재정비촉진지구","color":"#c0392b","sido":"서울특별시","sigungu":"은평구","sgg_code":"11380","type_code":"UDA100","notice_date":"20231128","mgmt_no":"61100001138020220408UDA1000001001"},"geometry":{"type":"Polygon","coordinates":[[[126.9048017452438,37.649201010943564],[126.90516419793244,37.64896912614505],[126.90554027646724,37.64888969636691],[126.90609380761707,37.64863012384798],[126.90710902150745,37.64806368638936],[126.90765907868634,37.647674092909355],[126.90841346590763,37.6472564577225],[126.90863513099386,37.6474161952556],[126.90972698592124,37.64687790589238],[126.91043558253712,37.64627872047093],[126.91086273528744,37.646011234364025],[126.91131348285542,37.64582237489776],[126.91194527793355,37.64536552081669],[126.91232746649041,37.64517732616152],[126.91267949913444,37.64509605342687],[126.91339833106836,37.64499649406626],[126.91372047760697,37.64475561499332],[126.91460652464367,37.644908554036114],[126.91518914058607,37.64511620631009],[126.91734127195635,37.64525777315259],[126.92113616852141,37.64573982913782],[126.92286214238406,37.645877580441955],[126.92339508007291,37.645944426582226],[126.92412304032595,37.64610537021692],[126.92548038262669,37.646990560785056],[126.92658053398242,37.64776673465495],[126.92659324251346,37.64774926379578],[126.92713372940524,37.648102968520135],[126.92798779078792,37.64888473996041],[126.92886357320465,37.64948866592719],[126.9292879359505,37.64984147823735],[126.92970620471284,37.65005472419197],[126.93000989373587,37.650170143424006],[126.93086983150879,37.65030797019319],[126.9314378575107,37.650337860984294],[126.93190028785467,37.6502306484072],[126.93215733226565,37.650305670874474],[126.9322211673038,37.650386706081235],[126.93388944322027,37.65072508952629],[126.93526685130689,37.65106049335502],[126.93570537737439,37.65120255232991],[126.9368793005273,37.6507335229227],[126.93681089041925,37.65061681811245],[126.9367318343053,37.65057201426436],[126.93637584623538,37.65045979995353],[126.93635706905421,37.650291937854405],[126.93653850466245,37.64985691180557],[126.93657492709707,37.64969750423641],[126.9359313249238,37.64940730433565],[126.93550029014807,37.64990260048096],[126.93495740022902,37.65002392712508],[126.93369642089715,37.649776341642465],[126.9310470173221,37.64747279584113],[126.9304505539458,37.64603475065329],[126.93036203474226,37.64522877411804],[126.9306612510847,37.64474885098158],[126.93192786911655,37.644692401913034],[126.93254804559986,37.64437560440288],[126.9329437078695,37.643445820127454],[126.93261297902492,37.642317929080825],[126.93251563658515,37.641855590043264],[126.93207780048209,37.641098656793154],[126.93143532392013,37.640938020148916],[126.93032107664965,37.6411654623416],[126.9295158584105,37.64108473268528],[126.92906878642232,37.64084406936084],[126.92806582114532,37.64021745944731],[126.92775554938957,37.64021476116054],[126.92787925292365,37.64207267971228],[126.9282343737718,37.64312930492416],[126.92805492141684,37.64338186317592],[126.92770683844941,37.6433898898562],[126.92754858831394,37.64335166142],[126.92600295137521,37.64264737994736],[126.92378065834905,37.64172838199207],[126.92309120608294,37.641375130238906],[126.92174630711897,37.64010059866709],[126.92113588659002,37.638735095993034],[126.92085604436723,37.63860438945436],[126.92067718617423,37.63873478259607],[126.92015396638267,37.63873063883644],[126.91974191344995,37.63799416547317],[126.91945158279398,37.63716510077367],[126.91900651701253,37.637240634646695],[126.91897948930396,37.63707242128063],[126.9190815644282,37.63629724657225],[126.91953090797533,37.63610744438967],[126.91992732090961,37.63664039511478],[126.92106420873205,37.63565064106738],[126.92134421224485,37.63536819496583],[126.92168645976876,37.6352312801991],[126.92188248557585,37.63519404011058],[126.92224879003597,37.63518954763045],[126.92293571469587,37.63538906013378],[126.92377611175857,37.63605531320219],[126.92479558878472,37.636929622404395],[126.92567219614084,37.637205122438516],[126.92754008065388,37.63727112470011],[126.92736385348978,37.63763052207966],[126.92700198446705,37.63762912282167],[126.92702051877212,37.63801601419933],[126.92741512681978,37.63802329032047],[126.92742019357682,37.63828331555141],[126.92913294789412,37.63848646796735],[126.92915355465426,37.63838358900413],[126.92926582932338,37.63838744191671],[126.92911488991577,37.63783081569995],[126.92926582504903,37.63780685212993],[126.92917000312795,37.637427932418646],[126.92930291635358,37.63715357611508],[126.93260988599303,37.637705240163186],[126.9335529323368,37.639053324850366],[126.93488143090293,37.641071874801916],[126.93512134902686,37.641618425493334],[126.93580682713059,37.6428075849803],[126.93653955572198,37.643213430279765],[126.93769303136416,37.64318252574686],[126.93821403324804,37.64342156523792],[126.93854784772046,37.64393980537041],[126.93879648486889,37.64469765897608],[126.93875766733252,37.644776473763024],[126.93929802761575,37.64532536444718],[126.93955791671608,37.64537460442937],[126.93953235812789,37.64490635362772],[126.93960096081261,37.644844492578],[126.93994657388599,37.64467817302721],[126.94008142900086,37.644655088237016],[126.94021178786602,37.64458803330928],[126.94033650119619,37.64439980299385],[126.9403628128137,37.64417661774688],[126.94032375952023,37.64399268117364],[126.94016931761345,37.643792097659244],[126.9401651668172,37.643617603380115],[126.94020236857878,37.64347562881848],[126.94037979433288,37.643378649681914],[126.94052216829971,37.64316420085242],[126.94050798747486,37.6430472467569],[126.94075579246224,37.6429000649639],[126.94110437496,37.642830328188786],[126.9412212738391,37.64272938850758],[126.94171996628602,37.642681349973415],[126.94189386842412,37.642706935627075],[126.94203697836201,37.642415001317715],[126.94202732078071,37.64216434472038],[126.9419295632178,37.64213474334892],[126.94185736493817,37.642008615162894],[126.94207278152504,37.64156305571722],[126.94225041559667,37.6414517843453],[126.94280338427969,37.64138664991025],[126.94321229669436,37.64123765092749],[126.94363239953589,37.6408286340669],[126.94349987584663,37.64063224608783],[126.94302821796094,37.640466954218134],[126.94290729973423,37.64049977987219],[126.9427332368396,37.64039671160014],[126.94208055308464,37.64054038775236],[126.94149685558556,37.64072701794833],[126.94103526278579,37.64044982189173],[126.94081404514675,37.640515749894],[126.94079046733725,37.64039023166256],[126.9405466715529,37.64007836786756],[126.94042260905204,37.63979954137752],[126.94033184781122,37.6396708348108],[126.94036497158363,37.639621838827914],[126.94030424809563,37.6394772906034],[126.94021740888769,37.63940219411858],[126.93995845769544,37.639339441378276],[126.93994465657163,37.6393134860337],[126.94001963469634,37.639207750416844],[126.93989452268997,37.63883197763214],[126.93980852135955,37.638841122650284],[126.93979034004424,37.638768854763086],[126.93994297041374,37.63861090310299],[126.94008631698138,37.63858169606476],[126.94013378650442,37.63844702466372],[126.94014399736268,37.63829224207026],[126.9400917857958,37.638269420172314],[126.94007221947231,37.63809029568485],[126.94019216616091,37.63785781582614],[126.94012642082129,37.637760115683164],[126.94008575280208,37.637753247086955],[126.94014809577556,37.63757957108062],[126.94050236668281,37.63758984576852],[126.94048820087802,37.637178812513724],[126.94043102324713,37.63699525380136],[126.94027253074056,37.63698481039457],[126.94025041406726,37.637013990584364],[126.94010831913089,37.63704040545204],[126.94003314022078,37.637200118623525],[126.93979917095376,37.637132954729246],[126.93966256955888,37.63722883729894],[126.9395737144319,37.63740240904486],[126.93936819831775,37.63739770598227],[126.93927360739912,37.63724782356199],[126.93904362379102,37.63737356856407],[126.93891411923347,37.63738142852153],[126.93884712648429,37.637422477528816],[126.938979581461,37.6375442698657],[126.93897625122281,37.637597515867654],[126.9389247689549,37.63765172740875],[126.9386292595866,37.63768833014624],[126.93856193350787,37.63772108981931],[126.93857211306293,37.63774145734029],[126.93843177076117,37.637863437793605],[126.93820943066243,37.63762954208991],[126.93820817322704,37.63724212110503],[126.93784795607522,37.63690009639714],[126.93769779429674,37.63682000846238],[126.93710549854288,37.63614728701037],[126.93676837576011,37.63609862988719],[126.93670003866394,37.63599173641335],[126.93678831785107,37.63570423784339],[126.93708056020753,37.635493821290524],[126.93715259758206,37.63551401548289],[126.93729707016686,37.63547403673615],[126.93738009485949,37.63540453542305],[126.9370939475665,37.63509160508622],[126.93709469495766,37.63488203804941],[126.93704168958855,37.63473280716173],[126.9370600735003,37.63456631649251],[126.93700200007235,37.63451366764297],[126.93680964905035,37.634491578449044],[126.93672795119147,37.63450793141378],[126.93668893031962,37.63456359041486],[126.9364197528245,37.63416827328947],[126.93707167357987,37.63399032762819],[126.93759955970678,37.63378636306397],[126.93811859312686,37.63413126718067],[126.93866028815549,37.63394009918196],[126.93891863598607,37.63388816000126],[126.93891237905592,37.633784003622075],[126.93922261492551,37.63318745004387],[126.93915733450208,37.63267538966985],[126.9387106385217,37.632535771408605],[126.93827409944751,37.63244426913609],[126.93793068924327,37.63208180120971],[126.93743409436051,37.63214153769854],[126.93710923130196,37.63195386723023],[126.93670917355566,37.6321265459059],[126.93571404374397,37.632001299728906],[126.93483234758419,37.63178041641509],[126.93484241764845,37.63162964338222],[126.93463778827558,37.63143729483079],[126.93374256845169,37.63128651883916],[126.93359245480654,37.63129526210681],[126.93338799322196,37.631147023378496],[126.93306302005423,37.631144618883766],[126.932821948487,37.630870184905575],[126.93282812423074,37.63004372091098],[126.93307485725458,37.629799518891076],[126.93350040958016,37.629616325715446],[126.93402258958469,37.62981105675534],[126.93410380879106,37.62993078918464],[126.9347707269101,37.62917465258685],[126.93487509832754,37.62909542545294],[126.93508606515094,37.629033971529026],[126.9352925399089,37.62901722127169],[126.93552785186388,37.629121190905856],[126.93574498781327,37.628923304041386],[126.93574611805867,37.628707700449304],[126.93713675581678,37.628715341872],[126.93726013672752,37.628526536937144],[126.93789115685631,37.62822189754337],[126.93821440613117,37.6280248471237],[126.93795560511337,37.627035892567136],[126.93758534100535,37.626725016926535],[126.93676007459877,37.62673358570529],[126.93700085322783,37.626535682388514],[126.93677682220233,37.626140354182986],[126.93619103098096,37.6261535910674],[126.93569972244651,37.626389284490756],[126.9340105873554,37.626673120716525],[126.93259048088633,37.62640524050666],[126.93203138511734,37.626396092009216],[126.931790100278,37.626661468220796],[126.93174523391096,37.62688749734954],[126.93122898645711,37.627831083573255],[126.93099402902416,37.62800997689575],[126.93071768984191,37.62812756034023],[126.93002283864072,37.628244692083406],[126.92997762298724,37.62829669620607],[126.92989938158676,37.628258140907995],[126.92959803485701,37.62841449368124],[126.9293159991665,37.62849143621768],[126.92923695583747,37.62854414914299],[126.92927753030796,37.62899259111652],[126.92915226692851,37.62951231599],[126.92840653009786,37.629796880865364],[126.92661449696553,37.63015774304823],[126.92655110572936,37.63036866690842],[126.92519107449672,37.630944556340104],[126.92296677421903,37.63095994484405],[126.92273612435608,37.630925779136966],[126.92123173084526,37.63040111644913],[126.92081711479163,37.63000370031151],[126.92055582342122,37.629595206850084],[126.92058570511482,37.62910677981262],[126.92065221555738,37.629095022591976],[126.92069200733953,37.62921460071196],[126.92072643451745,37.629235418875915],[126.92096287295469,37.629169655919576],[126.92085782572822,37.62888559568257],[126.92060264684969,37.62894470536957],[126.92055104285552,37.628791053104806],[126.92053869254332,37.628386054689486],[126.9201424458251,37.628360194291844],[126.91969212151889,37.628279605664424],[126.9197028001105,37.628252223314206],[126.91962403307106,37.62824333908189],[126.91963627491252,37.62821602089096],[126.91932972041043,37.62818547181139],[126.91921548028108,37.6282319727884],[126.9191235750803,37.62822078156164],[126.91853550593557,37.628492537128174],[126.9182200864918,37.628517695457234],[126.91703045889321,37.62872475050562],[126.91649139258654,37.629506728087314],[126.91620530218346,37.6297062415032],[126.91588035583851,37.629390240161634],[126.91583398452758,37.6294233264705],[126.915659893466,37.62989210519521],[126.91514965178666,37.630904946125526],[126.91617885129551,37.63209296808402],[126.91610633065383,37.63306711619166],[126.9147611181753,37.63357014183766],[126.9143911931487,37.633557606951165],[126.91395966730137,37.633423618431834],[126.91390944112243,37.63324407931076],[126.91367904735064,37.63301875362048],[126.91365842328801,37.63283079424978],[126.9138456641215,37.63256442421401],[126.91385780251845,37.63226107390544],[126.91397062035064,37.631860970198254],[126.91383418985421,37.631849246274285],[126.9137419125432,37.6319972263992],[126.91352373721826,37.63212601188976],[126.91346352050971,37.63243651610609],[126.91347398519088,37.63279455458006],[126.91326546156523,37.632816094351035],[126.91322261112322,37.63331765476436],[126.9130548415861,37.63328713911436],[126.91264160527236,37.63329538786383],[126.91225770853134,37.63319209827335],[126.91188475749344,37.63182415786193],[126.91152687574453,37.63179039609882],[126.9114245647737,37.63206298104565],[126.91161253754342,37.633140676159755],[126.9102474053265,37.63348155822949],[126.90993922424435,37.63340492552246],[126.90955427683971,37.633219096745],[126.90939878229177,37.6333597712724],[126.91071950827735,37.63415340325393],[126.9119368925505,37.63421206844914],[126.91224042320842,37.63488488741409],[126.91252996544675,37.634808937483996],[126.9128075818432,37.63467206277118],[126.91281746679644,37.63439073088428],[126.91324223006086,37.63428746401934],[126.91400232453915,37.6344447733469],[126.91470714284999,37.634517912824506],[126.91516869490381,37.634645523624954],[126.91599447461644,37.6345739207061],[126.91651161450753,37.635026224852005],[126.91649371261245,37.63547507903466],[126.91472775100077,37.63546253103727],[126.91469039949949,37.63562684187561],[126.91604783033468,37.636685085081716],[126.91576622275892,37.637966935493566],[126.91460580212804,37.639080559123954],[126.91399575326876,37.63921665124065],[126.91411001585915,37.640415684012424],[126.91453167995677,37.641754567826474],[126.91450695123963,37.642925431725025],[126.9137973637162,37.6432948472067],[126.912966800737,37.64360938829382],[126.91206645965775,37.64377966035775],[126.91217502668599,37.64414170084652],[126.91226035409609,37.644258640074256],[126.91247037923426,37.644173800679],[126.91250455167904,37.64422203770699],[126.9117748891486,37.64449504835691],[126.91118491147391,37.64476444048152],[126.91035042809979,37.645019441571336],[126.90991480845204,37.64525539414355],[126.90944119533948,37.64542567033426],[126.90877695449949,37.64581022721667],[126.9077048982092,37.64628978000586],[126.9072912824821,37.64694454994265],[126.9068882405164,37.647324267950005],[126.90709280725618,37.647194826490995],[126.90666076827341,37.647608694500796],[126.90662172321767,37.647571272608545],[126.90562488047122,37.648481352951414],[126.90480988519091,37.64912803860384],[126.9048017452438,37.649201010943564]]]}},{"type":"Feature","properties":{"layer":"zone_promo","id":"zone_promo_0070","name":"수색증산재정비촉진지구","category":"재정비촉진지구","color":"#c0392b","sido":"서울특별시","sigungu":"은평구","sgg_code":"11380","type_code":"UDA100","mgmt_no":"61100001138020220231UDA1000002001"},"geometry":{"type":"Polygon","coordinates":[[[126.88959792849198,37.58558201144127],[126.8896475882286,37.58563341466549],[126.88979909136896,37.58563693683938],[126.8897919508062,37.58571792864317],[126.88994422488176,37.585720865720226],[126.88993619133662,37.58586925938237],[126.88987352784493,37.58586731707485],[126.88992718970265,37.58592286849559],[126.89009499375592,37.58592850499357],[126.89007821656132,37.5860792059385],[126.8901264817016,37.58611720098325],[126.8901691530413,37.58635338941848],[126.89008998450382,37.586448368632716],[126.89000878597321,37.586446796322946],[126.88990780520444,37.5865077876728],[126.88994300051176,37.586541211447816],[126.88986955220504,37.58659619218466],[126.88970338933397,37.586642886127436],[126.88964371550743,37.586723287545034],[126.8895720073835,37.58697684682225],[126.89121185601473,37.58607722536529],[126.89147268839355,37.58632397831735],[126.8912854732446,37.5865977030837],[126.89137813379583,37.586642658627454],[126.89145398696552,37.586799140366956],[126.89130051793681,37.58699081686787],[126.89139036374743,37.58702540844458],[126.89129313346113,37.58716145651515],[126.89142136459479,37.587193741343],[126.89163121290977,37.58700509043843],[126.8916659605873,37.587012510856006],[126.89214125434162,37.58744886671803],[126.89257563707915,37.58774423282441],[126.89312045913151,37.58774329280612],[126.89337320685934,37.587693628089276],[126.89327240886794,37.58738674134762],[126.89317070069201,37.587247517951525],[126.89289745795469,37.58722943634781],[126.89291587507613,37.58703725519079],[126.89299173540785,37.586918340887294],[126.89327625815298,37.58672225948059],[126.89412558194286,37.58628452580471],[126.89417355986193,37.586382146123924],[126.89431313074739,37.58632298814392],[126.89425724300904,37.58621445877411],[126.89440034369294,37.586141068332054],[126.89481348514023,37.58685078801788],[126.89479910909124,37.58692807953234],[126.89570598428917,37.58646029361183],[126.8956339345579,37.586170382111824],[126.89541760776096,37.58582700264507],[126.89579799736293,37.585683907092445],[126.89581503731621,37.58572350262994],[126.89587218612904,37.58570211034257],[126.89598607564504,37.585828052809475],[126.89623659335301,37.58569177725322],[126.89618492263486,37.58536890816546],[126.89621169361416,37.58535638132614],[126.89624255625723,37.58539692615892],[126.89659617615278,37.58521444009976],[126.89658539463845,37.58517639992936],[126.89666313640329,37.585147394215035],[126.89672672551114,37.58522370106219],[126.89728756170092,37.585335766591946],[126.89718252597781,37.585598040694784],[126.89826734213912,37.58587207412399],[126.8982250482382,37.58593436727585],[126.89829107466383,37.585969058900886],[126.89819735224876,37.586067418541894],[126.8985971456326,37.586342117751904],[126.89883150877408,37.58592210239651],[126.89899340769806,37.58572654914141],[126.89921691481187,37.58563331088468],[126.89931190363876,37.585468512872325],[126.89928576478185,37.585375148168346],[126.89942975384744,37.58530968105433],[126.89961769638393,37.58516747875911],[126.89959741716909,37.585127412456565],[126.89970097102764,37.585048692635944],[126.89986616597719,37.585007236512325],[126.89982596625158,37.58492962705436],[126.89978354724818,37.58494376300359],[126.89967480160217,37.58490271945276],[126.89955581384719,37.584941827618536],[126.89948389927363,37.584874822272454],[126.89951346865084,37.58477736121522],[126.89949824528644,37.58464976853568],[126.89928500998714,37.58427126029945],[126.89922598406335,37.58405254000445],[126.89916933017793,37.58400347729054],[126.89923111927799,37.583774680538184],[126.89951239038464,37.58349318575237],[126.89964007102066,37.583512036510946],[126.89976657472879,37.583647023149766],[126.8998711083646,37.58362044403489],[126.89980870673836,37.583385593458225],[126.8996363010092,37.58328768785723],[126.89965244644151,37.5832370664017],[126.89981082259106,37.58324504153433],[126.90059184943922,37.583022808023934],[126.90059597454858,37.58281846801125],[126.90066530250321,37.58245227658646],[126.90091360789172,37.58226265076898],[126.90092459549076,37.58208994116594],[126.90086204849439,37.582045649450876],[126.9008389920134,37.58168046024965],[126.90080660140649,37.58168092816321],[126.90080158824247,37.58162891898478],[126.90085215300377,37.58140711237033],[126.90096613395949,37.5813401761623],[126.90130557844012,37.58131316492985],[126.90097950733305,37.581161071559016],[126.9010365478403,37.581090212533375],[126.90104410439919,37.58102724004972],[126.90099631068642,37.580872680275775],[126.90100078929099,37.58074132033753],[126.90075446539748,37.58072462230048],[126.9007056930502,37.58070872330757],[126.90069804697693,37.58066997438121],[126.9005426051752,37.5806727246817],[126.90057219695522,37.580472550903586],[126.90062870178505,37.58037907685962],[126.90062970167986,37.580309251297635],[126.9005955188645,37.5803043567552],[126.90061523621269,37.58020652652668],[126.90065669661384,37.58018755115135],[126.90068073537576,37.5800752187263],[126.90106349828834,37.58024294826031],[126.90102744018381,37.580285624309816],[126.90108929396361,37.58033928561462],[126.90235937794824,37.58069552794597],[126.90237587425855,37.58080537199081],[126.90227335947824,37.58102044129574],[126.90232746824107,37.581110405167074],[126.903021542406,37.58130037354809],[126.90323946743656,37.58156418363989],[126.90327900557685,37.5815434938746],[126.90373270017682,37.582021122746234],[126.90356149825007,37.58212621594776],[126.90358545979437,37.582156418851476],[126.90354909360839,37.58226180401027],[126.90356715218596,37.58230416532552],[126.90360114201674,37.5822843718371],[126.90384098264022,37.58241521346163],[126.90374681313654,37.582570105048546],[126.90378750515313,37.582619692956875],[126.90325135833109,37.58302577260437],[126.90327371506211,37.58315733511253],[126.90354573405556,37.58327045467819],[126.90341876849232,37.58356902595285],[126.9038521978845,37.583709758887245],[126.90412293801118,37.583850806606655],[126.90440546024085,37.58448353115476],[126.90439430955666,37.5847266799186],[126.90438441111203,37.584772793215286],[126.90434713730849,37.584783691491594],[126.90433669787456,37.58497595317141],[126.90419525539008,37.58526325095939],[126.9044827942572,37.58546359649868],[126.90490065797876,37.58556917432503],[126.90522248009306,37.58587679037848],[126.90523715702932,37.58604084472374],[126.90515839348511,37.58640766160845],[126.90521279878874,37.58656317098711],[126.90516244682534,37.58660083612368],[126.9052257913478,37.58666376756152],[126.90509460470477,37.586794699745],[126.90520664332206,37.587070015109305],[126.9059724069682,37.58731921916759],[126.90732192758543,37.587625755687824],[126.90755480083091,37.58772475230385],[126.90766952163159,37.58791012210538],[126.90769998427523,37.588085721246465],[126.90756536039879,37.58817832551716],[126.9077007952274,37.58832365397325],[126.9076972434432,37.588555492565625],[126.90761220179895,37.58866382242476],[126.90809670537479,37.588681019241065],[126.908438687991,37.588777181208336],[126.90863717325834,37.58909156499523],[126.90935270088724,37.589117830930114],[126.91004551855045,37.589262626501835],[126.9104015950296,37.589262901893804],[126.91025108508326,37.58939423928806],[126.91044241460644,37.589595396746674],[126.91073957709027,37.58926424347949],[126.91113677171603,37.58907173753431],[126.91286860773356,37.58871292722299],[126.91262991433075,37.587587057185836],[126.91243018925533,37.58711470037045],[126.91220798422154,37.58669674567654],[126.91164779798946,37.5869963305408],[126.910835647863,37.58604383665387],[126.90975723665744,37.58503173740972],[126.9097023305899,37.58502827097265],[126.90961627176397,37.58494738561783],[126.91014160213469,37.58457415478024],[126.90974263867336,37.584195971978545],[126.90932201910972,37.58448963577903],[126.90926383219146,37.58448454480171],[126.9090688754851,37.58429996055863],[126.90928982964266,37.5841517410832],[126.90884427802698,37.5837332447601],[126.90893764256928,37.58367250149356],[126.90879515850594,37.583537872516644],[126.90851358651013,37.58372514611322],[126.90835860663792,37.58371574375913],[126.90719602336586,37.58262039331732],[126.90719212079931,37.582662646429064],[126.90626193592281,37.58330204981953],[126.90630379493123,37.58341479688728],[126.90580666229953,37.58412761501488],[126.90572156357639,37.584087911636296],[126.90564855475706,37.58417307658264],[126.90523441510028,37.584345818828396],[126.90517929202643,37.58433559271979],[126.90488364797734,37.58401369926439],[126.90531250939286,37.58374924991125],[126.90450651434851,37.58287154389493],[126.90536069578974,37.582374475189575],[126.9053693572165,37.58232997354862],[126.90481403691305,37.581725138678934],[126.90490774522878,37.58167054358428],[126.90466195697506,37.58140336204838],[126.90468719821999,37.58131977126425],[126.90531028980018,37.5808990697832],[126.90537006103928,37.58090227193042],[126.90308616387664,37.57875454710261],[126.90205627218714,37.57962846041789],[126.90158483995707,37.57934599955933],[126.90140826977601,37.57916753578147],[126.9014929672103,37.579095105214336],[126.90145022831396,37.579029531256694],[126.90120731276937,37.57886447164789],[126.90085433302367,37.579115095856906],[126.9000691740439,37.57957662964895],[126.89970996675495,37.57982274011915],[126.8968633753493,37.58148157889541],[126.89389680114473,37.58327169294669],[126.89076181642815,37.584568464688836],[126.89019417966108,37.5848293065742],[126.8897935499095,37.585102467196506],[126.88946519639026,37.58539006578627],[126.88955201713658,37.585394004383275],[126.88972183937541,37.585540728589685],[126.88969481949256,37.58558264385523],[126.88959792849198,37.58558201144127]]]}},{"type":"Feature","properties":{"layer":"zone_promo","id":"zone_promo_0071","name":"북아현재정비촉진지구","category":"재정비촉진지구","color":"#c0392b","subtype":"입안","sido":"서울특별시","sigungu":"서대문구","sgg_code":"11410","type_code":"UDA100","notice_date":"20220421","mgmt_no":"31200001141020110347UDA1000001001"},"geometry":{"type":"Polygon","coordinates":[[[126.94783321156447,37.55885746665126],[126.94853464138926,37.55890476108005],[126.94907394672693,37.55901421079497],[126.94937677277923,37.55966940934464],[126.94980761188488,37.559831245335005],[126.94976557814469,37.56000986609522],[126.94979180074765,37.560224222966355],[126.94952463751498,37.56030951941842],[126.94947363128746,37.56040155103118],[126.94954446136828,37.560414835783796],[126.9494992118235,37.5604965355919],[126.94958856306269,37.560519207775236],[126.94956135302789,37.56058662584732],[126.94959528739425,37.56061500391905],[126.94986081922414,37.56066465678094],[126.94992477562595,37.560814987781974],[126.95014892969493,37.56107875101916],[126.95030665455569,37.56118395597004],[126.9503102330139,37.561214203731026],[126.95019182743634,37.56155408654114],[126.94995528170838,37.56186042791285],[126.94984041516281,37.56193948454035],[126.94974504308021,37.56224074252656],[126.94983295520267,37.562449224862874],[126.94983020089336,37.563257762166074],[126.9499012608398,37.563352018673854],[126.94992372332736,37.563572077009646],[126.94997752531374,37.563662974245354],[126.95012094458914,37.56375782079211],[126.95035949126421,37.56382697617805],[126.95060712017435,37.56380658571721],[126.95079267830427,37.563719377782554],[126.95091158176669,37.563715401385814],[126.95091704779107,37.56378353650577],[126.95099282448064,37.56381807682971],[126.95109507953494,37.563812660550596],[126.95104784478673,37.56356485942122],[126.95129384182816,37.56349530886736],[126.95167399946767,37.56352247260202],[126.95167627753487,37.56350089487966],[126.95187299331363,37.56367005733062],[126.95196193261691,37.56382590269699],[126.95244712573768,37.56401180815309],[126.95252216066609,37.56390147719271],[126.95268031472268,37.563970279154596],[126.95262451595256,37.56405444445663],[126.95279503868726,37.564127729298846],[126.9528783218797,37.56403873693291],[126.9529464475621,37.56405712713024],[126.95334369027734,37.56432738830129],[126.95353369044498,37.56415859334291],[126.95324119937531,37.56397829436688],[126.95200414728342,37.56352315210739],[126.95188487875309,37.56342964245211],[126.95183623879582,37.56331722362799],[126.95186406456567,37.56317315819238],[126.95226694831646,37.562323162711024],[126.95286321058859,37.561603627721134],[126.95289405263183,37.561586179255784],[126.95353053322033,37.56168699004564],[126.95574637906493,37.56223333766697],[126.95556738520702,37.562612926919755],[126.95515977208355,37.5630979501638],[126.95496708259314,37.563287992030325],[126.9538909970714,37.56404825876607],[126.95285642676556,37.564968809584535],[126.95280053886397,37.56515424604326],[126.9528997880379,37.565178739785644],[126.95378929686431,37.565064406861225],[126.95876431140734,37.56436113632315],[126.95881902450095,37.56462065890796],[126.95886241524663,37.564649073757344],[126.95818680479836,37.5652959808906],[126.95817623833088,37.56538464330398],[126.95845068770564,37.565771366951786],[126.9585708891413,37.56585766237167],[126.95867427991425,37.565829697210425],[126.95893142850512,37.56587565056095],[126.95896614855627,37.56592615447777],[126.95908367100107,37.56598768023312],[126.95912147906807,37.5660819822656],[126.95925607970933,37.56618771647561],[126.95927506007928,37.566250278900014],[126.95942507177269,37.56624562030726],[126.9594029867221,37.566208825070824],[126.9595380327571,37.56608674417161],[126.9596218600563,37.56590505356871],[126.9596720012701,37.565866689238085],[126.96025833732801,37.566094953814854],[126.96068746892348,37.566509882063734],[126.96093833568992,37.56660383353123],[126.9614773270071,37.566887756830205],[126.96163954326501,37.56688015333097],[126.96186559127543,37.56680073525731],[126.96235747944014,37.566930245329864],[126.96245604775095,37.56694687418861],[126.96252556329921,37.56691426336721],[126.9626469852782,37.566951460167424],[126.96268059715828,37.56687484216449],[126.9628713279005,37.56692881088734],[126.96292181239113,37.5667936070599],[126.96371984932165,37.56700764276485],[126.96413303259035,37.56715393265664],[126.96437667574959,37.56680915624222],[126.96450899438099,37.5665575336991],[126.964614198714,37.56626950258885],[126.96463111352439,37.565962144644885],[126.96452118903831,37.56535892540765],[126.96430409809298,37.56487599932313],[126.96414046747411,37.56466534151629],[126.96383724614098,37.56438583049421],[126.96261930075589,37.56357396890756],[126.96218957652762,37.56309228399208],[126.96195787634623,37.562602275780876],[126.9618569442101,37.56214504400859],[126.96194405476233,37.56087253405702],[126.96195687400342,37.55974576098063],[126.96200162962857,37.559694041149754],[126.9620866333487,37.55968188818932],[126.95988385150065,37.5579209496294],[126.95944756564536,37.55764453349431],[126.95941973284472,37.55766977831902],[126.95926553985882,37.55759366168242],[126.95899434548056,37.55751898038867],[126.95864532485582,37.557476886071555],[126.95591284490436,37.5575775660506],[126.94884276675461,37.55712117353396],[126.94847464784361,37.55808774375594],[126.94835297440811,37.55822755867602],[126.94802436101818,37.55847211905318],[126.94794433472659,37.558581156577354],[126.94788945851387,37.5587501393],[126.94783665788054,37.55878638914853],[126.94783321156447,37.55885746665126]]]}},{"type":"Feature","properties":{"layer":"zone_promo","id":"zone_promo_0072","name":"홍제재정비촉진지구","category":"재정비촉진지구","color":"#c0392b","sido":"서울특별시","sigungu":"서대문구","sgg_code":"11410","type_code":"UDA100","notice_date":"20240704","mgmt_no":"61100001141020240322UDA1000001001"},"geometry":{"type":"Polygon","coordinates":[[[126.94014829661926,37.591205735713885],[126.94031944299138,37.591310915412095],[126.94045885738677,37.591340639012905],[126.94048688241325,37.59129731614853],[126.94060507947844,37.59133931803415],[126.94065264944304,37.59137684155029],[126.94067615600554,37.59151510073859],[126.94071742627592,37.59155805391704],[126.94083374984515,37.59150956872996],[126.94081449078502,37.591480637223285],[126.94087446982657,37.591477280351484],[126.94086925381802,37.59141683962776],[126.94097052256033,37.59162817249174],[126.94167638347966,37.59173794801103],[126.9418191030242,37.59184158844784],[126.94213551950176,37.59232332424894],[126.94237015810651,37.592571933557245],[126.94256398361583,37.592886744361316],[126.94337621891351,37.59312248434689],[126.9435235509494,37.59270204941591],[126.94396387798119,37.59196316938972],[126.94362204610707,37.59207685962922],[126.94177052741084,37.591488756350465],[126.94199008765489,37.59107418011641],[126.94239987838311,37.590570672573826],[126.94295750314731,37.59000690705655],[126.94303656131153,37.59016013168243],[126.9439594622622,37.590257423156274],[126.94430769183805,37.59047177453746],[126.94512462906975,37.58961048382439],[126.94567531282355,37.58932844904475],[126.94560067102154,37.58907748940963],[126.94573211309496,37.588742223017796],[126.94586682205792,37.58874697172575],[126.94670266914584,37.58769394910058],[126.94680620783105,37.5876040337668],[126.94719261881305,37.587060494685765],[126.94735327968702,37.58676178377687],[126.94688124655822,37.586556429902394],[126.94668910522908,37.58615032977946],[126.94594591491924,37.585691957294294],[126.94562860140171,37.5860966923177],[126.94558587728903,37.58610559183721],[126.94541821362283,37.58602738783122],[126.94527865978266,37.58605811710794],[126.94524551156962,37.586130351329565],[126.94527034610536,37.58636361025894],[126.94528441902749,37.586469266505546],[126.94534655867322,37.5865833428142],[126.9451506925325,37.58665356234237],[126.94522432993213,37.58675967949153],[126.94519449599444,37.58676036802882],[126.94517891102713,37.586813293477306],[126.94517017345595,37.5869444907825],[126.94512586054546,37.586927585157625],[126.94501156757083,37.5870288913435],[126.94503830440436,37.587051527878806],[126.94470882194874,37.58720078916437],[126.94449728792041,37.58735474663372],[126.94447386603096,37.58723149856069],[126.94406566789354,37.58728115210587],[126.94407777883644,37.58735958876154],[126.9440505873371,37.587398416998624],[126.94390156335164,37.58732860810048],[126.943823735694,37.58738698996749],[126.9431586725529,37.58795824801587],[126.94320372291844,37.58814758526604],[126.94312411417563,37.58823764441793],[126.94125819969922,37.589829494809976],[126.94163358676266,37.59005222909148],[126.94162788538654,37.590102320951964],[126.94151376998482,37.590224346432066],[126.94128637278958,37.59027558674847],[126.94103685628195,37.59051629237973],[126.94091463459546,37.590579659014814],[126.94072419631699,37.59047340707054],[126.94014829661926,37.591205735713885]]]}},{"type":"Feature","properties":{"layer":"zone_promo","id":"zone_promo_0073","name":"북아현재정비촉진지구","category":"재정비촉진지구","color":"#c0392b","sido":"서울특별시","sigungu":"서대문구","sgg_code":"11410","type_code":"UDA100","notice_date":"20220602","mgmt_no":"61100001141020220241UDA1000001001"},"geometry":{"type":"Polygon","coordinates":[[[126.94783321156447,37.55885746665126],[126.94853464138926,37.55890476108005],[126.94907394672693,37.55901421079497],[126.94937677277923,37.55966940934464],[126.94980761188488,37.559831245335005],[126.94976557814469,37.56000986609522],[126.94979180074765,37.560224222966355],[126.94952463751498,37.56030951941842],[126.94947363128746,37.56040155103118],[126.94954446136828,37.560414835783796],[126.9494992118235,37.5604965355919],[126.94958856306269,37.560519207775236],[126.94956135302789,37.56058662584732],[126.94959528739425,37.56061500391905],[126.94986081922414,37.56066465678094],[126.94992477562595,37.560814987781974],[126.95014892969493,37.56107875101916],[126.95030665455569,37.56118395597004],[126.9503102330139,37.561214203731026],[126.95019182743634,37.56155408654114],[126.94995528170838,37.56186042791285],[126.94984041516281,37.56193948454035],[126.94978725381975,37.56208630446734],[126.94974471691062,37.56225412207142],[126.94983295520267,37.562449224862874],[126.94982754160115,37.56284741459066],[126.94974324854459,37.56293673774516],[126.94969769304367,37.56304974682597],[126.94977815711218,37.563129240329275],[126.94977719398648,37.56317987548578],[126.9499012608398,37.563352018673854],[126.94992372332736,37.563572077009646],[126.94997752531374,37.563662974245354],[126.95012094458914,37.56375782079211],[126.9501521136224,37.56384332918766],[126.95030954552402,37.56388896958813],[126.95035949126421,37.56382697617805],[126.95045959581287,37.5638713842003],[126.95046752705784,37.56380948068663],[126.95060712017435,37.56380658571721],[126.95079267830427,37.563719377782554],[126.95091158176669,37.563715401385814],[126.95091704779107,37.56378353650577],[126.95099282448064,37.56381807682971],[126.95109507953494,37.563812660550596],[126.95104784478673,37.56356485942122],[126.95129384182816,37.56349530886736],[126.95167399946767,37.56352247260202],[126.95167627753487,37.56350089487966],[126.95187299331363,37.56367005733062],[126.95196193261691,37.56382590269699],[126.95244712573768,37.56401180815309],[126.95252216066609,37.56390147719271],[126.95268031472268,37.563970279154596],[126.95261759348696,37.56406490206991],[126.95278475428194,37.56413871711782],[126.9528783218797,37.56403873693291],[126.9529464475621,37.56405712713024],[126.95334369027734,37.56432738830129],[126.95353369044498,37.56415859334291],[126.95324119937531,37.56397829436688],[126.95200414728342,37.56352315210739],[126.95188487875309,37.56342964245211],[126.95183623879582,37.56331722362799],[126.95186406456567,37.56317315819238],[126.95226694831646,37.562323162711024],[126.95289405263183,37.561586179255784],[126.95360486054646,37.56170341823375],[126.95574637906493,37.56223333766697],[126.95556738520702,37.562612926919755],[126.95515977208355,37.5630979501638],[126.95496708259314,37.563287992030325],[126.9538909970714,37.56404825876607],[126.95285642676556,37.564968809584535],[126.95280053886397,37.56515424604326],[126.9528997880379,37.565178739785644],[126.95378929686431,37.565064406861225],[126.95876431140734,37.56436113632315],[126.95881902450095,37.56462065890796],[126.95886241524663,37.564649073757344],[126.95818680479836,37.5652959808906],[126.95817623833088,37.56538464330398],[126.95845068770564,37.565771366951786],[126.9585708891413,37.56585766237167],[126.95867427991425,37.565829697210425],[126.95893142850512,37.56587565056095],[126.95896614855627,37.56592615447777],[126.95908367100107,37.56598768023312],[126.95912147906807,37.5660819822656],[126.95925607970933,37.56618771647561],[126.95927506007928,37.566250278900014],[126.95942507177269,37.56624562030726],[126.9594029867221,37.566208825070824],[126.9595380327571,37.56608674417161],[126.9596218600563,37.56590505356871],[126.9596720012701,37.565866689238085],[126.96025833732801,37.566094953814854],[126.96068746892348,37.566509882063734],[126.96093833568992,37.56660383353123],[126.9614773270071,37.566887756830205],[126.96163954326501,37.56688015333097],[126.96186559127543,37.56680073525731],[126.96235747944014,37.566930245329864],[126.96245604775095,37.56694687418861],[126.96252556329921,37.56691426336721],[126.9626469852782,37.566951460167424],[126.96268059715828,37.56687484216449],[126.9628713279005,37.56692881088734],[126.96292181239113,37.5667936070599],[126.96371984932165,37.56700764276485],[126.96413303259035,37.56715393265664],[126.96437667574959,37.56680915624222],[126.96450899438099,37.5665575336991],[126.964614198714,37.56626950258885],[126.9646377003198,37.56610145755229],[126.96457796572327,37.56560728268257],[126.96447929448323,37.565229611389306],[126.9643532596543,37.564957914682836],[126.96419682964317,37.56474271824007],[126.96427397730766,37.56469773821295],[126.964292091111,37.56455326136692],[126.96524483636864,37.56448237980022],[126.96544325817979,37.56456261057491],[126.96518526054771,37.56419170249121],[126.96510454616158,37.56431146409023],[126.9639137293756,37.56440140594515],[126.96383724614098,37.56438583049421],[126.96274436710357,37.56366666774516],[126.96239819537527,37.563355649305635],[126.96218957652762,37.56309228399208],[126.96202824750426,37.56276410796292],[126.96193363895152,37.56252589081356],[126.9618569442101,37.56214504400859],[126.96194405476233,37.56087253405702],[126.96195687400342,37.55974576098063],[126.96200162962857,37.559694041149754],[126.9620866333487,37.55968188818932],[126.96163497810709,37.55930678969373],[126.96142492364483,37.55923521602218],[126.96107768823923,37.55895095251341],[126.96097632379292,37.55895552181004],[126.96055034321824,37.55883555216781],[126.96040585035817,37.55873087902751],[126.96004533661046,37.558605614496635],[126.95984853029974,37.558569406510756],[126.9597749882753,37.558588823891924],[126.95975133007784,37.55843407054607],[126.95981454636247,37.55840126983542],[126.95980752127349,37.55833462114482],[126.9594285610333,37.55833296399614],[126.95940467734698,37.55825853372895],[126.95945937171123,37.5580037353026],[126.95933680049392,37.55774500840106],[126.95941973284472,37.55766977831902],[126.95926553985882,37.55759366168242],[126.95899434548056,37.55751898038867],[126.95849266465902,37.5574730103465],[126.95643595391574,37.557577802972816],[126.95591284490436,37.5575775660506],[126.94884276675461,37.55712117353396],[126.94847464784361,37.55808774375594],[126.94835297440811,37.55822755867602],[126.94802436101818,37.55847211905318],[126.94794433472659,37.558581156577354],[126.94788945851387,37.5587501393],[126.94783665788054,37.55878638914853],[126.94783321156447,37.55885746665126]]]}},{"type":"Feature","properties":{"layer":"zone_promo","id":"zone_promo_0074","name":"가재울9재정비촉진구역","category":"재정비촉진지구","color":"#c0392b","sido":"서울특별시","sigungu":"서대문구","sgg_code":"11410","type_code":"UDA100","notice_date":"20210506","mgmt_no":"61100001141020210214UDA1000001001"},"geometry":{"type":"Polygon","coordinates":[[[126.91372662512858,37.57016720800176],[126.91386323353335,37.57044299370697],[126.91433564440894,37.5705865104326],[126.91445903857381,37.570518459793526],[126.91449594557957,37.570309520938736],[126.91412484288318,37.56992592161195],[126.91372662512858,37.57016720800176]]]}},{"type":"Feature","properties":{"layer":"zone_promo","id":"zone_promo_0075","name":"가재울재정비촉진지구","category":"재정비촉진지구","color":"#c0392b","sido":"서울특별시","sigungu":"서대문구","sgg_code":"11410","type_code":"UDA100","notice_date":"20241227","mgmt_no":"61100001141020240647UDA1000001001"},"geometry":{"type":"Polygon","coordinates":[[[126.9062897267657,37.574370775321164],[126.90741856732609,37.57545042307788],[126.90743855977871,37.57541374181812],[126.9097381965422,37.57766940618222],[126.90992153951791,37.57786797282957],[126.91152615082126,37.57995434152567],[126.91262172707664,37.579418688378944],[126.91282455702002,37.57957647749151],[126.91286564935535,37.57950219501298],[126.91299945212089,37.57952979351685],[126.91303792658532,37.57948636779342],[126.91331336785521,37.57960745923664],[126.91339939477085,37.57941581162996],[126.9142937621561,37.57823495837001],[126.91440440560046,37.578695939661976],[126.91477132766435,37.57865260210846],[126.91495145041428,37.57906480043228],[126.91507717761213,37.579242594087496],[126.91615544515324,37.579597159960244],[126.91635858858413,37.57969541506729],[126.91675994766874,37.57943671541529],[126.91966270755984,37.57790771761546],[126.92017810465906,37.577728597331806],[126.92092185979067,37.57758994105197],[126.92095747463907,37.57750562400654],[126.92000831932036,37.57674083670491],[126.921007824328,37.57594282482174],[126.9216858832665,37.574878183598415],[126.92218481669994,37.574027762888456],[126.92268747554418,37.57333730370598],[126.9212217540744,37.57213847128735],[126.91656592489906,37.568708522631475],[126.91640931712854,37.56871379775032],[126.91349606639423,37.570151233010364],[126.91208821031633,37.5708120765346],[126.91191078048185,37.570865154327514],[126.91023490753635,37.5717083840634],[126.90823397941523,37.572653469394105],[126.90790043142862,37.5728594864027],[126.90762598929035,37.573078388549156],[126.90629142629881,37.57428067799341],[126.9062897267657,37.574370775321164]]]}},{"type":"Feature","properties":{"layer":"zone_promo","id":"zone_promo_0076","name":"아현재정비촉진지구","category":"재정비촉진지구","color":"#c0392b","sido":"서울특별시","sigungu":"마포구","sgg_code":"11440","type_code":"UDA100","notice_date":"20240816","mgmt_no":"61100001144020240396UDA1000001002"},"geometry":{"type":"Polygon","coordinates":[[[126.95038578350274,37.547710689676705],[126.9504158326408,37.547736570144856],[126.95052628044557,37.547782153989786],[126.95050600051518,37.54770133531989],[126.95045008161414,37.5476606494123],[126.95038578350274,37.547710689676705]]]}},{"type":"Feature","properties":{"layer":"zone_promo","id":"zone_promo_0077","name":"재정비촉진지구 (서울특별시 11440)","category":"재정비촉진지구","color":"#c0392b","sido":"서울특별시","sigungu":"마포구","sgg_code":"11440","type_code":"UDA100","notice_date":"20240820","mgmt_no":"61100001144020240396UDA1000001001"},"geometry":{"type":"Polygon","coordinates":[[[126.94385046298245,37.55009799945691],[126.94405995948348,37.55045784922528],[126.94427168578798,37.55118967372858],[126.94447965492968,37.551525970049624],[126.9448493444334,37.55191828621608],[126.94563445135013,37.55251081843754],[126.94583620620305,37.552801221909036],[126.94590438297237,37.55303937681743],[126.94591313696823,37.55327496291666],[126.94589033688791,37.55439701854216],[126.94744018785819,37.55442964256777],[126.94786631710818,37.554530486577235],[126.94817147293536,37.5546872259502],[126.94838470467636,37.55487042132513],[126.94881489819934,37.55537641198176],[126.94867748592316,37.55550245314784],[126.94854746173097,37.555790693700295],[126.94853465623433,37.55647005244823],[126.949310657521,37.556516799083134],[126.94933927710058,37.556536092918684],[126.94933959928507,37.55678820806587],[126.94990837294274,37.55681501921825],[126.9499167185253,37.556660593191665],[126.94996800928723,37.556627459165085],[126.95208854614793,37.55667422628477],[126.95214123219095,37.55620591373442],[126.95219105170843,37.55617079594594],[126.95376750981343,37.556247577638324],[126.95457985435783,37.55632690215697],[126.95460474963326,37.556096907316174],[126.9549439809474,37.5556518624076],[126.95515578101744,37.5553821893108],[126.95540188937939,37.555265787656346],[126.95559189018526,37.55458979467979],[126.95565765140907,37.554169111821324],[126.95571267530416,37.55413147178208],[126.95640206247379,37.55409699500431],[126.95647533497203,37.554124647341546],[126.95634963782078,37.55391631738262],[126.95610415103015,37.55337244847082],[126.95589766626117,37.55345886396161],[126.95583316944243,37.553442891494896],[126.95580763047306,37.55338179445794],[126.95522847065884,37.5529134682356],[126.9551971130511,37.5527649006172],[126.95524986320413,37.55257798377343],[126.95489241059566,37.55141511470321],[126.95451189963225,37.550911346025416],[126.95371043113855,37.55134805886561],[126.95364299059759,37.55133785034668],[126.95331392318329,37.55077973286191],[126.95334157142044,37.55072397281062],[126.9543357066847,37.550417343546194],[126.95418730030141,37.55011631714171],[126.95414011829564,37.550104414150155],[126.95416438745649,37.55009378318151],[126.95391097429831,37.54954890608498],[126.95332743082287,37.54843094483383],[126.9532961573242,37.548318668560135],[126.95222763221496,37.54685213426957],[126.95221826668461,37.54681158574427],[126.95231765332186,37.54658962289278],[126.95217913952071,37.54660046709906],[126.95125923869901,37.54533174430163],[126.95068416780046,37.54557444154938],[126.95054400261172,37.54558665263656],[126.9503512131917,37.54550820100784],[126.94993286459291,37.54494167364106],[126.94971553367553,37.544487316471596],[126.9462573589657,37.54598444042065],[126.94633481769476,37.54610454277738],[126.94632709883803,37.54616792392536],[126.94672365970949,37.54655814782229],[126.94705380242793,37.546945096179726],[126.94721781281007,37.54719898098806],[126.9473609769982,37.5474885352568],[126.94745361539621,37.54817062811189],[126.9465068592085,37.54812782625469],[126.9463100183663,37.54821537380997],[126.9461345070782,37.548457162714726],[126.94595989742001,37.5486108798869],[126.94596772455824,37.54873783322272],[126.94588215147068,37.54892024364049],[126.94564074207295,37.54896535940948],[126.94561536512668,37.54900354942157],[126.9456991928005,37.549190004131944],[126.9458824553856,37.54942488888576],[126.94582208482448,37.549452529861945],[126.9458549788376,37.54954730259814],[126.94557868881508,37.54951880884151],[126.94512162122611,37.54954936929069],[126.9449829156236,37.549745610884585],[126.94501350726169,37.55008583070281],[126.94495161140149,37.550243915965815],[126.94400948369393,37.550036223980534],[126.94385046298245,37.55009799945691]],[[126.95030933023322,37.548871430579545],[126.94958074107741,37.54876280423294],[126.94997204931484,37.547606193029985],[126.94927676287955,37.54702998281202],[126.94868185076494,37.54619289526345],[126.9494636533803,37.54581521343379],[126.94971858092681,37.54566003962459],[126.94993136119608,37.54576050323383],[126.95014082793496,37.545908357174724],[126.9504311293995,37.54616499541996],[126.95050963357252,37.54637180691431],[126.95065147118277,37.54646512071728],[126.95066943308042,37.54650981763171],[126.95079638671899,37.54652554948078],[126.95076511515998,37.546584100492446],[126.95094951881275,37.54681906807982],[126.95102715282077,37.54697695500035],[126.95105677587188,37.54718158281376],[126.95094229860803,37.54745651641039],[126.95095246064037,37.547489677244165],[126.95072274370996,37.54782519792644],[126.95059840455426,37.54812166060741],[126.95059393616313,37.54820265779403],[126.95053497077146,37.54821479573301],[126.95040328021436,37.548718627144446],[126.95037066081728,37.548710900536115],[126.95036887110211,37.54884595833512],[126.95030933023322,37.548871430579545]]]}},{"type":"Feature","properties":{"layer":"zone_promo","id":"zone_promo_0078","name":"재정비촉진지구 (서울특별시 11440)","category":"재정비촉진지구","color":"#c0392b","sido":"서울특별시","sigungu":"마포구","sgg_code":"11440","type_code":"UDA100","notice_date":"20211223","mgmt_no":"61100001144020210716UDA1000001001"},"geometry":{"type":"Polygon","coordinates":[[[126.90992837595468,37.54880903828406],[126.9106210847737,37.54933359883995],[126.91163974032557,37.549507576024276],[126.91097205765291,37.551665244936785],[126.91238115385396,37.551882707899416],[126.91418009338604,37.552239132485234],[126.91494675949863,37.551553142288434],[126.91516904159509,37.55128790024952],[126.91548846549088,37.55082405114355],[126.91599394468841,37.550355677910524],[126.91602740130769,37.55029173179422],[126.91499695759191,37.549509155530366],[126.91505271134285,37.54946178622822],[126.91489233845316,37.54934253066771],[126.91503143109811,37.549221710632736],[126.91466637424665,37.54811356616353],[126.9134794127454,37.54834552131709],[126.91339854157144,37.54803324957753],[126.91311490299758,37.5480716270287],[126.91286716830929,37.54819761609771],[126.91255579080293,37.54766646392266],[126.91235640925014,37.54770768706253],[126.91189658900895,37.54810725288852],[126.91170604779124,37.54800368336214],[126.91130783844616,37.54762414367046],[126.90992837595468,37.54880903828406]]]}},{"type":"Feature","properties":{"layer":"zone_promo","id":"zone_promo_0079","name":"재정비촉진지구 (서울특별시 11470)","category":"재정비촉진지구","color":"#c0392b","sido":"서울특별시","sigungu":"양천구","sgg_code":"11470","type_code":"UDA100","mgmt_no":"15000001147000000000UDA1000001001"},"geometry":{"type":"Polygon","coordinates":[[[126.83974414070673,37.516945145605],[126.83979169838946,37.51702693098971],[126.84118711562567,37.51748428631544],[126.84179258185101,37.51782063715514],[126.84370106076341,37.519219744624756],[126.84690853594485,37.52200328483327],[126.84719218818866,37.52219583790045],[126.84759696912423,37.52234638165011],[126.84803917338654,37.522397142460875],[126.85012683812711,37.52223360320871],[126.85047288861587,37.52217259841267],[126.85085102672411,37.52201820040459],[126.85236051630717,37.52099928931892],[126.85474798014339,37.51559128164454],[126.85480356003814,37.5155179015316],[126.85456924705,37.51543210579489],[126.85443504523155,37.51545815774063],[126.85412782353927,37.515750688455384],[126.85396428374827,37.515855089863486],[126.8518337020465,37.51556904616194],[126.85252923315957,37.51568038752624],[126.8525187883367,37.51604113294589],[126.85226634340549,37.516035345204166],[126.85225761341106,37.51640336377731],[126.85198641405479,37.516397092229404],[126.85177458105825,37.5168528266452],[126.85056468366896,37.51651381886609],[126.8503335481635,37.51703498331918],[126.85029529477299,37.51706769454117],[126.85027083102865,37.51702702833247],[126.84923484302352,37.51673602729677],[126.84924506005609,37.51666224895097],[126.84897610583191,37.51664739590989],[126.84869637229157,37.51673224146346],[126.84856477481816,37.516505407740866],[126.84850966735442,37.51651578791747],[126.84852631568567,37.51691017513049],[126.84842924512468,37.51695807241397],[126.848458959348,37.516919728521415],[126.848431225405,37.51626547987105],[126.848569295893,37.51595283312269],[126.84794444567943,37.51596058186007],[126.8475290163296,37.5157791211442],[126.84679999885593,37.51578303390724],[126.84615899955773,37.515451437159655],[126.84478615511898,37.515562157928336],[126.84440963667407,37.51506142505671],[126.84316034332406,37.51478378193456],[126.84305700339515,37.5150200465598],[126.84202940563138,37.51470333318403],[126.84201520586873,37.51467880693218],[126.84216882205797,37.5143274277624],[126.8416440096258,37.514186001139684],[126.8415923072207,37.514085199841674],[126.84141919542769,37.51448104301442],[126.84136791593093,37.51449998450933],[126.84087892206645,37.5143497552712],[126.83974414070673,37.516945145605]]]}},{"type":"Feature","properties":{"layer":"zone_promo","id":"zone_promo_0080","name":"방화 재정비촉진지구","category":"재정비촉진지구","color":"#c0392b","sido":"서울특별시","sigungu":"강서구","sgg_code":"11500","type_code":"UDA100","mgmt_no":"61100001150020220364UDA1000001001"},"geometry":{"type":"Polygon","coordinates":[[[126.80610277350772,37.56574143650485],[126.80658380991845,37.56577639712548],[126.8070681639121,37.56590688391756],[126.80698428078989,37.56589796111281],[126.8071753492298,37.56606520167243],[126.80771929558911,37.56711052906579],[126.8076914508436,37.567875042903346],[126.81185441367785,37.567857477109264],[126.81189527611018,37.566714136071184],[126.81203140286622,37.56668970361062],[126.8120473444669,37.566741535956936],[126.81230303564254,37.56670267197387],[126.81228209475343,37.56657772554782],[126.81253627536753,37.5665182260295],[126.81258243083023,37.566671801087764],[126.81271324619195,37.56662594287521],[126.81443891820827,37.5666436101795],[126.81445676443781,37.566617933290196],[126.81505609289155,37.56662122388716],[126.81511048238305,37.56666580953026],[126.81520742690583,37.5666666382891],[126.81520652508671,37.56673332794024],[126.81523666664782,37.56668363199558],[126.8153089666428,37.566703955188515],[126.81546812656866,37.56658838419008],[126.81556472522391,37.56664635272117],[126.81564637053893,37.56656357243616],[126.81574221444171,37.566633802070555],[126.81582821715,37.56654653258914],[126.81597608277754,37.56663052082576],[126.81605953946023,37.56655197774092],[126.81616802370509,37.56662352430642],[126.81633249669137,37.56649181478828],[126.81630061104005,37.565819889517186],[126.81654011501459,37.56563291367348],[126.81676246485145,37.565567147363005],[126.81676095707205,37.565201452219156],[126.81684362972142,37.56512774563416],[126.81762794747313,37.565123014269425],[126.81748900346543,37.56530074281316],[126.81885026842605,37.56474582117161],[126.81878828600925,37.562688842355165],[126.81821161350702,37.56312008928054],[126.8179581892376,37.56325614115836],[126.81789254391214,37.56331550427804],[126.81783913942685,37.56345091175124],[126.81776349923099,37.563515052502645],[126.8176087273131,37.56359934219825],[126.81756211597182,37.56358170933546],[126.81744145892785,37.56369304554895],[126.81727137811035,37.56378419447684],[126.8167855234195,37.5642644005415],[126.8166151560316,37.56447981227321],[126.81656419644538,37.564453666886344],[126.81640327383074,37.56458884213719],[126.81628223139067,37.56460305008087],[126.81624643680243,37.56218720250905],[126.81493666056679,37.562139712217],[126.81472878597243,37.56207776498079],[126.81441464597668,37.56299304065969],[126.81444952428537,37.563031216717775],[126.81397006176691,37.56312797901508],[126.81381444970131,37.5631938732443],[126.81116790538324,37.56449177957311],[126.81094238019428,37.564190485936045],[126.81064863708158,37.56436069452153],[126.81055860470491,37.56429147923924],[126.81034297741995,37.56449418585491],[126.81032381825841,37.56445749365016],[126.81022724529886,37.564418729912596],[126.81013690429974,37.5645764815701],[126.80992926593628,37.56451402173635],[126.80989600546212,37.56457398253684],[126.80985616492468,37.564542680634794],[126.80966999509049,37.564587391614026],[126.8065975326921,37.56421944153553],[126.80610277350772,37.56574143650485]]]}},{"type":"Feature","properties":{"layer":"zone_promo","id":"zone_promo_0081","name":"재정비촉진구역/도마변동9구역","category":"재정비촉진지구","color":"#c0392b","sido":"대전광역시","sgg_code":"30170","type_code":"UDA100","mgmt_no":"63000003017020150054UDA1000009001"},"geometry":{"type":"Polygon","coordinates":[[[127.38142748208931,36.31251542717805],[127.38301383280213,36.311865711000344],[127.38271332878016,36.31138347789635],[127.38333579714916,36.311101099912875],[127.38324963672738,36.31099827169728],[127.38303861904456,36.31110932120639],[127.38294903413949,36.31100058298557],[127.38256880150576,36.3111549682503],[127.38205584365402,36.31034059762513],[127.38287609243966,36.30990575332488],[127.38297806965492,36.31003297122162],[127.38367385824944,36.309654787880774],[127.38350117406058,36.30945172836062],[127.38112181051886,36.31072919792086],[127.3804789781246,36.31096457863735],[127.37995302867549,36.31111362289079],[127.38001842562397,36.31231205009123],[127.38010672492342,36.31231202280677],[127.38101934385371,36.31193876436043],[127.38107434155113,36.311953143717574],[127.38142748208931,36.31251542717805]]]}},{"type":"Feature","properties":{"layer":"zone_promo","id":"zone_promo_0082","name":"영등포재정비촉진지구","category":"재정비촉진지구","color":"#c0392b","sido":"서울특별시","sigungu":"영등포구","sgg_code":"11560","type_code":"UDA100","mgmt_no":"61100001156020240335UDA1000001001"},"geometry":{"type":"Polygon","coordinates":[[[126.90503318630728,37.52047698966293],[126.90517129841191,37.52169646420146],[126.90709966077998,37.52158512670565],[126.90715234464064,37.52161843354601],[126.90716268143582,37.5216743125093],[126.90714412100299,37.52239962571095],[126.90542890923258,37.522658414128685],[126.90544752924573,37.52272900420667],[126.90531159915516,37.52293285178409],[126.90555418803879,37.52504691788521],[126.90625540108583,37.524941159146486],[126.9061820494841,37.524772641004944],[126.9073037976941,37.524690325232605],[126.9072943570647,37.52474001656517],[126.90738754454459,37.524780581564876],[126.90716402878613,37.52510500454308],[126.90700616290461,37.52519293252601],[126.90728707776266,37.52515799115557],[126.90933566517005,37.522160448345254],[126.90889108636134,37.52196636859313],[126.9094853310877,37.521198194165805],[126.90879858721489,37.520850575719585],[126.90863866398415,37.5208274837087],[126.90838624843852,37.52087249689983],[126.90815321710527,37.51990408537496],[126.90818540554521,37.51986280017534],[126.908143551682,37.51986277610706],[126.90803857093195,37.51944191019933],[126.90557401803285,37.5199589794836],[126.90503318630728,37.52047698966293]]]}},{"type":"Feature","properties":{"layer":"zone_promo","id":"zone_promo_0083","name":"재정비촉진지구 (서울특별시 11560)","category":"재정비촉진지구","color":"#c0392b","sido":"서울특별시","sigungu":"영등포구","sgg_code":"11560","type_code":"UDA100","mgmt_no":"61100001156020240630UDA1000001001"},"geometry":{"type":"Polygon","coordinates":[[[126.90339873468017,37.50398040636383],[126.90345329734765,37.50420079968094],[126.90661693542721,37.50552493075474],[126.90706234453593,37.50566021210458],[126.90738090910216,37.50572032865988],[126.90758231996637,37.50574165341522],[126.90753987173157,37.50567171125557],[126.90757228252616,37.505547633630464],[126.90810903274664,37.50543626347203],[126.90931414239323,37.505560106260944],[126.90965160565571,37.505528915338964],[126.91035098053578,37.505375458613614],[126.91019713211661,37.50521068247125],[126.90999597502076,37.50487083266482],[126.90984524728763,37.50449540519955],[126.90987190906954,37.50444489793183],[126.91013534433122,37.50443379447809],[126.91018304109964,37.50445798711302],[126.91065395803003,37.50538268377696],[126.910940815373,37.50533698021468],[126.91096777778091,37.50539304293601],[126.91112761958011,37.50536316212396],[126.91253032597001,37.505009504277645],[126.91259488483412,37.50502559064826],[126.91268587123349,37.505177927706185],[126.91266536233279,37.50521990778366],[126.91403568060733,37.50477799099787],[126.91467956741721,37.50461364653241],[126.91468788581552,37.50457927958203],[126.91588981174587,37.50429961319007],[126.91507329891726,37.50381872362483],[126.91491817485743,37.50356736674992],[126.914721210737,37.50333247620123],[126.9144522990739,37.50287252608116],[126.91430073135483,37.50278543193257],[126.9142663883561,37.50269511755961],[126.91479468560321,37.50212175997077],[126.91571057132657,37.502418316529486],[126.91613809385557,37.50244842228119],[126.91607886980115,37.50261503708142],[126.91602448600142,37.50315845272223],[126.91621717834528,37.50383116895343],[126.9162263596981,37.50401181664649],[126.91613368165339,37.50423753975954],[126.91607360957634,37.504521824204254],[126.9156824227596,37.504621344149584],[126.91577490328346,37.50464907193858],[126.91603552656741,37.505001280624306],[126.91607415697504,37.505242325452606],[126.91606399780855,37.50552288877269],[126.91596120671163,37.50580789001664],[126.91576193445626,37.506000919409836],[126.91509898122428,37.50627307815736],[126.91524118390075,37.50633805391661],[126.91511327604198,37.50682332776531],[126.91510323684969,37.50709461073979],[126.91514523677111,37.50759978561497],[126.91510185476895,37.507704936312834],[126.91498788570233,37.50777171589667],[126.91521727212992,37.50787325489651],[126.91541310974165,37.50801746726072],[126.91530038842863,37.50808090535213],[126.91535063718294,37.5081514900973],[126.91538355688533,37.508145117024284],[126.9154875172326,37.50832431102391],[126.91526475455967,37.508381992606665],[126.91531438679597,37.50849708617381],[126.91531070628392,37.5086487213092],[126.91534800465249,37.50867064275224],[126.91551543075651,37.5086396803582],[126.91552498149109,37.50879312712287],[126.91512569587753,37.50882419049372],[126.91513352179288,37.50900151244627],[126.91479323886725,37.509043655036834],[126.91454056148126,37.50901054683493],[126.91450061590508,37.509184094502814],[126.91447883690786,37.50918017714093],[126.91441130397152,37.509325692446346],[126.91438589484079,37.50943811813645],[126.91441056301667,37.509447479667735],[126.91434012264929,37.50972942174462],[126.91398758485788,37.51079039122916],[126.91400890520977,37.510829086817594],[126.91583744876031,37.511207224074816],[126.91576932847627,37.51168891957118],[126.91594316114777,37.51171899475572],[126.91591497201274,37.511682033467906],[126.91605761083137,37.51123517029456],[126.91639806992386,37.51133488614749],[126.91652275151701,37.51118075230879],[126.91668560130202,37.511100410356335],[126.91697082169938,37.51081742253243],[126.9169955910283,37.510667541414485],[126.91696714726967,37.51050524251583],[126.91717649677287,37.51053153008903],[126.91740251201068,37.50939391228578],[126.91694627665527,37.509344779534516],[126.91688579928201,37.508955226176745],[126.91738056111798,37.50896854494472],[126.91742725093569,37.509007780573334],[126.91743154314254,37.50886158783706],[126.9175998010752,37.50886513127167],[126.91763505713554,37.50832746823247],[126.91763571714745,37.50763649390198],[126.91757326651317,37.506886071901306],[126.91751851576103,37.50663325814973],[126.9173136947838,37.506260018282774],[126.91705115324083,37.50600512786282],[126.91640021420953,37.506019554139776],[126.91627727381143,37.50581341636225],[126.91612155168757,37.505782102352484],[126.9162907904688,37.505662842386],[126.91635885931682,37.50567664069683],[126.91651735271942,37.50582721242981],[126.91675478932946,37.505827383030166],[126.91647132769113,37.5055630068075],[126.91624378222328,37.50512035381833],[126.91618760811504,37.50481152332026],[126.91620473651341,37.5044884649227],[126.91633315103428,37.504443399578214],[126.91638627755614,37.504189419559594],[126.91747281882985,37.50401450295595],[126.91854926531472,37.5040148764213],[126.91855626713978,37.50397284978745],[126.91858615933128,37.50397169947795],[126.91858380731708,37.50401227877135],[126.92054978859805,37.50402351748675],[126.92051674643298,37.503370622721015],[126.92048285815046,37.50320817657153],[126.91990023864173,37.50177034112056],[126.91985730310344,37.50173437063126],[126.91936491263314,37.501581643424956],[126.91863759404954,37.50173157509849],[126.91863869134959,37.50168012886927],[126.91869978200646,37.50164026649834],[126.91865728515592,37.50162749658477],[126.91865605222036,37.501566308929],[126.91831003981889,37.50157567037702],[126.91830925344235,37.50151997011112],[126.91826961471094,37.501520284565615],[126.91826899780986,37.50149531746913],[126.91813986447276,37.50149064933267],[126.91809945556905,37.50153267940588],[126.91742875360701,37.501446005421215],[126.91742879166634,37.50150283140852],[126.91728169414318,37.501482823566],[126.9172138375367,37.5015047775412],[126.91694210601342,37.50146166877729],[126.91680183294802,37.50139730907809],[126.91672046851889,37.501473439118605],[126.91664681854922,37.50148800943395],[126.9165816704755,37.50094566075142],[126.91649192270526,37.50066591729471],[126.91619433834067,37.500586577072475],[126.91600962037339,37.50074306407005],[126.91564999195963,37.500350526552765],[126.91545126268386,37.50018094919037],[126.91547121311133,37.500140184532775],[126.91059772221197,37.50021884071],[126.91065036176613,37.50024962327433],[126.91079293789582,37.5006008879564],[126.9110017278178,37.500906792881125],[126.91088063621896,37.500958624574665],[126.91082954804229,37.500925662891326],[126.91073071994207,37.50076578592642],[126.91061076002892,37.500872975550514],[126.91043671907079,37.50094374105818],[126.9100437179604,37.500908091257116],[126.90994435049146,37.50073750935717],[126.90976579353422,37.5005337632154],[126.90977337284993,37.5004856467792],[126.90971409437836,37.5003538747691],[126.90902723051478,37.50053240345083],[126.90921602332367,37.500733518780194],[126.90836497323909,37.50099192385465],[126.90838648443169,37.50049903166767],[126.90871344651597,37.50043670561398],[126.90894136126275,37.50044113714099],[126.90882238733552,37.500307101434714],[126.9088008036883,37.500348737653034],[126.90795566495318,37.5004580021812],[126.9077988635126,37.50051473990429],[126.90781254714204,37.500460591747746],[126.90777028660631,37.50052315057598],[126.9075701050749,37.50065104144158],[126.90752221131704,37.50059714166634],[126.9074304690097,37.50067248219848],[126.9073600399247,37.50055287262039],[126.90734001304489,37.50056086653266],[126.90734222281174,37.50034114182668],[126.90738966698822,37.50030249977675],[126.9071579984956,37.50030681996254],[126.90720651142749,37.50034461954135],[126.90720350687151,37.50063847775216],[126.90683908938765,37.50082458479887],[126.90638696980392,37.50091172655719],[126.90587691462842,37.501219330004695],[126.90571860748447,37.50128369519346],[126.90558797401869,37.50137406743138],[126.9053001548602,37.501808474885046],[126.90501290532343,37.50169222806987],[126.90499449256687,37.50164946967568],[126.90493167668008,37.501741203017666],[126.90525783343064,37.50187219503643],[126.90455226058285,37.50295286071643],[126.90456521722525,37.50297331499354],[126.90440861520305,37.503254261682784],[126.9040331209102,37.50309847623319],[126.90401528482123,37.503125545511416],[126.90397588174005,37.50310919591233],[126.90339873468017,37.50398040636383]]]}},{"type":"Feature","properties":{"layer":"zone_promo","id":"zone_promo_0084","name":"촉진구역(가구역)","category":"재정비촉진지구","color":"#c0392b","sido":"대전광역시","sgg_code":"30170","type_code":"UDA100","notice_date":"20150403","mgmt_no":"63000003017020150054UDA1000007003"},"geometry":{"type":"Polygon","coordinates":[[[127.37951246715768,36.31473814330679],[127.38201696112984,36.315413512696544],[127.3820466941631,36.31546199132389],[127.38202235853886,36.31552053695407],[127.38277851394966,36.315726488013176],[127.38295163983044,36.31519490997765],[127.38235869795301,36.31505069320185],[127.382231043653,36.3153575800839],[127.37956031567641,36.31462756211774],[127.37951246715768,36.31473814330679]]]}},{"type":"Feature","properties":{"layer":"zone_promo","id":"zone_promo_0085","name":"공동주택용지","category":"재정비촉진지구기타","color":"#e59866","sido":"대전광역시","sgg_code":"30170","type_code":"UDA999","mgmt_no":"63000003017020150202UDA9990008001"},"geometry":{"type":"Polygon","coordinates":[[[127.38154526668676,36.3134697568541],[127.38155656014091,36.313502397528296],[127.38259688875412,36.31397248139856],[127.38277239365965,36.314083207767396],[127.38445854683647,36.31482477418282],[127.38495866871415,36.313489063951614],[127.38504201465203,36.313184506115654],[127.38509857216941,36.31276006985677],[127.38508504057232,36.31241629727284],[127.38497567567435,36.31193009510864],[127.38467624485477,36.31133974963593],[127.38445187636574,36.31146190183218],[127.38333636001833,36.31191985117424],[127.38312055262848,36.311978476776744],[127.38193612848266,36.312495777079256],[127.38208873967005,36.31273788745712],[127.38179544581416,36.312859379934295],[127.38187924523747,36.31299189234758],[127.38154526668676,36.3134697568541]]]}},{"type":"Feature","properties":{"layer":"zone_promo","id":"zone_promo_0086","name":"재정비촉진지구 (서울특별시 11590)","category":"재정비촉진지구","color":"#c0392b","sido":"서울특별시","sigungu":"동작구","sgg_code":"11590","type_code":"UDA100","notice_date":"20170202","mgmt_no":"61100001159020170029UDA1000001001"},"geometry":{"type":"Polygon","coordinates":[[[126.93198656870267,37.51304088298893],[126.9350001145136,37.513066431689346],[126.93540156444668,37.5129318229232],[126.93775713774703,37.512394366899876],[126.93888504448849,37.512096632273526],[126.93914921000682,37.51181960741434],[126.93998058411552,37.51179694186933],[126.94006322117433,37.51179515586498],[126.94008355456687,37.51254424612068],[126.94036827384899,37.51245515913685],[126.94111395793556,37.512314248482845],[126.94153217777776,37.51230707342082],[126.9419418929515,37.512369701815345],[126.94234964275903,37.5123724565723],[126.94251879389714,37.51240234614652],[126.94372088613726,37.51274213863486],[126.94410906241333,37.51195778501755],[126.94432789902116,37.51124916704629],[126.94459280398755,37.51066800780659],[126.9442748873928,37.51074426773545],[126.94423358613938,37.51069377386393],[126.94419584068484,37.5106968820139],[126.94418687942004,37.510612544346834],[126.9441275022015,37.51060895657707],[126.94410282839104,37.51055729943937],[126.94410643246009,37.51045910152653],[126.94416371274568,37.51037971547264],[126.94431064386487,37.51023508659247],[126.94435138444392,37.5102344666068],[126.94413045883319,37.510041510076725],[126.94423930032264,37.509920901369775],[126.94432814633107,37.50951654987067],[126.94459237356972,37.508941030372654],[126.94432364008087,37.50888530003015],[126.9443317820934,37.5088129178512],[126.94429831939233,37.508792629209125],[126.94434625123031,37.50852667801334],[126.94379221356478,37.50846587057393],[126.94341863439354,37.50818051276514],[126.94300475874073,37.5075638821026],[126.94217103910955,37.50679521266053],[126.94174322091521,37.50682214402326],[126.94157668677184,37.506746285746395],[126.94145190434703,37.5067891999512],[126.94084656823223,37.506827092914584],[126.94081110676689,37.50656779462237],[126.94038725943801,37.506095002797274],[126.94064621254508,37.50592265852308],[126.93989350976648,37.505831447715074],[126.93990682212693,37.50573414690471],[126.93969808250078,37.505687996873796],[126.939772535145,37.505961794955866],[126.93950844143654,37.506043025730186],[126.93941027997596,37.50602040417291],[126.93871413408091,37.50641975473517],[126.93848516473297,37.50650249753822],[126.93790225681299,37.506580463754126],[126.93747262491307,37.50674427624617],[126.93723169281128,37.50676786864883],[126.93697266208206,37.506715712818206],[126.93666105910687,37.50652472889141],[126.9360699592661,37.506682167573],[126.93606776725674,37.50655019724393],[126.93577302536538,37.50658401921069],[126.93562563301977,37.50644500326401],[126.93483947662472,37.50646828542291],[126.93468653810537,37.50598109265489],[126.93455705731199,37.50570981903176],[126.93452270409092,37.50567808443576],[126.93430311305102,37.50564182969359],[126.93399669915642,37.505679145474524],[126.93285590839935,37.50622412311874],[126.93270000022832,37.5063254036413],[126.93250032873064,37.50653056143737],[126.93241667114057,37.50671311770746],[126.93237155179224,37.50703654941511],[126.93220868904325,37.50992347447226],[126.93198656870267,37.51304088298893]]]}},{"type":"Feature","properties":{"layer":"zone_promo","id":"zone_promo_0087","name":"재정비촉진지구 (서울특별시 11590)","category":"재정비촉진지구","color":"#c0392b","sido":"서울특별시","sigungu":"동작구","sgg_code":"11590","type_code":"UDA100","mgmt_no":"61100001159020120128UDA1000001001"},"geometry":{"type":"Polygon","coordinates":[[[126.95468949572732,37.50549336432793],[126.9547863964113,37.50573055433155],[126.95491668251601,37.505915778859766],[126.95470766491857,37.505918813676765],[126.95514976281696,37.50604795684264],[126.95566135916918,37.506069086710646],[126.95588876257005,37.506035927944545],[126.95631044423703,37.506116711339395],[126.95657070685003,37.50622710177897],[126.9559518733746,37.50703716794489],[126.95540196183131,37.50722119054464],[126.95524777850183,37.507432459231076],[126.95546030468131,37.50772678103619],[126.95532235068286,37.5081028215296],[126.95554635133594,37.508427826594136],[126.955486752965,37.50867582993966],[126.95561813197098,37.5087867037304],[126.9556872321369,37.508924592157214],[126.95554535361708,37.509243318876294],[126.95592072689024,37.50941571701166],[126.95624250985543,37.5091823293188],[126.95633030884174,37.509186507523005],[126.95643647211774,37.50904616369852],[126.95669409783223,37.50919547588976],[126.95657270533374,37.50938332373355],[126.9568638848575,37.509560525161184],[126.95727034596902,37.50963302817844],[126.95734941832438,37.50943784771256],[126.95772903005603,37.5095465501895],[126.95766161532754,37.509690918993144],[126.95788937803479,37.50975737078197],[126.95793463700186,37.50959091023645],[126.95805428652854,37.509614398265775],[126.95803434882416,37.50984427135087],[126.95752614295195,37.51005240274386],[126.95782163552154,37.510716547265496],[126.95803810253052,37.51105560924163],[126.9580755738964,37.51123202922415],[126.9585872209627,37.511267328123445],[126.95881113599786,37.51132741568197],[126.95891648251437,37.511447196212444],[126.95890794589617,37.51154161761064],[126.95896101668137,37.51171845738257],[126.95912791299122,37.511684558816704],[126.9592838520206,37.51156526862143],[126.95989152808623,37.51164311420706],[126.96014003875331,37.5117571686112],[126.96048406705312,37.51160562380609],[126.96119046795424,37.51121337478155],[126.96179398260549,37.510668944591536],[126.9625682374489,37.50978409887405],[126.96272866626695,37.509647380284314],[126.96416716975357,37.508081324835025],[126.9653014885182,37.50738710804911],[126.96620568686485,37.50702890186807],[126.96633232383715,37.50700546866484],[126.96652910159798,37.50689210952555],[126.9664933230485,37.506927679320654],[126.9698138437537,37.50570298085495],[126.97024376931074,37.505600561892905],[126.97070839976897,37.505533920035425],[126.97176439431612,37.50554368722486],[126.97230498856379,37.505510530265155],[126.9725402527314,37.50530628693342],[126.97230239986288,37.50498493249032],[126.97204185338065,37.504973271927604],[126.97184913588595,37.50457708190195],[126.97172947291172,37.50459678364696],[126.97160874023058,37.50446277473696],[126.971187276285,37.50435716041452],[126.97103415296047,37.50433829014435],[126.97052997945207,37.50438073113537],[126.97015016024893,37.50427242103352],[126.97002264066057,37.504203109365555],[126.96925947452635,37.50399470982031],[126.96914945283733,37.504159183958755],[126.96901674914787,37.504102501776586],[126.96899007728452,37.50405978712668],[126.96880630580837,37.50404234712274],[126.96880688747608,37.50400522616225],[126.96875102171356,37.5039982729955],[126.96876077045206,37.50394655840777],[126.96862236218283,37.503901920543626],[126.96859925987984,37.50397255236045],[126.96842871617069,37.50396556703197],[126.96840729303456,37.503818698337],[126.96822712750628,37.50383234287747],[126.96821964758745,37.50386765989585],[126.96784429805409,37.50384268595877],[126.9675869806396,37.50365340272737],[126.967418121012,37.50367533846405],[126.96683399335963,37.50388652456097],[126.96670996758418,37.50380260515953],[126.96664674537728,37.50371053153638],[126.96663296491829,37.5036009660934],[126.96651280199309,37.50340804486223],[126.96603320286553,37.503077884160675],[126.96598096220343,37.50296457693929],[126.96600333317998,37.50293827451733],[126.96594062398383,37.50284093882737],[126.96625716759822,37.502776531260466],[126.96607169912392,37.50248127267595],[126.96589119122528,37.50238828040248],[126.96575471348726,37.50236027217939],[126.9653810104657,37.50240921782364],[126.96519055651491,37.50230584193508],[126.96510393713862,37.50221696782104],[126.96504497470018,37.50213949981308],[126.96492656846254,37.50183614208871],[126.96488963929326,37.50140606606284],[126.96477102672934,37.50120430467487],[126.96473936248074,37.501179012803476],[126.96466526816009,37.501219831977345],[126.96469086688194,37.50113784909408],[126.96454149788228,37.50109031981681],[126.96441118501684,37.50115659245178],[126.96412340906774,37.501077934644734],[126.96409385677957,37.50117216072336],[126.96391599780104,37.5013106868306],[126.96383049293422,37.501327237958186],[126.96367527506398,37.50166515286853],[126.96360513830147,37.50170513471291],[126.96313696200856,37.501640922555964],[126.96310818558416,37.50174101413047],[126.96317505251827,37.50212477107006],[126.96305635174629,37.50203562374682],[126.96288239853504,37.502070705924964],[126.96232364350628,37.502010154985754],[126.96233146957655,37.50175021954132],[126.96240661283954,37.501436336580866],[126.9623681609064,37.50122170600431],[126.96238832507274,37.5010480812593],[126.96256014223047,37.50089742801361],[126.96272772758917,37.50088094983205],[126.96272461612959,37.500796372074795],[126.96266721431608,37.50070400085801],[126.9628084887927,37.50065485270714],[126.9628397196606,37.50059780269422],[126.96255256795361,37.50032622844147],[126.96232287822693,37.50022872747982],[126.96220034872702,37.50007301221599],[126.96218477434276,37.4999691218827],[126.96205742698372,37.49987979044548],[126.96204299894312,37.499897373120504],[126.96184806304048,37.49980027927542],[126.9616494373981,37.49975244146303],[126.96132128592082,37.499737112403146],[126.96151901741378,37.499489044455245],[126.9613226199668,37.499400256450855],[126.96123092716554,37.49950778645372],[126.96119947094316,37.499603948330886],[126.96107324962641,37.49965273031133],[126.96100711983648,37.499603134703456],[126.96106357392371,37.499497367782865],[126.96089545475397,37.499418733994275],[126.96079258606328,37.499571895400486],[126.96069817238495,37.499440740467364],[126.96053087151371,37.49929352241384],[126.96063639976856,37.4991162063701],[126.96047814326816,37.49905794697887],[126.96038542205254,37.4992040297137],[126.96034203968912,37.499187075824466],[126.96025124629466,37.499281594961396],[126.96008629268579,37.499186517896085],[126.960061132221,37.49920426775668],[126.96008217161422,37.49925640692844],[126.9599733400267,37.499351451112176],[126.95999241059268,37.499650625446684],[126.96001546815376,37.499652642775864],[126.95999549545176,37.50018609906916],[126.96011630894091,37.500553848019614],[126.96017433240401,37.50092811611701],[126.96017468069601,37.50103483050582],[126.96012800832445,37.5011168320597],[126.9598745135205,37.50110136293479],[126.95976456157997,37.50117216964079],[126.95952097595242,37.501212700316124],[126.95927944684502,37.500733796559395],[126.95933256132327,37.500599828037316],[126.95913116085715,37.50057840228552],[126.95913383915797,37.500721869251265],[126.95928006281987,37.50090511264593],[126.95917334781399,37.50095088121177],[126.95860330572687,37.501010141427734],[126.95834318915766,37.501241963672925],[126.9577148628073,37.501098149263],[126.95769510205847,37.50091123880039],[126.9578193629258,37.50089612102142],[126.95773208782171,37.50049539662219],[126.95737704054386,37.50053888184559],[126.95732423993348,37.500441437127336],[126.95708313852278,37.500490081708264],[126.95698275201329,37.50082783728627],[126.95706862229392,37.50086416184609],[126.95706803949588,37.50091250920861],[126.95709467192385,37.500912987744925],[126.95702421521356,37.50108722335623],[126.95705675716158,37.501172713335485],[126.95750118156673,37.50132428353693],[126.95752517908413,37.501883884582746],[126.95689771554359,37.50189915545001],[126.95692457369499,37.502167239634645],[126.95724671472811,37.502591073266345],[126.95760087258245,37.50292435856455],[126.95797993832751,37.50307970482124],[126.95800868399095,37.50306480389091],[126.95827676506624,37.50327242022066],[126.95827925243002,37.50335207837961],[126.95852972645963,37.503540099980746],[126.95855527708069,37.50385124194464],[126.95853209308497,37.50389003949901],[126.95857054484854,37.50391046109021],[126.95861507981168,37.50405177178929],[126.95851874893937,37.50412493384926],[126.95847205128237,37.50420506962953],[126.95857671208236,37.50425968116866],[126.95856597175066,37.50443090292731],[126.9586963129559,37.50473008157305],[126.95878542377231,37.50474534070469],[126.95886997619128,37.505020265727985],[126.95883382537983,37.505029478890734],[126.95886404829848,37.50510268687645],[126.95894128983278,37.505108499145685],[126.95939870860599,37.506013796523725],[126.95964887525444,37.50624662217744],[126.95956440826353,37.50631676191396],[126.95945091763629,37.506532366345525],[126.95932271732038,37.50649770429455],[126.95924798960968,37.50712585313455],[126.95853164514713,37.506841338914086],[126.95804004107971,37.50677694491029],[126.95734196970534,37.506550418395236],[126.95730200965795,37.506496821114006],[126.95706893174504,37.506370936351],[126.95701845274522,37.50620487247912],[126.95703048645969,37.5060903692093],[126.95711486681692,37.50599821086473],[126.9566870952386,37.50577456582095],[126.95667768190648,37.50572389914246],[126.95674777481258,37.50559938079904],[126.9566644935979,37.50542334829282],[126.9565830300519,37.505347642526154],[126.95633830704128,37.50524206937046],[126.95617195226701,37.50524369951039],[126.9558222066381,37.505327276458544],[126.95544307360481,37.50530703694986],[126.95500180946355,37.50533504724221],[126.95469387655179,37.50528779439668],[126.95473977228646,37.50534040382325],[126.95470792694587,37.50537230455319],[126.95468949572732,37.50549336432793]]]}},{"type":"Feature","properties":{"layer":"zone_promo","id":"zone_promo_0088","name":"신림재정비촉진지구","category":"재정비촉진지구","color":"#c0392b","sido":"서울특별시","sigungu":"관악구","sgg_code":"11620","type_code":"UDA100","mgmt_no":"61100001162020220352UDA1000818000"},"geometry":{"type":"Polygon","coordinates":[[[126.92789462613761,37.47045675581438],[126.92774716128899,37.47042096611061],[126.92746866934863,37.470428864924514],[126.9272932253737,37.4704969698052],[126.9271324107567,37.47060895347289],[126.92695128657876,37.470658971136785],[126.92683822014752,37.470760604964006],[126.92664907562211,37.47083822382723],[126.92679413011571,37.4710585387899],[126.92706717464924,37.471074487685044],[126.92747286153318,37.47088909991135],[126.92751764353093,37.47092995240826],[126.9276978498827,37.47080194248338],[126.9278021086841,37.470769751654885],[126.92889163120887,37.4708064753826],[126.92906491709626,37.470853650148285],[126.92919657875052,37.47099609828313],[126.92888024070766,37.47128094557334],[126.92879627826076,37.47148307899755],[126.92892635850339,37.47151964959195],[126.92915023536113,37.47170620440365],[126.92933776033678,37.4719604920039],[126.92970172896825,37.47212136256021],[126.92966366455681,37.47244191622427],[126.9297641294815,37.47247747677755],[126.9298557156386,37.47245870139334],[126.93001191296108,37.47267227960709],[126.9300836090051,37.47271840925871],[126.93042454760237,37.472457441183856],[126.93063605916278,37.47219372758436],[126.93064676839484,37.472105985340455],[126.93074596122305,37.47200400621234],[126.93115584135742,37.47175480831812],[126.93117928658118,37.47168299432301],[126.93128746284322,37.47161986231541],[126.93131562725905,37.471530238267874],[126.93141273233951,37.471483146428994],[126.93179426007919,37.47152129535969],[126.93194033127706,37.47158933509299],[126.93207045787467,37.47171207417348],[126.93228484249617,37.472308267425255],[126.93223453572524,37.47266443137893],[126.93205639690946,37.47300498693334],[126.93189804302438,37.4732203505246],[126.93161438820289,37.47331099513431],[126.93141561775778,37.4733081473502],[126.93117144834925,37.47346075824373],[126.9311311800654,37.47343701086632],[126.93098257622421,37.47346255578657],[126.93090038007821,37.473557039893336],[126.93079140478552,37.47399697032864],[126.93082332124752,37.47415026797979],[126.93089128690245,37.4741861414901],[126.93081597786717,37.47426514140876],[126.93093516969824,37.474345762284955],[126.93070727400386,37.474451673940486],[126.93071916445517,37.47466999396392],[126.93098077005283,37.4747831361131],[126.9314822465331,37.474679458698304],[126.93197020710225,37.47452017934611],[126.93213995821029,37.47384083311297],[126.93283995978726,37.474334450800434],[126.93298461443679,37.474388504830834],[126.93331791005377,37.47436211807862],[126.93343572695558,37.47420433037133],[126.93360549124822,37.474057258297385],[126.93365242266731,37.47308941020329],[126.93361084864348,37.47278387431257],[126.9336361419255,37.472591353561086],[126.9337806936358,37.47223021546563],[126.9338601160096,37.47210958965073],[126.93399314115695,37.471955269882194],[126.93422199298438,37.471790597983855],[126.93167367941987,37.467104749328826],[126.93155250240703,37.46649722097807],[126.93153766826873,37.4661614081006],[126.93157307840595,37.46564452317874],[126.93169854078592,37.46577533302216],[126.93188157891834,37.46586373938936],[126.93233749081104,37.46595095401327],[126.93237026825753,37.46607738402799],[126.93340201970149,37.46613853064908],[126.93362387097382,37.46595957479325],[126.9337742816455,37.46410178194537],[126.93354942001993,37.46392905649358],[126.93334335786136,37.46390478188644],[126.93331434933145,37.46380954703287],[126.9330259566958,37.46337283472154],[126.93295007042359,37.4633679973765],[126.9330182387724,37.46241619796736],[126.93295868439115,37.462116633541406],[126.93304619417076,37.46140922458771],[126.93321549211278,37.4613089236157],[126.93368358747226,37.461368605445514],[126.9339865577922,37.461465357621364],[126.9340431505479,37.46137916381291],[126.93360868114884,37.461232240444374],[126.9334704621276,37.46123842292629],[126.93341945974589,37.46119200082673],[126.93334074035529,37.461259927225534],[126.93330685932195,37.46121658737832],[126.93330922397942,37.46117669226203],[126.93338230533615,37.461106311900664],[126.93351120368182,37.460146473829695],[126.93347927378058,37.460170665449034],[126.93334575271372,37.45995930290347],[126.93296384819489,37.45903530881229],[126.93283512796891,37.45894202512613],[126.9326394842555,37.45912065261778],[126.93248821052059,37.45920485336588],[126.93236013589855,37.459675066961495],[126.93204179252054,37.46009072097185],[126.93177559510666,37.46054522916586],[126.93193665748532,37.46098904183243],[126.93201897753016,37.46146499184995],[126.9317969672427,37.461508884169966],[126.93174657025213,37.46146873269935],[126.93151078076542,37.461416253916234],[126.93143415474164,37.46164918123073],[126.93146383989725,37.46188804609747],[126.93083244716246,37.46241655072068],[126.93069927109589,37.462466296534835],[126.93052967451135,37.46193157483541],[126.93042652208767,37.461406245257336],[126.9301860399547,37.46094042517997],[126.93006612907958,37.460842782962686],[126.92999323732168,37.46071109309268],[126.92997883431583,37.46028712565734],[126.9301675108341,37.459730626034805],[126.93011748502805,37.45938542990491],[126.92989647535443,37.45922685448658],[126.93004498458153,37.459758465129845],[126.92955506953396,37.46049634296455],[126.92941724711926,37.46045545246699],[126.9292599558814,37.460185190162115],[126.92869995024827,37.4595491425813],[126.92827382088095,37.4592745683626],[126.92815548432996,37.45928300946382],[126.9281835353912,37.459563203320016],[126.92836531009598,37.45969889916331],[126.92849178271285,37.459937221044584],[126.92831478363921,37.45998024264385],[126.92836699094069,37.46009681091482],[126.92850717342627,37.46006896644989],[126.92880291453692,37.46047550187315],[126.92942678355686,37.46100044893112],[126.92959725328485,37.46109696027567],[126.92954466091673,37.461131797135415],[126.929695197618,37.461128464895154],[126.92993170652116,37.46130141204152],[126.93001215710791,37.46144852269665],[126.9300733834322,37.46166485485631],[126.93012547887389,37.461701061665224],[126.93013398482645,37.4618612023209],[126.9300551122979,37.461943659630435],[126.92999293631001,37.46219019988973],[126.93005653842354,37.462381125146415],[126.93002788315296,37.46251347436266],[126.92964059075761,37.46248866906988],[126.9295715330385,37.46286105717518],[126.92967076539223,37.463285400434636],[126.92988521067225,37.463334491173505],[126.92963756745912,37.46420650379879],[126.92964462367813,37.464841238384345],[126.92960437099565,37.46488914730832],[126.92960371103577,37.46498811318004],[126.9296304238579,37.46500918589366],[126.92891009863285,37.46539866399354],[126.92919922600781,37.46573642038157],[126.9293389452225,37.46595420633565],[126.92913210058803,37.466291685934756],[126.92922880188955,37.4663531034783],[126.92925063602763,37.46645204703998],[126.92916993467522,37.466795820669766],[126.92906708268973,37.4668641618585],[126.92921775772842,37.467069556820995],[126.92915076585311,37.46722713738835],[126.92914270040967,37.467373815831984],[126.92925200870667,37.467633146494364],[126.92921250377938,37.46764226751676],[126.92926138999813,37.467739921147725],[126.92923144883433,37.46795972967049],[126.9293216442401,37.468112063401435],[126.92933786251349,37.46822106769513],[126.9292967527172,37.46832356775996],[126.92904004659428,37.468348476519594],[126.92896906307911,37.46840052898244],[126.92880121208998,37.468268338720435],[126.92851406776225,37.4681848278821],[126.92841601516133,37.46824397220648],[126.92814418599795,37.46830169321951],[126.92800511044776,37.46847621224034],[126.92813318422672,37.46869786658885],[126.92836766640475,37.46884851556024],[126.92834597061037,37.468932872080906],[126.92828996657342,37.4689592277793],[126.92798609557138,37.46896235479104],[126.9279676211854,37.469092691443194],[126.92817645207812,37.469107426491334],[126.92824491735443,37.46920453404536],[126.92820896413211,37.46925676092821],[126.92827472375782,37.46933490967556],[126.92836505555061,37.469346966989285],[126.92836431008539,37.469497154759445],[126.9283231402587,37.469531601651454],[126.92834724553714,37.46967770524113],[126.92812241269351,37.46971408348036],[126.92782904677381,37.469825814525066],[126.92781227832916,37.46978397049006],[126.92771308354199,37.469817885412354],[126.92772624323456,37.469896902598904],[126.92826275659753,37.46984052724691],[126.92845409941177,37.469927448346475],[126.92865833026636,37.470130192026645],[126.92851623425905,37.470246568000064],[126.92832510654144,37.47034393831714],[126.92789462613761,37.47045675581438]]]}},{"type":"Feature","properties":{"layer":"zone_promo","id":"zone_promo_0089","name":"재정비촉진구역","category":"재정비촉진지구기타","color":"#e59866","subtype":"마천1","sido":"서울특별시","sigungu":"송파구","sgg_code":"11710","type_code":"UDA999","notice_date":"20200102","mgmt_no":"61100001171020200006UDA9990001001"},"geometry":{"type":"MultiPolygon","coordinates":[[[[127.1511002345392,37.501474881585665],[127.15116510817016,37.50149425196865],[127.1511824236771,37.50147223667797],[127.151198885904,37.50150432738184],[127.15222172698728,37.50106076323528],[127.15230171800602,37.50116314966829],[127.15370249954289,37.50232174843556],[127.15363980394692,37.50205548527338],[127.15358174302878,37.502011050738275],[127.15423103151682,37.501414653722506],[127.15501624989164,37.50060030537065],[127.15421743506951,37.50001369171467],[127.1549550154998,37.49908211322107],[127.15565631899725,37.49800585898915],[127.15530419839591,37.49790919026112],[127.15522845459387,37.49808615479195],[127.15533283947961,37.49825486600219],[127.15520944676554,37.498247097805695],[127.15525644934452,37.498502830039506],[127.1551519646691,37.49867190311777],[127.15464881740999,37.498659672081914],[127.15462165797874,37.49870592848784],[127.15442237741208,37.49869519439877],[127.1544030621249,37.49885047038739],[127.15432943759674,37.499047821160865],[127.15421664200194,37.499179909167054],[127.15407698559895,37.49926648629976],[127.1537746773932,37.49938212295927],[127.1531527411312,37.49944399251215],[127.15230433043074,37.499796503693894],[127.15234833960703,37.49980536739525],[127.15246540670893,37.50004037835236],[127.15233820907629,37.500166320121664],[127.15245773104309,37.500328437205226],[127.15234454181997,37.500391111023085],[127.15238437365082,37.500571890443815],[127.15220512334443,37.50073898402378],[127.15231011088719,37.500815254683026],[127.1521808398628,37.500923178957265],[127.15174418121491,37.50057540924715],[127.15168735960229,37.5006065659159],[127.15156346592369,37.50061016514781],[127.15152868917312,37.50057538574308],[127.15146570290021,37.50060594646438],[127.15151326958359,37.50064048439988],[127.15149068470194,37.50065700133416],[127.15166124795931,37.50078202339231],[127.15166800990278,37.50082679439227],[127.1511002345392,37.501474881585665]]],[[[127.1521868658181,37.49953768870499],[127.15320538262114,37.4991640208701],[127.15323663329109,37.49918308190106],[127.15363946659764,37.4991352614848],[127.15387025792025,37.49906982192116],[127.15403822702334,37.498975631087255],[127.1541388804168,37.498767379540084],[127.15414575537376,37.49859477544958],[127.15403421457813,37.49736410179356],[127.15368445620405,37.49719742660796],[127.15294947700313,37.496957299831934],[127.15292231382976,37.496889885901794],[127.15286598293339,37.49689921133275],[127.15273194544089,37.49665286978461],[127.15265546205464,37.496684070120814],[127.15241518538464,37.49657333820208],[127.15228021342632,37.49656429330227],[127.15218616444123,37.49651487638237],[127.1521200463061,37.49658330142206],[127.1520143816885,37.49652159153214],[127.15204076329671,37.49649305032969],[127.1518877295671,37.49640940729327],[127.15186284296176,37.49647295936248],[127.15179905663145,37.49642978357801],[127.15176863918138,37.49645332931772],[127.1513351599728,37.496120753608956],[127.15126695300792,37.49611737123772],[127.1512587802661,37.496141600438655],[127.15084526545755,37.49583808184184],[127.15084580061168,37.49577176766526],[127.15092732073235,37.4956861868574],[127.1506322874424,37.49555432002441],[127.15070818570103,37.49546788150126],[127.15044155345798,37.495304371283105],[127.15016679924085,37.495543995525004],[127.14907305871311,37.49627338252348],[127.14907451352097,37.49632884617945],[127.14894597975595,37.49644209998461],[127.14905896832282,37.49644570708871],[127.14979151786721,37.49706728084428],[127.15069434564266,37.49800411065104],[127.15124470116832,37.498633761826405],[127.1521868658181,37.49953768870499]],[[127.15024945898581,37.496922401307074],[127.14987267324321,37.49665307104629],[127.15037368325277,37.49631353025128],[127.15081339533535,37.49665435474972],[127.15068642670123,37.49682003756484],[127.15024945898581,37.496922401307074]]]]}},{"type":"Feature","properties":{"layer":"zone_promo","id":"zone_promo_0090","name":"존치지역","category":"재정비촉진지구","color":"#c0392b","sido":"대전광역시","sgg_code":"30170","type_code":"UDA100","notice_date":"20150403","mgmt_no":"63000003017020150054UDA1000007001"},"geometry":{"type":"Polygon","coordinates":[[[127.37871097151562,36.31619302513495],[127.38155598218468,36.31697113512446],[127.38186295385867,36.31623971238913],[127.38228334036236,36.31635236351666],[127.38236433759555,36.31630161271644],[127.38242221374938,36.31633704269422],[127.3828870850831,36.315797667845835],[127.38277851394966,36.315726488013176],[127.38202235853886,36.31552053695407],[127.3820466941631,36.31546199132389],[127.38201696112984,36.315413512696544],[127.37951246715768,36.31473814330679],[127.37954827924635,36.314655383380895],[127.37939134499439,36.31461261420176],[127.37871097151562,36.31619302513495]]]}},{"type":"Feature","properties":{"layer":"zone_promo","id":"zone_promo_0091","name":"도마변동8구역(촉진지구)","category":"재정비촉진지구","color":"#c0392b","sido":"대전광역시","sgg_code":"30170","type_code":"UDA100","mgmt_no":"63000003017020150054UDA1000008000"},"geometry":{"type":"Polygon","coordinates":[[[127.38127624970298,36.31363382344724],[127.38467372498638,36.31518908713086],[127.38529349275576,36.31350825689091],[127.38542363182694,36.312866383249755],[127.38543339462963,36.31251840852494],[127.38536798262493,36.31211748788296],[127.38525525829225,36.31175036891299],[127.38502073072333,36.31128972022838],[127.3848888736467,36.31110326661423],[127.3814274931803,36.31251541813105],[127.38171312230868,36.312966557111544],[127.38170824381865,36.3130167229774],[127.38127624970298,36.31363382344724]]]}},{"type":"Feature","properties":{"layer":"zone_promo","id":"zone_promo_0092","name":"거여새마을 재정비촉진구역","category":"재정비촉진지구기타","color":"#e59866","sido":"서울특별시","sigungu":"송파구","sgg_code":"11710","type_code":"UDA999","notice_date":"20230112","mgmt_no":"61100001171020230013UDA9990001001"},"geometry":{"type":"Polygon","coordinates":[[[127.14669110186891,37.491336849748635],[127.14682929867799,37.491428113276],[127.14679514501391,37.491454824857776],[127.14687604692195,37.49148205266203],[127.14690995644818,37.491551081547826],[127.14696764942123,37.49155193856666],[127.14724478494537,37.4917196334395],[127.14724306324916,37.491764685528324],[127.14728826038419,37.491805715340945],[127.14676446349186,37.49208341771591],[127.14679467845018,37.49209554405681],[127.1468162508372,37.49243276154043],[127.14679356128673,37.4924528817242],[127.14734782199523,37.49243030461645],[127.14738541125884,37.49239665094367],[127.14742005316928,37.49282431247469],[127.147775315333,37.492809817633166],[127.14776598753477,37.492665399016744],[127.14808688143772,37.49271293451797],[127.14831204970382,37.49267084860721],[127.14830351401393,37.49270059218416],[127.14848622130121,37.49262954651455],[127.14851889171958,37.4926826648198],[127.14913438138244,37.492457098121726],[127.14923436643232,37.492469677243704],[127.14924192975661,37.49275023892285],[127.15128628710681,37.49264999678756],[127.15094829922812,37.49248013591475],[127.15031063100228,37.4920226384539],[127.15057183962712,37.49147720464676],[127.15064651919384,37.49142819515594],[127.15037146040635,37.491193462281444],[127.15039105809561,37.491182940946494],[127.1502703795628,37.491043789433164],[127.1502363467189,37.4910622937538],[127.1500367359828,37.49086851462315],[127.14986381095028,37.490628525423325],[127.14981373146757,37.490652014277174],[127.14975693373204,37.49056025568931],[127.14963181909764,37.49047544835144],[127.14858198324865,37.49009580817273],[127.14847491396097,37.49014784797966],[127.14819221384302,37.49048679488682],[127.14769789819645,37.490916103054566],[127.14705106026133,37.49112377105176],[127.14669110186891,37.491336849748635]]]}},{"type":"Feature","properties":{"layer":"zone_promo","id":"zone_promo_0093","name":"재정비촉진구역","category":"재정비촉진지구기타","color":"#e59866","subtype":"재정비촉진구역(거여2-2)","sido":"서울특별시","sigungu":"송파구","sgg_code":"11710","type_code":"UDA999","notice_date":"20221103","mgmt_no":"61100001171020220435UDA9990002002"},"geometry":{"type":"Polygon","coordinates":[[[127.14742503986928,37.493004506140984],[127.14744691660904,37.493403567653644],[127.14768823738655,37.49339175457074],[127.14770143421138,37.49356029714217],[127.1476203767821,37.493576444200194],[127.14766885785012,37.4936307955678],[127.14816103458361,37.49378713972672],[127.14823871094838,37.49385187016529],[127.14819732357073,37.4938806093626],[127.1482549978746,37.4938767805795],[127.14853189532016,37.4939921516441],[127.14864549281366,37.49411784374627],[127.14864476029558,37.49416523720175],[127.14876501759804,37.49420974989999],[127.1493789720243,37.49465068880655],[127.14975624930412,37.495048844933],[127.15017916632443,37.49541642557806],[127.15088957628336,37.49485269363373],[127.15083715340772,37.494813638533316],[127.15119365484345,37.49449211649681],[127.15122979937924,37.494505486573196],[127.15134119760515,37.49432007296437],[127.15165888249939,37.493923545508885],[127.15202696609224,37.49354532435117],[127.15242465881482,37.493059133534956],[127.15227853170292,37.49309476539283],[127.15121425214244,37.49282335020931],[127.15104528245288,37.49285861304396],[127.1493598767204,37.49292587631733],[127.1493688625089,37.49306731291988],[127.14897554718871,37.493339915194355],[127.14783501324767,37.49338584253486],[127.14782203924476,37.49316934852679],[127.14791238174043,37.49316572272223],[127.14790275679034,37.492985084329824],[127.14742503986928,37.493004506140984]]]}},{"type":"Feature","properties":{"layer":"zone_promo","id":"zone_promo_0094","name":"공동주택용지","category":"재정비촉진지구기타","color":"#e59866","sido":"대전광역시","sgg_code":"30170","type_code":"UDA999","mgmt_no":"63000003017020150202UDA9990009000"},"geometry":{"type":"Polygon","coordinates":[[[127.38001841753308,36.31118626682909],[127.38005401134295,36.311894891881124],[127.3803053505868,36.311886624997484],[127.38041590440045,36.31206536504575],[127.38111507870819,36.311782124646946],[127.3814473270006,36.3123094187222],[127.38150950605228,36.31232589281295],[127.38264257568676,36.31188613530015],[127.38249135683118,36.311648707264865],[127.38275049802814,36.31154159659636],[127.3825190611708,36.311175222983664],[127.38256880150576,36.3111549682503],[127.38205584365402,36.31034059762513],[127.38112265628148,36.310811787892575],[127.38037689712428,36.311091490201804],[127.38001841753308,36.31118626682909]]]}},{"type":"Feature","properties":{"layer":"zone_promo","id":"zone_promo_0095","name":"재정비촉진지구 (대전광역시 30170)","category":"재정비촉진지구","color":"#c0392b","sido":"대전광역시","sgg_code":"30170","type_code":"UDA100","notice_date":"20180105","mgmt_no":"63000003017020180004UDA1000011001"},"geometry":{"type":"Polygon","coordinates":[[[127.3763229610117,36.315734981090706],[127.37635506233954,36.31577180153396],[127.37841519658559,36.31605735813606],[127.37851117524527,36.31601167235701],[127.37899690575568,36.31489258456364],[127.37854359899987,36.31476250682856],[127.37856592460993,36.31471153809552],[127.37823981426742,36.31461796100995],[127.37821377013279,36.31457420997319],[127.37833501694699,36.31429339143454],[127.37850174754827,36.31434050180674],[127.37867121074142,36.31389612993738],[127.37822529631212,36.31378528572774],[127.37778091767584,36.31347705080019],[127.37791144695065,36.31328805111515],[127.37756832269375,36.31313286737489],[127.37780812680647,36.3127855841509],[127.37716843350915,36.312497192591835],[127.3769718768317,36.31278437458043],[127.37691906224015,36.31292105937068],[127.3763229610117,36.315734981090706]]]}},{"type":"Feature","properties":{"layer":"zone_promo","id":"zone_promo_0096","name":"종교시설용지","category":"재정비촉진지구기타","color":"#e59866","sido":"대전광역시","sgg_code":"30170","type_code":"UDA999","mgmt_no":"63000003017020150202UDA9990006000"},"geometry":{"type":"Polygon","coordinates":[[[127.38166234051245,36.317586334586146],[127.38169137960068,36.31762478542722],[127.38183806594817,36.31764936242157],[127.3819104419436,36.31747863908743],[127.38172945564395,36.317428298590706],[127.38166234051245,36.317586334586146]]]}},{"type":"Feature","properties":{"layer":"zone_promo","id":"zone_promo_0097","name":"재정비촉진구역","category":"재정비촉진지구기타","color":"#e59866","subtype":"재정비촉진구역(거여2-1)","sido":"서울특별시","sigungu":"송파구","sgg_code":"11710","type_code":"UDA999","notice_date":"20221103","mgmt_no":"61100001171020220435UDA9990002001"},"geometry":{"type":"MultiPolygon","coordinates":[[[[127.14542972659163,37.49386209164697],[127.14576062633235,37.49459482194484],[127.1472699705006,37.493490543274916],[127.14739939054942,37.493537758072925],[127.1474651889674,37.49360056654144],[127.1477311815921,37.49368603078357],[127.14788159197636,37.49380392046301],[127.14737305441894,37.493834300351175],[127.1474417334649,37.49408730615296],[127.1476391695235,37.49426668527697],[127.14667157539544,37.49494890703396],[127.14661581674909,37.49492050396369],[127.14612799965292,37.49526214812965],[127.14615324446251,37.49528821015144],[127.14588846541265,37.495435757202095],[127.14568198283165,37.49561467739077],[127.14666604256954,37.497787041402155],[127.1467912007251,37.497673731179454],[127.14767041335247,37.497081096259194],[127.14790870641272,37.49695467045107],[127.14790877971461,37.49697484371656],[127.1481426601326,37.49677817204818],[127.14890482388356,37.496243967687086],[127.15017916632443,37.49541642557806],[127.14975624930412,37.495048844933],[127.1493789720243,37.49465068880655],[127.14876501759804,37.49420974989999],[127.14864476029558,37.49416523720175],[127.14864549281366,37.49411784374627],[127.14853189532016,37.4939921516441],[127.1482549978746,37.4938767805795],[127.14819732357073,37.4938806093626],[127.14823871094838,37.49385187016529],[127.14816103458361,37.49378713972672],[127.14766885786766,37.49363080457777],[127.1476203767821,37.493576444200194],[127.14770143421138,37.49356029714217],[127.14768823738655,37.49339175457074],[127.14713173027506,37.493414101786655],[127.14713955546394,37.49351319302651],[127.14709528769302,37.49356696514287],[127.14684861450294,37.49372890805488],[127.14677172085864,37.49372900261634],[127.1467716304933,37.49368817846241],[127.14658753981354,37.49367756562984],[127.14658559243077,37.493436595829664],[127.1460371272964,37.493477975135306],[127.14611143081392,37.49354221555389],[127.14574348413635,37.493813091140424],[127.14546097774459,37.49382466211768],[127.14542972659163,37.49386209164697]]],[[[127.14519265268748,37.49634577617368],[127.14550456185314,37.49650066553623],[127.14576440046572,37.496663068915254],[127.14553098820893,37.49611723138306],[127.14519265268748,37.49634577617368]]]]}},{"type":"Feature","properties":{"layer":"zone_promo","id":"zone_promo_0098","name":"존치지역","category":"재정비촉진지구","color":"#c0392b","sido":"대전광역시","sgg_code":"30170","type_code":"UDA100","mgmt_no":"63000003017020150054UDA1000003001"},"geometry":{"type":"Polygon","coordinates":[[[127.38385064397242,36.31759557640634],[127.38404735333496,36.31681821653408],[127.38467372503051,36.31518909614246],[127.38127624970298,36.31363382344724],[127.38170824381865,36.3130167229774],[127.38171312230868,36.312966557111544],[127.38107434155113,36.311953143717574],[127.38101934385371,36.31193876436043],[127.38010672492342,36.31231202280677],[127.37993382308407,36.31231207461986],[127.37905163166124,36.3119174190114],[127.37899846841191,36.311930095201646],[127.37793635733294,36.31347363261947],[127.37794814888021,36.313522177797275],[127.3782616366727,36.3137380668212],[127.37962289540827,36.314078783431256],[127.37939134499439,36.31461261420176],[127.3811427735794,36.31509205874696],[127.38125857887673,36.31481858111957],[127.38175679877492,36.31491655005867],[127.38176218283003,36.314890218651186],[127.3819092348667,36.31491319033033],[127.3819192960276,36.31488005819206],[127.38206168284349,36.31492602446662],[127.38203520749803,36.31497271746615],[127.38295163983044,36.31519490997765],[127.38277851394966,36.315726488013176],[127.3828870850831,36.315797667845835],[127.38242221374938,36.31633704269422],[127.38236433759555,36.31630161271644],[127.38228334036236,36.31635236351666],[127.38186295385867,36.31623971238913],[127.38155598218468,36.31697113512446],[127.38385064397242,36.31759557640634]]]}},{"type":"Feature","properties":{"layer":"zone_promo","id":"zone_promo_0099","name":"도마변동4구역","category":"재정비촉진지구","color":"#c0392b","sido":"대전광역시","sgg_code":"30170","type_code":"UDA100","notice_date":"20201231","mgmt_no":"63000003017020200353UDA1000004000"},"geometry":{"type":"Polygon","coordinates":[[[127.3781114162849,36.32225718155734],[127.37912847744437,36.32518563198715],[127.3792588137729,36.325433276894564],[127.38547451696935,36.3234212854354],[127.38492838809204,36.32230317822928],[127.38489601560198,36.32234424036946],[127.38424007256266,36.32249813600615],[127.3841888061461,36.32247413069325],[127.383933060112,36.32169441634683],[127.38459600997159,36.321583170472536],[127.38443636405175,36.32114201715013],[127.3781114162849,36.32225718155734]]]}},{"type":"Feature","properties":{"layer":"zone_promo","id":"zone_promo_0100","name":"도마변동5구역","category":"재정비촉진지구","color":"#c0392b","sido":"대전광역시","sgg_code":"30170","type_code":"UDA100","mgmt_no":"63000003017020200353UDA1000005000"},"geometry":{"type":"Polygon","coordinates":[[[127.3781114162849,36.32225718155734],[127.38443636405175,36.32114201715013],[127.38402736127814,36.32001486876118],[127.38384289804742,36.31922904108194],[127.37773344687206,36.3192627367512],[127.37770935845843,36.319535841087465],[127.37793217490835,36.322200972252624],[127.37809708884754,36.322181825550906],[127.3781114162849,36.32225718155734]]]}},{"type":"Feature","properties":{"layer":"zone_promo","id":"zone_promo_0101","name":"재정비촉진지구 (서울특별시 11710)","category":"재정비촉진지구","color":"#c0392b","sido":"서울특별시","sigungu":"송파구","sgg_code":"11710","type_code":"UDA100","mgmt_no":"61100001171020230013UDA1000001001"},"geometry":{"type":"Polygon","coordinates":[[[127.14412277945695,37.491977425651584],[127.14447248999176,37.49284305250207],[127.14463459791197,37.49293764135566],[127.14474563698647,37.49311347192732],[127.14462040646924,37.49326354992826],[127.14568138095264,37.49561335365707],[127.14544794608707,37.49587868506208],[127.14541633895216,37.49584890050701],[127.14490894422813,37.496206826464544],[127.14550459582999,37.49650069252475],[127.14579229295911,37.49668386594338],[127.14609445064671,37.49695867953897],[127.14639826987181,37.49742510565101],[127.14647102567933,37.49739434641943],[127.14808875792099,37.500969772662444],[127.14838782421343,37.50146035496251],[127.14881981402263,37.50196978184914],[127.15063706225463,37.50156714365514],[127.15093332080431,37.501535820058294],[127.1511002345392,37.501474881585665],[127.15116510817016,37.50149425196865],[127.15118241243998,37.50147227273212],[127.15119890854011,37.501504336363126],[127.1522217156783,37.501060763249704],[127.15230170669703,37.501163149682725],[127.15370248823373,37.50232174845014],[127.1536397926378,37.50205548528794],[127.15358173171965,37.502011050752834],[127.15423092990059,37.50141473494366],[127.1550162385827,37.50060030538535],[127.15421742376068,37.50001369172928],[127.1549550154998,37.49908211322107],[127.15565631899725,37.49800585898915],[127.15470931122681,37.49777021830075],[127.15437167613227,37.49778858548773],[127.15435251976557,37.497711034316715],[127.15429506166842,37.497650201147344],[127.15428121443527,37.497403165307766],[127.15433623365864,37.49737714539962],[127.15525629615729,37.497655801786564],[127.15576209048591,37.497748666135095],[127.15582409699402,37.497381338248665],[127.15638294116765,37.49665962809872],[127.15661716352493,37.49639893228313],[127.15709298468511,37.49605601732841],[127.15718544703289,37.49592813394091],[127.15714372001698,37.49576483787288],[127.15699072212519,37.49549320803236],[127.15689804139576,37.49518807161741],[127.15691032435994,37.4950036210312],[127.15742740199579,37.49471137661611],[127.15762007230661,37.49453921164048],[127.15792398262721,37.493647721857165],[127.15788399729135,37.493560648190204],[127.15792593641517,37.493451310517386],[127.15878153639224,37.49259968575067],[127.1586506604086,37.49242687707435],[127.15847921148736,37.49204798256705],[127.15826003519489,37.49114971604106],[127.15828516785476,37.49075824354649],[127.15823522303576,37.49061223078095],[127.15816999974201,37.490519244042474],[127.157987688062,37.49036650493896],[127.15782759493412,37.49030001586141],[127.15741329086109,37.49000026013736],[127.15722265286885,37.489931350805264],[127.15712496140102,37.489944165580845],[127.15711814873106,37.490519291500846],[127.15696603869284,37.49054537744104],[127.15615405773227,37.49095416319919],[127.155567308631,37.49134908986078],[127.15461672799175,37.49179249084692],[127.15405072420755,37.492020130572016],[127.15324939600697,37.49245628192374],[127.15307146307727,37.49251492207493],[127.15247561549491,37.49292610800683],[127.15238204888615,37.492934408592575],[127.15141366846699,37.49270634590946],[127.15094829922812,37.49248013591475],[127.15031063100228,37.4920226384539],[127.15057183962712,37.49147720464676],[127.15064651919384,37.49142819515594],[127.15037146040635,37.491193462281444],[127.15039105809561,37.491182940946494],[127.1502703795628,37.491043789433164],[127.1502363467189,37.4910622937538],[127.1500367359828,37.49086851462315],[127.14986381095028,37.490628525423325],[127.14981373146757,37.490652014277174],[127.14975693373204,37.49056025568931],[127.14963181909764,37.49047544835144],[127.14845064505145,37.490053804800866],[127.14825587655342,37.490204513780604],[127.14808931643995,37.490446377604876],[127.14754207237091,37.490888454865214],[127.14697438217556,37.4910412168016],[127.1466885021814,37.49123221988485],[127.14653504208505,37.49127617889368],[127.14574849277973,37.4912192434758],[127.14551644470279,37.49126908148892],[127.14417189704864,37.491999711138845],[127.14412277945695,37.491977425651584]]]}},{"type":"Feature","properties":{"layer":"zone_promo","id":"zone_promo_0102","name":"공동주택용지","category":"재정비촉진지구기타","color":"#e59866","sido":"대전광역시","sgg_code":"30170","type_code":"UDA999","mgmt_no":"63000003017020210874UDA9990003001"},"geometry":{"type":"Polygon","coordinates":[[[127.38006106581166,36.32645699390962],[127.38142053065643,36.32836534634529],[127.38152312926118,36.32840041822098],[127.38269092157879,36.328184599783945],[127.38274511539618,36.328127571997726],[127.38272527578266,36.327946049119966],[127.38277126590796,36.32784194322367],[127.38254420043921,36.32756685459264],[127.3827942632223,36.327421193736605],[127.38302441886334,36.32768126752],[127.38354889520963,36.32732299848447],[127.38567567967249,36.32608601865462],[127.38449250824182,36.32448234040287],[127.38425397198864,36.324001481822386],[127.3801326258849,36.32533247357328],[127.38071608146905,36.32615142078704],[127.38006106581166,36.32645699390962]]]}},{"type":"Feature","properties":{"layer":"zone_promo","id":"zone_promo_0103","name":"재정비촉진구역","category":"재정비촉진지구기타","color":"#e59866","subtype":"마천5","sido":"서울특별시","sigungu":"송파구","sgg_code":"11710","type_code":"UDA999","notice_date":"20240912","mgmt_no":"61100001171020240439UDA9990001001"},"geometry":{"type":"Polygon","coordinates":[[[127.14794942165506,37.49730473898915],[127.14837691015454,37.497700647663855],[127.14717559734176,37.49856339917604],[127.14730688019947,37.49870342355938],[127.14729583405169,37.49873375578068],[127.14767145877016,37.498876730602575],[127.14749733887007,37.498952269330545],[127.14766644411999,37.499263003733766],[127.14757857772547,37.49932239807646],[127.14782425926997,37.49987242371092],[127.14762179560675,37.499929716459185],[127.1478505887394,37.5004416416412],[127.14807494679818,37.500378113469786],[127.14837936066333,37.5010597007586],[127.14853952042063,37.50101427145732],[127.14851271323121,37.50095411815766],[127.14875519216952,37.50078839298965],[127.14904994687807,37.501057261451045],[127.1491170188459,37.50107356682284],[127.1510147415094,37.50025142569302],[127.15134671816406,37.49994774723312],[127.1516504792534,37.499735744197366],[127.15215258789807,37.499548463303064],[127.15216688455281,37.49950459349766],[127.1512446219,37.49863370786696],[127.1511905721854,37.49863087514077],[127.15067756512616,37.49895432457661],[127.14960781261139,37.49798359236445],[127.15027799143436,37.49761862993605],[127.15027862622398,37.49756808312793],[127.149851720774,37.49712859930653],[127.14945789273838,37.497179828344414],[127.14902637025439,37.49717785413134],[127.14885316524474,37.496875974483146],[127.14882420235158,37.496892174512176],[127.14858031815076,37.49665194778348],[127.14806333206963,37.49700976402009],[127.1483066427906,37.49723456742089],[127.14794942165506,37.49730473898915]],[[127.14907052902468,37.49991914019483],[127.14899312784249,37.499911650437895],[127.14861496295144,37.49954419033241],[127.14862396542496,37.49948688465406],[127.14907362952188,37.4991786780746],[127.14927279335568,37.49923894919814],[127.14921652510905,37.49932714618479],[127.14932629360457,37.49932428788685],[127.14933223685867,37.499442158033624],[127.14939625634415,37.49944241128564],[127.14939999199905,37.49946725613709],[127.14919321059497,37.49947282167452],[127.14916174500075,37.49986109205992],[127.14907052902468,37.49991914019483]]]}},{"type":"Feature","properties":{"layer":"zone_promo","id":"zone_promo_0104","name":"재정비촉진지구 (대전광역시 30170)","category":"재정비촉진지구","color":"#c0392b","sido":"대전광역시","sgg_code":"30170","type_code":"UDA100","notice_date":"20180105","mgmt_no":"63000003017020180004UDA1000001000"},"geometry":{"type":"Polygon","coordinates":[[[127.37617233107059,36.31584623462037],[127.37871097151562,36.31619302513495],[127.37923868216996,36.31496125629458],[127.37854359899987,36.31476250682856],[127.37856592460993,36.31471153809552],[127.37823981426742,36.31461796100995],[127.37821377013279,36.31457420997319],[127.37833501694699,36.31429339143454],[127.37850174754827,36.31434050180674],[127.37869067370362,36.3138450350302],[127.3782616366727,36.3137380668212],[127.37794814888021,36.313522177797275],[127.37793635733294,36.31347363261947],[127.37864629513841,36.31244298376472],[127.37746941984193,36.3119195757693],[127.3768752068702,36.31281065001259],[127.37684311780212,36.31290626625082],[127.37663506589185,36.31388801885661],[127.37659482610611,36.31388154852769],[127.37617233107059,36.31584623462037]]]}},{"type":"Feature","properties":{"layer":"zone_promo","id":"zone_promo_0105","name":"촉진구역(도마변동6구역)","category":"재정비촉진지구","color":"#c0392b","sido":"대전광역시","sgg_code":"30170","type_code":"UDA100","notice_date":"20150403","mgmt_no":"63000003017020150054UDA1000006002"},"geometry":{"type":"Polygon","coordinates":[[[127.38156019282036,36.31766416933607],[127.3818115708652,36.31769908335918],[127.3819653597622,36.31775529582755],[127.38219563185453,36.31794273675582],[127.38288728943193,36.319234121427755],[127.38384289804742,36.31922904108194],[127.3837785472472,36.31841785743618],[127.38385064397242,36.31759557640634],[127.38182161440967,36.31704333043155],[127.38156019282036,36.31766416933607]]]}},{"type":"Feature","properties":{"layer":"zone_promo","id":"zone_promo_0106","name":"존치관리구역13","category":"재정비촉진지구","color":"#c0392b","sido":"대전광역시","sgg_code":"30170","type_code":"UDA100","mgmt_no":"63000003017020230028UDA1000013000"},"geometry":{"type":"Polygon","coordinates":[[[127.3818851468879,36.31882956967152],[127.38188676064428,36.3191135603196],[127.38211010686983,36.31911023598829],[127.38210487094395,36.31882807724848],[127.3818851468879,36.31882956967152]]]}},{"type":"Feature","properties":{"layer":"zone_promo","id":"zone_promo_0107","name":"공동주택용지","category":"재정비촉진지구기타","color":"#e59866","sido":"대전광역시","sgg_code":"30170","type_code":"UDA999","mgmt_no":"63000003017020150202UDA9990006002"},"geometry":{"type":"Polygon","coordinates":[[[127.38202701180829,36.317724288463744],[127.38225253940402,36.317913862143996],[127.38289719743376,36.319116955306086],[127.38375806289793,36.3191122589975],[127.3838181481238,36.31905905982753],[127.3837785472472,36.31841785743618],[127.38382456243536,36.31776847787328],[127.38377650529831,36.31770777531729],[127.38221572326147,36.31727921976125],[127.38202701180829,36.317724288463744]]]}},{"type":"Feature","properties":{"layer":"zone_promo","id":"zone_promo_0108","name":"존치지역","category":"재정비촉진지구","color":"#c0392b","sido":"대전광역시","sgg_code":"30170","type_code":"UDA100","mgmt_no":"63000003017020150054UDA1000018001"},"geometry":{"type":"Polygon","coordinates":[[[127.37456652282053,36.31063692605665],[127.37468848748527,36.3103650574388],[127.37380844067303,36.31012561061432],[127.3732736646056,36.31005166627094],[127.3732628705074,36.31008819742561],[127.37272265427843,36.310000975200374],[127.37232834177735,36.310016320374665],[127.37242902544477,36.310134954115675],[127.3726760913511,36.310252691795],[127.37368333150977,36.310380690241026],[127.37456652282053,36.31063692605665]]]}},{"type":"Feature","properties":{"layer":"zone_promo","id":"zone_promo_0109","name":"재정비촉진구역","category":"재정비촉진지구기타","color":"#e59866","subtype":"마천2","sido":"서울특별시","sigungu":"송파구","sgg_code":"11710","type_code":"UDA999","notice_date":"20250515","mgmt_no":"61100001171020250269UDA9990001001"},"geometry":{"type":"Polygon","coordinates":[[[127.15084529938218,37.495838081798965],[127.15125879153838,37.4961415824044],[127.15126695302591,37.49611738024767],[127.15133517128105,37.496120753594624],[127.15176866177994,37.49645332027899],[127.15179909055631,37.49642978353485],[127.15186293350042,37.496472995287185],[127.15191694026987,37.49621833138752],[127.15226342606807,37.49605506133237],[127.15258470976065,37.49623136380279],[127.1524311711727,37.49639702841235],[127.15233745935475,37.49634652097248],[127.15224397191797,37.49644136225631],[127.15234334830738,37.49649701624958],[127.15228024735127,37.496564293258984],[127.15241521930959,37.49657333815875],[127.15265548467129,37.49668407009188],[127.15273197936585,37.49665286974117],[127.15286601685848,37.4968992112893],[127.15292234775488,37.496889885858316],[127.15294951092825,37.49695729978844],[127.15380409624039,37.497234817054846],[127.15398497356594,37.49725090084499],[127.15402628737736,37.49684693893955],[127.15400049257126,37.496663204588074],[127.1544593597871,37.49541940461856],[127.15459443550786,37.49516989631611],[127.1551756993379,37.49456430130321],[127.15465422786917,37.49433110610918],[127.15459446449385,37.4942809618825],[127.15461031208223,37.494266831706476],[127.15423049449441,37.49415348205731],[127.15424217318925,37.494118958704604],[127.1541984747008,37.49411120352446],[127.15421706093755,37.49404255041965],[127.15399192999837,37.49400881946128],[127.15384347895865,37.49394748173859],[127.15387537903875,37.49391425681596],[127.15377255304027,37.49385156271891],[127.1537933411343,37.49383130850182],[127.15339662831072,37.49362072410901],[127.15329824389546,37.49370731941173],[127.15322254252189,37.49364833813904],[127.15324100382063,37.49362933939459],[127.15300153660954,37.49351185007096],[127.15296155207407,37.493551121816395],[127.1526742193057,37.493399950760875],[127.15270069607247,37.49336879637825],[127.15242256322674,37.49324280486481],[127.15222087044721,37.49348177298449],[127.15250039342328,37.49360712348136],[127.15227139186258,37.49389140176477],[127.15226292395522,37.49385850808873],[127.15215782812085,37.49380788886635],[127.15199793968655,37.49398543623956],[127.15213154285087,37.49405285893384],[127.15206120037084,37.4941395435901],[127.15175705589591,37.494018431043855],[127.15154677738607,37.49426367084472],[127.15160172857121,37.49426083498472],[127.1521917347523,37.49467186750556],[127.15227985976686,37.494678152175695],[127.15310396235309,37.49525704354815],[127.1529407320214,37.495583270232],[127.15288349186945,37.49578594213598],[127.15279362288886,37.49574544923361],[127.15265860251331,37.495823891792334],[127.1525729225883,37.495797079532274],[127.15231402969212,37.49592527097529],[127.15151647789683,37.495454063857714],[127.15149064167703,37.49539899157702],[127.15185192809201,37.49502188790927],[127.15165409930262,37.49489525181644],[127.1517727437258,37.49477103345321],[127.15189578763298,37.494844740784174],[127.15199124628167,37.494741193592475],[127.15187226313492,37.49466803080106],[127.1519192612505,37.4946181907964],[127.15174050035381,37.494497999734925],[127.15166191275867,37.494584343241534],[127.15152699710464,37.49450549702397],[127.15144870232474,37.49458571322508],[127.15158571294681,37.494666016488],[127.15150340535502,37.49475271600163],[127.15145221664656,37.494720236898154],[127.1513283325094,37.494887934776436],[127.15112263019003,37.49522399766923],[127.15116709875514,37.495237816731304],[127.15094150244943,37.49569247591238],[127.15084583453624,37.495771767622394],[127.15084529938218,37.495838081798965]]]}},{"type":"Feature","properties":{"layer":"zone_promo","id":"zone_promo_0110","name":"재정비촉진지구기타 (서울특별시 11710)","category":"재정비촉진지구기타","color":"#e59866","sido":"서울특별시","sigungu":"송파구","sgg_code":"11710","type_code":"UDA999","mgmt_no":"61100001171020170055UDA9990002023"},"geometry":{"type":"Polygon","coordinates":[[[127.15237913761985,37.4932242006332],[127.15270068476464,37.49336879639272],[127.15267420799786,37.493399950775355],[127.15296155205588,37.49355111280644],[127.15300152526528,37.49351183206556],[127.1532409924763,37.493629321389164],[127.15322253117756,37.49364832013362],[127.15329823255111,37.49370730140633],[127.15339660564022,37.493620697108184],[127.1537933184819,37.49383129051104],[127.15377253038788,37.493851544728116],[127.15387536769421,37.49391423881062],[127.15384346761411,37.493947463733214],[127.15399191865382,37.49400880145596],[127.15421704959294,37.49404253241434],[127.1541984633562,37.49411118551914],[127.15424216184459,37.4941189406993],[127.15423048314977,37.49415346405199],[127.15461030073746,37.49426681370122],[127.1545944531491,37.494280943877236],[127.1546542165244,37.494331088103884],[127.15517568801144,37.49456429230795],[127.15532951994435,37.494347942523326],[127.15548444946083,37.49395058042894],[127.15646190498119,37.49191249516766],[127.15699524890643,37.49122337704424],[127.15734180638745,37.4909368441971],[127.15708432318206,37.49070770798269],[127.1571234665859,37.49063538727726],[127.15690229052244,37.49073249975643],[127.155453312859,37.49156189228652],[127.15390397586263,37.49228850234149],[127.15335864668037,37.49258251570414],[127.15313700457335,37.49265570919477],[127.15250926161393,37.49306924277215],[127.15237913761985,37.4932242006332]]]}},{"type":"Feature","properties":{"layer":"zone_promo","id":"zone_promo_0111","name":"천호재정비촉진지구","category":"재정비촉진지구","color":"#c0392b","sido":"서울특별시","sigungu":"강동구","sgg_code":"11740","type_code":"UDA100","notice_date":"20250722","mgmt_no":"61100001174020250380UDA1000001001"},"geometry":{"type":"Polygon","coordinates":[[[127.12525208039987,37.541791796641455],[127.1252889504858,37.541877117969534],[127.12536369229706,37.541859623439954],[127.12543769011938,37.54200793916457],[127.12551560583516,37.54204162655196],[127.12570240396565,37.542304880259195],[127.1256382890549,37.5423646834151],[127.12573300477793,37.542498498227474],[127.12578705484178,37.54251712793158],[127.12610318833542,37.54339186495085],[127.12615255990119,37.543413706949856],[127.12699209655112,37.54323847605649],[127.12706137034064,37.543185063730824],[127.1275508141211,37.54301515597506],[127.1281829556394,37.54265264140273],[127.12853464087608,37.54254256793354],[127.1285855728308,37.542263620172115],[127.12848179748475,37.54166779781283],[127.1298052962223,37.54131067395037],[127.12998470496622,37.54120972100202],[127.1296028729423,37.5409491093883],[127.12869698670484,37.54061381120038],[127.12799173295507,37.540525856919224],[127.12719029129806,37.540585619351035],[127.12630745639065,37.54082679602355],[127.12654419811068,37.54133349773967],[127.12525208039987,37.541791796641455]]]}},{"type":"Feature","properties":{"layer":"zone_promo","id":"zone_promo_0112","name":"특별계획구역","category":"재정비촉진지구기타","color":"#e59866","subtype":"특별계획구역 결정(25.10.2.) 자세한사항은 서울시고시 2025-552호 참조","sido":"서울특별시","sigungu":"강동구","sgg_code":"11740","type_code":"UDA999","mgmt_no":"61100001174020250552UDA9990001007"},"geometry":{"type":"MultiPolygon","coordinates":[[[[127.13027690833115,37.5374274701746],[127.13032953230456,37.53752624264992],[127.13044041510034,37.537487054625466],[127.13048226151157,37.53756898122808],[127.13043692843127,37.53758459987211],[127.13058598620304,37.53789975737355],[127.13069152299266,37.53786368338166],[127.1307508038314,37.53802322031443],[127.13062690813334,37.5380621345364],[127.13068327272735,37.53815119906589],[127.1308025497053,37.53855651508716],[127.1304415764838,37.538667731748724],[127.13038963563704,37.53872977670619],[127.13045465495851,37.53883782480613],[127.13141537366768,37.53835972363686],[127.13085263517142,37.537210792098364],[127.13027690833115,37.5374274701746]]],[[[127.1277618664087,37.53890677676342],[127.12791985847504,37.538929492970844],[127.12828413207848,37.5398291936954],[127.12832223573761,37.539879788544084],[127.1284532569392,37.53981000110113],[127.12851125904074,37.53991796769546],[127.12970498507089,37.53926003495301],[127.12957568408638,37.53907736391512],[127.12957268540116,37.539044120554365],[127.12961184877715,37.53902603120866],[127.12956145093698,37.53890579439053],[127.12953939971872,37.538913116333774],[127.12921590955648,37.53843430986612],[127.12916396285785,37.53843368126964],[127.12915115056512,37.538358255031],[127.12914411536855,37.53841284474818],[127.12822908019812,37.538502235425106],[127.12825333793161,37.538528428271675],[127.12884748802703,37.53845815147952],[127.12886726554255,37.5384711494932],[127.12846171576271,37.53850567966299],[127.128448067795,37.53855095117537],[127.12826232238262,37.53857557656645],[127.12804612461508,37.53872483251747],[127.12796008559275,37.5388308813567],[127.1277618664087,37.53890677676342]]]]}},{"type":"Feature","properties":{"layer":"zone_promo","id":"zone_promo_0113","name":"천호성내존치관리구역변경(25.10.2.)자세한사항은 서울시고시 2025-552호 참조","category":"재정비촉진지구기타","color":"#e59866","sido":"서울특별시","sigungu":"강동구","sgg_code":"11740","type_code":"UDA999","mgmt_no":"61100001174020250552UDA9990001003"},"geometry":{"type":"MultiPolygon","coordinates":[[[[127.12667082659004,37.537895006402266],[127.12686008170792,37.53810222314981],[127.12739534341195,37.538903960466754],[127.1275288799852,37.53905192316166],[127.12764005405232,37.539270799651405],[127.12760489771273,37.539283478111734],[127.12770641775181,37.539527403408506],[127.12773856398593,37.539756112937496],[127.12783612150861,37.54001144889705],[127.12798175254024,37.5401302149803],[127.12816859811277,37.54008473088823],[127.12834777551328,37.53997454548541],[127.12851110058672,37.53991794083608],[127.12845309848541,37.53980997424166],[127.12832207728377,37.53987976168447],[127.12828397362472,37.53982916683573],[127.12791970002331,37.53892946611066],[127.12776170795713,37.53890674990305],[127.12795992714126,37.53883085449654],[127.12804596616375,37.538724805657466],[127.12826216393157,37.538575549706714],[127.12844790934393,37.53855092431592],[127.12846155731172,37.53850565280356],[127.12886710709152,37.53847112263431],[127.12884732957598,37.538458124620604],[127.12825317948065,37.53852840141197],[127.12822892174721,37.53850220856533],[127.12914395691753,37.53841281788963],[127.12915099211419,37.53835822817246],[127.12916380440676,37.53843365441115],[127.12921575110539,37.53843428300767],[127.12953924126649,37.53891308947577],[127.12956129248475,37.538905767532555],[127.12961169032465,37.53902600435078],[127.12957252694865,37.53904409369638],[127.12957552563378,37.539077337057165],[127.12970482661787,37.53926000809522],[127.12976034543996,37.53923852222639],[127.13045449650608,37.538837797949355],[127.13038947718492,37.53872974984937],[127.1304414180318,37.53866770489192],[127.13080239125335,37.538556488230824],[127.13068311427632,37.53815117220942],[127.13062674968252,37.53806210767987],[127.13075064538059,37.53802319345808],[127.13069136454227,37.5378636565252],[127.1305858277526,37.537899730516926],[127.13043676998153,37.53758457301529],[127.13048210306185,37.53756895437131],[127.13044025665077,37.53748702776866],[127.130329373855,37.537526215792965],[127.13027674988182,37.537427443317576],[127.13085247672231,37.537210765242136],[127.1305879886121,37.53667852296612],[127.12667082659004,37.537895006402266]]],[[[127.12559351164172,37.536373997352726],[127.1264251828348,37.53749228858329],[127.12870646896867,37.53677677224973],[127.12850669938842,37.536261637474226],[127.1283131007259,37.535861228100806],[127.1282694496707,37.53584751679851],[127.12769120856002,37.53591319666092],[127.12704090331329,37.53605171447702],[127.1266579258128,37.536180620477865],[127.12600604214143,37.53627740028491],[127.12559351164172,37.536373997352726]]],[[[127.1237712822537,37.5394052054649],[127.12438398229985,37.5410896229963],[127.12453549782583,37.54114884964139],[127.12664633233443,37.54053018228103],[127.12708845267234,37.540421467826796],[127.12744995955373,37.54037064535421],[127.12776113468526,37.540103655519104],[127.12753248854916,37.53943467881484],[127.12732170992415,37.53896625244208],[127.1265614423753,37.53793199087845],[127.12406404545175,37.538709164829356],[127.12382227600722,37.539092165986695],[127.12388983831426,37.53932178594783],[127.1237712822537,37.5394052054649]]],[[[127.12292342713464,37.53654229370069],[127.12349244504972,37.538095387906154],[127.1239209159476,37.538267079192345],[127.12628086674583,37.5375402207609],[127.1254328627185,37.5364103588947],[127.12458501716058,37.53649742538487],[127.12382057839491,37.53641767075407],[127.12331028610274,37.53640172795441],[127.12315184040364,37.53642298348505],[127.12292342713464,37.53654229370069]]]]}},{"type":"Feature","properties":{"layer":"zone_promo","id":"zone_promo_0114","name":"천호성내재정비촉진지구 결정(25.10.2.)(자세한 사항은 서울시고시 제2025-552호 참조)","category":"재정비촉진지구","color":"#c0392b","sido":"서울특별시","sigungu":"강동구","sgg_code":"11740","type_code":"UDA100","mgmt_no":"61100001174020250552UDA1000001001"},"geometry":{"type":"Polygon","coordinates":[[[127.12288055273991,37.53643496647223],[127.12349256955429,37.538095414807344],[127.12382240051356,37.539092192887544],[127.12377140676058,37.539405232365795],[127.12393603521052,37.53987461389497],[127.12438410680973,37.54108964989654],[127.1245356223359,37.54114887654148],[127.12664645684416,37.540530209178904],[127.12708857718205,37.54042149472417],[127.12745008406348,37.540370672251214],[127.12779179431259,37.540067853355715],[127.12790296427708,37.54007512257082],[127.12796634341001,37.54013127663094],[127.12816872262232,37.540084757784456],[127.12976046994865,37.53923854912095],[127.13081456310181,37.538640086987506],[127.13141533972374,37.53835972367418],[127.13058811311687,37.53667854985984],[127.12895863030137,37.53717392821893],[127.1286798656139,37.53644173076375],[127.12837945096788,37.53576967905744],[127.12765431026307,37.53585130183661],[127.12703231383124,37.53596955307225],[127.12666106538063,37.5361094297197],[127.12496896039646,37.53636780430571],[127.12442975664942,37.53639805441462],[127.1237198220698,37.53631940467288],[127.12329193879951,37.53631408929664],[127.12311965619179,37.53633556627909],[127.12288055273991,37.53643496647223]]]}},{"type":"Feature","properties":{"layer":"zone_promo","id":"zone_promo_0115","name":"천호성내특별계획가능구역(25.10.2.)자세한사항은 서울시고시 2025-552호 참조","category":"재정비촉진지구기타","color":"#e59866","sido":"서울특별시","sigungu":"강동구","sgg_code":"11740","type_code":"UDA999","notice_date":"20251010","mgmt_no":"61100001174020250552UDA9990001006"},"geometry":{"type":"Polygon","coordinates":[[[127.12752899317807,37.53905195007068],[127.12764017856033,37.539270826548204],[127.12760502222073,37.539283505008534],[127.12770654226024,37.53952743030525],[127.12773868849479,37.53975613983422],[127.1278362460179,37.54001147579365],[127.12796634341001,37.54013127663094],[127.12816872262232,37.540084757784456],[127.12834790002272,37.53997457238145],[127.12851122509615,37.53991796773196],[127.12845322299461,37.539810001137624],[127.12832220179303,37.53987978858052],[127.12827286943248,37.53981325822412],[127.12790067406765,37.538912574848524],[127.12776183246457,37.53890677679971],[127.12757133305541,37.53899148434741],[127.12752899317807,37.53905195007068]]]}},{"type":"Feature","properties":{"layer":"zone_promo","id":"zone_promo_0116","name":"천호성내지구단위계획구역결정(25.10.2.)자세한사항은 서울시고시 2025-552호 참조","category":"재정비촉진지구기타","color":"#e59866","sido":"서울특별시","sigungu":"강동구","sgg_code":"11740","type_code":"UDA999","notice_date":"20251010","mgmt_no":"61100001174020250552UDA9990001005"},"geometry":{"type":"Polygon","coordinates":[[[127.12288055273991,37.53643496647223],[127.12349256955429,37.538095414807344],[127.12382240051356,37.539092192887544],[127.12377140676058,37.539405232365795],[127.12393603521052,37.53987461389497],[127.12438410680973,37.54108964989654],[127.1245356223359,37.54114887654148],[127.12664645684416,37.540530209178904],[127.12708857718205,37.54042149472417],[127.12745008406348,37.540370672251214],[127.12779179431259,37.540067853355715],[127.12790296427708,37.54007512257082],[127.12796634341001,37.54013127663094],[127.12816872262232,37.540084757784456],[127.12976046994865,37.53923854912095],[127.13081456310181,37.538640086987506],[127.13141533972374,37.53835972367418],[127.13058811311687,37.53667854985984],[127.12895863030137,37.53717392821893],[127.1286798656139,37.53644173076375],[127.12837945096788,37.53576967905744],[127.12765431026307,37.53585130183661],[127.12703231383124,37.53596955307225],[127.12666106538063,37.5361094297197],[127.12496896039646,37.53636780430571],[127.12442975664942,37.53639805441462],[127.1237198220698,37.53631940467288],[127.12329193879951,37.53631408929664],[127.12311965619179,37.53633556627909],[127.12288055273991,37.53643496647223]]]}},{"type":"Feature","properties":{"layer":"zone_promo","id":"zone_promo_0117","name":"재정비촉진지구 (부산광역시 12110)","category":"재정비촉진지구","color":"#c0392b","sido":"부산광역시","sgg_code":"12110","type_code":"UDA100","notice_date":"20260421","mgmt_no":"64600001211020260119UDA1000001000"},"geometry":{"type":"Polygon","coordinates":[[[126.36857453054961,34.781819212541855],[126.3691259794478,34.78208355349167],[126.37128628956695,34.78330693660104],[126.37190973770336,34.78363395982729],[126.37231877946192,34.78380851045832],[126.37323049036446,34.78408236491102],[126.37499063934784,34.78428463017295],[126.37514129951647,34.78433976825489],[126.37690512327983,34.78557358600099],[126.37711668502003,34.78578262211479],[126.37725608817006,34.78578947542776],[126.3773391266637,34.785842659588766],[126.37742818257644,34.785823664087985],[126.37746302449716,34.78587298652717],[126.3777518852838,34.785745558804294],[126.37781860849074,34.78576583038318],[126.37779819321999,34.785800041765725],[126.37795049389959,34.78571908372136],[126.37774475933655,34.785461376726836],[126.3773229480206,34.785151885594395],[126.37744279410042,34.78504112403689],[126.37769866139999,34.78454587678008],[126.37793246696049,34.784632932006524],[126.37919150763892,34.784670886504365],[126.3791945414197,34.78458696443441],[126.3793140217749,34.784544849114965],[126.37942354991219,34.784435646339325],[126.3796722603803,34.784483248368545],[126.37971157674515,34.78442704008078],[126.37967482633194,34.78438589315766],[126.37972497403908,34.78416456017444],[126.37976372262693,34.784166533794526],[126.3797618108914,34.784066018867605],[126.37978896137403,34.78403240940842],[126.37993682889977,34.78402908107873],[126.37995833881689,34.783992954944175],[126.37998963506953,34.78354490670998],[126.37990941914458,34.783479633059976],[126.37991473695932,34.783367842566044],[126.37988322873053,34.783343028639905],[126.37978397851288,34.78339608256995],[126.37963142240628,34.78319447339283],[126.37954491274154,34.78281346390438],[126.3796495813613,34.7824822863464],[126.3790114448659,34.78235369593855],[126.37898233598553,34.782320799547044],[126.37918525392575,34.78175707880148],[126.37915306752087,34.78163208953272],[126.37937662167478,34.7808119557156],[126.37897377585169,34.78071716148143],[126.37823973339032,34.78069021341506],[126.37384212433712,34.78015439778758],[126.37362733324805,34.78017850228978],[126.37362070271324,34.780152426888144],[126.37352080076474,34.78015882535103],[126.37248023773996,34.78026826437201],[126.37131178348969,34.78043681290818],[126.3700173581505,34.780519560494646],[126.36983306502191,34.78054542093634],[126.36939883989378,34.7806847219612],[126.3691719218466,34.78078298521387],[126.36898229944258,34.780924420135804],[126.36891479738736,34.78101987834219],[126.36894391865115,34.781163657342965],[126.36891090289961,34.78127392428456],[126.36857453054961,34.781819212541855]],[[126.37279032386262,34.78244678972174],[126.37265788293834,34.78240435330763],[126.37236606885244,34.78237732739685],[126.37234019699217,34.782325652147065],[126.37207743288259,34.78228717474896],[126.37167247949971,34.78212917597589],[126.37170311521291,34.7821174631228],[126.37166954517446,34.782098387294035],[126.37168634460852,34.78204851908265],[126.3712071482561,34.781857188844796],[126.37116296815834,34.781813954744415],[126.37119900358088,34.781715682310484],[126.37112373623616,34.78163150831086],[126.37104252406716,34.78131201326512],[126.37097246411601,34.781132192438584],[126.37085377473835,34.78095414783011],[126.37080394573468,34.780758900708854],[126.37084438604602,34.780716339151084],[126.3713054245055,34.78070129336594],[126.37236946365378,34.78052388559809],[126.3723861336625,34.78059028711845],[126.37289590430473,34.78053242760767],[126.37292441785263,34.780705371603474],[126.37297225883049,34.78067215891439],[126.37297491043694,34.7807302042],[126.3731080708434,34.78072928703903],[126.37311531001357,34.782068530924526],[126.37314019741362,34.78216509023005],[126.37322519643531,34.78222832881321],[126.37292408893155,34.78234345980376],[126.3729099405857,34.782393909750986],[126.37279786107041,34.7823734914343],[126.37279032386262,34.78244678972174]]]}},{"type":"Feature","properties":{"layer":"zone_promo","id":"zone_promo_0118","name":"도마ㆍ변동6-1","category":"재정비촉진지구","color":"#c0392b","sido":"대전광역시","sgg_code":"30170","type_code":"UDA100","mgmt_no":"63000003017020230028UDA1000006001"},"geometry":{"type":"Polygon","coordinates":[[[127.37773344687206,36.3192627367512],[127.38035868014562,36.3192446765319],[127.38288728943193,36.319234121427755],[127.38260914541306,36.3187140311904],[127.38241948168451,36.31879198343458],[127.38240715718203,36.31876738462614],[127.38219722923115,36.318827684018736],[127.38208201162847,36.31853079884391],[127.38156651239255,36.31853238488661],[127.38156019282036,36.31766416933607],[127.3783124311372,36.317376784339636],[127.3777496785994,36.3190787921995],[127.37773344687206,36.3192627367512]],[[127.38188676064428,36.3191135603196],[127.3818851468879,36.31882956967152],[127.38210487094395,36.31882807724848],[127.38211010686983,36.31911023598829],[127.38188676064428,36.3191135603196]]]}},{"type":"Feature","properties":{"layer":"zone_promo","id":"zone_promo_0119","name":"공동10","category":"재정비촉진지구기타","color":"#e59866","sido":"부산광역시","sgg_code":"26200","type_code":"UDA999","mgmt_no":"62600002620020090245UDA9990005200"},"geometry":{"type":"Polygon","coordinates":[[[129.04736367692684,35.080292003441166],[129.04728337458081,35.08002692377596],[129.0470785764061,35.079800009769514],[129.0470067366454,35.07962685713794],[129.04690467986052,35.078745511654205],[129.04678063050883,35.07830083253394],[129.0467901188119,35.0779114112907],[129.0465592562574,35.077729556406986],[129.0447432578671,35.07961635626626],[129.04457245651432,35.07988504253066],[129.04451215713232,35.08015015598951],[129.04454309895215,35.08041866220748],[129.0457333731119,35.08397051027736],[129.04580952588805,35.084006419917024],[129.04646195676102,35.08385844550869],[129.04666526975666,35.08374340057438],[129.04674731057256,35.08363938832162],[129.04678985227645,35.083512937750584],[129.04671323471004,35.08301280712908],[129.0467339430279,35.08288430959757],[129.0467973391605,35.08275562484221],[129.04701300000332,35.082569123357345],[129.04765541615342,35.082303112303016],[129.0476686374947,35.08225934591412],[129.04723890653895,35.0817050693066],[129.04725742166852,35.081656803139005],[129.04718746709705,35.081564358334575],[129.04707669660573,35.08083499603345],[129.04736367692684,35.080292003441166]]]}},{"type":"Feature","properties":{"layer":"zone_promo","id":"zone_promo_0120","name":"영도제1재정비촉진5구역","category":"재정비촉진지구기타","color":"#e59866","sido":"부산광역시","sgg_code":"26200","type_code":"UDA999","mgmt_no":"62600002620020210241UDA9990005000"},"geometry":{"type":"MultiPolygon","coordinates":[[[[129.04451107834007,35.0802047071008],[129.04455333557203,35.080451423256264],[129.0457833686534,35.08411958701813],[129.04620722586506,35.08393300168658],[129.04623203950908,35.083970876953295],[129.0463121022261,35.08395768740644],[129.0463332589863,35.08392559994678],[129.0464019230265,35.083982342563665],[129.0466312066541,35.083834811825945],[129.04666690439387,35.083903762061],[129.04674723915434,35.08386719969486],[129.0468501209581,35.08413127958942],[129.04694011631318,35.08401545633465],[129.0471373948311,35.08389469821291],[129.04730447554994,35.08383564972263],[129.04746048552664,35.08366765704499],[129.04708474768037,35.08387155292358],[129.0470477624254,35.083716216338956],[129.04707007190956,35.083706878804364],[129.04695681362912,35.08335839000373],[129.04691023193004,35.08335715457856],[129.04695333188124,35.083348097705375],[129.04690541671798,35.08317675689606],[129.0468707872134,35.0831752195233],[129.04684765897676,35.08297324997731],[129.04690531673546,35.0828186800686],[129.0470223702174,35.08269792511965],[129.0471465269116,35.082632646491504],[129.0472073446194,35.08264006884287],[129.0474703343042,35.0824996265317],[129.04755868192385,35.082617113142234],[129.04783585554856,35.082604370261606],[129.04809576731625,35.08341557252295],[129.0481122813548,35.08366609195605],[129.0481449094998,35.08354188011461],[129.04809295963165,35.0832798007723],[129.04813585441156,35.083257367279195],[129.04782899734016,35.08242138645331],[129.04718746709705,35.081564358334575],[129.04707669660573,35.08083499603345],[129.04739867283888,35.08022562253719],[129.04683573680384,35.07829650338466],[129.0469160101683,35.07823837117969],[129.04696027438695,35.0780798401299],[129.04685034311058,35.078021788220376],[129.04684784345423,35.077982732912346],[129.04687549888004,35.07790813441257],[129.04704592605367,35.07773674756342],[129.04721489461983,35.077467914197264],[129.04695221085728,35.07732143269616],[129.0447284750969,35.07963316302518],[129.04456471469462,35.07990478522102],[129.04451107834007,35.0802047071008]]],[[[129.0401378457657,35.08349131154994],[129.04129298210785,35.08560132441879],[129.04139602090387,35.08563424445966],[129.04190185146513,35.08544369018229],[129.04263068390762,35.08511382421111],[129.04399104800135,35.08460794043312],[129.04455142323684,35.08436148022727],[129.04540204774693,35.084066428056204],[129.04545465059041,35.08398732309014],[129.04515042276347,35.08308007258887],[129.04503007643893,35.08311851411893],[129.0451487212446,35.08346712898596],[129.0445376033954,35.083604706936605],[129.0444974414437,35.08344617985712],[129.04453618688342,35.08341331128682],[129.04459818972296,35.08323434996314],[129.04459657985538,35.08311330602792],[129.04493621247553,35.08303508128112],[129.04497259171217,35.083110467537175],[129.04514388799092,35.08306060542725],[129.04402181843776,35.07971425680633],[129.04319636248042,35.08011044223584],[129.0429029166559,35.08032430208897],[129.04267298278756,35.08063345018414],[129.0425993725598,35.08082605222237],[129.04255112024757,35.08112000431631],[129.04250817302108,35.08114800630706],[129.04167434863095,35.081070714173684],[129.0415082865206,35.081281184222206],[129.04138502159944,35.08156132461194],[129.04122149884867,35.08262429699189],[129.0411192750444,35.08270399326102],[129.04111209680914,35.08275764494854],[129.0409783211613,35.08291929464892],[129.0407769481029,35.08293057313491],[129.04063037390029,35.08288371347435],[129.0402872145876,35.08341752300284],[129.0401378457657,35.08349131154994]],[[129.0432770335836,35.08398011679381],[129.04322324932284,35.083961413956665],[129.04268042738164,35.0829417396595],[129.0426137468445,35.08274475964084],[129.04260312855178,35.08249694151351],[129.0427746814519,35.08125987453646],[129.04315947800103,35.08129835732834],[129.04385932331428,35.081524276495436],[129.04410954786272,35.08152379211324],[129.04419677888808,35.081803194091535],[129.04422584236065,35.081793142616256],[129.04426766395784,35.081877766188185],[129.04447597378493,35.082407200290426],[129.0444883650389,35.08322220252222],[129.0444119632173,35.08337801278858],[129.04414065139383,35.083619278231645],[129.0434273701779,35.08395839598865],[129.0434108958488,35.08392882785994],[129.0432770335836,35.08398011679381]],[[129.04223768476834,35.081938731454336],[129.04150828794124,35.08186717176369],[129.04146841997945,35.08182535250003],[129.04156705290754,35.081446727843606],[129.04173368482603,35.081190513165474],[129.04180405033674,35.08117313845502],[129.04249728575715,35.08123771401833],[129.0424817599823,35.08132694557273],[129.042379329817,35.08131711022729],[129.04238231475122,35.08147558752691],[129.0422773862539,35.08149155906965],[129.0422738283797,35.08161322675242],[129.0423093901312,35.081616676021795],[129.04223768476834,35.081938731454336]]]]}},{"type":"Feature","properties":{"layer":"zone_promo","id":"zone_promo_0121","name":"존치관리구역D","category":"재정비촉진지구","color":"#c0392b","sido":"대전광역시","sgg_code":"30170","type_code":"UDA100","notice_date":"20150403","mgmt_no":"63000003017020150054UDA1000006001"},"geometry":{"type":"MultiPolygon","coordinates":[[[[127.3783124311372,36.317376784339636],[127.38156019282036,36.31766416933607],[127.38182161445346,36.317043339443146],[127.37871097151562,36.31619302513495],[127.3783124311372,36.317376784339636]]],[[[127.38156019282036,36.31766416933607],[127.38156651239255,36.31853238488661],[127.38208201162847,36.31853079884391],[127.38219722923115,36.318827684018736],[127.38240715718203,36.31876738462614],[127.38241948168451,36.31879198343458],[127.38260913427744,36.318714031225895],[127.38222599727341,36.31799279936655],[127.38211582193725,36.317860146014574],[127.38188285349653,36.31772043065018],[127.38156019282036,36.31766416933607]]]]}},{"type":"Feature","properties":{"layer":"zone_promo","id":"zone_promo_0122","name":"촉진다구역","category":"재정비촉진지구기타","color":"#e59866","sido":"부산광역시","sgg_code":"26200","type_code":"UDA999","notice_date":"20131211","mgmt_no":"62600002620020130469UDA9990001000"},"geometry":{"type":"Polygon","coordinates":[[[129.04784883717235,35.09044295041582],[129.04784875625498,35.09053241096245],[129.04712147849304,35.091457055285616],[129.04671036043976,35.09184208340257],[129.04642063447633,35.09201983227046],[129.04610123262592,35.09215907604205],[129.04518441192198,35.092459754124526],[129.04508310605797,35.09242561086288],[129.04528065677283,35.09279101610388],[129.0453218677193,35.09270583121198],[129.04621850489124,35.09241200993165],[129.04654989362788,35.09227206734703],[129.04687150546587,35.092084373191234],[129.04715621487557,35.091859988504694],[129.04738567497557,35.091618741517564],[129.0480363628544,35.09079202238139],[129.04814597035545,35.090789213022646],[129.04784883717235,35.09044295041582]]]}},{"type":"Feature","properties":{"layer":"zone_promo","id":"zone_promo_0123","name":"영도제1존치관리4구역(영광그린파크)","category":"재정비촉진지구기타","color":"#e59866","sido":"부산광역시","sgg_code":"26200","type_code":"UDA999","notice_date":"20131211","mgmt_no":"62600002620020130469UDA9990100004"},"geometry":{"type":"Polygon","coordinates":[[[129.0469523245674,35.08408128755299],[129.04704421372298,35.08437378246443],[129.0472533135363,35.08435065571561],[129.04726827236615,35.084393167512715],[129.04744128878534,35.08435797576172],[129.04746487928742,35.084423027431356],[129.04757974663784,35.084409427233474],[129.04759806826027,35.08454250699533],[129.04744785090472,35.084561700083874],[129.04747683089647,35.0846947938441],[129.04764862635196,35.08467136509209],[129.0476123882478,35.08440445729535],[129.04781002938347,35.08438201898745],[129.0478789918611,35.08442111189682],[129.04797667776566,35.084757915029286],[129.0480785600709,35.084740488535175],[129.04805463049865,35.084716521393105],[129.04823073046552,35.084646210102484],[129.04810165879988,35.08374830967412],[129.04711061501564,35.08393021312296],[129.0469523245674,35.08408128755299]]]}},{"type":"Feature","properties":{"layer":"zone_promo","id":"zone_promo_0124","name":"존치지역","category":"재정비촉진지구","color":"#c0392b","sido":"대전광역시","sgg_code":"30170","type_code":"UDA100","mgmt_no":"63000003017020150054UDA1000014001"},"geometry":{"type":"Polygon","coordinates":[[[127.37357895010213,36.319274244498786],[127.37773344687206,36.3192627367512],[127.37776644079975,36.31902608387056],[127.37871097151562,36.31619302513495],[127.37337730294584,36.31545551676688],[127.37357895010213,36.319274244498786]]]}},{"type":"Feature","properties":{"layer":"zone_promo","id":"zone_promo_0125","name":"교육9","category":"재정비촉진지구기타","color":"#e59866","sido":"부산광역시","sgg_code":"26200","type_code":"UDA999","mgmt_no":"62600002620020090245UDA9990004910"},"geometry":{"type":"Polygon","coordinates":[[[129.0469322593522,35.083926233024606],[129.0481066923118,35.08371045034813],[129.04809192064982,35.08340016063633],[129.0477779478319,35.082410490419974],[129.0477265009094,35.082394853328495],[129.0470989486673,35.082652683765374],[129.0469744515428,35.082736909197536],[129.04689137074644,35.08284188647109],[129.04684495928626,35.083028621933614],[129.04693856476737,35.083531738634704],[129.0469322593522,35.083926233024606]]]}},{"type":"Feature","properties":{"layer":"zone_promo","id":"zone_promo_0126","name":"영도제1존치관리11구역(남항초교)","category":"재정비촉진지구기타","color":"#e59866","sido":"부산광역시","sgg_code":"26200","type_code":"UDA999","mgmt_no":"62600002620020090245UDA9990100011"},"geometry":{"type":"Polygon","coordinates":[[[129.0426137468445,35.08274475964084],[129.04268811093354,35.08295725857832],[129.04322324932284,35.083961413956665],[129.0432770335836,35.08398011679381],[129.0434108958488,35.08392882785994],[129.0434273701779,35.08395839598865],[129.04414065139383,35.083619278231645],[129.04439737745662,35.08339554052023],[129.0444883650389,35.08322220252222],[129.0444907999657,35.08268069669575],[129.0426137468445,35.08274475964084]]]}},{"type":"Feature","properties":{"layer":"zone_promo","id":"zone_promo_0127","name":"교육10","category":"재정비촉진지구기타","color":"#e59866","sido":"부산광역시","sgg_code":"26200","type_code":"UDA999","mgmt_no":"62600002620020090245UDA9990005930"},"geometry":{"type":"Polygon","coordinates":[[[129.04329205784165,35.084090492936745],[129.04381785755112,35.08388646633006],[129.0444013664717,35.08339097819282],[129.04448836506265,35.083222247590605],[129.04449079998938,35.08268074176413],[129.0426137468445,35.08274475964084],[129.04268811093354,35.08295725857832],[129.04329205784165,35.084090492936745]]]}},{"type":"Feature","properties":{"layer":"zone_promo","id":"zone_promo_0128","name":"근생12","category":"재정비촉진지구기타","color":"#e59866","sido":"부산광역시","sgg_code":"26200","type_code":"UDA999","mgmt_no":"62600002620020090245UDA9990005500"},"geometry":{"type":"Polygon","coordinates":[[[129.0446011734126,35.08359036161576],[129.0446109529918,35.08362898168674],[129.04455325067187,35.08366648103044],[129.04462606386483,35.08394202987584],[129.04475484974895,35.084246303258524],[129.04480545382506,35.084263645489386],[129.04540204774693,35.084066428056204],[129.04545465059041,35.08398732309014],[129.04527101479374,35.08343970133465],[129.0446011734126,35.08359036161576]]]}},{"type":"Feature","properties":{"layer":"zone_promo","id":"zone_promo_0129","name":"교육12","category":"재정비촉진지구기타","color":"#e59866","sido":"부산광역시","sgg_code":"26200","type_code":"UDA999","mgmt_no":"62600002620020090245UDA9990005950"},"geometry":{"type":"Polygon","coordinates":[[[129.04402954156973,35.080228024263526],[129.04367516878347,35.08010890635769],[129.0432228509612,35.08034138135337],[129.04304121923403,35.080499318210556],[129.04291588853906,35.08067154024283],[129.04283594131937,35.08086469442401],[129.0427986945487,35.08108504625642],[129.04359222766584,35.08134121189747],[129.04434556327433,35.08117052629849],[129.04402954156973,35.080228024263526]]]}},{"type":"Feature","properties":{"layer":"zone_promo","id":"zone_promo_0130","name":"영도제1존치관리10구역(한국테크노과학고교)","category":"재정비촉진지구기타","color":"#e59866","sido":"부산광역시","sgg_code":"26200","type_code":"UDA999","mgmt_no":"62600002620020090245UDA9990100010"},"geometry":{"type":"MultiPolygon","coordinates":[[[[129.04180405033674,35.08117313845502],[129.04173368482603,35.081190513165474],[129.04156705290754,35.081446727843606],[129.04146841997945,35.08182535250003],[129.04150828794124,35.08186717176369],[129.04223768476834,35.081938731454336],[129.0423093901312,35.081616676021795],[129.0422738283797,35.08161322675242],[129.0422773862539,35.08149155906965],[129.04238231475122,35.08147558752691],[129.042379329817,35.08131711022729],[129.0424817599823,35.08132694557273],[129.04249728575715,35.08123771401833],[129.04180405033674,35.08117313845502]]],[[[129.0413944726127,35.0811320545782],[129.0409224652587,35.08178456435379],[129.04078614072677,35.0821845811176],[129.04063037390029,35.08288371347435],[129.0407769481029,35.08293057313491],[129.0409783211613,35.08291929464892],[129.04111209680914,35.08275764494854],[129.0411192750444,35.08270399326102],[129.04122149884867,35.08262429699189],[129.04138502159944,35.08156132461194],[129.0415082865206,35.081281184222206],[129.04160901506515,35.081152967526585],[129.0413944726127,35.0811320545782]]]]}},{"type":"Feature","properties":{"layer":"zone_promo","id":"zone_promo_0131","name":"영도제1존치관리12구역(신선초교)","category":"재정비촉진지구기타","color":"#e59866","sido":"부산광역시","sgg_code":"26200","type_code":"UDA999","mgmt_no":"62600002620020090245UDA9990100012"},"geometry":{"type":"Polygon","coordinates":[[[129.0481044142676,35.08369605640314],[129.04809192064982,35.08340016063633],[129.04783585554856,35.082604370261606],[129.04755868192385,35.082617113142234],[129.0474703343042,35.0824996265317],[129.0472073446194,35.08264006884287],[129.0470760596475,35.082664419159926],[129.04691862889916,35.082799385833034],[129.0468512105308,35.08295126431791],[129.046858639413,35.08311917710444],[129.0468707872134,35.0831752195233],[129.04690541671798,35.08317675689606],[129.04695333188124,35.083348097705375],[129.04691023193004,35.08335715457856],[129.04695681362912,35.08335839000373],[129.04707007190956,35.083706878804364],[129.0470477624254,35.083716216338956],[129.04708474768037,35.08387155292358],[129.04746048552664,35.08366765704499],[129.04728339905046,35.083853676006015],[129.04776778554898,35.083772648379096],[129.04776392295813,35.083748385071026],[129.0481044142676,35.08369605640314]]]}},{"type":"Feature","properties":{"layer":"zone_promo","id":"zone_promo_0132","name":"영도제1존치관리14구역","category":"재정비촉진지구기타","color":"#e59866","sido":"부산광역시","sgg_code":"26200","type_code":"UDA999","notice_date":"20131211","mgmt_no":"62600002620020130469UDA9990100143"},"geometry":{"type":"Polygon","coordinates":[[[129.04784883717235,35.09044295041582],[129.04756458015288,35.090036858537566],[129.04733182228466,35.08960918582241],[129.04687252076278,35.08833873068805],[129.04638639816432,35.087344858595536],[129.04588952497397,35.086018447350384],[129.04581469376615,35.08567257551444],[129.0457926508784,35.08532483651657],[129.04582600968237,35.08587372023464],[129.04595473917504,35.08640352305871],[129.0454465117588,35.08643288576914],[129.045015720727,35.08659937941349],[129.04498050721332,35.08665709751223],[129.04490692643958,35.086657123908466],[129.04490884318696,35.086756183342075],[129.04465916930496,35.08677065838204],[129.04463792743772,35.08695594172221],[129.04474846359398,35.086956100597284],[129.04475426206238,35.08707586301738],[129.04479412685475,35.08710369196518],[129.0447744741073,35.087183118339944],[129.04491064992612,35.08718526893444],[129.04489777560488,35.08724664755282],[129.04493190497402,35.087253107124425],[129.0448913152883,35.08755418688939],[129.04500193458415,35.087647321389795],[129.04534818022066,35.08767900571621],[129.0454679693999,35.087652732538274],[129.04551620386147,35.08770485902949],[129.0456210348552,35.08773852294988],[129.04561132007743,35.087882916277486],[129.0456694981683,35.0878892857557],[129.0456873997014,35.08800009313495],[129.04561124018326,35.0879991474249],[129.04566405860152,35.08803070301752],[129.04564029715684,35.08807493268528],[129.04567074680966,35.08821154159069],[129.04556985542794,35.08826567831976],[129.04548642547127,35.088244896117054],[129.04546543368141,35.08811730640403],[129.04534848063955,35.08813725997674],[129.045329892663,35.08809530812947],[129.04518881768962,35.08814206788037],[129.0449086782317,35.08814013153519],[129.0448801564416,35.08824519593403],[129.0449278082457,35.088501220802726],[129.0449576301896,35.08853156810136],[129.04624485448082,35.08865662351994],[129.0462917531457,35.08869051555967],[129.04657485236163,35.08916472714613],[129.04665021100254,35.089421398977954],[129.04655295397941,35.08966454249937],[129.04630510904343,35.089750327269684],[129.04593566913402,35.08997652585858],[129.04563429871732,35.09008745895187],[129.0455334850317,35.089923537270714],[129.04547762742095,35.0900341100451],[129.04560395714498,35.090213553006095],[129.0455333086482,35.090288572320226],[129.0455799012315,35.09034343951061],[129.04564833199555,35.09034500098564],[129.04571435218966,35.09047205139563],[129.04579688607126,35.09043362306705],[129.04583484229505,35.09045699960955],[129.0457961820033,35.09057129787629],[129.0457262593243,35.090609757653],[129.04578420220207,35.090603444947526],[129.04579919424026,35.09078758841009],[129.04584774542806,35.090793059954926],[129.0458957697514,35.090898682377535],[129.0460254013228,35.09097498944203],[129.04599202676303,35.0910084243349],[129.0460316193225,35.09103550482364],[129.04598854477948,35.091078741122786],[129.04601687139683,35.09109948915623],[129.04599660353267,35.091116171863455],[129.04616631780112,35.09123245761785],[129.04610095348352,35.09130510471042],[129.04632547310405,35.09143110478585],[129.0463239360624,35.09150800082477],[129.0462402235891,35.09153848891296],[129.0462552138322,35.0916971146415],[129.0463412869449,35.09175155230061],[129.0464054013304,35.09183893392717],[129.04638803893332,35.09187458034399],[129.04648232502674,35.0919866030782],[129.0467969927532,35.091776693038376],[129.04706972888363,35.09151831352465],[129.04784875625498,35.09053241096245],[129.04784883717235,35.09044295041582]],[[129.04522901551329,35.087068265261124],[129.04524205238894,35.08681917708945],[129.04542648895065,35.08680197536393],[129.0454202668934,35.08669160535797],[129.04564701841136,35.08667087261581],[129.0457463435988,35.086887632908216],[129.04576959917324,35.08688201791313],[129.04573094345346,35.08704240306451],[129.0460977442534,35.08702721573157],[129.04617113358455,35.08737892869671],[129.04597409549987,35.08741535330223],[129.04595034620408,35.08746112436634],[129.04583388003456,35.087426482500184],[129.0458434626762,35.08746401186625],[129.04581667274897,35.087443551654],[129.04562283707344,35.08750154420146],[129.04555898741273,35.087510986721014],[129.04553557741843,35.08747454400047],[129.04546846693972,35.087517464385854],[129.04528193265145,35.08751113226976],[129.04522901551329,35.087068265261124]]]}},{"type":"Feature","properties":{"layer":"zone_promo","id":"zone_promo_0133","name":"영도제1존치관리7구역(남도여중교)","category":"재정비촉진지구기타","color":"#e59866","sido":"부산광역시","sgg_code":"26200","type_code":"UDA999","notice_date":"20131211","mgmt_no":"62600002620020130469UDA9990100142"},"geometry":{"type":"Polygon","coordinates":[[[129.04546846693972,35.087517464385854],[129.04553557741843,35.08747454400047],[129.04555898741273,35.087510986721014],[129.04581667274897,35.087443551654],[129.0458434626762,35.08746401186625],[129.04583388003456,35.087426482500184],[129.04595034620408,35.08746112436634],[129.04597409549987,35.08741535330223],[129.04617113358455,35.08737892869671],[129.0460977442534,35.08702721573157],[129.04573094345346,35.08704240306451],[129.04576959917324,35.08688201791313],[129.0457463435988,35.086887632908216],[129.04564701841136,35.08667087261581],[129.0454202668934,35.08669160535797],[129.04542648895065,35.08680197536393],[129.04524205238894,35.08681917708945],[129.04522901551329,35.087068265261124],[129.04528193265145,35.08751113226976],[129.04546846693972,35.087517464385854]]]}},{"type":"Feature","properties":{"layer":"zone_promo","id":"zone_promo_0134","name":"근생10","category":"재정비촉진지구기타","color":"#e59866","sido":"부산광역시","sgg_code":"26200","type_code":"UDA999","mgmt_no":"62600002620020090245UDA9990005300"},"geometry":{"type":"Polygon","coordinates":[[[129.0436401496578,35.08465007572989],[129.04374359024905,35.08461215526513],[129.043786208223,35.084686998861216],[129.04463524868527,35.08432919951154],[129.04465634635517,35.08428760295225],[129.04455625237276,35.08405706005288],[129.04450502411208,35.08404098886567],[129.04398954138952,35.08430396418538],[129.04355759928055,35.08447638410063],[129.0436401496578,35.08465007572989]]]}},{"type":"Feature","properties":{"layer":"zone_promo","id":"zone_promo_0135","name":"근생17","category":"재정비촉진지구기타","color":"#e59866","sido":"부산광역시","sgg_code":"26200","type_code":"UDA999","mgmt_no":"62600002620020090245UDA9990005900"},"geometry":{"type":"Polygon","coordinates":[[[129.0465932820143,35.07769421915872],[129.0468932079097,35.077890325773076],[129.04704592605367,35.07773674756342],[129.04721489461983,35.077467914197264],[129.04695221085728,35.07732143269616],[129.0465932820143,35.07769421915872]]]}},{"type":"Feature","properties":{"layer":"zone_promo","id":"zone_promo_0136","name":"영도제1재정비촉진지구","category":"재정비촉진지구","color":"#c0392b","sido":"부산광역시","sgg_code":"26200","type_code":"UDA100","notice_date":"20210623","mgmt_no":"62600002620020210241UDA1000001000"},"geometry":{"type":"Polygon","coordinates":[[[129.0401378457657,35.08349131154994],[129.04146679287945,35.08592467734157],[129.04150623939236,35.08584057587067],[129.04199059397425,35.08565976307731],[129.04271113907086,35.08533214380663],[129.04409313691514,35.08481762546132],[129.04465781083417,35.08456937855486],[129.04544078963679,35.08429254879605],[129.04556755971143,35.084328917933846],[129.04575888587672,35.08495671287488],[129.0458113833791,35.08577614369279],[129.04595473917504,35.08640352305871],[129.0454465117588,35.08643288576914],[129.045015720727,35.08659937941349],[129.04498050721332,35.08665709751223],[129.04490692643958,35.086657123908466],[129.04490884318696,35.086756183342075],[129.04465916930496,35.08677065838204],[129.04463792743772,35.08695594172221],[129.04474846359398,35.086956100597284],[129.04475426206238,35.08707586301738],[129.04479412685475,35.08710369196518],[129.0447744741073,35.087183118339944],[129.04491064992612,35.08718526893444],[129.04489777560488,35.08724664755282],[129.04493190497402,35.087253107124425],[129.0448913152883,35.08755418688939],[129.04500193458415,35.087647321389795],[129.04534818022066,35.08767900571621],[129.0454679693999,35.087652732538274],[129.04551620386147,35.08770485902949],[129.0456210348552,35.08773852294988],[129.04561132007743,35.087882916277486],[129.0456694981683,35.0878892857557],[129.0456873997014,35.08800009313495],[129.04561124018326,35.0879991474249],[129.04566405860152,35.08803070301752],[129.04564029715684,35.08807493268528],[129.04567074680966,35.08821154159069],[129.04556985542794,35.08826567831976],[129.04548642547127,35.088244896117054],[129.04546543368141,35.08811730640403],[129.04534848063955,35.08813725997674],[129.045329892663,35.08809530812947],[129.04518881768962,35.08814206788037],[129.0449086782317,35.08814013153519],[129.0448801564416,35.08824519593403],[129.0449278082457,35.088501220802726],[129.0449576301896,35.08853156810136],[129.04624485448082,35.08865662351994],[129.0462917531457,35.08869051555967],[129.04657485236163,35.08916472714613],[129.04665021100254,35.089421398977954],[129.04655295397941,35.08966454249937],[129.04630510904343,35.089750327269684],[129.04596057815945,35.089964798964864],[129.04563429871732,35.09008745895187],[129.04554273859796,35.08991987436179],[129.04547963030402,35.09000636528832],[129.04555278783306,35.09017192854719],[129.04560395714498,35.090213553006095],[129.0455333086482,35.090288572320226],[129.0455799012315,35.09034343951061],[129.04564833199555,35.09034500098564],[129.04571435218966,35.09047205139563],[129.04579688607126,35.09043362306705],[129.04583484229505,35.09045699960955],[129.0457961820033,35.09057129787629],[129.0457262593243,35.090609757653],[129.04578420220207,35.090603444947526],[129.04579919424026,35.09078758841009],[129.04584774542806,35.090793059954926],[129.0458957697514,35.090898682377535],[129.0460254013228,35.09097498944203],[129.04599202676303,35.0910084243349],[129.0460316193225,35.09103550482364],[129.04598854477948,35.091078741122786],[129.04601687139683,35.09109948915623],[129.04599660353267,35.091116171863455],[129.04616631780112,35.09123245761785],[129.04610095348352,35.09130510471042],[129.04632547310405,35.09143110478585],[129.0463239360624,35.09150800082477],[129.0462402235891,35.09153848891296],[129.0462552138322,35.0916971146415],[129.0463412869449,35.09175155230061],[129.0464054013304,35.09183893392717],[129.04638803893332,35.09187458034399],[129.04648232502674,35.0919866030782],[129.04612130846087,35.09215180364317],[129.04518441192198,35.092459754124526],[129.04508310605797,35.09242561086288],[129.04528065677283,35.09279101610388],[129.0453218677193,35.09270583121198],[129.04633806012993,35.09236697859083],[129.04688828889468,35.09207286548262],[129.04730650244434,35.091707141336435],[129.0480363628544,35.09079202238139],[129.04814597035545,35.090789213022646],[129.0483665045993,35.09065533822017],[129.04802729433652,35.09025327977152],[129.04828183957304,35.09022532952088],[129.04834227824975,35.09019278489461],[129.0482975072084,35.09010463964859],[129.0484626782617,35.09004143506219],[129.04841987460668,35.08994195893218],[129.04851069000975,35.089910123540626],[129.04848496850056,35.08980489910139],[129.0485683137919,35.08990317867243],[129.0485957508062,35.08988307656954],[129.04854486768792,35.08971208928348],[129.0486196451792,35.089671642983724],[129.04857332397452,35.08961482088708],[129.04858241693674,35.08956104188499],[129.04851392969712,35.08947923351322],[129.04866870335943,35.089454079315885],[129.04860567952022,35.08933804401607],[129.04884665005974,35.0892041513459],[129.04859924845417,35.08887235597945],[129.04860644367935,35.088817712395965],[129.04866372619853,35.08879081137879],[129.04863434377492,35.08872645629618],[129.0486787569078,35.088708060157465],[129.0485814264416,35.088678226775144],[129.0487360457545,35.08859731406861],[129.0486876530999,35.088541556424595],[129.04875777646242,35.08851426277096],[129.04870277228957,35.088441219517726],[129.04912644837322,35.08827445422831],[129.04927592186667,35.088284977391446],[129.04931760294977,35.08835849435738],[129.04934547757009,35.08835657245367],[129.0493541932456,35.08848381480617],[129.0493899270526,35.08853205980088],[129.04932390893202,35.088546967434525],[129.04932381043102,35.08858482483202],[129.0492804129465,35.08859566736215],[129.04933501553754,35.08886235990576],[129.04929439478235,35.08887738368029],[129.04936488397973,35.089006674768946],[129.04934137047647,35.08905940493378],[129.04958707582696,35.08927913266775],[129.0497259088364,35.08931809758153],[129.0498438872353,35.089250727552624],[129.04943624893758,35.088777312087025],[129.04957232349062,35.08776240147311],[129.0491649565493,35.08685459861114],[129.04906912230345,35.086886238178195],[129.04891100383216,35.0867131658065],[129.04908818445693,35.086684784414516],[129.0484455607314,35.08522622829934],[129.04822810881734,35.083473208989744],[129.04782899734016,35.08242138645331],[129.04718746709705,35.081564358334575],[129.04707669660573,35.08083499603345],[129.04739867283888,35.08022562253719],[129.04683573680384,35.07829650338466],[129.0469160101683,35.07823837117969],[129.04696027438695,35.0780798401299],[129.04685034311058,35.078021788220376],[129.04687549888004,35.07790813441257],[129.04704592605367,35.07773674756342],[129.04721489461983,35.077467914197264],[129.04679877126185,35.07724017782754],[129.04676529736065,35.07728157211852],[129.04668287448953,35.077238075862496],[129.044653306585,35.07931342085409],[129.04421174421952,35.079614102177594],[129.04320560340807,35.0801054635081],[129.04291902746894,35.08030903643757],[129.04266787827004,35.080643763556736],[129.04259428373894,35.08084582993834],[129.04255112025214,35.08112001333001],[129.04250818398623,35.081148006303394],[129.04167434863095,35.081070714173684],[129.04160901506515,35.081152967526585],[129.0413944726127,35.0811320545782],[129.0410049394045,35.08163586604552],[129.0409224652587,35.08178456435379],[129.04078614072677,35.0821845811176],[129.04059942914668,35.0829513439897],[129.0402872145876,35.08341752300284],[129.0401378457657,35.08349131154994]],[[129.04783254442927,35.085181044517824],[129.04772770879802,35.08515439512468],[129.04765008368352,35.08490276328103],[129.04749547720127,35.08493748864015],[129.04746554657675,35.0848496528499],[129.04766452952978,35.084812918602275],[129.0476123882478,35.08440445729535],[129.04781002938347,35.08438201898745],[129.0478789918611,35.08442111189682],[129.04797667776566,35.084757915029286],[129.0480785600709,35.084740488535175],[129.04805463049865,35.084716521393105],[129.0482335150919,35.084645109361226],[129.0482855377813,35.085070615264364],[129.04783254442927,35.085181044517824]]]}},{"type":"Feature","properties":{"layer":"zone_promo","id":"zone_promo_0137","name":"영도제1존치관리14구역","category":"재정비촉진지구기타","color":"#e59866","sido":"부산광역시","sgg_code":"26200","type_code":"UDA999","notice_date":"20131211","mgmt_no":"62600002620020130469UDA9990100014"},"geometry":{"type":"Polygon","coordinates":[[[129.04578335768795,35.08411958702211],[129.04602442814948,35.08489441225671],[129.04608058130177,35.08559574463151],[129.04614439481364,35.085924863973894],[129.0466549260365,35.08729447156932],[129.047120308794,35.08823827954057],[129.04747490258342,35.08926471079756],[129.04770688735692,35.08976080621356],[129.04802729433652,35.09025327977152],[129.04828183957304,35.09022532952088],[129.04834227824975,35.09019278489461],[129.0482975072084,35.09010463964859],[129.0484626782617,35.09004143506219],[129.04841987460668,35.08994195893218],[129.04851069000975,35.089910123540626],[129.04848496850056,35.08980489910139],[129.0485683137919,35.08990317867243],[129.0485957508062,35.08988307656954],[129.04854486768792,35.08971208928348],[129.0486196451792,35.089671642983724],[129.04857332397452,35.08961482088708],[129.04858241693674,35.08956104188499],[129.04851392969712,35.08947923351322],[129.04866870335943,35.089454079315885],[129.04860567952022,35.08933804401607],[129.04884665005974,35.0892041513459],[129.04859924845417,35.08887235597945],[129.04860644367935,35.088817712395965],[129.04866372619853,35.08879081137879],[129.04863434377492,35.08872645629618],[129.0486787569078,35.088708060157465],[129.0485814264416,35.088678226775144],[129.0487360457545,35.08859731406861],[129.0486876530999,35.088541556424595],[129.04875777646242,35.08851426277096],[129.04870277228957,35.088441219517726],[129.04912644837322,35.08827445422831],[129.04927592186667,35.088284977391446],[129.04931760294977,35.08835849435738],[129.04934547757009,35.08835657245367],[129.0493541932456,35.08848381480617],[129.0493899270526,35.08853205980088],[129.04932390893202,35.088546967434525],[129.04932381043102,35.08858482483202],[129.0492804129465,35.08859566736215],[129.04933501553754,35.08886235990576],[129.04929439478235,35.08887738368029],[129.04936488397973,35.089006674768946],[129.04934137047647,35.08905940493378],[129.04958707582696,35.08927913266775],[129.0497259088364,35.08931809758153],[129.0498438872353,35.089250727552624],[129.04943624893758,35.088777312087025],[129.04957232349062,35.08776240147311],[129.0491649565493,35.08685459861114],[129.04906912230345,35.086886238178195],[129.04891100383216,35.0867131658065],[129.04908818445693,35.086684784414516],[129.0484455607314,35.08522622829934],[129.04822810881734,35.083473208989744],[129.04813585441156,35.083257367279195],[129.04809295963165,35.0832798007723],[129.0481449094998,35.08354188011461],[129.0481044142676,35.08369605640314],[129.0471373948311,35.08389469821291],[129.04694011631318,35.08401545633465],[129.0468501209581,35.08413127958942],[129.04674723915434,35.08386719969486],[129.04666690439387,35.083903762061],[129.0466312066541,35.083834811825945],[129.0464019230265,35.083982342563665],[129.0463332589863,35.08392559994678],[129.0463121022261,35.08395768740644],[129.04623203950908,35.083970876953295],[129.04620722586506,35.08393300168658],[129.04578335768795,35.08411958702211]],[[129.04783254442927,35.085181044517824],[129.04772770879802,35.08515439512468],[129.04765008368352,35.08490276328103],[129.04749547720127,35.08493748864015],[129.04746554657675,35.0848496528499],[129.04766452952978,35.084812918602275],[129.04764862635196,35.08467136509209],[129.04747683089647,35.0846947938441],[129.04744785090472,35.084561700083874],[129.04759806826027,35.08454250699533],[129.04757974663784,35.084409427233474],[129.04746487928742,35.084423027431356],[129.04744128878534,35.08435797576172],[129.04726827236615,35.084393167512715],[129.0472533135363,35.08435065571561],[129.04704421372298,35.08437378246443],[129.0469523245674,35.08408128755299],[129.04711061501564,35.08393021312296],[129.04810165879988,35.08374830967412],[129.0482855377813,35.085070615264364],[129.04783254442927,35.085181044517824]]]}},{"type":"Feature","properties":{"layer":"zone_promo","id":"zone_promo_0138","name":"촉진라구역","category":"재정비촉진지구기타","color":"#e59866","sido":"부산광역시","sgg_code":"26200","type_code":"UDA999","notice_date":"20131211","mgmt_no":"62600002620020130469UDA9990002000"},"geometry":{"type":"Polygon","coordinates":[[[129.0412937716995,35.085601450350644],[129.041466748946,35.08592453313747],[129.04150619545885,35.08584043166667],[129.041971725817,35.08566749409283],[129.04269407991495,35.08533892788478],[129.04406967520003,35.08482657526431],[129.04466768870086,35.08456539099525],[129.04541742536114,35.08429861445281],[129.04547213563598,35.08428429893049],[129.0455675157717,35.08432877373124],[129.04575544392992,35.08493875891727],[129.04581342777973,35.08566347217978],[129.045911285966,35.08608815102402],[129.0464180988935,35.08742151702262],[129.04689001331226,35.08838128662247],[129.04729104375878,35.08951997507332],[129.04765427493388,35.09017555354473],[129.0481459264077,35.09078906882109],[129.04836646065124,35.09065519401871],[129.0479252712649,35.09011202989093],[129.04759078089648,35.08953475192888],[129.0471496275318,35.088308863456874],[129.04668227820142,35.08735974729832],[129.0462054124766,35.08611332612477],[129.04609362759803,35.085691059296536],[129.04605135294307,35.085063318386425],[129.04597875379193,35.08470803551177],[129.04451616451297,35.080285152294195],[129.04454391357018,35.07996611261221],[129.0447077424674,35.07965771464793],[129.04695216691877,35.077321288493856],[129.04679872732376,35.077240033625166],[129.04676525342256,35.07728142791614],[129.04668283055162,35.07723793166009],[129.0448135497882,35.07917363372446],[129.04444353206574,35.079469486003894],[129.04402181843776,35.07971425680633],[129.045454606651,35.08398717888747],[129.04540200380765,35.08406628385348],[129.04493006236845,35.08421549494492],[129.04395346558658,35.084622483638675],[129.04262536654122,35.085115745927126],[129.04174907524927,35.08550570097073],[129.0413959769707,35.08563410025562],[129.0412937716995,35.085601450350644]]]}},{"type":"Feature","properties":{"layer":"zone_promo","id":"zone_promo_0139","name":"공공청사6","category":"재정비촉진지구기타","color":"#e59866","sido":"부산광역시","sgg_code":"26200","type_code":"UDA999","mgmt_no":"62600002620020090245UDA9990005960"},"geometry":{"type":"Polygon","coordinates":[[[129.043786208223,35.084686998861216],[129.04374359024905,35.08461215526513],[129.0436401496578,35.08465007572989],[129.0436758615742,35.08472944662598],[129.043786208223,35.084686998861216]]]}},{"type":"Feature","properties":{"layer":"zone_promo","id":"zone_promo_0140","name":"교육11","category":"재정비촉진지구기타","color":"#e59866","sido":"부산광역시","sgg_code":"26200","type_code":"UDA999","mgmt_no":"62600002620020090245UDA9990005940"},"geometry":{"type":"MultiPolygon","coordinates":[[[[129.04143766873372,35.08186036271557],[129.04223768476834,35.081938731454336],[129.0423093901312,35.081616676021795],[129.0422738283797,35.08161322675242],[129.0422773862539,35.08149155906965],[129.04238231475122,35.08147558752691],[129.042379329817,35.08131711022729],[129.0424817599823,35.08132694557273],[129.04249728575715,35.08123771401833],[129.0417613064472,35.081169267782904],[129.04171173169843,35.08118851942306],[129.04153785966054,35.081460888957864],[129.04143766873372,35.08186036271557]]],[[[129.04063037390029,35.08288371347435],[129.0407776061229,35.08293078023571],[129.04097789353924,35.082919348870284],[129.04111209680914,35.08275764494854],[129.0411192750444,35.08270399326102],[129.04122149884867,35.08262429699189],[129.04138502159944,35.08156132461194],[129.0415082865206,35.081281184222206],[129.04160901506515,35.081152967526585],[129.0413944726127,35.0811320545782],[129.0410049394045,35.08163586604552],[129.0409224652587,35.08178456435379],[129.04078614072677,35.0821845811176],[129.04063037390029,35.08288371347435]]]]}},{"type":"Feature","properties":{"layer":"zone_promo","id":"zone_promo_0141","name":"근생14","category":"재정비촉진지구기타","color":"#e59866","sido":"부산광역시","sgg_code":"26200","type_code":"UDA999","mgmt_no":"62600002620020090245UDA9990005700"},"geometry":{"type":"Polygon","coordinates":[[[129.04043658699388,35.083167499090024],[129.0406542059365,35.083236536687636],[129.04102933149275,35.08300918932075],[129.04063037390029,35.08288371347435],[129.04043658699388,35.083167499090024]]]}},{"type":"Feature","properties":{"layer":"zone_promo","id":"zone_promo_0142","name":"종교10","category":"재정비촉진지구기타","color":"#e59866","sido":"부산광역시","sgg_code":"26200","type_code":"UDA999","mgmt_no":"62600002620020090245UDA9990005910"},"geometry":{"type":"Polygon","coordinates":[[[129.0445376033954,35.083604706936605],[129.0451487212446,35.08346712898596],[129.04503007643893,35.08311851411893],[129.04515042276347,35.08308007258887],[129.0451207911276,35.08299173131864],[129.04459657985538,35.08311330602792],[129.04459818972296,35.08323434996314],[129.04453618688342,35.08341331128682],[129.0444974414437,35.08344617985712],[129.0445376033954,35.083604706936605]]]}},{"type":"Feature","properties":{"layer":"zone_promo","id":"zone_promo_0143","name":"종교11","category":"재정비촉진지구기타","color":"#e59866","sido":"부산광역시","sgg_code":"26200","type_code":"UDA999","mgmt_no":"62600002620020090245UDA9990005920"},"geometry":{"type":"Polygon","coordinates":[[[129.04442721030568,35.081987388039266],[129.04475882449412,35.08191225830592],[129.04471248933186,35.081774086318234],[129.04436873863392,35.081851978405396],[129.04442721030568,35.081987388039266]]]}},{"type":"Feature","properties":{"layer":"zone_promo","id":"zone_promo_0144","name":"근생11","category":"재정비촉진지구기타","color":"#e59866","sido":"부산광역시","sgg_code":"26200","type_code":"UDA999","mgmt_no":"62600002620020090245UDA9990005400"},"geometry":{"type":"Polygon","coordinates":[[[129.04378741498653,35.08400908983462],[129.04390914056387,35.08423741745018],[129.04452003304004,35.08393132330059],[129.04454278676477,35.083890321071884],[129.04447535194387,35.083624261654165],[129.04418383430803,35.08372637239222],[129.04378741498653,35.08400908983462]]]}},{"type":"Feature","properties":{"layer":"zone_promo","id":"zone_promo_0145","name":"영도제1존치관리5구역(대원아파트)","category":"재정비촉진지구기타","color":"#e59866","sido":"부산광역시","sgg_code":"26200","type_code":"UDA999","mgmt_no":"62600002620020090245UDA9990100005"},"geometry":{"type":"Polygon","coordinates":[[[129.0444907999657,35.08268069669575],[129.04447597378493,35.082407200290426],[129.04426766395784,35.081877766188185],[129.04422584236065,35.081793142616256],[129.04419677888808,35.081803194091535],[129.04410954786272,35.08152379211324],[129.04385932331428,35.081524276495436],[129.04315947800103,35.08129835732834],[129.0427746814519,35.08125987453646],[129.04260312855178,35.08249694151351],[129.0426137468445,35.08274475964084],[129.0444907999657,35.08268069669575]]]}},{"type":"Feature","properties":{"layer":"zone_promo","id":"zone_promo_0146","name":"영도제1존치관리13구역(천주교신선성당)","category":"재정비촉진지구기타","color":"#e59866","sido":"부산광역시","sgg_code":"26200","type_code":"UDA999","mgmt_no":"62600002620020090245UDA9990100013"},"geometry":{"type":"Polygon","coordinates":[[[129.04514388799092,35.08306060542725],[129.04497259171217,35.083110467537175],[129.04493621247553,35.08303508128112],[129.04459657985538,35.08311330602792],[129.04459818972296,35.08323434996314],[129.04453618688342,35.08341331128682],[129.0444974414437,35.08344617985712],[129.0445376033954,35.083604706936605],[129.0451487212446,35.08346712898596],[129.04503007643893,35.08311851411893],[129.04515042276347,35.08308007258887],[129.04514388799092,35.08306060542725]]]}},{"type":"Feature","properties":{"layer":"zone_promo","id":"zone_promo_0147","name":"근생15","category":"재정비촉진지구기타","color":"#e59866","sido":"부산광역시","sgg_code":"26200","type_code":"UDA999","mgmt_no":"62600002620020090245UDA9990005800"},"geometry":{"type":"Polygon","coordinates":[[[129.04223768476834,35.081938731454336],[129.04237375877665,35.0819522061022],[129.0424425759974,35.08190749309386],[129.04249849335824,35.08150321119554],[129.0422773862539,35.08149155906965],[129.0422738283797,35.08161322675242],[129.0423093901312,35.081616676021795],[129.04223768476834,35.081938731454336]]]}},{"type":"Feature","properties":{"layer":"zone_promo","id":"zone_promo_0148","name":"근생13","category":"재정비촉진지구기타","color":"#e59866","sido":"부산광역시","sgg_code":"26200","type_code":"UDA999","mgmt_no":"62600002620020090245UDA9990005600"},"geometry":{"type":"Polygon","coordinates":[[[129.0451207911276,35.08299173131864],[129.04475882449412,35.08191225830592],[129.04442721030568,35.081987388039266],[129.04458458936793,35.08241587791313],[129.04459657985538,35.08311330602792],[129.0451207911276,35.08299173131864]]]}},{"type":"Feature","properties":{"layer":"zone_promo","id":"zone_promo_0149","name":"재정비촉진1구역","category":"재정비촉진지구","color":"#c0392b","sido":"부산광역시","sgg_code":"26230","type_code":"UDA100","notice_date":"20240731","mgmt_no":"62600002623020240232UDA1000001001"},"geometry":{"type":"Polygon","coordinates":[[[129.05091666227975,35.1680872216707],[129.05103013413384,35.16831259483364],[129.0509927179878,35.16855399266378],[129.05127440474095,35.16882313850306],[129.05149146483106,35.16859625943077],[129.05164318351416,35.168269816483175],[129.05169214777692,35.168282505271215],[129.0517760686044,35.16837693230246],[129.05181975552867,35.168375742383965],[129.05181834466518,35.16840188222802],[129.0519911590278,35.16846571622174],[129.05201738193458,35.16844686698524],[129.0521084180561,35.16850875194498],[129.05224679480563,35.16844298531057],[129.0522572935309,35.16855673174233],[129.05235796494674,35.16840300867068],[129.05221390205136,35.16880381998607],[129.0520443060986,35.169134795882314],[129.05186886660485,35.16930179971755],[129.05181424240504,35.16929688302466],[129.05219545670272,35.16953901676569],[129.05225643579308,35.169471822338416],[129.05231865827514,35.16948009768968],[129.05245219166122,35.16912666587339],[129.0524213762626,35.16896317330113],[129.05255767253038,35.168624098739905],[129.05277137964416,35.1684131637301],[129.05289670870906,35.168162723516694],[129.05313903393807,35.16731607788319],[129.05400801209322,35.16545700386111],[129.05401381944364,35.165390066782955],[129.0542086010793,35.16512662444607],[129.0545612492272,35.164231272344715],[129.0542583211019,35.16412040299724],[129.0536326996471,35.16487877615839],[129.05359055923708,35.16485800006249],[129.05343038645276,35.1650206822137],[129.05312856224884,35.165216900957525],[129.05127275120415,35.16753405010919],[129.05128351939658,35.167624108954],[129.05091666227975,35.1680872216707]]]}},{"type":"Feature","properties":{"layer":"zone_promo","id":"zone_promo_0150","name":"공공청사","category":"재정비촉진지구","color":"#c0392b","sido":"부산광역시","sgg_code":"26230","type_code":"UDA100","mgmt_no":"62600002623020250350UDA1000001001"},"geometry":{"type":"Polygon","coordinates":[[[129.06304513053595,35.166478693957444],[129.06309325502002,35.16629400909441],[129.0629470478565,35.16629408340727],[129.06286908582237,35.1661390540232],[129.06268072440017,35.166074170771125],[129.06267981617145,35.16619507885416],[129.06275573562547,35.16621762838663],[129.06279761047986,35.16627539299005],[129.06275467664142,35.16637152609825],[129.06304513053595,35.166478693957444]]]}},{"type":"Feature","properties":{"layer":"zone_promo","id":"zone_promo_0151","name":"주차장","category":"재정비촉진지구","color":"#c0392b","sido":"부산광역시","sgg_code":"26230","type_code":"UDA100","mgmt_no":"62600002623020250350UDA1000001002"},"geometry":{"type":"Polygon","coordinates":[[[129.05980348940628,35.166272545818394],[129.05993036807658,35.16624346103362],[129.0602552807344,35.16573606676453],[129.06046919350823,35.16561985931503],[129.06046999757532,35.16554775961021],[129.05930155825868,35.16491284155048],[129.05921529379773,35.16492629486745],[129.05865041223743,35.16562244436757],[129.05867104161126,35.165707450341344],[129.05980348940628,35.166272545818394]]]}},{"type":"Feature","properties":{"layer":"zone_promo","id":"zone_promo_0152","name":"재정비촉진4구역","category":"재정비촉진지구기타","color":"#e59866","sido":"부산광역시","sgg_code":"26230","type_code":"UDA999","mgmt_no":"62600002623020080139UDA9990004000"},"geometry":{"type":"Polygon","coordinates":[[[129.06059986602492,35.17305935119256],[129.06102985853056,35.173595120948995],[129.06143533039022,35.174008073928135],[129.0615026175661,35.17400095595339],[129.06151853296686,35.17396831908971],[129.061584726439,35.173996570696204],[129.06157501660206,35.17391430904447],[129.06167177114042,35.173659196149906],[129.0616393679545,35.17349864525448],[129.0617758002721,35.17338534041781],[129.06178766486445,35.17332313214388],[129.06412228264068,35.17135943069004],[129.06421889445397,35.17137565008989],[129.06430484124508,35.171341029613494],[129.0637133095075,35.171120368377075],[129.06341795687075,35.17093098327319],[129.0632381368468,35.170926388095474],[129.0630510145816,35.17081665350506],[129.06297678737943,35.170875098923304],[129.06274738108223,35.17129102750988],[129.0625726851469,35.171504430036705],[129.06216587279752,35.17149417893767],[129.06059986602492,35.17305935119256]]]}},{"type":"Feature","properties":{"layer":"zone_promo","id":"zone_promo_0153","name":"촉진구역(도마변동1구역)","category":"재정비촉진지구","color":"#c0392b","sido":"대전광역시","sgg_code":"30170","type_code":"UDA100","mgmt_no":"63000003017020150054UDA1000001011"},"geometry":{"type":"Polygon","coordinates":[[[127.38453304861979,36.33106369475705],[127.38829550738068,36.32798853181389],[127.38831670217408,36.32790084228692],[127.38828001950465,36.327788747076305],[127.38765304182304,36.32766341166248],[127.3870497434703,36.32766919819409],[127.38683563721949,36.32770833262383],[127.38601214014831,36.32805708869557],[127.38560256789049,36.328187570539676],[127.38507680286432,36.32829807545615],[127.38444345464306,36.328363701985474],[127.38391907839893,36.328335074446144],[127.38294274222976,36.32836725700328],[127.3823226314644,36.328450736341786],[127.38151463107673,36.32861589743274],[127.38165364224949,36.32877345786057],[127.38427801922089,36.33105638320857],[127.38453304861979,36.33106369475705]]]}},{"type":"Feature","properties":{"layer":"zone_promo","id":"zone_promo_0154","name":"재정비촉진5구역","category":"재정비촉진지구기타","color":"#e59866","sido":"부산광역시","sgg_code":"26230","type_code":"UDA999","mgmt_no":"62600002623020080139UDA9990005000"},"geometry":{"type":"Polygon","coordinates":[[[129.05219545670272,35.16953901676569],[129.05255559757845,35.169711195131114],[129.05293687533126,35.169838485048196],[129.05555083578963,35.170415014149846],[129.05551445935632,35.17050031644799],[129.05595853186554,35.17064023280542],[129.0578494680147,35.17100371214709],[129.0589776982091,35.17142248208523],[129.05922851477015,35.171559792027246],[129.05984278994026,35.17209795681536],[129.05974685830796,35.172173410224566],[129.06059986602492,35.17305935119256],[129.06216587279752,35.17149417893767],[129.06157637881378,35.171530130519656],[129.06082510278029,35.17115956722299],[129.06104757486665,35.170915795140026],[129.0612374259185,35.17063284790258],[129.06259731847814,35.167986218777244],[129.0625515683678,35.16788479450182],[129.0602463055627,35.16693044625428],[129.05876072058354,35.166178870188986],[129.05853433543757,35.166406235463704],[129.05849730646412,35.16652462772332],[129.05843883192426,35.16650536627266],[129.05812959041197,35.16683861572191],[129.0576779321317,35.16680023023993],[129.05766082681836,35.16682662080762],[129.05712064929787,35.166862383610585],[129.05706206045457,35.16680409292458],[129.05719135974792,35.16657172754567],[129.0572121985596,35.16646695358405],[129.05724212337174,35.16614959109227],[129.05717000630312,35.16590606941338],[129.05729033717006,35.16537015899711],[129.05649827361714,35.16503410010115],[129.05499023040215,35.16459471686128],[129.05448734719099,35.16441876839126],[129.0542086010793,35.16512662444607],[129.05401381944364,35.165390066782955],[129.05400801209322,35.16545700386111],[129.05313903393807,35.16731607788319],[129.05289670870906,35.168162723516694],[129.05277137964416,35.1684131637301],[129.05255767253038,35.168624098739905],[129.0524213762626,35.16896317330113],[129.05245219166122,35.16912666587339],[129.05231865827514,35.16948009768968],[129.05225643579308,35.169471822338416],[129.05219545670272,35.16953901676569]]]}},{"type":"Feature","properties":{"layer":"zone_promo","id":"zone_promo_0155","name":"종교시설용지","category":"재정비촉진지구기타","color":"#e59866","sido":"대전광역시","sgg_code":"30170","type_code":"UDA999","mgmt_no":"63000003017020150202UDA9990003000"},"geometry":{"type":"Polygon","coordinates":[[[127.38529521878411,36.32559672381467],[127.38567567967249,36.32608601865462],[127.38627729184836,36.32573744762233],[127.38593170909012,36.325293506647796],[127.38534178529905,36.32560657729845],[127.38529521878411,36.32559672381467]]]}},{"type":"Feature","properties":{"layer":"zone_promo","id":"zone_promo_0156","name":"재정비촉진지구 (대전광역시 30170)","category":"재정비촉진지구","color":"#c0392b","sido":"대전광역시","sgg_code":"30170","type_code":"UDA100","notice_date":"20180105","mgmt_no":"63000003017020180004UDA1000011003"},"geometry":{"type":"Polygon","coordinates":[[[127.37756832269375,36.31313286737489],[127.37791144699398,36.31328806012674],[127.37815150428398,36.31294038792365],[127.37780812680647,36.3127855841509],[127.37756832269375,36.31313286737489]]]}},{"type":"Feature","properties":{"layer":"zone_promo","id":"zone_promo_0157","name":"종교시설용지","category":"재정비촉진지구기타","color":"#e59866","sido":"대전광역시","sgg_code":"30170","type_code":"UDA999","mgmt_no":"63000003017020150202UDA9990009002"},"geometry":{"type":"Polygon","coordinates":[[[127.38005401134295,36.311894891881124],[127.38006671436624,36.312147874420276],[127.38013671110303,36.31217846389776],[127.38041590440045,36.31206536504575],[127.3803053505868,36.311886624997484],[127.38005401134295,36.311894891881124]]]}},{"type":"Feature","properties":{"layer":"zone_promo","id":"zone_promo_0158","name":"재정비촉진3구역","category":"재정비촉진지구기타","color":"#e59866","sido":"부산광역시","sgg_code":"26230","type_code":"UDA999","mgmt_no":"62600002623020080139UDA9990003000"},"geometry":{"type":"Polygon","coordinates":[[[129.0632381368468,35.170926388095474],[129.06341795687075,35.17093098327319],[129.0637133095075,35.171120368377075],[129.06430484124508,35.171341029613494],[129.06462812296255,35.171018916086304],[129.065351427639,35.1704132508997],[129.06567935507903,35.17018790136847],[129.06572897950176,35.16975199857037],[129.06583373669923,35.16946446526652],[129.06642214093844,35.169349228524425],[129.06651940012583,35.169408863945904],[129.06634489669273,35.16876948328769],[129.06643284311386,35.168672774982525],[129.06603075292625,35.16799547854191],[129.06545431564658,35.16733145973794],[129.06490769946848,35.16689268885631],[129.06415581554603,35.166423556140174],[129.06405034811849,35.16637422550663],[129.0639789313738,35.16645575380149],[129.06388632981805,35.166494298392045],[129.0627415066221,35.16596434610111],[129.0625585341244,35.16601547320546],[129.0619869797843,35.16579598303097],[129.06190157374024,35.16590213307862],[129.0610211275475,35.16547803149015],[129.06065086881816,35.16567144529338],[129.0613916953233,35.166007322088596],[129.0629046568173,35.16676131271514],[129.06305359295806,35.16730762875597],[129.06310504035787,35.16762731276894],[129.0630675675933,35.16787689866037],[129.06292739572788,35.168038627669176],[129.0625515683678,35.16788479450182],[129.06259731847814,35.167986218777244],[129.06125775030804,35.17059576520694],[129.0610686641053,35.170888672055256],[129.06082510278029,35.17115956722299],[129.06157637881378,35.171530130519656],[129.06222356335306,35.17148652455856],[129.0625726851469,35.171504430036705],[129.06274738108223,35.17129102750988],[129.06297678737943,35.170875098923304],[129.0630510145816,35.17081665350506],[129.0632381368468,35.170926388095474]]]}},{"type":"Feature","properties":{"layer":"zone_promo","id":"zone_promo_0159","name":"존치지역","category":"재정비촉진지구기타","color":"#e59866","sido":"부산광역시","sgg_code":"26230","type_code":"UDA999","mgmt_no":"62600002623020080139UDA9990000000"},"geometry":{"type":"Polygon","coordinates":[[[129.05127440474095,35.16882313850306],[129.05170340857288,35.16920792940599],[129.05181424240504,35.16929688302466],[129.05186886660485,35.16930179971755],[129.0520443060986,35.169134795882314],[129.05221390205136,35.16880381998607],[129.05235796494674,35.16840300867068],[129.0522572935309,35.16855673174233],[129.05224679480563,35.16844298531057],[129.0521084180561,35.16850875194498],[129.05201738193458,35.16844686698524],[129.0519911590278,35.16846571622174],[129.05181834466518,35.16840188222802],[129.05181975552867,35.168375742383965],[129.0517760686044,35.16837693230246],[129.05169214777692,35.168282505271215],[129.05164318351416,35.168269816483175],[129.05149146483106,35.16859625943077],[129.05127440474095,35.16882313850306]]]}},{"type":"Feature","properties":{"layer":"zone_promo","id":"zone_promo_0160","name":"존치지역","category":"재정비촉진지구","color":"#c0392b","sido":"대전광역시","sgg_code":"30170","type_code":"UDA100","notice_date":"20150403","mgmt_no":"63000003017020150054UDA1000007002"},"geometry":{"type":"Polygon","coordinates":[[[127.38115454244009,36.31506427422338],[127.382231043653,36.3153575800839],[127.38235875305854,36.315050575873684],[127.38203520749803,36.31497271746615],[127.38206168284349,36.31492602446662],[127.3819192960276,36.31488005819206],[127.3819092348667,36.31491319033033],[127.38176218283003,36.314890218651186],[127.38175679877492,36.31491655005867],[127.38125857887673,36.31481858111957],[127.38115454244009,36.31506427422338]]]}},{"type":"Feature","properties":{"layer":"zone_promo","id":"zone_promo_0161","name":"종교시설용지","category":"재정비촉진지구기타","color":"#e59866","sido":"대전광역시","sgg_code":"30170","type_code":"UDA999","mgmt_no":"63000003017020150202UDA9990008000"},"geometry":{"type":"Polygon","coordinates":[[[127.3816627677688,36.312649584993174],[127.38179544581416,36.312859379934295],[127.38208873967005,36.31273788745712],[127.38193612848266,36.312495777079256],[127.38168404706417,36.31259923179278],[127.3816627677688,36.312649584993174]]]}},{"type":"Feature","properties":{"layer":"zone_promo","id":"zone_promo_0162","name":"종교시설용지","category":"재정비촉진지구기타","color":"#e59866","sido":"대전광역시","sgg_code":"30170","type_code":"UDA999","mgmt_no":"63000003017020150202UDA9990009003"},"geometry":{"type":"Polygon","coordinates":[[[127.38249135683118,36.311648707264865],[127.38264257568676,36.31188613530015],[127.38290241915502,36.31178592506233],[127.38275049802814,36.31154159659636],[127.38249135683118,36.311648707264865]]]}},{"type":"Feature","properties":{"layer":"zone_promo","id":"zone_promo_0163","name":"존치지역","category":"재정비촉진지구","color":"#c0392b","sido":"대전광역시","sgg_code":"30170","type_code":"UDA100","mgmt_no":"63000003017020150054UDA1000004001"},"geometry":{"type":"Polygon","coordinates":[[[127.37617233107059,36.31584623462037],[127.37659300969018,36.313881256839515],[127.37544768521175,36.31367774613642],[127.37539894624103,36.3137032215872],[127.37506704813988,36.31491313947908],[127.3749057249579,36.3156704765978],[127.37617233107059,36.31584623462037]]]}},{"type":"Feature","properties":{"layer":"zone_promo","id":"zone_promo_0164","name":"개발행위허가제한구역","category":"재정비촉진지구","color":"#c0392b","sido":"부산광역시","sgg_code":"26230","type_code":"UDA100","mgmt_no":"62600002623020070198UDA1000001000"},"geometry":{"type":"Polygon","coordinates":[[[129.05091666227975,35.1680872216707],[129.05103013413384,35.16831259483364],[129.0509927179878,35.16855399266378],[129.05110030197935,35.16866258877147],[129.05187583293468,35.16934863114878],[129.05255559757845,35.169711195131114],[129.05323459816472,35.16991527062361],[129.05555083578963,35.170415014149846],[129.05551445935632,35.17050031644799],[129.05595853186554,35.17064023280542],[129.0578494680147,35.17100371214709],[129.0591111613261,35.17148782982799],[129.05984278994026,35.17209795681536],[129.05974685830796,35.172173410224566],[129.06075231538767,35.173218545716416],[129.0610156197768,35.1735787864243],[129.06143533039022,35.174008073928135],[129.0615026175661,35.17400095595339],[129.06151853296686,35.17396831908971],[129.061584726439,35.173996570696204],[129.06157501660206,35.17391430904447],[129.06167177114042,35.173659196149906],[129.0616393679545,35.17349864525448],[129.0617758002721,35.17338534041781],[129.06178766486445,35.17332313214388],[129.06412228264068,35.17135943069004],[129.0642727416318,35.17136659061549],[129.06462812296255,35.171018916086304],[129.065351427639,35.1704132508997],[129.06567935507903,35.17018790136847],[129.06572897950176,35.16975199857037],[129.06583373669923,35.16946446526652],[129.06642214093844,35.169349228524425],[129.06651940012583,35.169408863945904],[129.06634489669273,35.16876948328769],[129.06643284311386,35.168672774982525],[129.06603075292625,35.16799547854191],[129.06545431564658,35.16733145973794],[129.064715037356,35.166764031229256],[129.06405034811849,35.16637422550663],[129.0639789313738,35.16645575380149],[129.06388632981805,35.166494298392045],[129.0627415066221,35.16596434610111],[129.0625585341244,35.16601547320546],[129.0619869797843,35.16579598303097],[129.06190157374024,35.16590213307862],[129.06081618871738,35.1653746386207],[129.06062453301365,35.16546986130685],[129.05742556163483,35.163681373333844],[129.05713370760117,35.16347535006385],[129.05701400406437,35.16330113716349],[129.0567543416737,35.163041125089556],[129.05607034981116,35.162588351549594],[129.05609095883617,35.16254963809089],[129.05555043733898,35.162339243140636],[129.0551258371815,35.162882795587315],[129.0551262198246,35.163014122769056],[129.05483650113945,35.16347657352631],[129.05444858442377,35.16400415335699],[129.05437448146503,35.163966319858886],[129.0536326996471,35.16487877615839],[129.05359055923708,35.16485800006249],[129.05343038645276,35.1650206822137],[129.05312856224884,35.165216900957525],[129.05127275120415,35.16753405010919],[129.05128351939658,35.167624108954],[129.05091666227975,35.1680872216707]]]}},{"type":"Feature","properties":{"layer":"zone_promo","id":"zone_promo_0165","name":"의료시설용지","category":"재정비촉진지구기타","color":"#e59866","sido":"대전광역시","sgg_code":"30170","type_code":"UDA999","notice_date":"20180702","mgmt_no":"63000003017020180134UDA9990001000"},"geometry":{"type":"Polygon","coordinates":[[[127.38743500038981,36.32842664244292],[127.38760629415721,36.32851106072026],[127.38813500814453,36.328080411891406],[127.38807913495104,36.32792742944803],[127.38767495748752,36.32784807208232],[127.38743500038981,36.32842664244292]]]}},{"type":"Feature","properties":{"layer":"zone_promo","id":"zone_promo_0166","name":"재정비촉진2-1구역","category":"재정비촉진지구기타","color":"#e59866","sido":"부산광역시","sgg_code":"26230","type_code":"UDA999","mgmt_no":"62600002623020080139UDA9990002001"},"geometry":{"type":"Polygon","coordinates":[[[129.05888976920747,35.16452123685653],[129.05773405220765,35.1638485037377],[129.05766274356785,35.16409309230755],[129.0576626949345,35.16407027003877],[129.05746445849383,35.16401362161099],[129.0572626973496,35.16398673720261],[129.05565443810943,35.163551779847225],[129.05520665414798,35.16340022735467],[129.05515985297876,35.16346859782077],[129.05508635017944,35.16344186917499],[129.05482318392498,35.16390852644713],[129.05479119483712,35.16405300059919],[129.05481767642124,35.16414764015387],[129.05485618948168,35.164160557615084],[129.05472713628177,35.16428654265402],[129.0545612492272,35.164231272344715],[129.05448734719099,35.16441876839126],[129.05499023040215,35.16459471686128],[129.05649827361714,35.16503410010115],[129.05729033717006,35.16537015899711],[129.05717000630312,35.16590606941338],[129.05724212337174,35.16614959109227],[129.0572121985596,35.16646695358405],[129.05719135974792,35.16657172754567],[129.05706206045457,35.16680409292458],[129.05712064929787,35.166862383610585],[129.05766082681836,35.16682662080762],[129.0576779321317,35.16680023023993],[129.05812959041197,35.16683861572191],[129.05843883192426,35.16650536627266],[129.05849730646412,35.16652462772332],[129.05853433543757,35.166406235463704],[129.05876072058354,35.166178870188986],[129.05965936519894,35.16665402308607],[129.06060529890027,35.16708686368191],[129.06292739572788,35.168038627669176],[129.06299586531225,35.167975849668984],[129.06308699386463,35.167829892193915],[129.06310504035787,35.16762731276894],[129.06305359295806,35.16730762875597],[129.0629046568173,35.16676131271514],[129.0613916953233,35.166007322088596],[129.06065086881816,35.16567144529338],[129.0610211275475,35.16547803149015],[129.06081618871738,35.1653746386207],[129.06062453301365,35.16546986130685],[129.05888976920747,35.16452123685653]]]}},{"type":"Feature","properties":{"layer":"zone_promo","id":"zone_promo_0167","name":"재정비촉진2-2구역","category":"재정비촉진지구기타","color":"#e59866","sido":"부산광역시","sgg_code":"26230","type_code":"UDA999","mgmt_no":"62600002623020080139UDA9990002002"},"geometry":{"type":"Polygon","coordinates":[[[129.0542583211019,35.16412040299724],[129.05472713628177,35.16428654265402],[129.05485618948168,35.164160557615084],[129.05481767642124,35.16414764015387],[129.05479119483712,35.16405300059919],[129.05482318392498,35.16390852644713],[129.05508635017944,35.16344186917499],[129.05515985297876,35.16346859782077],[129.05520665414798,35.16340022735467],[129.05565443810943,35.163551779847225],[129.0572626973496,35.16398673720261],[129.05746445849383,35.16401362161099],[129.0576626949345,35.16407027003877],[129.05766274356785,35.16409309230755],[129.05773400828423,35.163848476717405],[129.05742556163483,35.163681373333844],[129.05713370760117,35.16347535006385],[129.05686458539424,35.16313815058598],[129.05668988748377,35.16298852440954],[129.05607034981116,35.162588351549594],[129.05609095883617,35.16254963809089],[129.05555043733898,35.162339243140636],[129.0551258371815,35.162882795587315],[129.0551262198246,35.163014122769056],[129.05474681947553,35.16360104499398],[129.05444858442377,35.16400415335699],[129.05437448146503,35.163966319858886],[129.0542583211019,35.16412040299724]]]}},{"type":"Feature","properties":{"layer":"zone_promo","id":"zone_promo_0168","name":"장대B구역","category":"재정비촉진지구","color":"#c0392b","subtype":"유성시장 재정비촉진지구 장대B구역","sido":"대전광역시","sgg_code":"30200","type_code":"UDA100","mgmt_no":"63000003020020090322UDA1000001002"},"geometry":{"type":"Polygon","coordinates":[[[127.33608825515275,36.35971996184633],[127.33633331673373,36.3579385660267],[127.33642311183644,36.356803733694946],[127.33572144568548,36.35676892166832],[127.33502680931096,36.35679917733783],[127.33290598934106,36.35713251808632],[127.33244047539606,36.35728807041555],[127.33194414602826,36.357660527418034],[127.33206894181741,36.357855907118676],[127.33569618865043,36.36050345358974],[127.33596367773458,36.36005518485874],[127.33608825515275,36.35971996184633]]]}},{"type":"Feature","properties":{"layer":"zone_promo","id":"zone_promo_0169","name":"서,금사 재정비촉진5구역","category":"재정비촉진지구","color":"#c0392b","sido":"부산광역시","sgg_code":"26410","type_code":"UDA100","mgmt_no":"62600002641020240122UDA1000001001"},"geometry":{"type":"Polygon","coordinates":[[[129.10134533209114,35.21274820551121],[129.10004439000923,35.21278386556803],[129.10016600282208,35.21308377972443],[129.1002871256263,35.2131689573177],[129.10002981769009,35.21337590897291],[129.09999030930297,35.21336426869542],[129.0998608134892,35.21343950126169],[129.09968600420262,35.213479987496974],[129.09931605900982,35.21347211187867],[129.09925436601813,35.21351601224331],[129.09920434635262,35.213650362297386],[129.09911874175822,35.21417888185912],[129.09899880024022,35.2143744806127],[129.09877651341407,35.214547438612165],[129.09823904337924,35.21469997168802],[129.09791334392895,35.21484109404518],[129.09773760419188,35.21495268542191],[129.0973975467771,35.215083452321466],[129.09632583410718,35.21517280910724],[129.09592947202165,35.21530178625723],[129.09567068323383,35.21543070019085],[129.0954780477768,35.21564765980163],[129.09577522214263,35.21636246664318],[129.09505816449422,35.21675979577241],[129.0951380610177,35.21685883698254],[129.09506837077967,35.216896152541246],[129.09515939811422,35.21700870531938],[129.09508955469542,35.217046633923324],[129.09539952813424,35.21742924954898],[129.09631341231778,35.21692881262205],[129.0989338642052,35.216382525258666],[129.10263107643422,35.21491059490619],[129.10295520618908,35.214838287993395],[129.1029073905006,35.21479775847054],[129.10316626613755,35.21431782666384],[129.1030726185775,35.214277182469004],[129.1034271662772,35.21371150575034],[129.10364957561976,35.213540837529315],[129.1035709326567,35.21338726034667],[129.1037485890328,35.213332984508654],[129.10371900572434,35.21325772903129],[129.10408073536786,35.21316974896262],[129.1040346949435,35.213020975650004],[129.10435390993499,35.21295128304687],[129.10437818706188,35.2130249835538],[129.10473299129833,35.21294211805732],[129.10464170855388,35.212677957098876],[129.10430169772718,35.21278581312204],[129.10418025269743,35.212395407761804],[129.10413619694907,35.21240961430469],[129.1041196461478,35.212357395296415],[129.10396620894866,35.21239412900096],[129.10383557043784,35.212123655242834],[129.10372646579265,35.21215652042416],[129.10361516696136,35.211840665292605],[129.1035716297641,35.211856601779544],[129.1035195248788,35.2117223991171],[129.1030837461927,35.211855299737906],[129.1031245412242,35.21197422524133],[129.10289744880825,35.212023998817145],[129.10292885173627,35.21212388679467],[129.10254527443834,35.21222436533171],[129.1025346282095,35.21220341790772],[129.10176713997856,35.21259958522256],[129.10134533209114,35.21274820551121]]]}},{"type":"Feature","properties":{"layer":"zone_promo","id":"zone_promo_0170","name":"존치관리9구역","category":"재정비촉진지구기타","color":"#e59866","sido":"경기도","sgg_code":"41360","type_code":"UDA999","mgmt_no":"39900004136020250485UDA9990001001"},"geometry":{"type":"Polygon","coordinates":[[[127.15205814616598,37.61070738130611],[127.15196098046447,37.61058762968353],[127.15191882893187,37.61041440673953],[127.15215073214209,37.610409335788695],[127.152121217901,37.610257756366565],[127.15214147496428,37.61000850113489],[127.15195086239356,37.60999503131287],[127.15197358788802,37.60983523136699],[127.15222386079266,37.60989830508455],[127.15225010334333,37.609932680039925],[127.15259847634363,37.609955624073024],[127.15278500944422,37.60856983825653],[127.15260666746596,37.608417260265576],[127.15241538596679,37.60813235339355],[127.15224003695225,37.60810390822364],[127.15221676115547,37.60815880771062],[127.15205520325686,37.608140111294425],[127.15207096965534,37.608292672376365],[127.15179949911838,37.6100466611544],[127.15176003730316,37.610703553593474],[127.15205814616598,37.61070738130611]]]}},{"type":"Feature","properties":{"layer":"zone_promo","id":"zone_promo_0171","name":"4구역:존치관리구역","category":"재정비촉진지구","color":"#c0392b","sido":"부산광역시","sgg_code":"26410","type_code":"UDA100","notice_date":"20150311","mgmt_no":"62600002641020150087UDA1000001015"},"geometry":{"type":"Polygon","coordinates":[[[129.0909927076903,35.21807206703556],[129.09099392624057,35.21811150903543],[129.09283594610218,35.21808326350363],[129.09284295359646,35.21857321184712],[129.09299433690774,35.218599939555],[129.0927439412973,35.218851784405636],[129.09262373870817,35.21902034554384],[129.09276133391376,35.21907253793011],[129.0929558061953,35.218824656188374],[129.0930762784533,35.21873077101913],[129.09394186208507,35.21837381079152],[129.0951332183438,35.21771044152968],[129.09528221224656,35.2175990820184],[129.09547455651912,35.21752520268575],[129.09535949651146,35.21745079573744],[129.09539952813424,35.21742924954898],[129.09508955469542,35.217046633923324],[129.09515939811422,35.21700870531938],[129.09506837077967,35.216896152541246],[129.0951380610177,35.21685883698254],[129.09505816449422,35.21675979577241],[129.09577522214263,35.21636246664318],[129.0954780477768,35.21564765980163],[129.09534164777912,35.215876401164415],[129.0951947616511,35.21595542785499],[129.09502132520927,35.21596430508104],[129.09490310473134,35.21591870714801],[129.0948205276826,35.215846834411565],[129.09464296976677,35.21558403947682],[129.09453262536266,35.215481064419954],[129.09438899008305,35.21545401719885],[129.09422314418956,35.21550170844265],[129.09386364736832,35.21545603274161],[129.09381523853224,35.215479657916966],[129.0936606818038,35.21558463836563],[129.0933521201193,35.21588567929349],[129.0930546174083,35.21599220953938],[129.09279827885706,35.21613781741671],[129.09266623952442,35.21626629571878],[129.09217474645513,35.216538952707936],[129.0919494960174,35.21672206753326],[129.09194029067152,35.21678023828391],[129.09154691292608,35.217247753461265],[129.09138493901094,35.21754452492065],[129.0909927076903,35.21807206703556]]]}},{"type":"Feature","properties":{"layer":"zone_promo","id":"zone_promo_0172","name":"서,금사 재정비촉진가구역-국토계획및이용에관한법률제56조규정에 의한 개발행위허가 제한구역","category":"재정비촉진지구","color":"#c0392b","sido":"부산광역시","sgg_code":"26410","type_code":"UDA100","notice_date":"20150311","mgmt_no":"62600002641020150087UDA1000001011"},"geometry":{"type":"Polygon","coordinates":[[[129.08800405162333,35.223507389758936],[129.08822534052763,35.2239519550528],[129.0882238753941,35.223875756383805],[129.088273785763,35.22382219872254],[129.0884775269545,35.223755055440954],[129.08855312649584,35.223760625463754],[129.08842035877112,35.223327173874644],[129.08840983884994,35.2234122954621],[129.08835511698229,35.223465144574256],[129.08811223992382,35.22354287944096],[129.08800405162333,35.223507389758936]]]}},{"type":"Feature","properties":{"layer":"zone_promo","id":"zone_promo_0173","name":"재정비촉진지구기타 (대전광역시 30170)","category":"재정비촉진지구기타","color":"#e59866","sido":"대전광역시","sgg_code":"30170","type_code":"UDA999","notice_date":"20241206","mgmt_no":"63000003017020240297UDA9990001001"},"geometry":{"type":"Polygon","coordinates":[[[127.36851586972453,36.31066344091675],[127.3685626938201,36.31121042754541],[127.36877723153658,36.312177783669846],[127.3691818291297,36.313470563766245],[127.36930281496109,36.31367522683579],[127.3700048371292,36.31442789764059],[127.3705899289245,36.31420234901699],[127.37206684968932,36.31415326191308],[127.37205355521444,36.31390403827171],[127.37216202785699,36.31390054787771],[127.37215525028361,36.31375548881403],[127.37211043865122,36.31375697049674],[127.37210205831899,36.31365202767222],[127.37209407481255,36.31344035751615],[127.37213866134887,36.31343840792711],[127.37211989676103,36.31301451754183],[127.37324591145338,36.31297758774778],[127.37346864280147,36.31301484338288],[127.3738533378568,36.312999380184124],[127.37392252177781,36.313070123157374],[127.37372619831635,36.31361998243874],[127.3736151212496,36.3140453671655],[127.3735301140373,36.314103577257505],[127.37365382745678,36.31409937120911],[127.37377447434953,36.313630529052865],[127.37400196107703,36.312993392969325],[127.37408987692885,36.312989838717534],[127.37414725432326,36.312828178407095],[127.37443767613105,36.31152369658476],[127.37466892772073,36.31067660058645],[127.37368333150977,36.310380690241026],[127.3726760913511,36.310252691795],[127.37242902544477,36.310134954115675],[127.37232834177735,36.310016320374665],[127.36959341314643,36.31012827248392],[127.36955431251523,36.31015279669072],[127.36904910980351,36.31011126580037],[127.36876320366396,36.31005336982204],[127.36851586972453,36.31066344091675]],[[127.37232824414758,36.31127247744924],[127.37236440091174,36.31124005816973],[127.37398336398188,36.31118827187035],[127.37383163176747,36.311741011475256],[127.3740079774585,36.311772318640564],[127.37397856848547,36.31187723491836],[127.37380191864025,36.31184757780776],[127.37376591662381,36.311975719813724],[127.37378100954857,36.31225318955691],[127.37258042526351,36.312292680890174],[127.37256794263614,36.31201296797046],[127.37236614168957,36.31201904628812],[127.37232824414758,36.31127247744924]]]}},{"type":"Feature","properties":{"layer":"zone_promo","id":"zone_promo_0174","name":"서,금사 재정비촉진6구역-국토의계획및이용에관한법률제56조규정에 의한 개발행위허가 제한구역","category":"재정비촉진지구","color":"#c0392b","sido":"부산광역시","sgg_code":"26410","type_code":"UDA100","mgmt_no":"62600002641020240122UDA1000001002"},"geometry":{"type":"Polygon","coordinates":[[[129.09631341231778,35.21692881262205],[129.09535950749483,35.217450795729],[129.0954867102787,35.217549547616535],[129.0956842259567,35.21738886430766],[129.09562399152247,35.217577725148175],[129.0960389780172,35.21807963162901],[129.0961391849551,35.21811199273818],[129.0960383026888,35.218264381036036],[129.0970011100926,35.2182398384622],[129.09701811399282,35.21843784172526],[129.0968048138429,35.21862567012607],[129.09676242290467,35.218771379025235],[129.09732865893923,35.21876186438124],[129.09743761322645,35.21872219994989],[129.0978692374634,35.21869683560802],[129.09811498213136,35.21864915674513],[129.0990299578298,35.2194028040985],[129.09912511590565,35.219435842805616],[129.1023232021307,35.21686594390209],[129.1020912629376,35.21664875928576],[129.10135946092453,35.21541463824068],[129.0989338642052,35.216382525258666],[129.09631341231778,35.21692881262205]]]}},{"type":"Feature","properties":{"layer":"zone_promo","id":"zone_promo_0175","name":"서,금사 재정비촉진(A)구역-국토의계획및이용에관한법률제56조규정에 의한 개발행위허가제한구역","category":"재정비촉진지구","color":"#c0392b","sido":"부산광역시","sgg_code":"26410","type_code":"UDA100","mgmt_no":"62600002641020240122UDA1000001003"},"geometry":{"type":"Polygon","coordinates":[[[129.09159945279924,35.22471315406216],[129.09077884368563,35.222458479555],[129.09061088272966,35.222475359384006],[129.09055104665572,35.22237959042685],[129.08926296192112,35.221313744193466],[129.08882665916775,35.22166259216257],[129.08785509298696,35.22224151161245],[129.0880947344151,35.222615948487324],[129.08833996636474,35.2231115937638],[129.08855312649584,35.223760625463754],[129.08858933276548,35.22377294783645],[129.08861421377125,35.22387724259996],[129.08858965552085,35.22392074116989],[129.08869422201482,35.224379062940365],[129.08880045606173,35.22508034993728],[129.08894315409776,35.22536628870721],[129.09159945279924,35.22471315406216]]]}},{"type":"Feature","properties":{"layer":"zone_promo","id":"zone_promo_0176","name":"2구역:존치관리구역","category":"재정비촉진지구","color":"#c0392b","sido":"부산광역시","sgg_code":"26410","type_code":"UDA100","notice_date":"20150311","mgmt_no":"62600002641020150087UDA1000001013"},"geometry":{"type":"Polygon","coordinates":[[[129.0882275027501,35.220462719240466],[129.09055104665572,35.22237959042685],[129.09061088272966,35.222475359384006],[129.09077884368563,35.222458479555],[129.09082996314672,35.2223579237898],[129.09120816609249,35.22219815992008],[129.09108363573807,35.22147495852348],[129.0910803246847,35.221350629376],[129.0911213078145,35.221232721059316],[129.09114125271662,35.221250985571785],[129.09131032771813,35.22098164630389],[129.09192725573564,35.22056309765787],[129.09247256047098,35.220014120912495],[129.09261983336737,35.219761317822936],[129.0926705490996,35.219411449301504],[129.09276133391376,35.21907253793011],[129.09262373870817,35.21902034554384],[129.09116133712695,35.21936976313037],[129.0911182731123,35.2191027623179],[129.09104835501728,35.21909607201605],[129.09101755002848,35.21887981686902],[129.09060694670717,35.21890650234051],[129.09063062769326,35.219157861247155],[129.0905799704943,35.219157213529236],[129.0905660824582,35.219072497242784],[129.09042274658952,35.21910298703576],[129.09041542932525,35.21908086437222],[129.09027774993945,35.21908110066968],[129.0902143940982,35.21900833641908],[129.0901338997589,35.218992297372694],[129.08998978807463,35.21903662288086],[129.08985549441417,35.21891779744469],[129.08883346145112,35.21925744549291],[129.0885496216387,35.21939058051623],[129.08879926123038,35.21997770855531],[129.0882275027501,35.220462719240466]]]}},{"type":"Feature","properties":{"layer":"zone_promo","id":"zone_promo_0177","name":"3구역:존치관리구역","category":"재정비촉진지구","color":"#c0392b","sido":"부산광역시","sgg_code":"26410","type_code":"UDA100","mgmt_no":"62600002641020220078UDA1000001003"},"geometry":{"type":"Polygon","coordinates":[[[129.1029073905006,35.21479775847054],[129.1030537003429,35.21493381118863],[129.10835169883495,35.21415649794311],[129.10841105207112,35.21418265667762],[129.10775712073257,35.21356292596134],[129.10771479725238,35.21359167100203],[129.10702314785522,35.21288540401915],[129.10704923330746,35.21286948151622],[129.1070126860884,35.21282125528648],[129.10613440984554,35.211747206918986],[129.1046364346591,35.212658880084064],[129.10473299129833,35.21294211805732],[129.10437818706188,35.2130249835538],[129.10435390993499,35.21295128304687],[129.1040346949435,35.213020975650004],[129.10408073536786,35.21316974896262],[129.10371900572434,35.21325772903129],[129.1037485890328,35.213332984508654],[129.1035709326567,35.21338726034667],[129.10364957561976,35.213540837529315],[129.1034271662772,35.21371150575034],[129.1030726185775,35.214277182469004],[129.10316626613755,35.21431782666384],[129.1029073905006,35.21479775847054]]]}},{"type":"Feature","properties":{"layer":"zone_promo","id":"zone_promo_0178","name":"서,금사 재정비촉진A(3)구역","category":"재정비촉진지구","color":"#c0392b","sido":"부산광역시","sgg_code":"26410","type_code":"UDA100","mgmt_no":"62600002641020220078UDA1000001001"},"geometry":{"type":"Polygon","coordinates":[[[129.09247256047098,35.220014120912495],[129.0926240490466,35.22008358179533],[129.09277888823942,35.22006507763458],[129.09338598895056,35.21975951260435],[129.09354934431866,35.219706182004536],[129.09372394799723,35.2195568853422],[129.09384104353364,35.21951680332603],[129.09398234970885,35.21940171973905],[129.0939873744156,35.219435309055726],[129.09406640676508,35.219391262947035],[129.09424791311847,35.2190547417018],[129.0942566229476,35.218987043952964],[129.09419738025508,35.21895094538408],[129.09417974489898,35.21889678800718],[129.0941828233502,35.21870633126673],[129.09466063032284,35.21825466945483],[129.09486102914764,35.21839304285777],[129.09504546874203,35.21822452898948],[129.09537326570415,35.21845799413071],[129.09551180076156,35.21820073258284],[129.09583761184638,35.21804598831288],[129.09552818315484,35.217644318973036],[129.09528221224656,35.2175990820184],[129.0951332183438,35.21771044152968],[129.09394186208507,35.21837381079152],[129.0930762784533,35.21873077101913],[129.09277478829193,35.219032823497244],[129.0926705490996,35.219411449301504],[129.09261983336737,35.219761317822936],[129.09247256047098,35.220014120912495]]]}},{"type":"Feature","properties":{"layer":"zone_promo","id":"zone_promo_0179","name":"장대C구역","category":"재정비촉진지구","color":"#c0392b","subtype":"유성시장 재정비촉진지구 장대C구역","sido":"대전광역시","sgg_code":"30200","type_code":"UDA100","mgmt_no":"63000003020020090322UDA1000001003"},"geometry":{"type":"Polygon","coordinates":[[[127.33786311216548,36.35780563654509],[127.33975207758226,36.357770790826166],[127.33986099520246,36.35745156782791],[127.33951775845063,36.35734951767535],[127.33759345692236,36.35691391371844],[127.33662490972787,36.356829067490224],[127.33654619647332,36.357151275898524],[127.33649047882805,36.35782721866921],[127.33644625373157,36.35793004886034],[127.33624232939022,36.35966455901927],[127.33689152367774,36.359891815559095],[127.3369438222778,36.35987616864854],[127.33766532002105,36.358676217527275],[127.33773825184049,36.358510377512715],[127.33786311216548,36.35780563654509]]]}},{"type":"Feature","properties":{"layer":"zone_promo","id":"zone_promo_0180","name":"존치관리B구역","category":"재정비촉진지구","color":"#c0392b","sido":"대전광역시","sgg_code":"30110","type_code":"UDA100","mgmt_no":"63000003011020090345UDA1000006013"},"geometry":{"type":"Polygon","coordinates":[[[127.44495591775367,36.32632380318562],[127.44504112698843,36.32640854847646],[127.4470035717506,36.32607408044202],[127.4471531991158,36.326211798205165],[127.44751886501558,36.326215697129285],[127.44755970800547,36.32654277758573],[127.44754767635249,36.3267472799363],[127.44720255712849,36.3267984200524],[127.44710231788744,36.32687539323592],[127.44692967244183,36.32757570507729],[127.44691768188969,36.327660549846506],[127.44697452454078,36.32768782369053],[127.44959364199445,36.32657957966668],[127.44977747412767,36.32634361291769],[127.44849315944722,36.3254282378885],[127.44848477646542,36.325364403307695],[127.44881670338701,36.32513995977513],[127.44939237415073,36.32466225655331],[127.44945547265388,36.32453747837387],[127.44946026353215,36.3244308339539],[127.44935235379769,36.324227078181806],[127.4493390222189,36.32411203966979],[127.44937423736455,36.324046131305124],[127.449510071705,36.32397262747362],[127.44964240493586,36.323958721996775],[127.44979574131746,36.3239914452629],[127.44970153826081,36.32415295481472],[127.4501125567412,36.32444884418361],[127.45038988161943,36.32447255818295],[127.4507415801127,36.32455702829729],[127.45100926183204,36.324573081105946],[127.45113304078009,36.3245529880724],[127.45125138625679,36.324420701641884],[127.45126955692672,36.32424942895295],[127.45107669090977,36.324142158263726],[127.45089248092305,36.32397906326455],[127.45083349097378,36.32382581572618],[127.45064073331709,36.32377595747508],[127.45027300311541,36.32396167303922],[127.4502864321561,36.32404103374767],[127.4502415660982,36.32399103403923],[127.45004579645403,36.3233767200551],[127.4499586185042,36.32286513728283],[127.44989667280907,36.32270478108703],[127.44991298729661,36.32266975447069],[127.45169650947781,36.32184082257051],[127.45177560924968,36.321724571016595],[127.4517742963238,36.32155053288269],[127.45157269702956,36.32123840566161],[127.45157806467263,36.321189992585886],[127.45068434295152,36.32158487691901],[127.45045197163003,36.3212559574628],[127.45039783095264,36.321242895559195],[127.44817396780374,36.32222148973768],[127.44805216298795,36.322304068515145],[127.4462057676839,36.32393995297175],[127.44616807823459,36.32415103015242],[127.44495591775367,36.32632380318562]]]}},{"type":"Feature","properties":{"layer":"zone_promo","id":"zone_promo_0181","name":"대전역세권 재정비촉진지구","category":"재정비촉진지구","color":"#c0392b","sido":"대전광역시","sgg_code":"30110","type_code":"UDA100","mgmt_no":"63000003011020190056UDA1000001001"},"geometry":{"type":"Polygon","coordinates":[[[127.42990507748428,36.33787725194152],[127.4299406270125,36.33807981542198],[127.4300235730636,36.33817901610174],[127.43298722625846,36.33915334844405],[127.43511657646219,36.34012915895982],[127.43582830092778,36.34050030707453],[127.43590261746702,36.34048593368474],[127.4386011058206,36.336605125219805],[127.43873375064642,36.336359792455255],[127.43903551852088,36.33521243725929],[127.43942000419577,36.335307724532946],[127.4392493951586,36.33589975968345],[127.44006652139,36.336115477718565],[127.44037761405109,36.336113876161576],[127.44067601967711,36.33604272314652],[127.44168899634188,36.33549651996035],[127.44124888374934,36.334939595599494],[127.44100412657396,36.33472572929844],[127.44129218654582,36.334513228380345],[127.4412958161458,36.33444957446609],[127.44121531024516,36.33437812860935],[127.44074090596015,36.33413129453818],[127.4404104390111,36.33399749540888],[127.43979533627706,36.33384240852683],[127.43946926428858,36.33512201135577],[127.43908714396805,36.33502730133469],[127.43971229335487,36.3326792403906],[127.43983337658595,36.33236002573716],[127.4400362780707,36.33197560855121],[127.44033103684164,36.331570712641],[127.44070602120962,36.331129023843175],[127.44213877942771,36.329927645947386],[127.44216709794725,36.329834027163756],[127.44257170451075,36.329486016976716],[127.44254755539855,36.3294063525651],[127.43990957729685,36.32847101870006],[127.43652302068969,36.32735317160076],[127.43531504126427,36.32692389173713],[127.43521268538548,36.32695868789253],[127.43313181262852,36.33059019517514],[127.43324318672163,36.33063051679027],[127.43255252494782,36.332024370778285],[127.43243655141093,36.33196824057667],[127.42990507748428,36.33787725194152]]]}},{"type":"Feature","properties":{"layer":"zone_promo","id":"zone_promo_0182","name":"촉진구역(대전역세권8)","category":"재정비촉진지구기타","color":"#e59866","sido":"대전광역시","sgg_code":"30110","type_code":"UDA999","mgmt_no":"63000003011020200274UDA9990001001"},"geometry":{"type":"Polygon","coordinates":[[[127.43648908770483,36.33003631277973],[127.43660123627767,36.3300775476413],[127.43667607110446,36.33001197642848],[127.43682793886535,36.329991741846435],[127.43689716234425,36.32995057658978],[127.43703846311632,36.32915237318015],[127.43743879827035,36.32832999286641],[127.43697030170647,36.328181394487146],[127.43669840798586,36.329426368946386],[127.43648908770483,36.33003631277973]]]}},{"type":"Feature","properties":{"layer":"zone_promo","id":"zone_promo_0183","name":"신암재정비촉진지구","category":"재정비촉진지구","color":"#c0392b","sido":"대구광역시","sgg_code":"27140","type_code":"UDA100","mgmt_no":"62700002714020100067UDA1000001001"},"geometry":{"type":"Polygon","coordinates":[[[128.61380403650432,35.88456757996914],[128.61394642286797,35.88466094815568],[128.6139154787759,35.88471806800884],[128.6141595397408,35.884871137574066],[128.61419386027524,35.88486431769716],[128.61455051001712,35.885053411435756],[128.61493091309484,35.88513843334209],[128.61498105635144,35.88520976554976],[128.61508054433187,35.88524327824595],[128.6152375915691,35.88536729814165],[128.61549235240273,35.886105285607584],[128.61559328675057,35.886681069081384],[128.61571111573008,35.88679933861665],[128.61593332262393,35.887181285128825],[128.61595076899235,35.88739999972487],[128.6161472433284,35.88767611184618],[128.61623732814274,35.88788652464099],[128.61629053177148,35.88786621910892],[128.61648826025313,35.88821090994484],[128.61653208492214,35.88813993363535],[128.6172403808547,35.889026136413605],[128.61744977489118,35.88924085023637],[128.62173511334075,35.892079136349636],[128.62193341708897,35.892208279716115],[128.62201622715253,35.89221593150639],[128.6260456770396,35.89045991244182],[128.62659975100905,35.89016153037571],[128.62835762721033,35.888867507032195],[128.62855259616427,35.88875418684234],[128.62987022622286,35.88772650450257],[128.63204157368259,35.88610908726371],[128.6323718727755,35.88584864396552],[128.63238412249297,35.885798320327204],[128.63236976998706,35.885719444786034],[128.63182108381983,35.885651426348716],[128.63017250746066,35.88571753989224],[128.62971873922305,35.88569118112199],[128.6293201500804,35.88574683317342],[128.62876944271318,35.88574672097382],[128.6287677570304,35.88577085094119],[128.62839842881175,35.88579769697164],[128.62808022926225,35.88576870678789],[128.62768745685204,35.88567267484689],[128.6266398565406,35.884976591544195],[128.62662035691253,35.885109923181176],[128.6257925326223,35.88599107458086],[128.62447854588873,35.885501919881264],[128.62118788643656,35.884809381312046],[128.62000870556184,35.884384565413136],[128.61882798785103,35.88433484697641],[128.61651086832316,35.88449366834789],[128.61380403650432,35.88456757996914]]]}},{"type":"Feature","properties":{"layer":"zone_promo","id":"zone_promo_0184","name":"신암9 지구단위계획구역","category":"재정비촉진지구","color":"#c0392b","sido":"대구광역시","sgg_code":"27140","type_code":"UDA100","mgmt_no":"62700002714020180111UDA1000009000"},"geometry":{"type":"Polygon","coordinates":[[[128.61584003815165,35.886610041746415],[128.61607534595572,35.88737163193395],[128.61619977023344,35.887589707318504],[128.61627288717818,35.88764477318659],[128.61647313151744,35.88804616906463],[128.6166087881068,35.88798500410377],[128.61665200163193,35.887918973590764],[128.61651774850912,35.88764211541638],[128.6166557249943,35.88770334608078],[128.6167012903875,35.887677671548545],[128.6168206718491,35.88777785709237],[128.61684263941828,35.887762957856296],[128.61690180998832,35.887834759753176],[128.61670797872625,35.888007582468376],[128.61670750214122,35.88804428840206],[128.61788297166518,35.88875015801579],[128.61853090075172,35.889250790674396],[128.61928734031457,35.888422167485],[128.6192861391575,35.8883725053983],[128.61886359882178,35.88796244839438],[128.61888456080283,35.88791017120066],[128.61895051703553,35.88792090772644],[128.61936996205685,35.88680124548351],[128.6181331324805,35.88642597626805],[128.61778458657793,35.88635385483711],[128.61588160095403,35.88654638546688],[128.61584003815165,35.886610041746415]]]}},{"type":"Feature","properties":{"layer":"zone_promo","id":"zone_promo_0185","name":"신암4 재정비촉진구역","category":"재정비촉진지구","color":"#c0392b","sido":"대구광역시","sgg_code":"27140","type_code":"UDA100","mgmt_no":"62700002714020180111UDA1000004000"},"geometry":{"type":"Polygon","coordinates":[[[128.61999671478605,35.886771883404435],[128.62227062656729,35.887346692685895],[128.62311378378968,35.88522757257934],[128.62307827032015,35.88519427707688],[128.6211878754913,35.88480935424018],[128.62099016442014,35.88474099101238],[128.62092436155032,35.884758879461245],[128.61999671478605,35.886771883404435]]]}},{"type":"Feature","properties":{"layer":"zone_promo","id":"zone_promo_0186","name":"재정비촉진지구 (대구광역시 27140)","category":"재정비촉진지구","color":"#c0392b","sido":"대구광역시","sgg_code":"27140","type_code":"UDA100","mgmt_no":"34200002714020150003UDA1000001001"},"geometry":{"type":"Polygon","coordinates":[[[128.62274612611927,35.886392437574514],[128.6227858234322,35.88645192736214],[128.6249318540021,35.88716437099787],[128.6255307662106,35.88629817311317],[128.6257925326223,35.88599107458086],[128.6255449675387,35.88589908562843],[128.62546990941297,35.88601468702291],[128.6254032790636,35.8859616207461],[128.62532020707613,35.88604345454988],[128.62532116367208,35.88581773310048],[128.62447854588873,35.885501919881264],[128.62325535660227,35.88522906384887],[128.6232003017374,35.88525280939081],[128.62274612611927,35.886392437574514]]]}},{"type":"Feature","properties":{"layer":"zone_promo","id":"zone_promo_0187","name":"신암8재정비촉진구역","category":"재정비촉진지구","color":"#c0392b","sido":"대구광역시","sgg_code":"27140","type_code":"UDA100","mgmt_no":"62700002714020100067UDA1000008002"},"geometry":{"type":"Polygon","coordinates":[[[128.62766997119687,35.889384212415685],[128.6267949122625,35.88860732172204],[128.6267943664737,35.88865265234841],[128.62651640773962,35.88885771815403],[128.6261398646421,35.888830766737065],[128.6261079169372,35.888794617343486],[128.62620214872672,35.88830562904821],[128.62624613087664,35.88827927001402],[128.62486356964962,35.888101454739584],[128.62427172968054,35.89113379874607],[128.6243688169331,35.89119016063535],[128.62585089197566,35.89054672364896],[128.62642038134098,35.890267767259324],[128.62685794322056,35.88999200172795],[128.62766997119687,35.889384212415685]]]}},{"type":"Feature","properties":{"layer":"zone_promo","id":"zone_promo_0188","name":"신암2재정비촉진구역","category":"재정비촉진지구","color":"#c0392b","sido":"대구광역시","sgg_code":"27140","type_code":"UDA100","notice_date":"20240530","mgmt_no":"62700002714020240123UDA1000002002"},"geometry":{"type":"Polygon","coordinates":[[[128.62488841079903,35.888017338857665],[128.62651756798914,35.8882239343593],[128.6268012308964,35.88847208345859],[128.62685709522287,35.88846719273011],[128.62734642999598,35.8879990279785],[128.62861588991112,35.88657606980228],[128.62862767753865,35.88578132123823],[128.62832022093585,35.885794750333304],[128.62773573403118,35.88569347245896],[128.62748343758705,35.88554988581667],[128.62700520828616,35.88520563650749],[128.62680336707825,35.88523459483103],[128.62587207350364,35.88621132488685],[128.6250995747966,35.887295378053096],[128.62499391570884,35.88756978973775],[128.62488841079903,35.888017338857665]]]}},{"type":"Feature","properties":{"layer":"zone_promo","id":"zone_promo_0189","name":"봉명D구역","category":"재정비촉진지구","color":"#c0392b","subtype":"유성시장 재정비촉진지구 봉명D구역","sido":"대전광역시","sgg_code":"30200","type_code":"UDA100","mgmt_no":"63000003020020090322UDA1000001004"},"geometry":{"type":"Polygon","coordinates":[[[127.33485479112842,36.356433872839126],[127.33594774170629,36.35637472092773],[127.33646811404316,36.35642997385819],[127.33664351652206,36.35524138062862],[127.3365737721687,36.35518897497601],[127.33168030900615,36.35651061704843],[127.3315563244661,36.35655942446349],[127.33153152728771,36.35663668710655],[127.3316819126276,36.356995820101865],[127.33485479112842,36.356433872839126]]]}},{"type":"Feature","properties":{"layer":"zone_promo","id":"zone_promo_0190","name":"신암1재정비촉진구역","category":"재정비촉진지구","color":"#c0392b","sido":"대구광역시","sgg_code":"27140","type_code":"UDA100","mgmt_no":"62700002714020100067UDA1000001002"},"geometry":{"type":"Polygon","coordinates":[[[128.62871875555876,35.88577456521369],[128.62870716032404,35.88656862944526],[128.62866831037263,35.886691293749536],[128.62743170037734,35.888031422709524],[128.6269134462098,35.888525939990714],[128.62691407380973,35.88857376169734],[128.62775798497793,35.88932807772416],[128.63204157368264,35.886109087263684],[128.63237187277556,35.88584864396552],[128.63238436217827,35.88577769168586],[128.63236976998706,35.885719444786055],[128.6321072639999,35.88569059132035],[128.63071326331075,35.885761739639825],[128.63071238783434,35.88569057505055],[128.63017250746066,35.88571753989224],[128.62971873922305,35.88569118112199],[128.62932015008036,35.88574683317343],[128.62876944271312,35.88574672097378],[128.62876775703035,35.88577085094116],[128.62871875555876,35.88577456521369]]]}},{"type":"Feature","properties":{"layer":"zone_promo","id":"zone_promo_0191","name":"신암6재정비촉진구역","category":"재정비촉진지구","color":"#c0392b","sido":"대구광역시","sgg_code":"27140","type_code":"UDA100","mgmt_no":"62700002714020100067UDA1000006002"},"geometry":{"type":"Polygon","coordinates":[[[128.61653208492214,35.88813993363535],[128.6172403808547,35.889026136413605],[128.61744977489118,35.88924085023637],[128.6197836428624,35.89079472447693],[128.6198381609675,35.89078921990085],[128.62164304514457,35.88897750268209],[128.6222109305422,35.88750261687087],[128.62218531376357,35.88746315183633],[128.62032886176362,35.88698745971843],[128.619426343563,35.886760003864374],[128.61937807287563,35.88677967759277],[128.61895051703553,35.88792090772644],[128.61888456080283,35.88791017120066],[128.61886359882178,35.88796244839438],[128.6192861391575,35.8883725053983],[128.61928734031457,35.888422167485],[128.61934510425954,35.88847840831923],[128.6185300514189,35.88934898694264],[128.61774549978614,35.888755937482365],[128.6166303542274,35.88808743591278],[128.61656657794367,35.88808398710917],[128.61653208492214,35.88813993363535]],[[128.62033386586603,35.88899408428236],[128.61944235251414,35.88840760989619],[128.61942310370918,35.88835689904764],[128.61980014104256,35.88735664084077],[128.61984929580828,35.88733742037363],[128.62124812796034,35.8876973951205],[128.62127573223827,35.88773803825363],[128.62105587445484,35.888320443837216],[128.62038826763086,35.88898948032101],[128.62033386586603,35.88899408428236]]]}},{"type":"Feature","properties":{"layer":"zone_promo","id":"zone_promo_0192","name":"재정비촉진지구 (대구광역시 27170)","category":"재정비촉진지구","color":"#c0392b","sido":"대구광역시","sgg_code":"27170","type_code":"UDA100","notice_date":"20251222","mgmt_no":"62700002717020240241UDA1000001001"},"geometry":{"type":"Polygon","coordinates":[[[128.5466942645516,35.8691454855878],[128.54703666546905,35.875790262108545],[128.54721640748377,35.87806791973223],[128.5472230558483,35.878462912345185],[128.54734123064355,35.878562702574236],[128.5544089883209,35.87883738647094],[128.55452529469832,35.878841739625585],[128.55467250251075,35.87874850438633],[128.554740586987,35.87063676256478],[128.55465692232357,35.87054984235075],[128.54679884474737,35.869077567472374],[128.5466942645516,35.8691454855878]]]}},{"type":"Feature","properties":{"layer":"zone_promo","id":"zone_promo_0193","name":"인천광역시 고시 제2025-353호","category":"재정비촉진지구","color":"#c0392b","sido":"인천광역시","sgg_code":"28177","type_code":"UDA100","notice_date":"20251208","mgmt_no":"62800002817720250353UDA1000001001"},"geometry":{"type":"Polygon","coordinates":[[[126.67975886620508,37.45374763151143],[126.67967738028418,37.45166358976943],[126.67959332891083,37.451603354110425],[126.67184324879082,37.452071658726275],[126.66793239088413,37.452363350097286],[126.66787279917074,37.45246471580305],[126.66951595767672,37.45447994648035],[126.67239828626934,37.458758970952196],[126.67249899485991,37.45880229218218],[126.67486192130559,37.458645936732104],[126.67477584633332,37.45858750312996],[126.6747307501651,37.45813525603331],[126.67476804878173,37.45810140943124],[126.67777387984698,37.457908199506505],[126.67781729342826,37.45793424923887],[126.67789186598971,37.458451267820365],[126.68599173266017,37.45792999216007],[126.68590736314238,37.45786997642322],[126.68589768805847,37.457662918444264],[126.68585876022217,37.45755587460077],[126.68585314270916,37.45743490914034],[126.68591307995786,37.457380982082924],[126.68615365614679,37.45736106341011],[126.68643562269621,37.457268138314895],[126.68868313615643,37.45712979526645],[126.68874702405903,37.45600718994377],[126.68879191726806,37.45597440414921],[126.68932282538424,37.455999143681346],[126.68936046933116,37.45603266127287],[126.6896414098676,37.45124405318449],[126.68927589373588,37.450962137485945],[126.68614559645376,37.4511699500191],[126.6861956723201,37.45169252094345],[126.68625006321916,37.45308019172408],[126.68473636127148,37.45311798689806],[126.68475496392203,37.453595063373335],[126.68471635402902,37.453627891519176],[126.67975886620508,37.45374763151143]],[[126.68031299698764,37.4556662545865],[126.68131845494115,37.455611381817434],[126.68181115459261,37.455514470379335],[126.68201402650601,37.45550943277035],[126.6820122857235,37.45546432391264],[126.68244388516399,37.45535924374412],[126.68303098334334,37.45534606885327],[126.68302672745959,37.45523560356341],[126.68330623642859,37.455228256431674],[126.68330433125884,37.45517908362813],[126.6835499365715,37.45517107700138],[126.68354924381555,37.45513448544964],[126.68387496966255,37.45508630175323],[126.68387626748003,37.455108136518106],[126.68402954250318,37.45509827693175],[126.68402812522106,37.45506726063769],[126.68410388491168,37.45505876044553],[126.68436100636254,37.45503473621484],[126.68445806682548,37.45506991045793],[126.68447955585674,37.45502616138791],[126.6853247727469,37.45499826007026],[126.68535125246348,37.45503071291968],[126.68545501415905,37.45502591780312],[126.68545624155998,37.45512637379578],[126.68558984209551,37.455123964917114],[126.68558545693304,37.455016472668966],[126.68574312792275,37.45501201961197],[126.68574227575512,37.45498889762398],[126.68577609495408,37.45498806895402],[126.68577780244495,37.45502550113839],[126.68617695905759,37.45497922815157],[126.68625849425679,37.455040623702494],[126.68625274208902,37.45530437668877],[126.68561461540116,37.45681713973876],[126.68558465832413,37.45696095864481],[126.68559406458996,37.45721557983109],[126.68553400314886,37.45726945233592],[126.68209214088644,37.45748541445882],[126.68205798930505,37.45663938076579],[126.68057641209151,37.45667495681806],[126.68054383914286,37.45665109092846],[126.68035285582732,37.45665571682254],[126.68026853048043,37.456592048122154],[126.68023541003858,37.455731780789876],[126.68031299698764,37.4556662545865]]]}},{"type":"Feature","properties":{"layer":"zone_promo","id":"zone_promo_0194","name":"종교용지","category":"재정비촉진지구","color":"#c0392b","sido":"인천광역시","sgg_code":"28177","type_code":"UDA100","notice_date":"20230717","mgmt_no":"62800002817720230179UDA1000001002"},"geometry":{"type":"Polygon","coordinates":[[[126.67329327657468,37.45373259204977],[126.67335895348185,37.45379684466514],[126.67353007077826,37.453792625430395],[126.67351703821667,37.45349790757717],[126.6732958389283,37.453503113978094],[126.67329327657468,37.45373259204977]]]}},{"type":"Feature","properties":{"layer":"zone_promo","id":"zone_promo_0195","name":"미추3-1구역","category":"재정비촉진지구","color":"#c0392b","sido":"인천광역시","sgg_code":"28177","type_code":"UDA100","notice_date":"20230717","mgmt_no":"62800002817720230179UDA1000001652"},"geometry":{"type":"Polygon","coordinates":[[[126.68015305370037,37.45659500482197],[126.68016413545844,37.45686580395466],[126.68206457059273,37.456819292543095],[126.68205798934333,37.4566393717559],[126.68057641209151,37.45667495681806],[126.68035092052392,37.45665368430989],[126.68026853067313,37.456592003072586],[126.68015305370037,37.45659500482197]]]}},{"type":"Feature","properties":{"layer":"zone_promo","id":"zone_promo_0196","name":"재정비촉진지구 (인천광역시 28125)","category":"재정비촉진지구","color":"#c0392b","sido":"인천광역시","sgg_code":"28125","type_code":"UDA100","notice_date":"20130121","mgmt_no":"62800002812520130016UDA1000001001"},"geometry":{"type":"Polygon","coordinates":[[[126.63424546555252,37.47428709673591],[126.63430078553148,37.474237560613744],[126.634723788646,37.47376193118034],[126.63470247284607,37.473744682985284],[126.63424546555252,37.47428709673591]]]}},{"type":"Feature","properties":{"layer":"zone_promo","id":"zone_promo_0197","name":"촉진5구역","category":"재정비촉진지구","color":"#c0392b","subtype":"대전광역시 고시 제2026-68호\n촉진5구역","sido":"대전광역시","sgg_code":"30110","type_code":"UDA100","notice_date":"20260324","mgmt_no":"63000003011020260068UDA1000001001"},"geometry":{"type":"Polygon","coordinates":[[[127.44481677906727,36.32185344127396],[127.44603523129686,36.323831509636456],[127.4461216287585,36.323857123983444],[127.44796808425316,36.32221034542636],[127.4481330966021,36.322113934539935],[127.45033112095085,36.321148838543124],[127.45034789555416,36.321108691482486],[127.44955465195758,36.31998832190373],[127.44909445623965,36.320022722402264],[127.44795476367396,36.320335617461964],[127.44481677906727,36.32185344127396]]]}},{"type":"Feature","properties":{"layer":"zone_promo","id":"zone_promo_0198","name":"대전역복합2 재정비촉진구역","category":"재정비촉진지구","color":"#c0392b","sido":"대전광역시","sgg_code":"30110","type_code":"UDA100","notice_date":"20250528","mgmt_no":"63000003011020250124UDA1000001001"},"geometry":{"type":"MultiPolygon","coordinates":[[[[127.43487688829056,36.33550597817707],[127.43511811036797,36.33540209961696],[127.43529760793632,36.33524260817933],[127.43577183440347,36.334367635022446],[127.43720996749936,36.33476327700903],[127.43778152739377,36.33331325633197],[127.43733478260437,36.333218073613146],[127.43641720208811,36.33277867153036],[127.43640135195858,36.33273238205871],[127.43644123780308,36.33267456207158],[127.43537422948077,36.332254331771324],[127.43529025448734,36.33248391214479],[127.43474587436127,36.33356565896819],[127.43327902107744,36.33308785017178],[127.43278794495284,36.33403355320919],[127.4338011951599,36.3350615421886],[127.4339210998256,36.334919057121276],[127.43426357715765,36.335030616886094],[127.43422875159595,36.3349889016942],[127.43435775267258,36.33488623295872],[127.43459415619564,36.335248133194675],[127.43487688829056,36.33550597817707]]],[[[127.43250447448138,36.33212700705961],[127.43376393126229,36.332491830137926],[127.43443078942418,36.33104630135325],[127.43324318672163,36.33063051679027],[127.43298417580738,36.331149877123906],[127.43346482309794,36.3313106669715],[127.4333388056742,36.33156363011904],[127.43285751657754,36.331403833378545],[127.43250447448138,36.33212700705961]]]]}},{"type":"Feature","properties":{"layer":"zone_promo","id":"zone_promo_0199","name":"중앙1구역","category":"재정비촉진지구","color":"#c0392b","sido":"대전광역시","sgg_code":"30110","type_code":"UDA100","notice_date":"20251222","mgmt_no":"63000003011020250319UDA1000001001"},"geometry":{"type":"Polygon","coordinates":[[[127.43620133014194,36.33644524199776],[127.43663768693116,36.33547668173964],[127.43664907595749,36.33536558920886],[127.43695974722242,36.334694438444366],[127.43577183440347,36.334367635022446],[127.43529899097715,36.33524094500827],[127.43512054137665,36.335400612879674],[127.43487419680916,36.33550669084843],[127.4355493422832,36.33615246976206],[127.43584939679775,36.3363233227155],[127.43620133014194,36.33644524199776]]]}},{"type":"Feature","properties":{"layer":"zone_promo","id":"zone_promo_0200","name":"신안1관리구역","category":"재정비촉진지구기타","color":"#e59866","subtype":"재정비존치관리구역(신안1관리구역)","sido":"대전광역시","sgg_code":"30110","type_code":"UDA999","mgmt_no":"63000003011020200274UDA9990001004"},"geometry":{"type":"Polygon","coordinates":[[[127.43636677293394,36.332642859534936],[127.4364410065202,36.33267503152136],[127.43664892640135,36.332390766784094],[127.43671013084189,36.33238126189126],[127.43785351272857,36.33293807103536],[127.437837363418,36.333038015609574],[127.43862687503726,36.33323714583883],[127.43952815390506,36.330777294172954],[127.44036938049636,36.32863505646681],[127.43951855140308,36.32834943357993],[127.439395817267,36.32864544002277],[127.43950443808251,36.328681278075656],[127.43948264770675,36.32877371883651],[127.43912187258123,36.329411482552224],[127.43904103138975,36.32961541587012],[127.43856908035838,36.33049932476424],[127.43848841634006,36.33053001616135],[127.43682793886535,36.329991741846435],[127.4367018150273,36.33000295210105],[127.43662568210382,36.330045377001326],[127.43660123627767,36.3300775476413],[127.43685007510149,36.33016904749871],[127.43685565950808,36.33034203374566],[127.43699457223887,36.33064549226328],[127.43698981002706,36.330726371578976],[127.43661623990369,36.33133169607714],[127.43686994476509,36.33183464319299],[127.43653857966653,36.332421808243865],[127.43650860852382,36.33240985968197],[127.43636677293394,36.332642859534936]]]}},{"type":"Feature","properties":{"layer":"zone_promo","id":"zone_promo_0201","name":"대전역세권1관리구역","category":"재정비촉진지구기타","color":"#e59866","subtype":"존치관리구역(대전역세권1관리구역)","sido":"대전광역시","sgg_code":"30110","type_code":"UDA999","mgmt_no":"63000003011020090130UDA9990001003"},"geometry":{"type":"Polygon","coordinates":[[[127.43019756515938,36.337154078413285],[127.43057330554758,36.33724113473349],[127.43066847684406,36.33689686185588],[127.43064766980947,36.33685816827679],[127.43036056396274,36.33678018434503],[127.43019756515938,36.337154078413285]]]}},{"type":"Feature","properties":{"layer":"zone_promo","id":"zone_promo_0202","name":"대전역세권2관리구역","category":"재정비촉진지구기타","color":"#e59866","subtype":"존치관리구역(대전역세권2관리구역)","sido":"대전광역시","sgg_code":"30110","type_code":"UDA999","notice_date":"20151030","mgmt_no":"63000003011020090130UDA9990001004"},"geometry":{"type":"Polygon","coordinates":[[[127.4303825829773,36.336729126195955],[127.43066439156385,36.336801884293806],[127.4307184090761,36.33677488053193],[127.4308490920075,36.33645569466111],[127.43052493671658,36.33639916586753],[127.4303825829773,36.336729126195955]]]}},{"type":"Feature","properties":{"layer":"zone_promo","id":"zone_promo_0203","name":"존치관리A구역","category":"재정비촉진지구","color":"#c0392b","sido":"대전광역시","sgg_code":"30110","type_code":"UDA100","notice_date":"20160823","mgmt_no":"63000003011020160117UDA1000006001"},"geometry":{"type":"Polygon","coordinates":[[[127.44093005264915,36.32828892981101],[127.4411349123847,36.32864843720159],[127.44272281129076,36.329216703404654],[127.44285032080685,36.329184980072355],[127.44298203803294,36.32899890672154],[127.44293144376101,36.328983476313674],[127.4429137439123,36.328923740051586],[127.44276582023312,36.32877372780194],[127.4430145468024,36.32859212473674],[127.44294268233818,36.32853747288053],[127.44308634675109,36.32839255676222],[127.4439132188039,36.32706805944545],[127.44409291664482,36.327133657224024],[127.44358644061447,36.32806397997284],[127.44423927882931,36.328295236932796],[127.44520283237301,36.326589011419806],[127.44516045153081,36.3265429296961],[127.44480047354737,36.326621333368834],[127.4444179360249,36.32651358373755],[127.44414914260595,36.32663863453954],[127.44392107975887,36.326789974315865],[127.44375897254994,36.326981387986166],[127.44284098339635,36.32843771945125],[127.44263379712659,36.328544002273816],[127.44247897846165,36.32858133228089],[127.44206827131174,36.32858681198255],[127.44153499645923,36.32854218593495],[127.4410903269382,36.328409908298596],[127.44093005264915,36.32828892981101]]]}},{"type":"Feature","properties":{"layer":"zone_promo","id":"zone_promo_0204","name":"도마ㆍ변동16 재정비촉진구역","category":"재정비촉진지구","color":"#c0392b","sido":"대전광역시","sgg_code":"30170","type_code":"UDA100","mgmt_no":"63000003017020230034UDA1000016000"},"geometry":{"type":"Polygon","coordinates":[[[127.37793217490835,36.322200972252624],[127.37770935845843,36.319535841087465],[127.37773344687206,36.3192627367512],[127.37357895010213,36.319274244498786],[127.37372518734334,36.32238226058049],[127.37385181941588,36.32235677752388],[127.37793217490835,36.322200972252624]]]}},{"type":"Feature","properties":{"layer":"zone_promo","id":"zone_promo_0205","name":"신흥재정비촉진지구","category":"재정비촉진지구","color":"#c0392b","sido":"대전광역시","sgg_code":"30110","type_code":"UDA100","mgmt_no":"63000003011020230114UDA1000001001"},"geometry":{"type":"Polygon","coordinates":[[[127.44092354467395,36.32826443290118],[127.44113466732166,36.32864842909128],[127.44272256622581,36.32921669529761],[127.44285007574202,36.32918497196556],[127.4431065389597,36.32882291693905],[127.4431462078634,36.32884037021661],[127.44331202685734,36.32854993216687],[127.44328805060034,36.32851872315955],[127.44334324696541,36.32842021952125],[127.44338664783238,36.32841815760854],[127.44358618441622,36.32806397190871],[127.44423186250714,36.32831116104007],[127.44431154287184,36.32830032218621],[127.44432418138157,36.328329473267374],[127.44454833289329,36.328342340398244],[127.4447208893701,36.32838919231055],[127.44491580378937,36.32854905784488],[127.44959339693722,36.32657957157369],[127.44977722907117,36.326343604825034],[127.44849291439367,36.32542822979323],[127.44848453141206,36.325364395212375],[127.44881645833432,36.32513995168047],[127.44939212909951,36.32466224845982],[127.44946278180153,36.32448945465392],[127.44944361679055,36.324367039412785],[127.44933494477158,36.32417601100388],[127.44937399231524,36.32404612321158],[127.44956257877963,36.32396264395408],[127.4497954962683,36.32399143717025],[127.44970129321116,36.32415294672185],[127.45003807234067,36.324419150784564],[127.4507413350617,36.32455702020657],[127.45113279572904,36.324552979982506],[127.45125114120617,36.32442069355223],[127.45126931187663,36.324249420863325],[127.45107644586004,36.324142150173685],[127.45089223587385,36.32397905517414],[127.4508332459251,36.323825807635615],[127.45064048826855,36.323775949384135],[127.45027275806632,36.32396166494755],[127.45028618710676,36.324041025656015],[127.45024132104903,36.323991025947485],[127.4500455514068,36.32337671196294],[127.44995837345857,36.322865129190454],[127.44989642776393,36.32270477299452],[127.44991274225156,36.32266974637821],[127.45169626443526,36.321840814481696],[127.45177536420746,36.32172456292794],[127.45177405128214,36.321550524794034],[127.4515724519889,36.3212383975725],[127.45157781963208,36.32118998449679],[127.45254457974426,36.320771045030405],[127.45269891476502,36.32074026435001],[127.45313543786408,36.32055338022394],[127.45356635812665,36.32080241196162],[127.45363979533965,36.320797700451855],[127.45370605318209,36.32065670498064],[127.45372527714301,36.320462565144915],[127.45403171430848,36.32045820629778],[127.45451943987052,36.32029896945052],[127.45428893504463,36.32016971374],[127.45400656845392,36.32013442073057],[127.45276583123533,36.31895143995636],[127.45317118552576,36.31842276905288],[127.45311066926445,36.31813815554386],[127.45299462083699,36.31791738343689],[127.4520193341961,36.31837683936287],[127.45171289330658,36.31891165837486],[127.45122337672244,36.31935179454756],[127.45007339079406,36.31991346267917],[127.44979423879974,36.3199703824915],[127.44909421120298,36.32002271430807],[127.4479545186364,36.320335609365436],[127.44473957956448,36.321896100609955],[127.44399728383398,36.3221992110047],[127.44198708416542,36.32311991808928],[127.44176711822718,36.323274287968594],[127.44146693366102,36.323620451504894],[127.44131362979478,36.32402483024948],[127.44126053499218,36.325833215184666],[127.44123882974023,36.325825337703975],[127.44115959530838,36.32728309182439],[127.44112176886846,36.32754781450404],[127.44092354467395,36.32826443290118]]]}},{"type":"Feature","properties":{"layer":"zone_promo","id":"zone_promo_0206","name":"존치지역","category":"재정비촉진지구","color":"#c0392b","sido":"대전광역시","sgg_code":"30170","type_code":"UDA100","mgmt_no":"63000003017020150054UDA1000017001"},"geometry":{"type":"Polygon","coordinates":[[[127.37372518734334,36.32238226058049],[127.37357895010213,36.319274244498786],[127.37116521752341,36.31930185644968],[127.37111492659633,36.31935108988003],[127.37068958727343,36.32028980507909],[127.37046511541783,36.321170313820204],[127.3703576915596,36.32176956517519],[127.37037232195041,36.32246378391632],[127.37041517792987,36.32249523777912],[127.37372518734334,36.32238226058049]]]}},{"type":"Feature","properties":{"layer":"zone_promo","id":"zone_promo_0207","name":"재정비촉진지구 (대전광역시 30140)","category":"재정비촉진지구","color":"#c0392b","sido":"대전광역시","sgg_code":"30140","type_code":"UDA100","notice_date":"20250103","mgmt_no":"63000003014020250003UDA1000001001"},"geometry":{"type":"Polygon","coordinates":[[[127.41325904450719,36.32978009961458],[127.41540212852837,36.33005067262734],[127.41516433742787,36.331041431701074],[127.41517598038364,36.331137041639124],[127.41503662733574,36.331566895536575],[127.41487720295503,36.33159833013494],[127.4145236201801,36.33155866640455],[127.41448915569617,36.33172446567693],[127.41396345979327,36.3317581103179],[127.41396904571208,36.33178248572421],[127.41330827707195,36.331996953790686],[127.41313839481607,36.33210921203014],[127.41316647891234,36.33214423391377],[127.41283836511202,36.332324678464886],[127.41287744486374,36.332377181324524],[127.4125773720132,36.332546606455345],[127.41262810231746,36.3331588222392],[127.4126191517063,36.33333979899923],[127.41256097413348,36.33338343550629],[127.41283065706477,36.33355336955938],[127.41272460558086,36.333685386443065],[127.41257712428437,36.33362516392512],[127.41240194213113,36.33373650211203],[127.41331010412102,36.33462324584613],[127.41539929146772,36.33316752443634],[127.41684980607828,36.3302349325404],[127.41921717773403,36.32573147117814],[127.41967099163004,36.32493984562386],[127.41842014287299,36.32393561508619],[127.41764802876898,36.32347717621674],[127.41671400652031,36.323068075237366],[127.41619636517771,36.322981818728806],[127.41500831486017,36.322901539794366],[127.41501788479688,36.32284534566629],[127.41439092693626,36.322804472978596],[127.41269507957993,36.32255109664672],[127.41251448206202,36.32258288929867],[127.41218236769967,36.32271944088925],[127.40509317627698,36.3285689227411],[127.40606774032419,36.32897739115538],[127.40711759058067,36.32916868423518],[127.40768643013206,36.32933695665128],[127.4080113274973,36.329467918704836],[127.40837684838533,36.32965118973661],[127.40903991309595,36.330152514032164],[127.40932476780196,36.330414179642986],[127.40950409096314,36.33030728356118],[127.40957327146292,36.32988984134714],[127.40965333277497,36.32967960418071],[127.40964822184229,36.32960294100308],[127.40974659737441,36.32945344322701],[127.41017299124854,36.32890803930894],[127.41046703217678,36.328689968529986],[127.41145465270434,36.328406825708605],[127.41280630327674,36.32832268083239],[127.41287836279668,36.3281218502056],[127.41381820456121,36.328160777618734],[127.4138368361783,36.3283952611083],[127.41338654331102,36.32918313031793],[127.41338543986521,36.3294622807889],[127.41333390887267,36.32968260536184],[127.41326908890629,36.329726904949275],[127.41325904450719,36.32978009961458]]]}},{"type":"Feature","properties":{"layer":"zone_promo","id":"zone_promo_0208","name":"지구단위계획구역(15구역)","category":"재정비촉진지구","color":"#c0392b","sido":"대전광역시","sgg_code":"30170","type_code":"UDA100","notice_date":"20260107","mgmt_no":"63000003017020260009UDA1000001001"},"geometry":{"type":"Polygon","coordinates":[[[127.37375213463322,36.314096028170304],[127.37058973954507,36.31420233157821],[127.37000478115732,36.31442783473095],[127.37093779648316,36.31540484690605],[127.37109665770316,36.31563000087091],[127.37129079090299,36.31601660801547],[127.37140174107884,36.31656280883184],[127.37146253733576,36.31806786958867],[127.37150379298559,36.318098066399095],[127.3727778001884,36.31805725822531],[127.37283221158846,36.319285623298995],[127.37357895010213,36.319274244498786],[127.37337426896417,36.31548490448353],[127.37375213463322,36.314096028170304]]]}},{"type":"Feature","properties":{"layer":"zone_promo","id":"zone_promo_0209","name":"존치지역","category":"재정비촉진지구","color":"#c0392b","sido":"대전광역시","sgg_code":"30170","type_code":"UDA100","mgmt_no":"63000003017020210074UDA1000015000"},"geometry":{"type":"Polygon","coordinates":[[[127.3714878924372,36.31873450652665],[127.37116521752341,36.31930185644968],[127.37283221158846,36.319285623298995],[127.3727778001884,36.31805725822531],[127.37150379298559,36.318098066399095],[127.37146253733576,36.31806786958867],[127.3714878924372,36.31873450652665]]]}},{"type":"Feature","properties":{"layer":"zone_promo","id":"zone_promo_0210","name":"종교시설용지","category":"재정비촉진지구기타","color":"#e59866","sido":"대전광역시","sgg_code":"30170","type_code":"UDA999","mgmt_no":"63000003017020150202UDA9990001011"},"geometry":{"type":"Polygon","coordinates":[[[127.38307100662585,36.328949293021786],[127.38312587056751,36.32902277964844],[127.38331381402385,36.3289845104432],[127.38365493073239,36.32897654434561],[127.38366068267922,36.32854883880337],[127.38307760994267,36.32856534568696],[127.38307100662585,36.328949293021786]]]}},{"type":"Feature","properties":{"layer":"zone_promo","id":"zone_promo_0211","name":"존치지역","category":"재정비촉진지구","color":"#c0392b","sido":"대전광역시","sgg_code":"30170","type_code":"UDA100","mgmt_no":"63000003017020150054UDA1000005001"},"geometry":{"type":"Polygon","coordinates":[[[127.38534178529905,36.32560657729845],[127.3856953732694,36.32540162317328],[127.38646072787286,36.325051866922024],[127.38580821685586,36.324012571766275],[127.38450935733704,36.32443898507735],[127.38449250824182,36.32448234040287],[127.38529521878411,36.32559672381467],[127.38534178529905,36.32560657729845]]]}},{"type":"Feature","properties":{"layer":"zone_promo","id":"zone_promo_0212","name":"재정비촉진지구 (대전광역시 30170)","category":"재정비촉진지구","color":"#c0392b","sido":"대전광역시","sgg_code":"30170","type_code":"UDA100","mgmt_no":"63000003017020240232UDA1000001001"},"geometry":{"type":"Polygon","coordinates":[[[127.3846461566481,36.32172205171428],[127.38401493464595,36.31998090726301],[127.38385947346877,36.3193190423106],[127.38378743304642,36.318755255372864],[127.38379880074062,36.31797041411673],[127.38387286211413,36.31745475104227],[127.38404734215558,36.31681820755812],[127.3852924275853,36.31352266107289],[127.38541236974123,36.312972172209804],[127.38543356209212,36.31251849810455],[127.38536622145853,36.312108022195986],[127.3852632257156,36.311751604980884],[127.38502067505064,36.311289720406975],[127.38481071383372,36.31100206302064],[127.38350117406058,36.30945172836062],[127.38112181051886,36.31072919792086],[127.3804789781246,36.31096457863735],[127.37990936255933,36.3111259990681],[127.37911695363462,36.31122348848817],[127.37879585869764,36.31123432510555],[127.37800693674818,36.31118681518541],[127.37794568617402,36.311504428827405],[127.37802508939134,36.31189374754046],[127.37793384409277,36.31194561812466],[127.37756949068832,36.311780957743046],[127.37789315353504,36.31189614559649],[127.37796163590302,36.311857467829164],[127.37787625164395,36.31143992508743],[127.37780916761399,36.31141732754101],[127.37784139771198,36.311168393730746],[127.37665923284199,36.310965109542714],[127.37532164784974,36.310545368921794],[127.37380844067303,36.31012561061432],[127.3732736646056,36.31005166627094],[127.3732628705074,36.31008819742561],[127.37272265427843,36.310000975200374],[127.36959341314643,36.31012827248392],[127.36955431251523,36.31015279669072],[127.36904910980351,36.31011126580037],[127.36876320366396,36.31005336982204],[127.36851586972453,36.31066344091675],[127.36851673959222,36.31088467671948],[127.36877723153658,36.312177783669846],[127.3691818291297,36.313470563766245],[127.36937354818761,36.31375652043023],[127.371022910476,36.315517194572244],[127.37129079090299,36.31601660801547],[127.37138745328912,36.31643767996123],[127.37148789239463,36.318734497515024],[127.3712116399074,36.31925641989228],[127.37111492659633,36.31935108988003],[127.37068958727343,36.32028980507909],[127.37036626214851,36.321650493730516],[127.37034513738608,36.32200039439804],[127.37037232195041,36.32246378391632],[127.37041517792987,36.32249523777912],[127.37364231233794,36.32239892898554],[127.37385181941588,36.32235677752388],[127.37768162624148,36.322230066854665],[127.37809707758139,36.322181798551235],[127.37813627774547,36.32238789046247],[127.37912847744437,36.32518563198715],[127.37938661065395,36.32567608136792],[127.38135253989996,36.328432195095075],[127.38165364224949,36.32877345786057],[127.38427801922089,36.33105638320857],[127.38453304861979,36.33106369475705],[127.38829550738068,36.32798853181389],[127.38831670217408,36.32790084228692],[127.38800328625405,36.32694090950751],[127.38691199919333,36.32564940388567],[127.3865083674402,36.325121419163224],[127.3860748843696,36.32447113182428],[127.38554710283131,36.323559445320896],[127.3846461566481,36.32172205171428]]]}},{"type":"Feature","properties":{"layer":"zone_promo","id":"zone_promo_0213","name":"존치지역","category":"재정비촉진지구","color":"#c0392b","sido":"대전광역시","sgg_code":"30170","type_code":"UDA100","notice_date":"20240925","mgmt_no":"63000003017020240232UDA1000001002"},"geometry":{"type":"Polygon","coordinates":[[[127.38001842562397,36.31231205009123],[127.37995302867549,36.31111362289079],[127.37911695363462,36.31122348848817],[127.37879585869764,36.31123432510555],[127.37800693674818,36.31118681518541],[127.37794568617402,36.311504428827405],[127.37802508939134,36.31189374754046],[127.37793383300142,36.31194562717135],[127.37756903317367,36.31178075191215],[127.37789315353504,36.31189614559649],[127.37796163590302,36.311857467829164],[127.37787625164395,36.31143992508743],[127.37780916761399,36.31141732754101],[127.37784139771198,36.311168393730746],[127.37665923284199,36.310965109542714],[127.37468848748527,36.3103650574388],[127.37456679830554,36.310636321409795],[127.37864629513841,36.31244298376472],[127.37899846841191,36.311930095201646],[127.37905163166124,36.3119174190114],[127.37993382308407,36.31231207461986],[127.38001842562397,36.31231205009123]]]}},{"type":"Feature","properties":{"layer":"zone_promo","id":"zone_promo_0214","name":"종교시설용지","category":"재정비촉진지구기타","color":"#e59866","sido":"대전광역시","sgg_code":"30170","type_code":"UDA999","notice_date":"20250903","mgmt_no":"63000003017020250193UDA9990001001"},"geometry":{"type":"Polygon","coordinates":[[[127.38446116235762,36.3241530442612],[127.38476839854177,36.32405323694762],[127.38469285824372,36.32390057719131],[127.38463137011311,36.32387938946812],[127.38436774107744,36.32396472811877],[127.38446116235762,36.3241530442612]]]}},{"type":"Feature","properties":{"layer":"zone_promo","id":"zone_promo_0215","name":"유치원용지","category":"재정비촉진지구기타","color":"#e59866","sido":"대전광역시","sgg_code":"30170","type_code":"UDA999","notice_date":"20250903","mgmt_no":"63000003017020250193UDA9990001002"},"geometry":{"type":"Polygon","coordinates":[[[127.38468543709237,36.324343292973744],[127.38457302923388,36.32411670198482],[127.38446116235762,36.3241530442612],[127.38436774107744,36.32396472811877],[127.38425397198864,36.324001481822386],[127.38445969924521,36.324416209344925],[127.38468543709237,36.324343292973744]]]}},{"type":"Feature","properties":{"layer":"zone_promo","id":"zone_promo_0216","name":"도룡재정비촉진지구","category":"재정비촉진지구","color":"#c0392b","sido":"대전광역시","sgg_code":"30200","type_code":"UDA100","mgmt_no":"63000003020020110132UDA1000001001"},"geometry":{"type":"Polygon","coordinates":[[[127.37216697378479,36.38438818828446],[127.37237823194572,36.385207717715346],[127.37441184167149,36.38547455618821],[127.37483920147207,36.38550359049327],[127.37451279340414,36.386332770438166],[127.3743409774954,36.38657590003433],[127.37494656140086,36.386794225600454],[127.37497356753823,36.38675707631855],[127.37511684473088,36.38682975767154],[127.37476342293337,36.38732901663439],[127.37489289737034,36.387526435335175],[127.37518322457689,36.387616454811756],[127.37531897849826,36.38777025511779],[127.37525322627039,36.387785663493815],[127.37493073271679,36.388015062918],[127.37432669617283,36.3885430037422],[127.37417930735074,36.38863921226186],[127.37360143988988,36.38973029460247],[127.37393516867115,36.389921598723404],[127.37409805125107,36.38967553286526],[127.37440543311614,36.38938394859264],[127.37442831517563,36.38929285969463],[127.37467741900002,36.38912147353432],[127.37534492689923,36.38875299140743],[127.37569527066525,36.38859702953984],[127.37599427169383,36.38851920526272],[127.376527789985,36.388467129351035],[127.376573619257,36.388436571202305],[127.37704213453418,36.388484077347044],[127.3808998900604,36.38847301294465],[127.3814857469547,36.38843510417154],[127.38165465879507,36.38847146933994],[127.38162333962023,36.38843946958882],[127.3815950017985,36.388163578623306],[127.38147669935881,36.38800963085392],[127.38137434044586,36.38794602791817],[127.38057197849552,36.38765006663858],[127.38043560264529,36.38753785396301],[127.38039428731176,36.38745772743833],[127.38039094478617,36.385369850967784],[127.38043417828533,36.38523453931871],[127.38066527306601,36.3849127665381],[127.38070559905562,36.38475493492436],[127.38071733735057,36.38315560262723],[127.38067912095933,36.382923674278295],[127.38054937474728,36.38271300645804],[127.38028680612926,36.38256924759536],[127.38007194383756,36.38253697314919],[127.37937841260597,36.38255128966436],[127.37929249891424,36.38246877148072],[127.37922200959585,36.38214653091278],[127.37896440682034,36.381525839413996],[127.37896038902977,36.381051902898655],[127.37965209138689,36.38073852530389],[127.37968967698664,36.38051649465223],[127.37947685724697,36.380186549101474],[127.37947412453653,36.37973006399085],[127.37970607173698,36.37973185314279],[127.37971804919582,36.37962769470198],[127.38006336659484,36.379642875938714],[127.3802139053438,36.379504863104394],[127.38024169994237,36.37904065733916],[127.3799847328238,36.37884277402034],[127.37947314155946,36.37880834719871],[127.37876267080875,36.37938113819309],[127.3788121144261,36.37859584254878],[127.37892425354633,36.37814944793374],[127.37818847973439,36.37813371089888],[127.37746510909251,36.37791407785476],[127.37684474585079,36.37777747454476],[127.37600029219756,36.37775591048219],[127.37592306724059,36.377845142558584],[127.37684745732217,36.37787096185716],[127.3768412839562,36.37962909912883],[127.37703518486643,36.379714586984136],[127.3770982572774,36.379711180548476],[127.37711234849401,36.38074113095857],[127.37749299347371,36.38080151906063],[127.37773587486359,36.38119856424995],[127.37771896255003,36.381387077960554],[127.3776278782584,36.38144752649775],[127.377146705551,36.381612061135215],[127.37708336388626,36.38152502762006],[127.37594788340058,36.381971198973545],[127.37561817245903,36.38251720194323],[127.37532692487022,36.382629191195306],[127.37526892623919,36.38290384919524],[127.375282251186,36.38330114868494],[127.3749594271818,36.38322916410327],[127.37436760680585,36.383966723027335],[127.37467383700312,36.384145729170875],[127.37416241128173,36.384442429847795],[127.37394145132694,36.384433818962826],[127.37370490644238,36.38417880596619],[127.37365382800907,36.383909742423874],[127.37351087451744,36.383770236956074],[127.37319247576863,36.383827262465275],[127.3729674150435,36.38370123186976],[127.37249362647854,36.383665585317395],[127.37216697378479,36.38438818828446]]]}},{"type":"Feature","properties":{"layer":"zone_promo","id":"zone_promo_0217","name":"봉명E구역","category":"재정비촉진지구","color":"#c0392b","subtype":"유성시장 재정비촉진지구 봉명E구역","sido":"대전광역시","sgg_code":"30200","type_code":"UDA100","mgmt_no":"63000003020020090322UDA1000001005"},"geometry":{"type":"Polygon","coordinates":[[[127.3316819126276,36.356995820101865],[127.3319415776279,36.35765649728386],[127.33181348641115,36.357944063011566],[127.33184413826302,36.35793397529783],[127.33559526554544,36.360672596771025],[127.33569618865043,36.36050345358974],[127.33206894181741,36.357855907118676],[127.33194414602826,36.357660527418034],[127.33244047539606,36.35728807041555],[127.33290598934106,36.35713251808632],[127.33502680931096,36.35679917733783],[127.33572144568548,36.35676892166832],[127.33642311183644,36.356803733694946],[127.33633331673373,36.3579385660267],[127.33610907656082,36.35961791829228],[127.33624232939022,36.35966455901927],[127.33644625373157,36.35793004886034],[127.33649047882805,36.35782721866921],[127.33654619647332,36.357151275898524],[127.33662490972787,36.356829067490224],[127.33759345692236,36.35691391371844],[127.33951775845063,36.35734951767535],[127.33986099520246,36.35745156782791],[127.33998837039549,36.357049402918776],[127.33947349829614,36.35575269038654],[127.339062551812,36.354615368964396],[127.33898741260688,36.35458323824284],[127.33691489858761,36.35515280923046],[127.33674602475838,36.35514265835882],[127.3365737721687,36.35518897497601],[127.33664351652206,36.35524138062862],[127.33646811404316,36.35642997385819],[127.33594774170629,36.35637472092773],[127.33564066058818,36.35637526463405],[127.33485479112842,36.356433872839126],[127.3316819126276,36.356995820101865]]]}},{"type":"Feature","properties":{"layer":"zone_promo","id":"zone_promo_0218","name":"유성시장 재정비촉진지구 장대A구역","category":"재정비촉진지구","color":"#c0392b","sido":"대전광역시","sgg_code":"30200","type_code":"UDA100","notice_date":"20150206","mgmt_no":"63000003020020090322UDA1000001001"},"geometry":{"type":"Polygon","coordinates":[[[127.33117585972516,36.360288556428735],[127.331210659034,36.3603237862166],[127.33272192452202,36.36035096707764],[127.33390874273732,36.36071841193845],[127.33410059577234,36.36069030228786],[127.33421555958056,36.36071197072556],[127.33525037865803,36.361175078867824],[127.33530346721892,36.361161503156445],[127.33559526554544,36.360672596771025],[127.33184413826302,36.35793397529783],[127.33181348641115,36.357944063011566],[127.33117585972516,36.360288556428735]]]}},{"type":"Feature","properties":{"layer":"zone_promo","id":"zone_promo_0219","name":"재정비촉진지구","category":"재정비촉진지구","color":"#c0392b","sido":"대전광역시","sgg_code":"30230","type_code":"UDA100","mgmt_no":"63000003023020170085UDA1000001091"},"geometry":{"type":"Polygon","coordinates":[[[127.42312601924068,36.45007103905526],[127.42341060915126,36.45038921262281],[127.42419104648029,36.45044857709412],[127.42408909895188,36.45050298013662],[127.42400771401212,36.453557100736425],[127.42436985173399,36.45357389548262],[127.42477271349757,36.453538809615736],[127.424908852419,36.453438866688906],[127.42575332611644,36.45326219832829],[127.4262015187936,36.45303263119321],[127.42652452576438,36.452790261247806],[127.4267845287133,36.45250713053059],[127.42686905806606,36.45253126857577],[127.42721957527806,36.45172671429691],[127.42752199319658,36.45071937313142],[127.42826504297362,36.45084323167583],[127.42813451110736,36.45096125353828],[127.42773410288075,36.45198237329059],[127.42786099777398,36.45202077778158],[127.42762946200997,36.45290450792335],[127.42742335943008,36.453368840945224],[127.42745179075303,36.45338058963731],[127.4271810336274,36.454719053522176],[127.42703092931721,36.45522131374453],[127.42749160153527,36.45526111453211],[127.42770518178666,36.455243140125496],[127.42788593229324,36.45519463445821],[127.42811557302866,36.455072275664016],[127.4282355137991,36.454974522593574],[127.42833260395577,36.45482505293693],[127.42855621111893,36.45333384782769],[127.4285285439194,36.45276149027047],[127.43038289898345,36.452925844618086],[127.43047004153912,36.452346550616575],[127.43078666912402,36.45172269853609],[127.43092386976578,36.45161700459646],[127.43212342586718,36.4520065496072],[127.43241242833531,36.45142053310876],[127.43327694781082,36.44810109805384],[127.42985652439025,36.447511496028284],[127.42908947353533,36.44745999661678],[127.42864987517068,36.44925800846099],[127.42787252722444,36.44914807138572],[127.42797624115995,36.448744705628656],[127.42823768435612,36.44795200087533],[127.4282714359805,36.447943679729505],[127.42828678391338,36.447890691169135],[127.42826136881267,36.44788147312629],[127.42835304241584,36.447475816025396],[127.42492216473556,36.44747323768588],[127.42360081696494,36.44728236706353],[127.42359206173168,36.44811641470899],[127.42338747427517,36.44825708690944],[127.42314064556155,36.448960587537236],[127.42312601924068,36.45007103905526]]]}},{"type":"Feature","properties":{"layer":"zone_promo","id":"zone_promo_0220","name":"존치관리10구역","category":"재정비촉진지구기타","color":"#e59866","sido":"경기도","sgg_code":"41360","type_code":"UDA999","mgmt_no":"39900004136020250485UDA9990001002"},"geometry":{"type":"Polygon","coordinates":[[[127.15400730767952,37.60823453287244],[127.15443729967788,37.60823801293102],[127.15443323086822,37.60844121651795],[127.15458681048378,37.60860594206051],[127.15478841891783,37.60862042948052],[127.15481408926723,37.6087674452917],[127.15523602099611,37.608666482150326],[127.15531199256141,37.60893124463121],[127.15542118838304,37.60909467542693],[127.15574401249044,37.60925671894698],[127.15587545911447,37.60939030676827],[127.1560700834257,37.60952036096756],[127.15615636560824,37.60945171932537],[127.156368225402,37.60965706345695],[127.15650677217975,37.609625590524594],[127.15693214812771,37.608772856148185],[127.15663935057353,37.60866713278123],[127.15648096124025,37.60851180445534],[127.15670606007521,37.60814551207254],[127.15696390655137,37.60821883698643],[127.15711289999979,37.60816932995191],[127.15720368271108,37.60819639284199],[127.15753299874365,37.607399904911425],[127.15715477219427,37.60719772849781],[127.15678516739162,37.6069144692061],[127.1553681195002,37.60629115178075],[127.15508594897715,37.606638937760266],[127.15490894996245,37.60695842172679],[127.15485983026038,37.60707280208839],[127.15476184928077,37.60754920616945],[127.15439545928747,37.60753831994433],[127.1541470120608,37.60808865459729],[127.15400730767952,37.60823453287244]]]}},{"type":"Feature","properties":{"layer":"zone_promo","id":"zone_promo_0221","name":"존치관리7구역","category":"재정비촉진지구기타","color":"#e59866","sido":"경기도","sgg_code":"41360","type_code":"UDA999","mgmt_no":"39900004136020130306UDA9990007000"},"geometry":{"type":"Polygon","coordinates":[[[127.15309437524594,37.605630709937614],[127.15320432011853,37.60566027405808],[127.15341463954873,37.60540139477981],[127.15330235682646,37.605374825119746],[127.15309437524594,37.605630709937614]]]}},{"type":"Feature","properties":{"layer":"zone_promo","id":"zone_promo_0222","name":"상서평촌재정비촉진지구","category":"재정비촉진지구","color":"#c0392b","sido":"대전광역시","sgg_code":"30230","type_code":"UDA100","mgmt_no":"63000003023020220288UDA1002212294"},"geometry":{"type":"Polygon","coordinates":[[[127.42046505790199,36.422498793739635],[127.42049288301426,36.422858690082315],[127.42092686149408,36.42450847227424],[127.421008462378,36.424618153693594],[127.42117664919314,36.425098572762295],[127.4216943912012,36.426984646455786],[127.42174852922427,36.42698445592163],[127.42222911504972,36.42859285819809],[127.42251368055298,36.429256439235445],[127.423313777906,36.43058355825017],[127.42347913376337,36.43070687377239],[127.42377919765978,36.43118124428558],[127.42396052061326,36.431558961787154],[127.424379494459,36.43212827011095],[127.42442179983094,36.432104726282645],[127.4244596683676,36.432157543998606],[127.42566062544512,36.43406476779017],[127.42579419886151,36.43422317572804],[127.42636867271902,36.4340329266635],[127.42640384267294,36.43433090341184],[127.42650277263118,36.43464153969008],[127.42762337380398,36.43794597960759],[127.42791253957927,36.43915841380816],[127.42810722109328,36.43978933688894],[127.42826690515713,36.44011637153741],[127.42862326026783,36.440511802925506],[127.42871677848363,36.44046283305338],[127.42893209781512,36.44082228040031],[127.4288846277734,36.44084019405983],[127.42889880688587,36.440899799654105],[127.42906138063417,36.441228021350845],[127.42915785727698,36.441376618410295],[127.42959849248764,36.4417874519314],[127.42964310187831,36.441904504956895],[127.42963126925429,36.4422153280956],[127.42956007653636,36.4424568311006],[127.42941983053915,36.44327688756341],[127.4297102269452,36.44458265317969],[127.42978883853831,36.44464966926658],[127.43022673013911,36.44472609223542],[127.43544850020955,36.44557462034526],[127.43851740613877,36.44588537082291],[127.43855410286093,36.445849649972715],[127.43851517895166,36.44527345146942],[127.4385453691944,36.444942771201866],[127.4385132598541,36.44472838742827],[127.43851954317371,36.444470508649275],[127.43817087104047,36.44134399141928],[127.43837272740637,36.43826076815918],[127.43833009341806,36.438078251339924],[127.43899165700954,36.43762977592151],[127.43935821767273,36.434682200037216],[127.43845086984815,36.43421704126549],[127.43795334062739,36.43391911920618],[127.43667487378556,36.43304349342821],[127.43625351977391,36.432648268228945],[127.43593827322843,36.43228570980467],[127.43575103831783,36.43201654924804],[127.43557046574222,36.432146584624846],[127.435434040996,36.431755303602685],[127.43538813101055,36.43140904860633],[127.43526264406691,36.431179349672746],[127.43489219960499,36.43020357283784],[127.43470074826587,36.43003300314762],[127.43441702072978,36.42964596791417],[127.43438377341906,36.429355925582215],[127.43443266004657,36.42922508086153],[127.43336328273406,36.42876947265506],[127.43327870778364,36.42846496281698],[127.4340190649625,36.42774406253491],[127.43393004373607,36.427144774288735],[127.43364690288485,36.426196981900105],[127.43367212755959,36.42616093449992],[127.43086628675749,36.42429626583494],[127.42919401657397,36.422463215231524],[127.42771627727818,36.421695649437495],[127.42736558881415,36.42155341856043],[127.4268579698758,36.42217358335806],[127.4264401814036,36.42258467346162],[127.42613773480647,36.42294943805049],[127.42574377991312,36.42348786440666],[127.42576056857133,36.42362235637798],[127.42546360417991,36.423696449861566],[127.42564932174706,36.42386703699651],[127.42581234541495,36.424090377053],[127.42629923925428,36.42500040841998],[127.42641093269984,36.42527981989597],[127.42659402524933,36.42553850282064],[127.42649963378591,36.42572499058481],[127.4254015907019,36.42611626471965],[127.4247928378665,36.426292041033555],[127.42453797415055,36.42641847527781],[127.42402894451331,36.42674707279055],[127.42384667040572,36.426704345045685],[127.42332925483706,36.42404061793755],[127.42338802423008,36.42407861031301],[127.4248783452506,36.423722767566154],[127.42511569347653,36.42363952404031],[127.42513039390415,36.4235047400303],[127.42550707036584,36.42343200444869],[127.42506852486743,36.42323487399548],[127.42320825809794,36.4227601057998],[127.42308562080753,36.422683210629586],[127.42306316861959,36.4224366073528],[127.4231191863187,36.4222938015695],[127.42320340028655,36.42219371913475],[127.42454864864813,36.42112595645418],[127.42442883820559,36.420667430832594],[127.42201377614883,36.41978466209456],[127.4216208280633,36.41971953987625],[127.42077887701183,36.420812132889964],[127.4205675053091,36.42127994440246],[127.42049471504724,36.421767590398126],[127.42046505790199,36.422498793739635]]]}},{"type":"Feature","properties":{"layer":"zone_promo","id":"zone_promo_0223","name":"존치관리5구역","category":"재정비촉진지구기타","color":"#e59866","sido":"경기도","sgg_code":"41360","type_code":"UDA999","mgmt_no":"39900004136020230501UDA9990005000"},"geometry":{"type":"Polygon","coordinates":[[[127.15648096124025,37.60851180445534],[127.15663935057353,37.60866713278123],[127.15693214812771,37.608772856148185],[127.15720368271108,37.60819639284199],[127.15711289999979,37.60816932995191],[127.15696390655137,37.60821883698643],[127.15670606007521,37.60814551207254],[127.15648096124025,37.60851180445534]]]}},{"type":"Feature","properties":{"layer":"zone_promo","id":"zone_promo_0224","name":"심곡본동 재정비촉진지구","category":"재정비촉진지구","color":"#c0392b","sido":"경기도","sgg_code":"41190","type_code":"UDA100","mgmt_no":"38600004119020260034UDA1000002000"},"geometry":{"type":"Polygon","coordinates":[[[126.77839498168974,37.47725720744302],[126.77863434308684,37.47830308083942],[126.7801749481415,37.47808276288231],[126.78064833313091,37.47812143661497],[126.78101878623941,37.47827394702124],[126.7812676082078,37.478478938131516],[126.78142952750711,37.478733231796085],[126.78151255926278,37.47905612469221],[126.78229111892064,37.47893071987853],[126.78216171740955,37.47843064083458],[126.78217853891648,37.47820669239419],[126.78256460832779,37.477053325965194],[126.78288727881264,37.47681542856804],[126.78297608993903,37.476715761990285],[126.78287732387538,37.47666233015415],[126.78290382360795,37.47664679187292],[126.78270569832978,37.47647208155323],[126.78239238970127,37.476485340347594],[126.78236398571975,37.476262506262664],[126.78221201027492,37.47627366701817],[126.78213290216996,37.476225136442096],[126.7819987397109,37.47621452577786],[126.78196226962595,37.47588964728772],[126.78190586851343,37.47588557807805],[126.78198730488657,37.47548577518412],[126.7819120564709,37.47547076885294],[126.78201834984104,37.47538492077129],[126.78203855310207,37.475164213108776],[126.78198513611412,37.475106359732415],[126.78179439538643,37.47511447462923],[126.78189271358589,37.47493364633988],[126.78194133144919,37.474931574287716],[126.78142540941163,37.474107820495554],[126.78124986130011,37.474255888257105],[126.78107435434423,37.47458217380297],[126.78089117196451,37.47459615784955],[126.7806620218153,37.47486422804237],[126.7804680591658,37.47500685419629],[126.78020121850979,37.47509735581333],[126.77968856369158,37.47512504637977],[126.7796475762744,37.47552879795422],[126.77965992612137,37.475710823278526],[126.7795695939178,37.4757120952481],[126.77944298793248,37.476090097448555],[126.77935646593808,37.47614075124778],[126.7791757033186,37.47644323755643],[126.77903872386362,37.476391352406374],[126.77871805049968,37.476867017092374],[126.77871272569021,37.47690890357427],[126.77877988925152,37.476981831030535],[126.77871642391162,37.47701888666309],[126.7787588564808,37.47720436552114],[126.77839498168974,37.47725720744302]]]}},{"type":"Feature","properties":{"layer":"zone_promo","id":"zone_promo_0225","name":"원미동재정비촉진지구","category":"재정비촉진지구","color":"#c0392b","sido":"경기도","sgg_code":"41190","type_code":"UDA100","mgmt_no":"38600004119020260034UDA1000001000"},"geometry":{"type":"Polygon","coordinates":[[[126.7851315335306,37.49149216450829],[126.78525790590383,37.49204946510782],[126.79050501254127,37.49129150042976],[126.790406451533,37.49089934497612],[126.79082194195205,37.490831917092756],[126.79076980663085,37.49060933153095],[126.7921594005552,37.49048346375551],[126.79219260034162,37.49091662357795],[126.7929165112245,37.490833146961315],[126.79287456174012,37.49057251311308],[126.7933352970953,37.49045739433486],[126.79303505825793,37.488668733805824],[126.79240999926714,37.4885308756206],[126.79217473872234,37.48851225884585],[126.7911525456821,37.488623617785905],[126.79097859241699,37.48843578304853],[126.79070542795543,37.48774629307965],[126.79064708246256,37.487662296948024],[126.79054241687348,37.48696955718041],[126.79032240018088,37.48676328581996],[126.79026615491458,37.48678111515469],[126.79006541018772,37.48663767740696],[126.79000887502731,37.48663802671731],[126.7896451564729,37.4869023859433],[126.78964016389475,37.48698467424839],[126.78894817302239,37.48737109518845],[126.78543574295263,37.490082199187086],[126.7854339170967,37.49012724577527],[126.7861177484347,37.49073111827478],[126.7851315335306,37.49149216450829]]]}},{"type":"Feature","properties":{"layer":"zone_promo","id":"zone_promo_0226","name":"재정비촉진지구","category":"재정비촉진지구","color":"#c0392b","sido":"경기도","sgg_code":"41210","type_code":"UDA100","mgmt_no":"39000004121020250051UDA1000001000"},"geometry":{"type":"Polygon","coordinates":[[[126.84619503601525,37.47796037510892],[126.84626595370811,37.47896692264497],[126.84632535500593,37.47938731766691],[126.84636987234332,37.480379441238426],[126.84642618765312,37.480729265674555],[126.84654361343024,37.480952696748844],[126.84666457709372,37.481105674075884],[126.8469883932074,37.481429295972156],[126.84719784410825,37.481365832909525],[126.84759818625541,37.48154470817038],[126.84714991250384,37.48167067794967],[126.84779664592713,37.48189594232526],[126.84844227132123,37.4818903383255],[126.84961869992213,37.48155362984878],[126.8500361467278,37.48140054511826],[126.85038839022167,37.48132591576827],[126.85048554393666,37.48119627785507],[126.8505557714687,37.4811821498046],[126.85203050556973,37.48138128079495],[126.85244199498389,37.48152074398329],[126.85397666083992,37.48252609664464],[126.85411655978812,37.48266642189166],[126.85443436142997,37.48322882602263],[126.85507999283172,37.48458147094585],[126.855198006461,37.48476325880717],[126.85534858620225,37.48492051655883],[126.85560468967236,37.485113430912634],[126.85581161451167,37.48521114745806],[126.85639663073516,37.48540414987786],[126.85727738557691,37.48546300046901],[126.85749261895256,37.48550442971718],[126.85779423471914,37.48562896381581],[126.85814438982577,37.48585481044957],[126.85890632004538,37.48666186633068],[126.86175224399229,37.48987204251435],[126.8620003250875,37.490091900298154],[126.86234603438277,37.49031248527025],[126.86284733679992,37.490526521473775],[126.86312972627697,37.49058909360987],[126.86407524155058,37.49070731820265],[126.86456114230421,37.49087023353041],[126.86654784276708,37.49215973248404],[126.86699503185734,37.49164660079406],[126.86560498956679,37.49086577161577],[126.86636206393875,37.490016069474635],[126.86445874547888,37.488937182324214],[126.8643887000807,37.488966653842354],[126.86415104981542,37.48876662614088],[126.86441548371161,37.48860331171536],[126.86519269601136,37.48738119373986],[126.86530082744889,37.48736086574957],[126.86542723530988,37.48748145709148],[126.86550890277186,37.48738945090778],[126.86529705683193,37.48677222005181],[126.8655960079529,37.486473990910355],[126.86566136999846,37.48636308088303],[126.8657632406117,37.48637137905096],[126.86572480272054,37.4861560679204],[126.8640617770792,37.48583656943332],[126.86426216616285,37.48533593633493],[126.8642323472573,37.48512761744921],[126.86426080460494,37.484664824639694],[126.86513385570902,37.48482405124785],[126.86525190308073,37.48477053287074],[126.8654997297504,37.48480902984236],[126.86574996447105,37.484685339978185],[126.86576839618046,37.48462172349548],[126.86583782316795,37.48458154653848],[126.86614773197921,37.48463355634989],[126.86637732350324,37.48379815922109],[126.86636648767468,37.48369381997181],[126.86616073924233,37.48337737829792],[126.86605083668985,37.48342386111134],[126.86597136090013,37.4833631326266],[126.86591132347982,37.48338853502759],[126.86572671605178,37.48311209424358],[126.86552715307465,37.48319678404713],[126.86532986120513,37.48313252270381],[126.86513801969687,37.48284409835312],[126.86478087258817,37.48273487174456],[126.86464824824833,37.48272972665228],[126.86385450961386,37.48306546347616],[126.86260974946103,37.48262144419139],[126.86236477096415,37.482460147117976],[126.86217892841879,37.48225433776528],[126.8617909058778,37.48146187281975],[126.86164315244308,37.48132544865591],[126.86183820604776,37.48119698042006],[126.86208450693638,37.480820202419],[126.86197344450287,37.480810133271696],[126.86189194381983,37.48058920165297],[126.86186761466993,37.48023616069715],[126.8620058554993,37.48000909152177],[126.86198577354484,37.480004499734505],[126.86211347583478,37.47985694934846],[126.86239857282348,37.47858945048793],[126.86240555372005,37.47876955985752],[126.86281804729023,37.47873544630245],[126.8629929285437,37.47925317756004],[126.8636852862375,37.47928693679809],[126.86375582256707,37.47844324035444],[126.86332088158922,37.47772024648599],[126.86303880102804,37.47781662974961],[126.86283260770232,37.47762262756898],[126.8627993812841,37.4775428859777],[126.86251958189231,37.47750023714468],[126.86220348722345,37.4769974214042],[126.86388475003547,37.47634806651176],[126.86518185985317,37.47580846456287],[126.86591400360115,37.47542305653025],[126.8662559163323,37.47517864618714],[126.86668657009669,37.474651944099115],[126.86678833159552,37.47446030892222],[126.86714105150836,37.47353004748049],[126.86638205528872,37.47324028463044],[126.86645923986363,37.47302932211494],[126.86654562182231,37.47304078244706],[126.86662308078293,37.472884357795984],[126.8664812117078,37.47280569144042],[126.86628281862,37.47275243157566],[126.86626846311081,37.47267628946545],[126.86547611994233,37.47265408027206],[126.86545782334512,37.47326835350761],[126.86539103245819,37.473419032268055],[126.865248511132,37.47358149889036],[126.86468078080645,37.47380433641811],[126.86445953071025,37.473966206324214],[126.86438400222764,37.47406531902469],[126.86431490994251,37.4742303474453],[126.86431887280354,37.4742950349802],[126.86409827339436,37.47422994254889],[126.86294258468197,37.47374192572004],[126.86272436105062,37.47388528934305],[126.86271940336917,37.4737540976208],[126.86266815959223,37.4735944609432],[126.86218552442773,37.473543499821176],[126.86174474114672,37.47368041814175],[126.8615821780298,37.47384346930194],[126.8614917614659,37.47418274262624],[126.86143978804729,37.474173022287715],[126.86138251626383,37.474270343688595],[126.86146081916964,37.47428605989417],[126.86131637133697,37.47479057582618],[126.86135223396117,37.47485558060562],[126.86111132281924,37.47487374712507],[126.86116604063513,37.47528420044761],[126.86098283203128,37.475741790718835],[126.86094616383319,37.47573261094698],[126.86093215222253,37.4758738172897],[126.86085040187044,37.47607409377207],[126.86033094076075,37.47628229041212],[126.85984121097238,37.47529198090722],[126.85974439052201,37.47500640939002],[126.85978091375088,37.47398450979378],[126.8598640357613,37.47328531473869],[126.8597275950018,37.473256823600394],[126.85901360236417,37.47288279669436],[126.85844547109777,37.47250835649078],[126.85809283668861,37.472079754742154],[126.85767635386037,37.47146451266731],[126.85700774536942,37.47006698094181],[126.85648748180938,37.470250175145075],[126.8562613800174,37.4702984344516],[126.85593829607782,37.470300820984384],[126.85570680306158,37.470255197134584],[126.85303423116738,37.468970301264754],[126.85269186521782,37.46883148559516],[126.8491916216608,37.4678341387014],[126.84891740604257,37.467802186761034],[126.84864383652669,37.4678360983269],[126.84816484725218,37.46795997830574],[126.84811350580719,37.46799798804943],[126.84809437904771,37.46807006146269],[126.8489347351825,37.47011596593102],[126.84895998860927,37.47087831866018],[126.84914594498053,37.4717983557741],[126.84926083889555,37.472085635242784],[126.84926234308067,37.47217448500483],[126.84972338823634,37.47319969769963],[126.84694698196049,37.474077557899015],[126.84701584935634,37.47421052771045],[126.84715380623294,37.474165432659774],[126.8472087790747,37.47427697640298],[126.84725843048741,37.47426050784494],[126.84729100027594,37.4742879498223],[126.8472268588135,37.47430848101388],[126.84742417811898,37.474703971925244],[126.84765797163475,37.47462976371527],[126.84850877590084,37.47639401150247],[126.84818639715706,37.47712844140286],[126.84687931340203,37.47749473410707],[126.84625070859008,37.47787095182032],[126.84619503601525,37.47796037510892]],[[126.86068412518644,37.47823652462341],[126.8603156162805,37.47817829462236],[126.86012064156677,37.478057651654275],[126.86021144010543,37.47800768261165],[126.86034587754041,37.4780600833592],[126.8604762250465,37.47779230822524],[126.86146707748941,37.477499733231134],[126.86178510756343,37.47744121126348],[126.86182600676264,37.47760734122211],[126.86186335297639,37.47760508781158],[126.8618976244208,37.47804022190165],[126.86197558826991,37.47803980943385],[126.86198855394387,37.47816847873276],[126.86068412518644,37.47823652462341]],[[126.85344731571362,37.4762452405707],[126.85341334425456,37.47618175847602],[126.85327088487762,37.47613108771131],[126.85331089891626,37.4758538816846],[126.85330124696021,37.475692211861656],[126.85321435301603,37.47571049228454],[126.85310819689951,37.475384736999345],[126.85312706119934,37.47531241926165],[126.85286299670707,37.47475252923227],[126.85316016718838,37.474669514973705],[126.8531765047602,37.47464000965388],[126.85210189869589,37.47239382735596],[126.85321469135468,37.47211752222197],[126.8538223525627,37.47200737889039],[126.85392739453161,37.47206526437108],[126.85403826483281,37.47203939986451],[126.85439252108654,37.47299557949371],[126.85435186684433,37.47301400842465],[126.85449171563755,37.47332134311862],[126.85465628159169,37.473898441315235],[126.8547769718666,37.474130328945705],[126.8550458820713,37.47430460098412],[126.85501135034811,37.47432520013055],[126.85594497584088,37.475099026096146],[126.85578650577666,37.47519547222166],[126.85591871834124,37.47533577701166],[126.85598394068685,37.475480008624146],[126.85595323212112,37.47554022979569],[126.8559134643697,37.4754799668565],[126.85581037444761,37.475531413125935],[126.85584674291988,37.47558397735426],[126.85504877639008,37.47581077321474],[126.85500108523198,37.47581951687864],[126.85499050658436,37.47579479829602],[126.85469897429059,37.47590127721781],[126.85344731571362,37.4762452405707]]]}},{"type":"Feature","properties":{"layer":"zone_promo","id":"zone_promo_0227","name":"원당재정비촉진지구","category":"재정비촉진지구","color":"#c0392b","sido":"경기도","sgg_code":"41280","type_code":"UDA100","mgmt_no":"39400004128020220124UDA1000001000"},"geometry":{"type":"Polygon","coordinates":[[[126.83642686318396,37.666034605857035],[126.8368256683815,37.66575439335724],[126.83690396660351,37.665763188022794],[126.83698135363781,37.66571753561098],[126.83705018991884,37.66582305437351],[126.83728343040652,37.665921351069414],[126.83747651330421,37.665881436379614],[126.83773022793163,37.66590044807553],[126.83781942094942,37.665825493869285],[126.83791810997555,37.665596378386006],[126.83794317326318,37.66549644125617],[126.83792853274558,37.66525755516627],[126.83814395186928,37.6649542620646],[126.8381905260199,37.6649682195551],[126.83849228275935,37.664826175224],[126.84053894746313,37.66360141095399],[126.83929521393841,37.66268121948977],[126.8394611787473,37.6625261108919],[126.83938015753517,37.66246277829548],[126.83921219395258,37.66261974904455],[126.83902948294937,37.66273075863555],[126.83979519159199,37.66329735146692],[126.83902961362683,37.66376273292425],[126.83897341163801,37.66375679917201],[126.83882278918385,37.663600182679716],[126.83839569004338,37.66315595390494],[126.83840315461752,37.66311127598154],[126.83777695588005,37.66349179916076],[126.83697188603493,37.662653927551574],[126.83643015306146,37.662983133878754],[126.8357206571935,37.66224655763014],[126.83474735739362,37.662837836492166],[126.83404588598457,37.66209396363486],[126.83453679909289,37.661797419618644],[126.834337705775,37.66159032831529],[126.83649848092996,37.6602755176086],[126.8365887914992,37.660282040817535],[126.83672523323341,37.66019899059479],[126.83673309972319,37.6601522500882],[126.83694927417002,37.66003621821184],[126.8387075954037,37.65915732605728],[126.83882385307986,37.659165775407175],[126.83915394950087,37.659009001347535],[126.83811724330442,37.65810567752447],[126.83921588537255,37.657482936656486],[126.8391557823378,37.65742831801998],[126.84194742773595,37.65599538946344],[126.84174349719117,37.6557427686865],[126.84177927159413,37.65573316770274],[126.84077676184654,37.654480695527006],[126.84072652791151,37.65446930182631],[126.8394299531938,37.65518702730437],[126.83921575483356,37.655267694323065],[126.8382620433763,37.65549655015815],[126.83745517596323,37.655944962670596],[126.83857832271103,37.65691596703729],[126.83882797423233,37.656768074398705],[126.83890180553395,37.65676312173382],[126.83900942835594,37.656816400457224],[126.83930840428994,37.65667085419864],[126.83954283495228,37.65707547923672],[126.83939472125046,37.6571206037609],[126.83935180271634,37.65706411679174],[126.8391403629111,37.6571713211075],[126.83893051427582,37.65733850504687],[126.83904698242789,37.65743630401696],[126.83905415099093,37.65749062457649],[126.838624145686,37.65770206670838],[126.8378074052503,37.65818284879222],[126.8386420267659,37.65892730715257],[126.83862664563213,37.65901657237221],[126.83661703487402,37.66005090861714],[126.83654590214296,37.660043493258684],[126.83638767848723,37.66010597960971],[126.83637947296073,37.66017777568136],[126.83423435990058,37.661483056129626],[126.83382052868077,37.661052794563545],[126.83374705100178,37.66091871540477],[126.83374865874151,37.660808618792565],[126.83379932199772,37.66070616010768],[126.83403293414912,37.66053918132952],[126.8340404008664,37.660494593764895],[126.83266006666308,37.65905891644294],[126.83313424185974,37.65877065209951],[126.83297394093161,37.65860394133082],[126.83282831729551,37.6586924520243],[126.832643887861,37.65850647952914],[126.83242260434015,37.65864060578421],[126.83227856890657,37.658688150818435],[126.83138526582918,37.658683171877605],[126.83036790582182,37.657624858490074],[126.83031170750813,37.65761964139431],[126.83003355062338,37.657740778693395],[126.82978233664628,37.65777573140459],[126.82975142472276,37.657813437185155],[126.82970483483416,37.657730245531845],[126.82977766838818,37.65763760538294],[126.82965159667698,37.65766992889851],[126.8296329987542,37.6576998231292],[126.82962590942263,37.65776649384197],[126.82989537107447,37.658247672593646],[126.83017421601502,37.65853818233743],[126.83021908337467,37.658656320047356],[126.83008527403507,37.65923882109719],[126.83009891568207,37.660576029138326],[126.82991454752734,37.66097984744986],[126.82993567640362,37.661249061857596],[126.82999324423243,37.66151239182802],[126.83024467728787,37.661491115788614],[126.83023836304761,37.661427678132014],[126.83041397544463,37.66145108798778],[126.83064331917197,37.66208762435263],[126.83030891539212,37.66210265422989],[126.83041999032336,37.66223760992186],[126.83037290016024,37.662296762548316],[126.83066024486872,37.66282228399124],[126.83067884138104,37.66305055432121],[126.83078336311186,37.663167669912795],[126.83078326303296,37.6632113669386],[126.83104318620975,37.663504171525204],[126.83182143405854,37.66421002534378],[126.83189153008477,37.664161554737404],[126.83193147121032,37.664176009705535],[126.83224656393517,37.664099348046186],[126.83259557315019,37.66425478858624],[126.83306630643828,37.66456654050063],[126.83376163366273,37.664929118654484],[126.83420982643925,37.66507715427745],[126.83434073083671,37.66509303481158],[126.83448664152289,37.66506330220119],[126.83473535345551,37.664971277420676],[126.83490979285004,37.66482408881087],[126.83599794430282,37.665955791376504],[126.83642686318396,37.666034605857035]]]}},{"type":"Feature","properties":{"layer":"zone_promo","id":"zone_promo_0228","name":"김포 재정비촉진지구(도시관리과 협의요함)","category":"재정비촉진지구","color":"#c0392b","sido":"경기도","sgg_code":"41570","type_code":"UDA100","mgmt_no":"64100004157020100313UDA1000001001"},"geometry":{"type":"Polygon","coordinates":[[[126.70149959968387,37.62756384034785],[126.70168970803485,37.627896693545225],[126.70162124071494,37.627902285801206],[126.7020867166146,37.62819006829737],[126.70215073047133,37.62813123482272],[126.7021761089242,37.62815867085061],[126.70234344649556,37.628012416369096],[126.70263381875989,37.628033063780734],[126.70282559443196,37.6281206737399],[126.70326369350312,37.627912935680165],[126.70332471497177,37.62795066059448],[126.70381757765693,37.627446097178726],[126.7037931691979,37.627430989298354],[126.70387632809026,37.62722947056475],[126.70439521902918,37.627270060810766],[126.70451594185661,37.62716486043536],[126.70486368544871,37.62711492012675],[126.7050808183658,37.62695031688939],[126.70519243478297,37.626969968219385],[126.70527792238153,37.6271225379151],[126.70563412089437,37.626939902786305],[126.70569867907119,37.62697141861315],[126.70574063306825,37.627047025574946],[126.70587869944555,37.62696691440366],[126.70604135657112,37.6272278840866],[126.70592308244515,37.62725876163731],[126.7059050151261,37.62730142264044],[126.70632691667788,37.62777738327027],[126.70626683587051,37.62784516654279],[126.70599611105932,37.627954948494754],[126.70614271274705,37.62838057617748],[126.70624762440232,37.628489217129875],[126.70463750431001,37.63000990732057],[126.70463204941015,37.62995727662199],[126.70438874554301,37.62980692206876],[126.7042113155724,37.62995568571918],[126.70419262230106,37.63004415946814],[126.70389875185909,37.63012028985573],[126.70328711954967,37.630473279446335],[126.70299632933366,37.630302629167545],[126.70251949547507,37.63012550639713],[126.70307167239395,37.630855847499554],[126.70320729962555,37.630943485967215],[126.7033345390694,37.630947285340646],[126.7032765739095,37.63154742268919],[126.70662933678872,37.63191686114727],[126.70753156877275,37.63194379923006],[126.70805022202353,37.63187794062039],[126.70880992880161,37.63173100452731],[126.70898121986728,37.6316847137428],[126.70917197194696,37.63158676394707],[126.71127382586589,37.63022375826794],[126.71179298262943,37.629706162192484],[126.71209789292419,37.62930757094545],[126.71223173513043,37.62900138715895],[126.71232109517494,37.62868509335977],[126.71259309487316,37.62698579800638],[126.71288252767866,37.62619445808053],[126.71316041912928,37.625691401586586],[126.71475497779284,37.623171561679584],[126.71493511802845,37.62292675339623],[126.71517759242725,37.62267289712109],[126.71490726012739,37.62232876141131],[126.71376351607293,37.622898963244054],[126.71320457715565,37.62218876438937],[126.71297246528282,37.62194357280737],[126.71298393703509,37.62190912046753],[126.71373119415993,37.62143973419708],[126.71522589620426,37.62065141095568],[126.71646001446746,37.61993082363685],[126.71840308420443,37.618904422608885],[126.72142570270441,37.6181947274452],[126.72167099217599,37.61890239666225],[126.7221886602844,37.61863634809166],[126.72250020525391,37.61840546175471],[126.72327373721716,37.6180208587497],[126.72469143198315,37.6171680386044],[126.72676815685297,37.615988808381395],[126.72707159469778,37.61575036778765],[126.72747736498825,37.613329426678234],[126.72506641980699,37.61324888732193],[126.72474076383213,37.610379290450226],[126.72431544692948,37.61041234023282],[126.72413425051633,37.61046092775806],[126.72375549934652,37.610351964532505],[126.7236654303531,37.610746966937285],[126.72259765666794,37.61058867799643],[126.72203582055592,37.61131147456615],[126.72085225638804,37.6116243777697],[126.72055956591966,37.6114708393078],[126.7200367356853,37.61156161944818],[126.71930327712452,37.6114582824678],[126.7190161357674,37.611650224730404],[126.71872579318126,37.61205310474466],[126.71676550496083,37.61185402312867],[126.7165241376208,37.61270698253883],[126.71641694702525,37.61290641650681],[126.7162837452983,37.613039268269304],[126.71610864396489,37.61314957518342],[126.71535110246717,37.613517583329234],[126.7150592095136,37.61362369517078],[126.71503559098397,37.61403803378896],[126.7143696069036,37.61388468148566],[126.71357840732733,37.61408028419879],[126.71330463215584,37.61411577216594],[126.71333295491462,37.61462451558178],[126.71325914777668,37.615045623670206],[126.71318767066653,37.61521505817648],[126.7129295651044,37.61554111290639],[126.71267960288611,37.6159310843346],[126.7121636387922,37.61690811110963],[126.71177745693323,37.61739672785141],[126.71161986818234,37.61754310108583],[126.7113624033027,37.6177150055504],[126.7093622850059,37.61876407039032],[126.70787174868923,37.62029869944782],[126.70722046180846,37.621027129730095],[126.70711161840678,37.62100438787033],[126.70693287773862,37.62106142414454],[126.70630990410993,37.62113964886882],[126.70626933533617,37.62152791348697],[126.70610319455294,37.621969922388885],[126.70492544067653,37.62329576465476],[126.70479656485223,37.62335923882338],[126.7046175965502,37.62339474665161],[126.70397858340043,37.62338500134814],[126.70341158487737,37.62327740827927],[126.70274796032065,37.62303789015547],[126.70290463549422,37.62331975181348],[126.70285349492654,37.623313333574195],[126.70264967129802,37.62351062693335],[126.70275521067764,37.624093474592286],[126.70238311369276,37.62459582635935],[126.70251328573727,37.624631168209895],[126.70238181426727,37.624821166258826],[126.70302846157047,37.62500975631035],[126.70295949598646,37.62551448894438],[126.70299372652646,37.62593425026067],[126.70322314197114,37.62598447420364],[126.70326473498599,37.62626307106494],[126.70321746203949,37.626413684875345],[126.703146279636,37.62642440672041],[126.703173503299,37.626528628389266],[126.7032605522421,37.62662948747129],[126.70330389695803,37.626639868147386],[126.70336191678207,37.626804893379344],[126.70284380728022,37.62719280475929],[126.70270803055396,37.6272093993627],[126.70232585350244,37.62717311271159],[126.70180710607626,37.62701259383122],[126.70149959968387,37.62756384034785]]]}},{"type":"Feature","properties":{"layer":"zone_promo","id":"zone_promo_0229","name":"능곡재정비촉진지구5구역","category":"재정비촉진지구","color":"#c0392b","sido":"경기도","sgg_code":"41280","type_code":"UDA100","mgmt_no":"39400004128020210265UDA1000005000"},"geometry":{"type":"Polygon","coordinates":[[[126.82473100157125,37.6232394273885],[126.82544400198292,37.622724502894975],[126.82561985636535,37.62241842336018],[126.82571831023864,37.62247770131106],[126.82628089873056,37.62205186154326],[126.8262184040868,37.62199957501799],[126.82632870452035,37.621914776510486],[126.82627207055907,37.62191370134302],[126.8260157848566,37.62169924788203],[126.82580254936728,37.62109752710898],[126.82583039328034,37.6210582858812],[126.8258062148509,37.62098874836126],[126.82625499012809,37.62089025397564],[126.82628260718413,37.620851012302474],[126.82606290546732,37.6202439304949],[126.82614985313626,37.62022409403896],[126.82617758326958,37.620184852553784],[126.82731619257213,37.61993534584247],[126.82736552641174,37.61995758274583],[126.82757659920912,37.62056785693523],[126.82754864312551,37.62060709841413],[126.8286103042157,37.6203745843773],[126.82863825965482,37.62033534264374],[126.82844107455485,37.61976522030524],[126.82853054627829,37.6197456741076],[126.8285948480656,37.61978051911828],[126.8297774997854,37.61977455181421],[126.82981392565874,37.61974080007803],[126.82980336589814,37.61929884535955],[126.82976761892444,37.619264060585884],[126.82954055862795,37.619259729557164],[126.82826883146559,37.61813208662265],[126.82797490483956,37.61833110457441],[126.8280437248732,37.61853643986553],[126.82801551811957,37.618576753266666],[126.82762456842234,37.61867152848313],[126.82731678534381,37.61856463284304],[126.82732902109205,37.618466318010576],[126.82722096257457,37.6184522293198],[126.82723120872133,37.61839596026754],[126.82683000505264,37.61835169658492],[126.82694658483778,37.61829150347471],[126.82700864196961,37.61820032603979],[126.82705901837063,37.61806668615997],[126.82700621669457,37.61802643341466],[126.82736123950328,37.617793973588135],[126.82557115271985,37.61762922303984],[126.82516048239314,37.61751896083485],[126.82476568046788,37.61730880233448],[126.82464019666044,37.617350329678075],[126.82473100157125,37.6232394273885]]]}},{"type":"Feature","properties":{"layer":"zone_promo","id":"zone_promo_0230","name":"능곡재정비촉진지구","category":"재정비촉진지구","color":"#c0392b","sido":"경기도","sgg_code":"41280","type_code":"UDA100","mgmt_no":"39400004128020240282UDA1000001000"},"geometry":{"type":"Polygon","coordinates":[[[126.82799641708951,37.61858824870893],[126.82762456842234,37.61867152848313],[126.82731678534381,37.61856463284304],[126.82732902109205,37.618466318010576],[126.82722096257457,37.6184522293198],[126.82723120872133,37.61839596026754],[126.82683000505264,37.61835169658492],[126.82694658483778,37.61829150347471],[126.82700864196961,37.61820032603979],[126.82705901837063,37.61806668615997],[126.82700621669457,37.61802643341466],[126.82736123950328,37.617793973588135],[126.82557116404647,37.61762922305674],[126.82516049371974,37.61751896085178],[126.82476569179444,37.61730880235144],[126.824640207987,37.617350329695036],[126.82435693917238,37.617346300869144],[126.82441263387504,37.620697856285304],[126.82442644800481,37.620795453046384],[126.82445767517292,37.620820060592386],[126.82442806569247,37.620839315133004],[126.82444840127754,37.621931611426504],[126.82428479144583,37.621988163522424],[126.8243085730579,37.62212420199257],[126.82433106048316,37.62212307349693],[126.8242262793308,37.62245362038919],[126.82425611013791,37.622460710857034],[126.82425542780643,37.62258588281153],[126.82422671211927,37.6225861910545],[126.82421955238966,37.622715317580685],[126.82302736397033,37.62270124000943],[126.82268543209764,37.62261243541754],[126.82247729029378,37.62250884962227],[126.82237099607067,37.622635483039865],[126.8222961794431,37.62261152052887],[126.8222294701909,37.62270204864421],[126.82177730751867,37.62307632109356],[126.82171597864239,37.62361330100968],[126.82176686859435,37.62375170577595],[126.82097284707494,37.62365492681482],[126.82051742093647,37.623823775281885],[126.8204309340684,37.623777386355904],[126.82047377253438,37.62358221003828],[126.82063964426075,37.62318848448881],[126.81997143637743,37.622866782055446],[126.82009239096048,37.62244253503626],[126.82004511429048,37.6224689330972],[126.81968467488515,37.62238610988697],[126.8196746028848,37.622210196287845],[126.81972225076291,37.6221150722861],[126.81958676464218,37.6219802572553],[126.819719993023,37.62183279215362],[126.81979006302973,37.621860947551006],[126.81997545384355,37.621727050127724],[126.82050557802015,37.62123316401253],[126.81964732160823,37.62068241843714],[126.81886967532718,37.621263763336124],[126.81842778703822,37.62205021871365],[126.81837211786863,37.62217763884094],[126.8182309584354,37.622988949189235],[126.81814132137987,37.62321147778007],[126.81771200713786,37.623732296231935],[126.81743908246884,37.62430579407338],[126.81752056373664,37.624309813377494],[126.81750333000333,37.624352943369814],[126.81739287672877,37.62439773890949],[126.81730516923534,37.624860299455015],[126.81728915298396,37.62516276890207],[126.81864849277868,37.62539648877284],[126.81880537287243,37.62538217197758],[126.81883469421994,37.62539403820899],[126.81877741749773,37.62541850118081],[126.81908755926462,37.62547991422086],[126.81919627279676,37.62536384703593],[126.8193605541278,37.624748894736875],[126.81945829215287,37.62478506668526],[126.8197412633071,37.62461577661767],[126.81986537868022,37.62470051555454],[126.81996042150051,37.624587390821326],[126.81997887201834,37.62450449315578],[126.82037164223253,37.62458635598822],[126.82082300886812,37.62477697425674],[126.82084681930334,37.62491289627094],[126.82080353231582,37.62521388288603],[126.82117651504223,37.625254556040844],[126.82118439052769,37.625290967599845],[126.82144037436146,37.62531996458059],[126.82133048850655,37.62561813777408],[126.82133080826821,37.62566399805502],[126.82143018658893,37.62566442906475],[126.82127783188437,37.62601888454616],[126.82114776483064,37.62604696751134],[126.82113972983768,37.626582839007],[126.82102060434963,37.62688743070347],[126.82099647971962,37.62689041207591],[126.82060640183376,37.628267770338084],[126.8205031962774,37.62830724607781],[126.82261022429637,37.628848892853284],[126.82272657231434,37.62875185369807],[126.82286307364865,37.62870665116411],[126.82322935639229,37.62873819879627],[126.82319497435263,37.62871472141974],[126.82333880729176,37.628208138661755],[126.82400710664488,37.62804597880085],[126.8240581507123,37.62806542660196],[126.8241358328338,37.62822086298192],[126.82638728829419,37.627506705148946],[126.82628108700311,37.62729435814457],[126.8265282683831,37.62644788661462],[126.82712765827152,37.6265578914209],[126.82727794030238,37.62662379473057],[126.82747749286649,37.62674112628288],[126.82801070768603,37.62727041627345],[126.82827034858131,37.62718717798477],[126.82816417497764,37.62716078557192],[126.82761795467411,37.62662203484773],[126.82738822050065,37.626486963785226],[126.82720122827523,37.62640495996887],[126.82666180664411,37.62630594624765],[126.82676147594074,37.625955045744846],[126.82673593001978,37.62583472730985],[126.82662817843678,37.62574798364817],[126.82622396308778,37.62566710670779],[126.82619369402173,37.625628950356536],[126.82642758906881,37.62481868739427],[126.82642511386328,37.624714891004736],[126.8263767003142,37.62463715481606],[126.82627433590764,37.62457267297965],[126.82584066057292,37.62449324658771],[126.82582124485161,37.62446439537946],[126.82590531445233,37.62421589550306],[126.82584648549425,37.62424187324834],[126.82587033901652,37.624156279757344],[126.82583804944241,37.62413468028386],[126.82562954627525,37.624214466679625],[126.82557998101522,37.624198130128555],[126.82541447090163,37.624299783915376],[126.82544297664897,37.62436955317856],[126.82528789402078,37.624396441128816],[126.82497018240142,37.624340808319644],[126.82495318061804,37.624282895013394],[126.82459768964961,37.62395103672953],[126.82472439852566,37.623463869295136],[126.82473102426883,37.62323940940293],[126.82544400198292,37.622724502894975],[126.82561985636535,37.62241842336018],[126.82571831023864,37.62247770131106],[126.82628089873056,37.62205186154326],[126.8262184040868,37.62199957501799],[126.82632870452035,37.621914776510486],[126.82627207055907,37.62191370134302],[126.8260157848566,37.62169924788203],[126.82580254936728,37.62109752710898],[126.82583039328034,37.6210582858812],[126.8258062148509,37.62098874836126],[126.82625499012809,37.62089025397564],[126.82628260718413,37.620851012302474],[126.82606290546732,37.6202439304949],[126.82614985313626,37.62022409403896],[126.82617758326958,37.620184852553784],[126.82731619257213,37.61993534584247],[126.82736552641174,37.61995758274583],[126.82757659920912,37.62056785693523],[126.82754864312551,37.62060709841413],[126.8286103042157,37.6203745843773],[126.82863825965482,37.62033534264374],[126.82844107455485,37.61976522030524],[126.82853054627829,37.6197456741076],[126.8285948480656,37.61978051911828],[126.82972463312431,37.619776150686064],[126.82981392565874,37.61974080007803],[126.82980336589814,37.61929884535955],[126.82976761892444,37.619264060585884],[126.82954055862795,37.619259729557164],[126.82826883146559,37.61813208662265],[126.82797490483956,37.61833110457441],[126.8280437248732,37.61853643986553],[126.82799641708951,37.61858824870893]]]}},{"type":"Feature","properties":{"layer":"zone_promo","id":"zone_promo_0231","name":"능곡재정비촉진지구2구역","category":"재정비촉진지구","color":"#c0392b","sido":"경기도","sgg_code":"41280","type_code":"UDA100","mgmt_no":"39400004128020210265UDA1000002000"},"geometry":{"type":"Polygon","coordinates":[[[126.82368991456046,37.62405709590998],[126.82390931112334,37.622951123706414],[126.82439109451235,37.622944612989926],[126.82445750938683,37.623010628261575],[126.82445507267506,37.62265297209375],[126.82437818338245,37.62271454671377],[126.82421954106226,37.62271531756368],[126.82422005410174,37.62282840017411],[126.82334553663698,37.622835444095436],[126.8229776169078,37.62280894883675],[126.82273425382299,37.62274935004227],[126.8223997479232,37.62260122642508],[126.82237099607067,37.622635483039865],[126.8222961794431,37.62261152052887],[126.8222294701909,37.62270204864421],[126.82177730751867,37.62307632109356],[126.82171597864239,37.62361330100968],[126.82176686859435,37.62375170577595],[126.82097284707494,37.62365492681482],[126.82051742093647,37.623823775281885],[126.82061261872941,37.62387488060654],[126.82056799750215,37.623917698768906],[126.82092646559944,37.624153952886886],[126.82101366237747,37.62427715094688],[126.82097907241332,37.62429394632851],[126.82104201345341,37.62435765168568],[126.82096493160044,37.624614042326826],[126.82090842485448,37.624643850317625],[126.82082300886812,37.62477697425674],[126.82084681930334,37.62491289627094],[126.82080353231582,37.62521388288603],[126.82117650371447,37.62525455602353],[126.8211843791999,37.62529096758253],[126.8214403630337,37.62531996456331],[126.82133047717873,37.62561813775679],[126.82133079694039,37.625663998037744],[126.82143017526109,37.62566442904746],[126.82139841329854,37.62577653434075],[126.82135628975117,37.625797994405424],[126.82127782055645,37.62601888452887],[126.82114775350274,37.62604696749403],[126.82113971850971,37.62658283898968],[126.82102059302161,37.62688743068613],[126.8209964683916,37.62689041205857],[126.82060639050553,37.62826777032071],[126.82050318494916,37.62830724606042],[126.82261021296807,37.62884889283611],[126.8227265609861,37.628751853680896],[126.82290510211963,37.62870175941127],[126.82313635819173,37.62789134628455],[126.82318015069916,37.62789706160943],[126.82329971346095,37.62782858773006],[126.8236392133992,37.626642692125785],[126.8235014129864,37.626616896542544],[126.82396155037137,37.62503367004129],[126.82387382198908,37.625026726609605],[126.82385430235526,37.624803813188805],[126.82352340963581,37.62459879243881],[126.82364407259288,37.62419933637432],[126.82369839838401,37.62416671273035],[126.82419099208335,37.62426684993567],[126.8242115038874,37.62420116338565],[126.82368991456046,37.62405709590998]]]}},{"type":"Feature","properties":{"layer":"zone_promo","id":"zone_promo_0232","name":"3구역","category":"재정비촉진지구","color":"#c0392b","sido":"경기도","sgg_code":"41280","type_code":"UDA100","mgmt_no":"39400004128020240282UDA1000003000"},"geometry":{"type":"MultiPolygon","coordinates":[[[[126.8265282683831,37.62644788661462],[126.82651928058795,37.62647888495505],[126.82651221068889,37.62650357028196],[126.8265282683831,37.62644788661462]]],[[[126.82638898879951,37.62750615807614],[126.8263294840521,37.627389465171106],[126.82638728831532,37.6275066961392],[126.82638898879951,37.62750615807614]]],[[[126.8241359343595,37.628221043330136],[126.82425312276786,37.62818388291053],[126.8241358328338,37.62822086298192],[126.8241359343595,37.628221043330136]]]]}},{"type":"Feature","properties":{"layer":"zone_promo","id":"zone_promo_0233","name":"재정비촉진지구 (경기도 41310)","category":"재정비촉진지구","color":"#c0392b","sido":"경기도","sgg_code":"41310","type_code":"UDA100","mgmt_no":"15000004131020230136UDA1000001000"},"geometry":{"type":"Polygon","coordinates":[[[127.1351124167443,37.60271551989884],[127.13531755081928,37.60262924372089],[127.13527898458092,37.60274566732597],[127.13534322880436,37.602727214462085],[127.13530532162913,37.60284489870186],[127.13629472182366,37.602592498104315],[127.13735422553184,37.60239684251915],[127.13828676160354,37.60237156523823],[127.13897192596153,37.60240660138356],[127.13951948500981,37.602476383231654],[127.14045217728696,37.60266895519942],[127.14052133633778,37.60248082073831],[127.14035290629712,37.60243050990467],[127.13880409998129,37.60211122041992],[127.13791200465708,37.6021231205214],[127.1380281242914,37.60193111305768],[127.1382092843721,37.60180423427157],[127.13953398728289,37.601297052321534],[127.1395605889062,37.60126701849427],[127.13957142648766,37.600635930578385],[127.14043407202996,37.6008369548035],[127.14099724290502,37.60106161738242],[127.14103284720959,37.60114716864651],[127.14149039748267,37.60093444553891],[127.14158913135475,37.60079490135523],[127.14151940697987,37.60076367493201],[127.14317012730451,37.598437710473846],[127.14355751104284,37.59801990963013],[127.14366936286,37.598006170135505],[127.14694189335654,37.59940797819448],[127.14708968999105,37.599348430254736],[127.14723228631061,37.599351515862004],[127.14851426248852,37.59913259122425],[127.14861571520416,37.5990129945158],[127.14849299211889,37.59879655112189],[127.14817069664099,37.598613151496096],[127.14840544367972,37.59827021580545],[127.14888098240417,37.59812627668573],[127.14908561131134,37.598188549252065],[127.14960565723206,37.598162400129155],[127.14964679696803,37.59875114082069],[127.14973623401924,37.59879769945762],[127.1509503085906,37.598539748964406],[127.15137273336929,37.59805015990695],[127.15153522456832,37.59777195521271],[127.15162897310684,37.59749016171464],[127.15167453641779,37.59717316495969],[127.15154519069986,37.596909665743944],[127.15166444973485,37.596853220678604],[127.15158195694472,37.59651434869885],[127.15077572334563,37.59455073175729],[127.1507006389472,37.59450506572519],[127.15064353662044,37.5942555294114],[127.1487175981728,37.59465680322765],[127.1488691375619,37.594984869454095],[127.14883562896955,37.59499474100821],[127.14894146426866,37.59519420372733],[127.14904419018715,37.5951834347699],[127.14911333167217,37.59532191056955],[127.14921882402481,37.59529567712641],[127.14926758388599,37.595462721486804],[127.14808116962315,37.5959624443458],[127.14814383924066,37.596040580872554],[127.14800727105872,37.59615191375266],[127.1480537968426,37.596185516737336],[127.14803883909008,37.59620307744923],[127.14819627756532,37.59628852938101],[127.1481648643617,37.59633941990546],[127.1482226437394,37.596377729992646],[127.14610901449576,37.597572762190886],[127.14567116755575,37.59713414055152],[127.1452064983347,37.597448222209444],[127.14503691044997,37.59729192776775],[127.144932976951,37.59735971792442],[127.14485696916047,37.597286830618614],[127.14493997951341,37.597232310404735],[127.14467102666994,37.59697449621441],[127.14353317059401,37.59772486697493],[127.14323299558146,37.59797137631562],[127.14297885807088,37.598252337367235],[127.14121270213087,37.600737819729254],[127.1411036964774,37.600762095023796],[127.14057525431205,37.600547383927854],[127.14008409342358,37.600405696390425],[127.1393903165495,37.60030237323768],[127.13935498550815,37.60061539786347],[127.13916577610296,37.600789976827826],[127.13909458181875,37.600802457352835],[127.13885560985925,37.600950622938235],[127.1387320232441,37.60094094596313],[127.13867857081829,37.60097656086356],[127.13866541875473,37.600998650219985],[127.13879741496645,37.601079936590146],[127.13874613541391,37.60113334339908],[127.13854984680725,37.60108626085165],[127.13844517038635,37.60062498012032],[127.1366969117464,37.600704894246775],[127.1367794684218,37.60088855507955],[127.1368396963374,37.60089201789695],[127.13682941043385,37.600958810521355],[127.13686963441492,37.600965440683375],[127.13687010559721,37.60108801882727],[127.13661661317192,37.601093489893906],[127.1366107277945,37.600957457265274],[127.13637119981266,37.600976237353954],[127.13632200167316,37.60095401225267],[127.1362965867825,37.60092693070871],[127.13629230614958,37.60071969156798],[127.13570307302115,37.60075375332293],[127.1357468506189,37.60080342877945],[127.1351124167443,37.60271551989884]]]}},{"type":"Feature","properties":{"layer":"zone_promo","id":"zone_promo_0234","name":"존치관리8구역","category":"재정비촉진지구기타","color":"#e59866","sido":"경기도","sgg_code":"41360","type_code":"UDA999","mgmt_no":"39900004136020130016UDA9990008000"},"geometry":{"type":"Polygon","coordinates":[[[127.15085917191401,37.60643584749122],[127.15114651019425,37.60742606774661],[127.15131983168732,37.60786760810401],[127.15143789865768,37.608043564014935],[127.15157674158124,37.60841365486885],[127.15159699085187,37.60866153412951],[127.1514532290817,37.608696125323995],[127.15156734692803,37.609713007884736],[127.15164683825671,37.60998811147595],[127.15156764532524,37.61000249273546],[127.15158399420066,37.61015777405674],[127.15169414527287,37.61072624306818],[127.15176003730316,37.610703553593474],[127.15181424405314,37.609837975157305],[127.15207096965534,37.608292672376365],[127.15205520325686,37.608140111294425],[127.15221676115547,37.60815880771062],[127.15222630073896,37.60779579913724],[127.15218393764461,37.60743858705081],[127.15221730830352,37.60705465424786],[127.15229944165952,37.60683225918114],[127.15240316376449,37.606662219522065],[127.15231690241178,37.60665153600768],[127.15223923471085,37.60676894301825],[127.15220243170309,37.606770557718406],[127.15229495518186,37.606618164659196],[127.15225423080751,37.60657900595757],[127.15085917191401,37.60643584749122]]]}},{"type":"Feature","properties":{"layer":"zone_promo","id":"zone_promo_0235","name":"존치관리4구역","category":"재정비촉진지구기타","color":"#e59866","sido":"경기도","sgg_code":"41360","type_code":"UDA999","mgmt_no":"64100004136020110132UDA9990004000"},"geometry":{"type":"Polygon","coordinates":[[[127.1512987218316,37.61009304956336],[127.15139063271668,37.61059758137271],[127.15169414527287,37.61072624306818],[127.15157050870238,37.61002969872378],[127.1512987218316,37.61009304956336]]]}},{"type":"Feature","properties":{"layer":"zone_promo","id":"zone_promo_0236","name":"남양주덕소재정비촉진지구(도시계획시설 관련 저촉사항이 있을 수 있으니 도시재생과에 문의 바람)","category":"재정비촉진지구","color":"#c0392b","sido":"경기도","sgg_code":"41360","type_code":"UDA100","mgmt_no":"39900004136020250272UDA1000001000"},"geometry":{"type":"Polygon","coordinates":[[[127.20516344920499,37.58928242432668],[127.20608503230605,37.589779146836186],[127.20630891909357,37.589786398973224],[127.20677613188157,37.58960243556163],[127.2070479543588,37.589406872627144],[127.20708782814314,37.58933146294868],[127.2070077805463,37.58885010766765],[127.20703107852123,37.588630650555686],[127.20709040088119,37.588595453947406],[127.20732652545308,37.58885835498254],[127.20821347057651,37.58836803064617],[127.20869939921235,37.58827484598062],[127.20906611721372,37.58812114266849],[127.20961001769186,37.58798911001203],[127.21049502946939,37.587925964346454],[127.21058678756897,37.58900807245278],[127.21036239415666,37.589459087573665],[127.21213735478896,37.59031815706499],[127.2125180496204,37.59053817305952],[127.21289584727992,37.590845975802985],[127.21332663662112,37.59114132075408],[127.21541473596076,37.59245205377932],[127.21558712007767,37.59245790400684],[127.21564553268146,37.59253630070582],[127.21624855155278,37.59257913720848],[127.2165815508484,37.592919553004215],[127.2168412339473,37.59298376114941],[127.21680756467536,37.59313095306394],[127.21739532624156,37.593177901985364],[127.2177332293176,37.59325758812683],[127.21792507186696,37.59336243532282],[127.21874394216113,37.593407007473594],[127.2191575406671,37.59339297413607],[127.21940133867764,37.59337465788537],[127.21944670465507,37.593202035934205],[127.22000717837268,37.59327162788123],[127.2206810281419,37.59318616381602],[127.22118793464493,37.592816791672824],[127.2209313781541,37.592677021848964],[127.22039603658573,37.59217933069908],[127.21948375104981,37.59148127032847],[127.21931469667173,37.5913235048876],[127.21922056153382,37.5911296157854],[127.21917745324484,37.591167446473996],[127.21910591082188,37.59116147871471],[127.21908372775756,37.59112966083968],[127.21919266552575,37.59108396936598],[127.2189269113054,37.590721579150625],[127.21899199680996,37.59066048972653],[127.2188282974,37.59043921239953],[127.21851263552196,37.59013062969675],[127.21793750180612,37.58888404879348],[127.21845769337446,37.5883146544281],[127.21883759379399,37.588215712398934],[127.2189011920447,37.58811501850097],[127.21828072907788,37.58786229832311],[127.21763750423818,37.587665324363776],[127.2173724390536,37.58754255478141],[127.2171741547412,37.587295056568045],[127.21693659521569,37.58709060661434],[127.21668247674842,37.58691501783898],[127.21617100059598,37.58665682605165],[127.2154840333682,37.58643643117908],[127.21434460132407,37.58615992474146],[127.21386274666035,37.585962107501956],[127.21314584863897,37.585842482830586],[127.21225146010603,37.58555386686463],[127.21224076862292,37.58397396509815],[127.2122739388687,37.58384076742821],[127.21240605478658,37.58364590084483],[127.21284804892478,37.583326576404396],[127.21295274137064,37.583303639084406],[127.21311158215063,37.58347600111633],[127.21306840052343,37.58423566235811],[127.21302380325267,37.58445121265537],[127.2147880843316,37.58350270771885],[127.21453079338272,37.58337581812027],[127.21472802975345,37.58325066670963],[127.21394777191976,37.58281372639624],[127.21390778527964,37.582690327430065],[127.2139468616173,37.582604906857895],[127.21576406311388,37.58143646062123],[127.2161118154837,37.58102242117933],[127.21679151292516,37.57994556100651],[127.21761339018752,37.57923273184373],[127.21800238614485,37.57897505823952],[127.21814055176891,37.57895004572822],[127.21896232643859,37.57964666315354],[127.21897027247114,37.57971631266875],[127.21879822951193,37.57991524254535],[127.21851725786875,37.579994090966565],[127.21822203564106,37.580156035679835],[127.21810190597367,37.58026836567413],[127.21803538310832,37.58027200154052],[127.21802837221928,37.5803960079267],[127.21809905011479,37.58043540448461],[127.21812205503119,37.58065838303631],[127.21807755225817,37.58094380654441],[127.21749549538184,37.58132186286248],[127.21753727752383,37.581363520023544],[127.21750867748422,37.58145659901831],[127.21774062005382,37.5815213066028],[127.21855352586176,37.58097938628623],[127.21910348871712,37.58065503753785],[127.21952571085255,37.580617597510596],[127.21976053426407,37.58068053889651],[127.21977347611214,37.580723852335296],[127.21999220671918,37.58057547001512],[127.22005698615607,37.58055241104256],[127.2201246338984,37.580588847754775],[127.22035230581415,37.58049034474295],[127.22042406396606,37.580588923590874],[127.22054171515327,37.580559053964485],[127.2206777625246,37.58058699328995],[127.220930229836,37.580794336448456],[127.22100588068193,37.58092281138234],[127.22133813932079,37.58107174760985],[127.22161725028327,37.58096040645058],[127.222143766219,37.58093952989245],[127.22242719700152,37.58098806747941],[127.22270482677183,37.58118034932861],[127.22268817072064,37.58137463281069],[127.22249093962162,37.58149921188829],[127.22224374572332,37.58175741897873],[127.22222927682192,37.58203341758158],[127.22212232738273,37.58221072400305],[127.22223195326022,37.582322619576644],[127.22267400371744,37.58228796931717],[127.22288028594694,37.58223346055591],[127.22316587117311,37.5820903799519],[127.2235844897171,37.58205737402858],[127.22387549862454,37.58199518990809],[127.22402360656916,37.581847996318494],[127.22429893482196,37.581808743732935],[127.22445787598338,37.581900767559404],[127.22468261529981,37.5817647808044],[127.22480808119948,37.58163733355852],[127.22468244307049,37.58140742364612],[127.22419735225603,37.58103416076709],[127.2232856207919,37.58078274538628],[127.22288115206003,37.58046488929274],[127.22267147290428,37.580199843167506],[127.22267065482168,37.58006486817336],[127.22193011890877,37.57947382855977],[127.22118893780382,37.57961101549626],[127.22119708150143,37.579677880448365],[127.22115855091685,37.57968368240469],[127.22067892951709,37.579660310246595],[127.21978099221734,37.579397075231675],[127.21889237223611,37.57894873587592],[127.21815032335029,37.57864975651588],[127.2179175891166,37.57878969188023],[127.21665699354,37.57983396697428],[127.21597345150143,37.5809048508397],[127.21561891986735,37.58135528393911],[127.21386171279528,37.58248494079306],[127.2119757415088,37.583756372641666],[127.21116818328541,37.58424666566413],[127.21055376131703,37.584574767494885],[127.21087934035695,37.5850488019821],[127.21094678077104,37.58505986356969],[127.21107812417006,37.58499938166949],[127.21108606518175,37.585033298636645],[127.21120617091323,37.5849745754427],[127.21139866469944,37.58523351858472],[127.21191456736,37.58499804701837],[127.21191176385489,37.58535358936887],[127.21187399574285,37.58545864835424],[127.21176840826223,37.58556307130887],[127.21042056924806,37.58632352514344],[127.20980910832502,37.586742346849775],[127.2093833085429,37.58711569929399],[127.2091539971627,37.58724785373303],[127.20915185174637,37.58728661783255],[127.20779955597035,37.58802024515834],[127.20762828803473,37.587803443267],[127.20572153493688,37.58883747350087],[127.20596570991958,37.58901086862088],[127.20554567257503,37.58922566907053],[127.20547394399047,37.589179446426996],[127.20516344920499,37.58928242432668]]]}},{"type":"Feature","properties":{"layer":"zone_promo","id":"zone_promo_0237","name":"존치관리11구역","category":"재정비촉진지구기타","color":"#e59866","sido":"경기도","sgg_code":"41360","type_code":"UDA999","mgmt_no":"39900004136020230501UDA9990011000"},"geometry":{"type":"Polygon","coordinates":[[[127.15678516739162,37.6069144692061],[127.15715477219427,37.60719772849781],[127.15753299874365,37.607399904911425],[127.15771557083941,37.60703168458926],[127.15687092636624,37.60677026238239],[127.15678516739162,37.6069144692061]]]}},{"type":"Feature","properties":{"layer":"zone_promo","id":"zone_promo_0238","name":"남양주 지금도농 재정비촉진지구","category":"재정비촉진지구","color":"#c0392b","sido":"경기도","sgg_code":"41360","type_code":"UDA100","mgmt_no":"39900004136020250485UDA1000001001"},"geometry":{"type":"Polygon","coordinates":[[[127.16107480568667,37.60780071066139],[127.16118943441168,37.607671426996006],[127.16130321972322,37.607073904327144],[127.16174650634174,37.607111577057466],[127.1619690652843,37.606494192501636],[127.1615689504739,37.60658750982558],[127.16103409368608,37.60654999625654],[127.16073804853892,37.606375074002344],[127.16064407026495,37.6061871658915],[127.16011182268325,37.606294225133084],[127.15986998883305,37.60626691673545],[127.15981632776786,37.60621713740765],[127.15989256291554,37.60595339891006],[127.1598152735625,37.60546844110025],[127.15964915101894,37.60496601508449],[127.15930486263531,37.604759772608254],[127.15916686000706,37.604754479047784],[127.15906087210715,37.604792047351175],[127.15912942331305,37.60474505071685],[127.15909694060127,37.60474340024299],[127.15857627993843,37.60507370039542],[127.15787652680758,37.60508053090372],[127.15765334085557,37.60470226984377],[127.1576259642593,37.60469996350329],[127.15733523219629,37.60470860967972],[127.15665276000104,37.60489901219257],[127.15640088123948,37.60486351094286],[127.15592815079026,37.60488404203626],[127.15573081380427,37.60504680111735],[127.15547655349893,37.605004210280775],[127.15544484469676,37.60511436062465],[127.15584248369387,37.605204137766435],[127.15653385388212,37.605451902721164],[127.15748160880304,37.60590981243578],[127.15678516739162,37.6069144692061],[127.1553681195002,37.60629115178075],[127.15508594897715,37.606638937760266],[127.15490894996245,37.60695842172679],[127.15485983026038,37.60707280208839],[127.15476184928077,37.60754920616945],[127.15439545928747,37.60753831994433],[127.1541470120608,37.60808865459729],[127.15388306700105,37.60832192633944],[127.15393306703132,37.608571253404854],[127.15352737589546,37.6087897510098],[127.1534307011168,37.608710841406534],[127.15347426881142,37.60867707961195],[127.15257389280421,37.607947134106816],[127.15242669600809,37.608063179602894],[127.15222433597343,37.60803444458955],[127.15218442610859,37.60733825312946],[127.15224209612595,37.60695789321728],[127.15247559880964,37.606555946217405],[127.15336751846553,37.60545222573601],[127.15450656678323,37.60581694079069],[127.15467258676219,37.60579916534329],[127.15475984116371,37.605604169743266],[127.15469089846586,37.60552823439652],[127.15470827394161,37.60519843449969],[127.153499369545,37.60513314451382],[127.15309437524594,37.605630709937614],[127.15289057534136,37.6055812823475],[127.15286152066909,37.605617205710196],[127.15278379532573,37.605604520418716],[127.1505103773729,37.605108493490704],[127.15020252935446,37.60507070709895],[127.15095726320102,37.605238579895655],[127.15080086550525,37.60545264386482],[127.15082668187692,37.60552421223182],[127.15148321048846,37.60587151922427],[127.15142239819352,37.60597422730371],[127.15084478375931,37.606053525113886],[127.15072978735785,37.60611418949084],[127.15072803338728,37.606188594775915],[127.15077584903352,37.6063312227846],[127.15083104801458,37.6063375048872],[127.15114651019425,37.60742606774661],[127.15131983168732,37.60786760810401],[127.15143789865768,37.608043564014935],[127.15157674158124,37.60841365486885],[127.15159668521459,37.60866160659666],[127.1514532290817,37.608696125323995],[127.15156734692803,37.609713007884736],[127.15164683825671,37.60998811147595],[127.15155824859099,37.61000419852616],[127.15157050870238,37.61002969872378],[127.15068382203711,37.610232849699166],[127.15054119696507,37.61019177395015],[127.1503947626461,37.61023390843521],[127.15024700331502,37.60983820363702],[127.15041445305644,37.609714549078404],[127.15030947088711,37.608926656285355],[127.14959626621277,37.60897644951188],[127.14934555550185,37.61064085794209],[127.14953060404922,37.61077787245196],[127.15043786654971,37.610307220942445],[127.15064659093736,37.610242149824195],[127.15167200771577,37.61073386650441],[127.15176003730316,37.610703553593474],[127.15205814616598,37.61070738130611],[127.15247885659926,37.61107638126251],[127.15297732091007,37.61074101019179],[127.15329819500352,37.61030481148951],[127.15331341086477,37.610095827388506],[127.15336669187609,37.610059692577266],[127.15415972010246,37.610123179842425],[127.15435910356396,37.6100722956818],[127.15475368527026,37.60986857676598],[127.15617670957369,37.60987459517216],[127.15626933458505,37.60992087428315],[127.15627835623393,37.61001150114648],[127.15651173602096,37.609632638687906],[127.1568653742462,37.608914506224565],[127.15731471056422,37.60796069377707],[127.1573340287519,37.60784544177029],[127.15746979895526,37.60752735116937],[127.15771557083941,37.60703168458926],[127.15830462026395,37.60722050609911],[127.1589125595137,37.60748295470058],[127.15947214781048,37.60766656593608],[127.15951112058043,37.60760906720023],[127.15961310237842,37.60763534741319],[127.15951484444759,37.60776870710193],[127.16027593255629,37.60812214986837],[127.1599709950227,37.60854630014615],[127.16084841437261,37.608893834667235],[127.16073131089782,37.60906935966698],[127.16132283933331,37.60932063671045],[127.16143542175351,37.609170984425845],[127.16221398427447,37.60947637762982],[127.16257162298488,37.6090058663287],[127.16185817900207,37.60860827970201],[127.16204898399172,37.60835376343561],[127.16107480568667,37.60780071066139]]]}},{"type":"Feature","properties":{"layer":"zone_promo","id":"zone_promo_0239","name":"온양중심상권재정비촉진지구","category":"재정비촉진지구","color":"#c0392b","sido":"충청남도","sgg_code":"44200","type_code":"UDA100","notice_date":"20160510","mgmt_no":"64400004420020160144UDA1000001001"},"geometry":{"type":"Polygon","coordinates":[[[126.99754907038165,36.78666540429927],[126.99798568895828,36.78672751332436],[127.00011239119866,36.786644564947025],[127.00174413311501,36.7865430178017],[127.00180810286254,36.786472460887204],[127.00131445051717,36.78508528623263],[127.00160960332855,36.78507012065438],[127.00154715799344,36.78490007255237],[127.00162870388226,36.784807762950216],[127.00261550010812,36.784768307200366],[127.00292270242666,36.784573502299494],[127.00305457181946,36.78459239688278],[127.0037542295088,36.78550899298847],[127.00374333133352,36.78558939007013],[127.00444770226639,36.78538749937933],[127.00447510266117,36.785332792413904],[127.00367109447843,36.783223152874044],[127.00291204800712,36.7833328292686],[126.99881842108292,36.78416663042285],[126.9988967770788,36.78439445939648],[126.99887886053597,36.78448848065291],[126.99754907038165,36.78666540429927]]]}},{"type":"Feature","properties":{"layer":"zone_promo","id":"zone_promo_0240","name":"온양중심상권재정비촉진지구","category":"재정비촉진지구","color":"#c0392b","sido":"충청남도","sgg_code":"44200","type_code":"UDA100","notice_date":"20160510","mgmt_no":"64400004420020160144UDA1000001002"},"geometry":{"type":"Polygon","coordinates":[[[126.9993341710442,36.779154205133],[126.99977669854081,36.78014252177889],[126.99938831264741,36.78031346493925],[126.99936332974995,36.78038128195883],[126.99965167599908,36.780849025399576],[126.99972900522849,36.78086893206676],[127.00023404116394,36.78079833659307],[127.00320818594358,36.78008461649233],[127.0051675129621,36.77991100947394],[127.00506547117041,36.77916537180912],[127.00326563931912,36.77947677250936],[127.00289052549971,36.778283636798236],[127.00284907772539,36.778253360004975],[127.00060939825947,36.77876781678051],[126.99934795084899,36.779109600477035],[126.9993341710442,36.779154205133]]]}},{"type":"Feature","properties":{"layer":"zone_promo","id":"zone_promo_0241","name":"동빈내항복원주변지역 재정비촉진지구","category":"재정비촉진지구","color":"#c0392b","subtype":"건축제한사항 : 재정비촉진지구 결정 고시문 참조","sido":"경상북도","sgg_code":"47110","type_code":"UDA100","mgmt_no":"64700004711020090086UDA1000001001"},"geometry":{"type":"Polygon","coordinates":[[[129.37085475521553,36.033448602370214],[129.37090871714014,36.03352323721223],[129.37125743082285,36.03363809508175],[129.37134884032517,36.033610605420236],[129.37162805754605,36.03317632128892],[129.37148285509795,36.03308222263692],[129.37145176646806,36.03299460303293],[129.3712962546436,36.032824058617315],[129.3712920506257,36.03278394936684],[129.37147977149314,36.03266486018672],[129.37156864975063,36.03240485496173],[129.37183929841535,36.03243565215076],[129.37181938232166,36.03250203427513],[129.3720409809536,36.03254750109202],[129.3740529861645,36.029549133318206],[129.37732315417432,36.02476986154302],[129.37738164695136,36.024681899512125],[129.37705629812058,36.024177244920274],[129.3749692172315,36.02724781614931],[129.37484091800877,36.02725700252136],[129.37455705802375,36.02720436253594],[129.37427632957792,36.028230840119114],[129.37422824677023,36.028254790753834],[129.37293796257046,36.028019151209236],[129.37210797489502,36.03100323743795],[129.3720610440049,36.031027264748566],[129.37148776519214,36.03093637166646],[129.37085475521553,36.033448602370214]]]}},{"type":"Feature","properties":{"layer":"zone_promo","id":"zone_promo_0242","name":"약사재정비","category":"재정비촉진지구","color":"#c0392b","subtype":"약사재정비촉진지구","sido":"강원특별자치도","sgg_code":"51110","type_code":"UDA100","mgmt_no":"64200005111020100360UDA1000000002"},"geometry":{"type":"Polygon","coordinates":[[[127.71488687392544,37.87415702188894],[127.72247698314672,37.8765012456917],[127.72419511596118,37.87739100461666],[127.72477861268898,37.87785087437224],[127.72572299542006,37.87710344740481],[127.7260431446874,37.876812353497066],[127.7261404763876,37.87659584829609],[127.7261902952384,37.876072772048765],[127.72631194003274,37.87602824740727],[127.72646960654178,37.87583677650703],[127.72645772861574,37.87575784769313],[127.72635878234449,37.875740933934594],[127.72635806977446,37.87568445043955],[127.7264648091224,37.87565806289418],[127.72653282077202,37.87559065145883],[127.72675535310094,37.875269615355435],[127.72697405861257,37.8753640451214],[127.72714196049442,37.87537050613334],[127.72712793393106,37.87542484617208],[127.72716492951874,37.8755337559954],[127.72707520496797,37.875769864318634],[127.72770620983857,37.875963960906915],[127.72762910161613,37.87606679935269],[127.72769181681684,37.87608051200237],[127.72769219732734,37.87617600749642],[127.72775473288333,37.876277921582464],[127.72772307607045,37.87632858655369],[127.7277436644377,37.87635453227335],[127.7275175579842,37.87657532850512],[127.72774861054174,37.87671941160155],[127.72777376160755,37.87683267364711],[127.7278075443753,37.87682834803549],[127.72794281527507,37.876938714413974],[127.72793267531983,37.87697907525735],[127.72820146995377,37.877035706235176],[127.72819763395103,37.87709645211229],[127.72800029028889,37.877128211259915],[127.72800656068148,37.87725745499776],[127.72917368939605,37.87739416084673],[127.72987258944713,37.8778638687581],[127.73109401283908,37.876436452042675],[127.73149010422571,37.87613579147104],[127.73414826832746,37.87460014469134],[127.73322370012878,37.872913780422024],[127.73345314381103,37.87282521700587],[127.73347635622474,37.87286815485226],[127.73365776873828,37.872801349616644],[127.73349388300115,37.872502991785666],[127.73327312661064,37.872579230715424],[127.73330758255118,37.872648937223204],[127.73326346786737,37.87261388619825],[127.73309684465687,37.87268213050517],[127.73310767814705,37.8727019015215],[127.73301593139985,37.872718589079696],[127.73295590077313,37.87260605831607],[127.73289753874907,37.87265425088162],[127.7328165818326,37.872663303504055],[127.73272446291458,37.87274238208517],[127.73248353749946,37.87272950833925],[127.73211831665736,37.8726333853315],[127.73212865125812,37.872594608526995],[127.73198476500447,37.87254962627423],[127.73191424232718,37.872600209172724],[127.73201048375415,37.872486212881974],[127.73196086580063,37.87243933034771],[127.7318667868209,37.87249722169627],[127.7317913018808,37.872456139321585],[127.73165340139971,37.87256274494012],[127.7314494573217,37.87248398044223],[127.73138934869783,37.872533786736334],[127.7312506383842,37.872550295556735],[127.73119708431848,37.87251221208842],[127.73090695533159,37.872536974298974],[127.7309241042863,37.87257833756649],[127.73090294826719,37.87257897314392],[127.73078142273108,37.87229229530117],[127.73080175240393,37.87243728112073],[127.7307546800879,37.87252866504451],[127.73066530527414,37.872565796052626],[127.73044496042914,37.872381894507846],[127.73028882375186,37.87236459932026],[127.73029125880863,37.872329123900236],[127.73022786671925,37.872294875749716],[127.7301133276589,37.87228107971986],[127.72946124860057,37.87194549191319],[127.72929370344175,37.87194910429549],[127.72915908567717,37.871896322348],[127.72885981213032,37.871879747591166],[127.72861983103566,37.871812273125435],[127.72846411688037,37.87182162222159],[127.72847492589788,37.871979000898904],[127.72837028729764,37.871999962739345],[127.72831807602776,37.87211457621381],[127.7279408921898,37.87228198915942],[127.72785865516853,37.87237484117512],[127.72766608522358,37.872420417483816],[127.72757555815312,37.872409768271524],[127.72718769320069,37.87224402906508],[127.7269962082976,37.87221134336358],[127.72672345376128,37.87231002611581],[127.72631694940293,37.872403873861806],[127.72527516821897,37.87129656034511],[127.7251130861206,37.871283412043894],[127.72489185262042,37.871183507601884],[127.7249264906253,37.87106464310991],[127.7237991318305,37.869553957561415],[127.72215955259684,37.870395241640054],[127.72100308916906,37.87120824477735],[127.72069713940206,37.87147131886699],[127.72061893347035,37.87145590423006],[127.72063107686489,37.872106594522194],[127.71537209127293,37.87295291504917],[127.71488687392544,37.87415702188894]],[[127.7305250559179,37.87475598912018],[127.7298110288897,37.874242188022414],[127.72922552914268,37.87442123604337],[127.72913805240259,37.874367387943906],[127.72921286827493,37.874332312091006],[127.72909084490622,37.874213072237964],[127.7288333000734,37.87415640075934],[127.72877838975087,37.874061278116365],[127.72870042321246,37.87401169537342],[127.72886715802166,37.87377952458027],[127.72889594143666,37.87379861751351],[127.72973473328383,37.87330710516179],[127.73073060200066,37.8728278306487],[127.731063793323,37.872761341559354],[127.731575234915,37.87285803879149],[127.73151995682473,37.87298045664523],[127.73168975106286,37.87303291862317],[127.73169558784004,37.87299555717346],[127.73177814335291,37.87327045741432],[127.73180831105063,37.87326623416445],[127.7317832628129,37.87321109085555],[127.73183861334309,37.873222684771626],[127.73201977273779,37.87344769266298],[127.73220626795943,37.873545402739246],[127.732193474914,37.87356657274389],[127.73227456366983,37.8736340441441],[127.73212994573215,37.873705078504976],[127.73200396922522,37.87361519125438],[127.73190981345695,37.87371725537217],[127.73204783670128,37.873841591352154],[127.73201800339272,37.87389696700606],[127.73210367069574,37.87399070805853],[127.73200502177691,37.87409012438621],[127.73198835217396,37.87415035541721],[127.73188290432185,37.87417819944477],[127.73174467796385,37.874314276368146],[127.73120022657397,37.87441179831548],[127.7305250559179,37.87475598912018]]]}},{"type":"Feature","properties":{"layer":"zone_promo","id":"zone_promo_0243","name":"소양재정비","category":"재정비촉진지구","color":"#c0392b","subtype":"소양재정비촉진지구","sido":"강원특별자치도","sgg_code":"51110","type_code":"UDA100","mgmt_no":"64200005111020110294UDA1000001000"},"geometry":{"type":"Polygon","coordinates":[[[127.71383712219844,37.87845211659639],[127.7138552855173,37.87856188331415],[127.7140087360678,37.87799607583001],[127.71414764022745,37.877997036997705],[127.71622948569153,37.87862540644621],[127.71635966980318,37.87865072484181],[127.7170880976521,37.87858100993502],[127.71759798074397,37.87870342646349],[127.72074667634756,37.87961550848482],[127.72267399950842,37.88260288984109],[127.72423425427748,37.88709612971002],[127.72350540734683,37.887467249871605],[127.72386731365258,37.88803921408118],[127.72213309559788,37.888801841443424],[127.72362459192173,37.89105185204808],[127.72377654899093,37.891408945820004],[127.72384043871791,37.891443869917545],[127.72389108500104,37.891542840628944],[127.72385272070451,37.891618843482966],[127.72375487819049,37.89169259857645],[127.72287766313002,37.89205461569558],[127.72273398911997,37.89194149347634],[127.72258590102187,37.892024988060584],[127.72266233590197,37.892142099034174],[127.72276953546789,37.892188290175284],[127.72280636319374,37.89236248280316],[127.72304675925855,37.89273056731652],[127.72311723319123,37.892776082304145],[127.72435843652647,37.89305459983393],[127.72573019591755,37.892942202517276],[127.7263545634098,37.892954846596105],[127.7267715024623,37.89304174004206],[127.72721203672397,37.89334335608162],[127.72739902374069,37.89341022272224],[127.72697001002788,37.89220896722161],[127.7259772772978,37.89041756355439],[127.72575947946278,37.8896531208135],[127.72570614596877,37.88910813037199],[127.72576953981392,37.888938187018375],[127.72634949086277,37.88849484199238],[127.7264834135715,37.88843093484695],[127.72744709715722,37.88776648603314],[127.72778179043567,37.88744300905737],[127.72685492630983,37.886448313181816],[127.72648486294544,37.88638042887037],[127.72591239403857,37.88615154203944],[127.72577741513257,37.88597841355827],[127.72507873915615,37.8861386773181],[127.7250394217061,37.886050637648665],[127.72501693370987,37.88577262529468],[127.72503898680377,37.885665775588265],[127.72500687114186,37.8856573511377],[127.7250851906369,37.885553786338654],[127.72505553822795,37.885542680033176],[127.72506798270659,37.88546804326763],[127.72495488054793,37.88542534093613],[127.72512044952671,37.88495640264218],[127.72547681294476,37.884915751400165],[127.72549962825444,37.8847092008993],[127.72557032039867,37.88473119910288],[127.72559286643009,37.88468177100466],[127.72566898530293,37.88463806758017],[127.72561783179586,37.88457991238871],[127.7257909175221,37.88448795367503],[127.72581108307669,37.88451234369696],[127.7264753303925,37.88413838175085],[127.72650793607622,37.88414698297168],[127.72651192988991,37.88411028184773],[127.72643687073467,37.88409732031502],[127.72633467029628,37.88399655982354],[127.7263535036516,37.883987083292894],[127.72601413589943,37.88360970390612],[127.72595503874312,37.88361087840005],[127.72596476916516,37.88357144823377],[127.72577922994654,37.883561517470994],[127.72575838919045,37.883471634562596],[127.72566659398952,37.88274542539435],[127.72577006190083,37.882597488158055],[127.72591145286589,37.88251490462766],[127.72617890705615,37.88244442823058],[127.72633171386398,37.88272646720299],[127.72644431736629,37.8826989264198],[127.72656166622811,37.88258730027319],[127.727156516727,37.88265895246054],[127.72729289772474,37.8828073044783],[127.72728460846692,37.88286609569546],[127.72735042541427,37.88302848654449],[127.72740641145674,37.883069403591165],[127.72737414262843,37.883093927440825],[127.72756593934596,37.88325968561295],[127.72741783347516,37.88332978970669],[127.72745483761341,37.883359201871755],[127.72741451712089,37.883382189756574],[127.72744545194378,37.883467253257024],[127.72735302473794,37.88354813131359],[127.72745365300258,37.88365772064507],[127.72762764477793,37.88375227150587],[127.72763420814611,37.88386735082116],[127.72754587050268,37.883906310935515],[127.72757978538209,37.88408878170073],[127.72775182733204,37.88430760853432],[127.72797985660527,37.88448738604053],[127.72781110734218,37.8848076418014],[127.72776791157122,37.88504258036041],[127.72781534003293,37.8852085168246],[127.72793050517897,37.88524586120933],[127.7280979604723,37.8851513572242],[127.72843909008377,37.8856113340616],[127.7286155997667,37.88556366640426],[127.72843546912104,37.88523487930956],[127.72921003470036,37.88475526341584],[127.72922152740038,37.884588963322706],[127.72930655780614,37.884490012008015],[127.72778434611703,37.88085795760959],[127.7273813223688,37.880328934936834],[127.72609107215341,37.87921278362879],[127.72400992262097,37.87755917233717],[127.72229956002538,37.87668783209802],[127.7156790221887,37.87462911473021],[127.71561683664706,37.874644014801575],[127.71443545569375,37.87621867335666],[127.71397115406289,37.877740621185964],[127.71383712219844,37.87845211659639]]]}}]}